[0.000000] (-) TimerEvent: {}
[0.000508] (-) JobUnselected: {'identifier': 'MAVLink_f446re'}
[0.000577] (-) JobUnselected: {'identifier': 'blue_seiretu_description'}
[0.000615] (-) JobUnselected: {'identifier': 'catch_gazebo_ros2_control'}
[0.000652] (-) JobUnselected: {'identifier': 'chomp_motion_planner'}
[0.000761] (-) JobUnselected: {'identifier': 'd415_rgb_depth_3d'}
[0.000798] (-) JobUnselected: {'identifier': 'dynamixel_controller'}
[0.000823] (-) JobUnselected: {'identifier': 'dynamixel_controller_client'}
[0.000948] (-) JobUnselected: {'identifier': 'dynamixel_controller_gui'}
[0.000993] (-) JobUnselected: {'identifier': 'dynamixel_sdk'}
[0.001071] (-) JobUnselected: {'identifier': 'dynamixel_sdk_custom_interfaces'}
[0.001252] (-) JobUnselected: {'identifier': 'dynamixel_sdk_examples'}
[0.001343] (-) JobUnselected: {'identifier': 'field_description'}
[0.001368] (-) JobUnselected: {'identifier': 'hello_moveit'}
[0.001386] (-) JobUnselected: {'identifier': 'launch_param_builder'}
[0.001403] (-) JobUnselected: {'identifier': 'mavlink_controller_client'}
[0.001419] (-) JobUnselected: {'identifier': 'mavlink_gui_tester'}
[0.001436] (-) JobUnselected: {'identifier': 'moveit'}
[0.001452] (-) JobUnselected: {'identifier': 'moveit2_tutorials'}
[0.001468] (-) JobUnselected: {'identifier': 'moveit_chomp_optimizer_adapter'}
[0.001485] (-) JobUnselected: {'identifier': 'moveit_common'}
[0.001502] (-) JobUnselected: {'identifier': 'moveit_configs_utils'}
[0.001518] (-) JobUnselected: {'identifier': 'moveit_core'}
[0.001535] (-) JobUnselected: {'identifier': 'moveit_hybrid_planning'}
[0.001551] (-) JobUnselected: {'identifier': 'moveit_kinematics'}
[0.001568] (-) JobUnselected: {'identifier': 'moveit_planners'}
[0.001584] (-) JobUnselected: {'identifier': 'moveit_planners_chomp'}
[0.001600] (-) JobUnselected: {'identifier': 'moveit_planners_ompl'}
[0.001618] (-) JobUnselected: {'identifier': 'moveit_plugins'}
[0.001635] (-) JobUnselected: {'identifier': 'moveit_resources'}
[0.001651] (-) JobUnselected: {'identifier': 'moveit_resources_fanuc_description'}
[0.001668] (-) JobUnselected: {'identifier': 'moveit_resources_fanuc_moveit_config'}
[0.001685] (-) JobUnselected: {'identifier': 'moveit_resources_panda_description'}
[0.001701] (-) JobUnselected: {'identifier': 'moveit_resources_panda_moveit_config'}
[0.001717] (-) JobUnselected: {'identifier': 'moveit_resources_pr2_description'}
[0.001733] (-) JobUnselected: {'identifier': 'moveit_resources_prbt_ikfast_manipulator_plugin'}
[0.001750] (-) JobUnselected: {'identifier': 'moveit_resources_prbt_moveit_config'}
[0.001766] (-) JobUnselected: {'identifier': 'moveit_resources_prbt_pg70_support'}
[0.001783] (-) JobUnselected: {'identifier': 'moveit_resources_prbt_support'}
[0.001800] (-) JobUnselected: {'identifier': 'moveit_ros'}
[0.001816] (-) JobUnselected: {'identifier': 'moveit_ros_benchmarks'}
[0.001832] (-) JobUnselected: {'identifier': 'moveit_ros_control_interface'}
[0.001848] (-) JobUnselected: {'identifier': 'moveit_ros_move_group'}
[0.001864] (-) JobUnselected: {'identifier': 'moveit_ros_occupancy_map_monitor'}
[0.001880] (-) JobUnselected: {'identifier': 'moveit_ros_perception'}
[0.001897] (-) JobUnselected: {'identifier': 'moveit_ros_planning'}
[0.001912] (-) JobUnselected: {'identifier': 'moveit_ros_planning_interface'}
[0.001928] (-) JobUnselected: {'identifier': 'moveit_ros_robot_interaction'}
[0.001944] (-) JobUnselected: {'identifier': 'moveit_ros_visualization'}
[0.001961] (-) JobUnselected: {'identifier': 'moveit_ros_warehouse'}
[0.001976] (-) JobUnselected: {'identifier': 'moveit_runtime'}
[0.001992] (-) JobUnselected: {'identifier': 'moveit_servo'}
[0.002009] (-) JobUnselected: {'identifier': 'moveit_setup_app_plugins'}
[0.002025] (-) JobUnselected: {'identifier': 'moveit_setup_assistant'}
[0.002041] (-) JobUnselected: {'identifier': 'moveit_setup_controllers'}
[0.002110] (-) JobUnselected: {'identifier': 'moveit_setup_core_plugins'}
[0.002146] (-) JobUnselected: {'identifier': 'moveit_setup_framework'}
[0.002163] (-) JobUnselected: {'identifier': 'moveit_setup_srdf_plugins'}
[0.002194] (-) JobUnselected: {'identifier': 'moveit_simple_controller_manager'}
[0.002211] (-) JobUnselected: {'identifier': 'moveit_task_constructor_capabilities'}
[0.002228] (-) JobUnselected: {'identifier': 'moveit_task_constructor_core'}
[0.002245] (-) JobUnselected: {'identifier': 'moveit_task_constructor_demo'}
[0.002261] (-) JobUnselected: {'identifier': 'moveit_task_constructor_msgs'}
[0.002277] (-) JobUnselected: {'identifier': 'moveit_task_constructor_visualization'}
[0.002294] (-) JobUnselected: {'identifier': 'moveit_visual_tools'}
[0.002310] (-) JobUnselected: {'identifier': 'mtc_tutorial'}
[0.002328] (-) JobUnselected: {'identifier': 'object_description'}
[0.002345] (-) JobUnselected: {'identifier': 'pilz_industrial_motion_planner'}
[0.002360] (-) JobUnselected: {'identifier': 'pilz_industrial_motion_planner_testutils'}
[0.002378] (-) JobUnselected: {'identifier': 'realsense2_camera'}
[0.002393] (-) JobUnselected: {'identifier': 'realsense2_camera_msgs'}
[0.002410] (-) JobUnselected: {'identifier': 'realsense2_description'}
[0.002425] (-) JobUnselected: {'identifier': 'realsense2_ros_mqtt_bridge'}
[0.002441] (-) JobUnselected: {'identifier': 'red_seiretu_description'}
[0.002458] (-) JobUnselected: {'identifier': 'robot_config'}
[0.002473] (-) JobUnselected: {'identifier': 'ros_tcp_endpoint'}
[0.002489] (-) JobUnselected: {'identifier': 'rosparam_shortcuts'}
[0.002505] (-) JobUnselected: {'identifier': 'rviz_marker_tools'}
[0.002531] (-) JobUnselected: {'identifier': 'srdfdom'}
[0.002547] (-) JobUnselected: {'identifier': 'trac_ik'}
[0.002562] (-) JobUnselected: {'identifier': 'trac_ik_kinematics_plugin'}
[0.002578] (-) JobUnselected: {'identifier': 'trac_ik_lib'}
[0.002594] (-) JobUnselected: {'identifier': 'urdf_0816_description'}
[0.002613] (stm32_mavlink_interface) JobQueued: {'identifier': 'stm32_mavlink_interface', 'dependencies': OrderedDict()}
[0.002635] (stm32_mavlink_interface) JobStarted: {'identifier': 'stm32_mavlink_interface'}
[0.011942] (stm32_mavlink_interface) JobProgress: {'identifier': 'stm32_mavlink_interface', 'progress': 'cmake'}
[0.013109] (stm32_mavlink_interface) JobProgress: {'identifier': 'stm32_mavlink_interface', 'progress': 'build'}
[0.013205] (stm32_mavlink_interface) Command: {'cmd': ['/usr/bin/cmake', '--build', '/home/a/ws_moveit2/build/stm32_mavlink_interface', '--', '-j22', '-l22'], 'cwd': '/home/a/ws_moveit2/build/stm32_mavlink_interface', 'env': OrderedDict([('GJS_DEBUG_TOPICS', 'JS ERROR;JS LOG'), ('LESSOPEN', '| /usr/bin/lesspipe %s'), ('USER', 'a'), ('XDG_SESSION_TYPE', 'wayland'), ('SHLVL', '1'), ('LD_LIBRARY_PATH', '/home/a/ws_moveit2/install/trac_ik_kinematics_plugin/lib:/home/a/ws_moveit2/install/trac_ik_lib/lib:/home/a/ws_moveit2/install/stm32_mavlink_interface/lib:/home/a/ws_moveit2/install/right_arm_ikfast_plugin/lib:/home/a/ws_moveit2/install/pilz_industrial_motion_planner_testutils/lib:/home/a/ws_moveit2/install/pilz_industrial_motion_planner/lib:/home/a/ws_moveit2/install/moveit_visual_tools/lib:/home/a/ws_moveit2/install/moveit_task_constructor_visualization/lib:/home/a/ws_moveit2/install/moveit_task_constructor_demo/lib:/home/a/ws_moveit2/install/moveit_task_constructor_capabilities/lib:/home/a/ws_moveit2/install/moveit_task_constructor_core/lib:/home/a/ws_moveit2/install/moveit_ros_control_interface/lib:/home/a/ws_moveit2/install/moveit_simple_controller_manager/lib:/home/a/ws_moveit2/install/moveit_setup_assistant/lib:/home/a/ws_moveit2/install/moveit_setup_srdf_plugins/lib:/home/a/ws_moveit2/install/moveit_setup_core_plugins/lib:/home/a/ws_moveit2/install/moveit_setup_controllers/lib:/home/a/ws_moveit2/install/moveit_setup_app_plugins/lib:/home/a/ws_moveit2/install/moveit_setup_framework/lib:/home/a/ws_moveit2/install/moveit_servo/lib:/home/a/ws_moveit2/install/moveit_ros_visualization/lib:/home/a/ws_moveit2/install/moveit_hybrid_planning/lib:/home/a/ws_moveit2/install/moveit_ros_planning_interface/lib:/home/a/ws_moveit2/install/moveit_ros_benchmarks/lib:/home/a/ws_moveit2/install/moveit_ros_warehouse/lib:/home/a/ws_moveit2/install/moveit_ros_robot_interaction/lib:/home/a/ws_moveit2/install/moveit_ros_perception/lib:/home/a/ws_moveit2/install/moveit_ros_move_group/lib:/home/a/ws_moveit2/install/moveit_planners_ompl/lib:/home/a/ws_moveit2/install/left_arm_ikfast_plugin/lib:/home/a/ws_moveit2/install/moveit_ros_planning/lib:/home/a/ws_moveit2/install/moveit_ros_occupancy_map_monitor/lib:/home/a/ws_moveit2/install/moveit_resources_prbt_ikfast_manipulator_plugin/lib:/home/a/ws_moveit2/install/moveit_planners_chomp/lib:/home/a/ws_moveit2/install/moveit_kinematics/lib:/home/a/ws_moveit2/install/moveit_chomp_optimizer_adapter/lib:/home/a/ws_moveit2/install/chomp_motion_planner/lib:/home/a/ws_moveit2/install/moveit_core/lib:/home/a/ws_moveit2/install/srdfdom/lib:/home/a/ws_moveit2/install/rviz_marker_tools/lib:/home/a/ws_moveit2/install/rosparam_shortcuts/lib:/home/a/ws_moveit2/install/realsense2_camera/lib:/home/a/ws_moveit2/install/realsense2_camera_msgs/lib:/home/a/ws_moveit2/install/moveit_task_constructor_msgs/lib:/home/a/ws_moveit2/install/dynamixel_sdk_custom_interfaces/lib:/home/a/ws_moveit2/install/dynamixel_controller/lib:/home/a/ws_moveit2/install/dynamixel_sdk/lib:/usr/lib/x86_64-linux-gnu/gazebo-11/plugins:/opt/ros/humble/opt/rviz_ogre_vendor/lib:/opt/ros/humble/lib/x86_64-linux-gnu:/opt/ros/humble/lib'), ('HOME', '/home/a'), ('DESKTOP_SESSION', 'ubuntu'), ('NVM_BIN', '/home/a/.nvm/versions/node/v22.18.0/bin'), ('NVM_INC', '/home/a/.nvm/versions/node/v22.18.0/include/node'), ('GIO_LAUNCHED_DESKTOP_FILE', '/usr/share/applications/terminator.desktop'), ('ROS_PYTHON_VERSION', '3'), ('GNOME_SHELL_SESSION_MODE', 'ubuntu'), ('GTK_MODULES', 'gail:atk-bridge'), ('MANAGERPID', '1213'), ('SYSTEMD_EXEC_PID', '1445'), ('DBUS_SESSION_BUS_ADDRESS', 'unix:path=/run/user/1000/bus'), ('COLORTERM', 'truecolor'), ('TERMINATOR_DBUS_NAME', 'net.tenshu.Terminator25ef4b219e3b005583550f2b0f9f990c3'), ('GIO_LAUNCHED_DESKTOP_FILE_PID', '3048'), ('NVM_DIR', '/home/a/.nvm'), ('IM_CONFIG_PHASE', '1'), ('WAYLAND_DISPLAY', 'wayland-0'), ('COLCON_PREFIX_PATH', '/home/a/ws_moveit2/install'), ('ROS_DISTRO', 'humble'), ('LOGNAME', 'a'), ('JOURNAL_STREAM', '8:3514'), ('_', '/usr/bin/colcon'), ('ROS_VERSION', '2'), ('XDG_SESSION_CLASS', 'user'), ('USERNAME', 'a'), ('TERM', 'xterm-256color'), ('GNOME_DESKTOP_SESSION_ID', 'this-is-deprecated'), ('ROS_LOCALHOST_ONLY', '0'), ('PATH', '/home/a/ws_moveit2/install/moveit_core/bin:/home/a/.nvm/versions/node/v22.18.0/bin:/opt/ros/humble/bin:/home/a/.local/bin:/usr/local/sbin:/usr/local/bin:/usr/sbin:/usr/bin:/sbin:/bin:/usr/games:/usr/local/games:/snap/bin:/snap/bin'), ('SESSION_MANAGER', 'local/a:@/tmp/.ICE-unix/1406,unix/a:/tmp/.ICE-unix/1406'), ('INVOCATION_ID', 'a100030f866a48708cf7905c543bcf13'), ('XDG_MENU_PREFIX', 'gnome-'), ('GNOME_SETUP_DISPLAY', ':1'), ('XDG_RUNTIME_DIR', '/run/user/1000'), ('DISPLAY', ':0'), ('TERMINATOR_DBUS_PATH', '/net/tenshu/Terminator2'), ('LANG', 'en_US.UTF-8'), ('XDG_CURRENT_DESKTOP', 'ubuntu:GNOME'), ('XMODIFIERS', '@im=ibus'), ('XDG_SESSION_DESKTOP', 'ubuntu'), ('XAUTHORITY', '/run/user/1000/.mutter-Xwaylandauth.4WBWC3'), ('LS_COLORS', 'rs=0:di=01;34:ln=01;36:mh=00:pi=40;33:so=01;35:do=01;35:bd=40;33;01:cd=40;33;01:or=40;31;01:mi=00:su=37;41:sg=30;43:ca=30;41:tw=30;42:ow=34;42:st=37;44:ex=01;32:*.tar=01;31:*.tgz=01;31:*.arc=01;31:*.arj=01;31:*.taz=01;31:*.lha=01;31:*.lz4=01;31:*.lzh=01;31:*.lzma=01;31:*.tlz=01;31:*.txz=01;31:*.tzo=01;31:*.t7z=01;31:*.zip=01;31:*.z=01;31:*.dz=01;31:*.gz=01;31:*.lrz=01;31:*.lz=01;31:*.lzo=01;31:*.xz=01;31:*.zst=01;31:*.tzst=01;31:*.bz2=01;31:*.bz=01;31:*.tbz=01;31:*.tbz2=01;31:*.tz=01;31:*.deb=01;31:*.rpm=01;31:*.jar=01;31:*.war=01;31:*.ear=01;31:*.sar=01;31:*.rar=01;31:*.alz=01;31:*.ace=01;31:*.zoo=01;31:*.cpio=01;31:*.7z=01;31:*.rz=01;31:*.cab=01;31:*.wim=01;31:*.swm=01;31:*.dwm=01;31:*.esd=01;31:*.jpg=01;35:*.jpeg=01;35:*.mjpg=01;35:*.mjpeg=01;35:*.gif=01;35:*.bmp=01;35:*.pbm=01;35:*.pgm=01;35:*.ppm=01;35:*.tga=01;35:*.xbm=01;35:*.xpm=01;35:*.tif=01;35:*.tiff=01;35:*.png=01;35:*.svg=01;35:*.svgz=01;35:*.mng=01;35:*.pcx=01;35:*.mov=01;35:*.mpg=01;35:*.mpeg=01;35:*.m2v=01;35:*.mkv=01;35:*.webm=01;35:*.webp=01;35:*.ogm=01;35:*.mp4=01;35:*.m4v=01;35:*.mp4v=01;35:*.vob=01;35:*.qt=01;35:*.nuv=01;35:*.wmv=01;35:*.asf=01;35:*.rm=01;35:*.rmvb=01;35:*.flc=01;35:*.avi=01;35:*.fli=01;35:*.flv=01;35:*.gl=01;35:*.dl=01;35:*.xcf=01;35:*.xwd=01;35:*.yuv=01;35:*.cgm=01;35:*.emf=01;35:*.ogv=01;35:*.ogx=01;35:*.aac=00;36:*.au=00;36:*.flac=00;36:*.m4a=00;36:*.mid=00;36:*.midi=00;36:*.mka=00;36:*.mp3=00;36:*.mpc=00;36:*.ogg=00;36:*.ra=00;36:*.wav=00;36:*.oga=00;36:*.opus=00;36:*.spx=00;36:*.xspf=00;36:'), ('SSH_AGENT_LAUNCHER', 'gnome-keyring'), ('SSH_AUTH_SOCK', '/run/user/1000/keyring/ssh'), ('AMENT_PREFIX_PATH', '/home/a/ws_moveit2/install/urdf_0816_description:/home/a/ws_moveit2/install/trac_ik:/home/a/ws_moveit2/install/robot_config:/home/a/ws_moveit2/install/trac_ik_kinematics_plugin:/home/a/ws_moveit2/install/trac_ik_lib:/home/a/ws_moveit2/install/mavlink_controller_client:/home/a/ws_moveit2/install/stm32_mavlink_interface:/home/a/ws_moveit2/install/right_arm_ikfast_plugin:/home/a/ws_moveit2/install/pilz_industrial_motion_planner_testutils:/home/a/ws_moveit2/install/moveit_runtime:/home/a/ws_moveit2/install/moveit2_tutorials:/home/a/ws_moveit2/install/moveit:/home/a/ws_moveit2/install/moveit_planners:/home/a/ws_moveit2/install/pilz_industrial_motion_planner:/home/a/ws_moveit2/install/mtc_tutorial:/home/a/ws_moveit2/install/hello_moveit:/home/a/ws_moveit2/install/moveit_visual_tools:/home/a/ws_moveit2/install/moveit_task_constructor_visualization:/home/a/ws_moveit2/install/moveit_task_constructor_demo:/home/a/ws_moveit2/install/moveit_task_constructor_capabilities:/home/a/ws_moveit2/install/moveit_task_constructor_core:/home/a/ws_moveit2/install/moveit_ros_control_interface:/home/a/ws_moveit2/install/moveit_plugins:/home/a/ws_moveit2/install/moveit_simple_controller_manager:/home/a/ws_moveit2/install/moveit_setup_assistant:/home/a/ws_moveit2/install/moveit_setup_srdf_plugins:/home/a/ws_moveit2/install/moveit_setup_core_plugins:/home/a/ws_moveit2/install/moveit_setup_controllers:/home/a/ws_moveit2/install/moveit_setup_app_plugins:/home/a/ws_moveit2/install/moveit_setup_framework:/home/a/ws_moveit2/install/moveit_servo:/home/a/ws_moveit2/install/moveit_ros:/home/a/ws_moveit2/install/moveit_ros_visualization:/home/a/ws_moveit2/install/moveit_hybrid_planning:/home/a/ws_moveit2/install/moveit_ros_planning_interface:/home/a/ws_moveit2/install/moveit_ros_benchmarks:/home/a/ws_moveit2/install/moveit_ros_warehouse:/home/a/ws_moveit2/install/moveit_ros_robot_interaction:/home/a/ws_moveit2/install/moveit_ros_perception:/home/a/ws_moveit2/install/moveit_resources_prbt_pg70_support:/home/a/ws_moveit2/install/moveit_resources_prbt_moveit_config:/home/a/ws_moveit2/install/moveit_ros_move_group:/home/a/ws_moveit2/install/moveit_planners_ompl:/home/a/ws_moveit2/install/left_arm_ikfast_plugin:/home/a/ws_moveit2/install/moveit_ros_planning:/home/a/ws_moveit2/install/moveit_ros_occupancy_map_monitor:/home/a/ws_moveit2/install/moveit_resources_prbt_ikfast_manipulator_plugin:/home/a/ws_moveit2/install/moveit_planners_chomp:/home/a/ws_moveit2/install/moveit_kinematics:/home/a/ws_moveit2/install/moveit_chomp_optimizer_adapter:/home/a/ws_moveit2/install/chomp_motion_planner:/home/a/ws_moveit2/install/moveit_core:/home/a/ws_moveit2/install/moveit_configs_utils:/home/a/ws_moveit2/install/srdfdom:/home/a/ws_moveit2/install/rviz_marker_tools:/home/a/ws_moveit2/install/rosparam_shortcuts:/home/a/ws_moveit2/install/ros_tcp_endpoint:/home/a/ws_moveit2/install/red_seiretu_description:/home/a/ws_moveit2/install/realsense2_ros_mqtt_bridge:/home/a/ws_moveit2/install/realsense2_description:/home/a/ws_moveit2/install/realsense2_camera:/home/a/ws_moveit2/install/realsense2_camera_msgs:/home/a/ws_moveit2/install/object_description:/home/a/ws_moveit2/install/moveit_task_constructor_msgs:/home/a/ws_moveit2/install/moveit_resources_prbt_support:/home/a/ws_moveit2/install/moveit_resources:/home/a/ws_moveit2/install/moveit_resources_pr2_description:/home/a/ws_moveit2/install/moveit_resources_panda_moveit_config:/home/a/ws_moveit2/install/moveit_resources_panda_description:/home/a/ws_moveit2/install/moveit_resources_fanuc_moveit_config:/home/a/ws_moveit2/install/moveit_resources_fanuc_description:/home/a/ws_moveit2/install/moveit_common:/home/a/ws_moveit2/install/mavlink_gui_tester:/home/a/ws_moveit2/install/launch_param_builder:/home/a/ws_moveit2/install/field_description_test:/home/a/ws_moveit2/install/field_description:/home/a/ws_moveit2/install/dynamixel_sdk_examples:/home/a/ws_moveit2/install/dynamixel_sdk_custom_interfaces:/home/a/ws_moveit2/install/dynamixel_controller_gui:/home/a/ws_moveit2/install/dynamixel_controller:/home/a/ws_moveit2/install/dynamixel_sdk:/home/a/ws_moveit2/install/dynamixel_controller_client:/home/a/ws_moveit2/install/d415_rgb_depth_3d:/home/a/ws_moveit2/install/catch_gazebo_ros2_control:/home/a/ws_moveit2/install/blue_seiretu_description:/home/a/ws_moveit2/install/0525_arm_description:/opt/ros/humble'), ('SHELL', '/bin/bash'), ('TERMINATOR_UUID', 'urn:uuid:a64a22d0-cde5-4baa-9a97-059ea5635fde'), ('QT_ACCESSIBILITY', '1'), ('GDMSESSION', 'ubuntu'), ('LESSCLOSE', '/usr/bin/lesspipe %s %s'), ('CMAKE_MODULE_PATH', '/home/a/ws_moveit2/install/moveit_task_constructor_core/share/moveit_task_constructor_core/cmake'), ('GJS_DEBUG_OUTPUT', 'stderr'), ('QT_IM_MODULE', 'ibus'), ('PWD', '/home/a/ws_moveit2/build/stm32_mavlink_interface'), ('LC_ALL', 'en_US.UTF-8'), ('XDG_CONFIG_DIRS', '/etc/xdg/xdg-ubuntu:/etc/xdg'), ('NVM_CD_FLAGS', ''), ('XDG_DATA_DIRS', '/usr/share/ubuntu:/home/a/.local/share/flatpak/exports/share:/var/lib/flatpak/exports/share:/usr/local/share/:/usr/share/:/var/lib/snapd/desktop'), ('PYTHONPATH', '/home/a/ws_moveit2/install/mavlink_controller_client/lib/python3.10/site-packages:/home/a/ws_moveit2/install/stm32_mavlink_interface/local/lib/python3.10/dist-packages:/home/a/ws_moveit2/install/moveit_task_constructor_core/local/lib/python3.10/dist-packages:/home/a/ws_moveit2/install/moveit_configs_utils/lib/python3.10/site-packages:/home/a/ws_moveit2/install/srdfdom/local/lib/python3.10/dist-packages:/home/a/ws_moveit2/install/ros_tcp_endpoint/lib/python3.10/site-packages:/home/a/ws_moveit2/install/realsense2_ros_mqtt_bridge/lib/python3.10/site-packages:/home/a/ws_moveit2/install/realsense2_camera_msgs/local/lib/python3.10/dist-packages:/home/a/ws_moveit2/install/moveit_task_constructor_msgs/local/lib/python3.10/dist-packages:/home/a/ws_moveit2/install/launch_param_builder/lib/python3.10/site-packages:/home/a/ws_moveit2/install/dynamixel_sdk_custom_interfaces/local/lib/python3.10/dist-packages:/home/a/ws_moveit2/install/dynamixel_controller_gui/lib/python3.10/site-packages:/home/a/ws_moveit2/install/dynamixel_controller/local/lib/python3.10/dist-packages:/home/a/ws_moveit2/install/dynamixel_controller_client/lib/python3.10/site-packages:/home/a/ws_moveit2/install/d415_rgb_depth_3d/lib/python3.10/site-packages:/opt/ros/humble/lib/python3.10/site-packages:/opt/ros/humble/local/lib/python3.10/dist-packages'), ('COLCON', '1'), ('VTE_VERSION', '6800'), ('CMAKE_PREFIX_PATH', '/home/a/ws_moveit2/install/stm32_mavlink_interface:/home/a/ws_moveit2/install/urdf_0816_description:/home/a/ws_moveit2/install/trac_ik:/home/a/ws_moveit2/install/robot_config:/home/a/ws_moveit2/install/trac_ik_kinematics_plugin:/home/a/ws_moveit2/install/right_arm_ikfast_plugin:/home/a/ws_moveit2/install/pilz_industrial_motion_planner_testutils:/home/a/ws_moveit2/install/moveit_runtime:/home/a/ws_moveit2/install/moveit2_tutorials:/home/a/ws_moveit2/install/moveit:/home/a/ws_moveit2/install/moveit_planners:/home/a/ws_moveit2/install/pilz_industrial_motion_planner:/home/a/ws_moveit2/install/mtc_tutorial:/home/a/ws_moveit2/install/hello_moveit:/home/a/ws_moveit2/install/moveit_visual_tools:/home/a/ws_moveit2/install/moveit_task_constructor_visualization:/home/a/ws_moveit2/install/moveit_task_constructor_demo:/home/a/ws_moveit2/install/moveit_task_constructor_capabilities:/home/a/ws_moveit2/install/moveit_task_constructor_core:/home/a/ws_moveit2/install/moveit_ros_control_interface:/home/a/ws_moveit2/install/moveit_plugins:/home/a/ws_moveit2/install/moveit_simple_controller_manager:/home/a/ws_moveit2/install/moveit_setup_assistant:/home/a/ws_moveit2/install/moveit_setup_srdf_plugins:/home/a/ws_moveit2/install/moveit_setup_core_plugins:/home/a/ws_moveit2/install/moveit_setup_controllers:/home/a/ws_moveit2/install/moveit_setup_app_plugins:/home/a/ws_moveit2/install/moveit_setup_framework:/home/a/ws_moveit2/install/moveit_servo:/home/a/ws_moveit2/install/moveit_ros:/home/a/ws_moveit2/install/moveit_ros_visualization:/home/a/ws_moveit2/install/moveit_hybrid_planning:/home/a/ws_moveit2/install/moveit_ros_planning_interface:/home/a/ws_moveit2/install/moveit_ros_benchmarks:/home/a/ws_moveit2/install/moveit_ros_warehouse:/home/a/ws_moveit2/install/moveit_ros_robot_interaction:/home/a/ws_moveit2/install/moveit_ros_perception:/home/a/ws_moveit2/install/moveit_resources_prbt_pg70_support:/home/a/ws_moveit2/install/moveit_resources_prbt_moveit_config:/home/a/ws_moveit2/install/moveit_ros_move_group:/home/a/ws_moveit2/install/moveit_planners_ompl:/home/a/ws_moveit2/install/left_arm_ikfast_plugin:/home/a/ws_moveit2/install/moveit_ros_planning:/home/a/ws_moveit2/install/moveit_ros_occupancy_map_monitor:/home/a/ws_moveit2/install/moveit_resources_prbt_ikfast_manipulator_plugin:/home/a/ws_moveit2/install/moveit_planners_chomp:/home/a/ws_moveit2/install/moveit_kinematics:/home/a/ws_moveit2/install/moveit_chomp_optimizer_adapter:/home/a/ws_moveit2/install/chomp_motion_planner:/home/a/ws_moveit2/install/moveit_core:/home/a/ws_moveit2/install/rviz_marker_tools:/home/a/ws_moveit2/install/rosparam_shortcuts:/home/a/ws_moveit2/install/red_seiretu_description:/home/a/ws_moveit2/install/realsense2_description:/home/a/ws_moveit2/install/realsense2_camera:/home/a/ws_moveit2/install/object_description:/home/a/ws_moveit2/install/moveit_resources:/home/a/ws_moveit2/install/moveit_resources_panda_moveit_config:/home/a/ws_moveit2/install/moveit_resources_fanuc_moveit_config:/home/a/ws_moveit2/install/mavlink_gui_tester:/home/a/ws_moveit2/install/field_description_test:/home/a/ws_moveit2/install/field_description:/home/a/ws_moveit2/install/dynamixel_sdk_examples:/home/a/ws_moveit2/install/dynamixel_controller:/home/a/ws_moveit2/install/0525_arm_description:/home/a/ws_moveit2/install/trac_ik_lib:/home/a/ws_moveit2/install/mavlink_controller_client:/home/a/ws_moveit2/install/moveit_configs_utils:/home/a/ws_moveit2/install/srdfdom:/home/a/ws_moveit2/install/ros_tcp_endpoint:/home/a/ws_moveit2/install/realsense2_ros_mqtt_bridge:/home/a/ws_moveit2/install/realsense2_camera_msgs:/home/a/ws_moveit2/install/moveit_task_constructor_msgs:/home/a/ws_moveit2/install/moveit_resources_prbt_support:/home/a/ws_moveit2/install/moveit_resources_pr2_description:/home/a/ws_moveit2/install/moveit_resources_panda_description:/home/a/ws_moveit2/install/moveit_resources_fanuc_description:/home/a/ws_moveit2/install/moveit_common:/home/a/ws_moveit2/install/launch_param_builder:/home/a/ws_moveit2/install/dynamixel_sdk_custom_interfaces:/home/a/ws_moveit2/install/dynamixel_controller_gui:/home/a/ws_moveit2/install/dynamixel_sdk:/home/a/ws_moveit2/install/dynamixel_controller_client:/home/a/ws_moveit2/install/d415_rgb_depth_3d:/home/a/ws_moveit2/install/catch_gazebo_ros2_control:/home/a/ws_moveit2/install/blue_seiretu_description:/opt/ros/humble')]), 'shell': False}
[0.072545] (stm32_mavlink_interface) StdoutLine: {'line': b'[ 11%] Built target stm32_mavlink_interface__rosidl_generator_c\n'}
[0.073235] (stm32_mavlink_interface) StdoutLine: {'line': b'[ 12%] Built target stm32_mavlink_interface__cpp\n'}
[0.073592] (stm32_mavlink_interface) StdoutLine: {'line': b'[ 12%] Built target ament_cmake_python_copy_stm32_mavlink_interface\n'}
[0.095438] (stm32_mavlink_interface) StdoutLine: {'line': b'[ 24%] Built target stm32_mavlink_interface__rosidl_typesupport_introspection_cpp\n'}
[0.096314] (stm32_mavlink_interface) StdoutLine: {'line': b'[ 35%] Built target stm32_mavlink_interface__rosidl_typesupport_c\n'}
[0.096509] (stm32_mavlink_interface) StdoutLine: {'line': b'[ 46%] Built target stm32_mavlink_interface__rosidl_typesupport_fastrtps_cpp\n'}
[0.097966] (stm32_mavlink_interface) StdoutLine: {'line': b'[ 58%] Built target stm32_mavlink_interface__rosidl_typesupport_introspection_c\n'}
[0.099510] (stm32_mavlink_interface) StdoutLine: {'line': b'[ 69%] Built target stm32_mavlink_interface__rosidl_typesupport_fastrtps_c\n'}
[0.099587] (-) TimerEvent: {}
[0.102028] (stm32_mavlink_interface) StdoutLine: {'line': b'[ 80%] Built target stm32_mavlink_interface__rosidl_typesupport_cpp\n'}
[0.115900] (stm32_mavlink_interface) StdoutLine: {'line': b'\x1b[35m\x1b[1mConsolidate compiler generated dependencies of target mavlink_serial_node\x1b[0m\n'}
[0.119884] (stm32_mavlink_interface) StdoutLine: {'line': b'[ 80%] Built target stm32_mavlink_interface\n'}
[0.136393] (stm32_mavlink_interface) StdoutLine: {'line': b'[ 81%] \x1b[32mBuilding CXX object CMakeFiles/mavlink_serial_node.dir/src/robomaster_controller.cpp.o\x1b[0m\n'}
[0.138234] (stm32_mavlink_interface) StdoutLine: {'line': b'[ 82%] Built target stm32_mavlink_interface__py\n'}
[0.164076] (stm32_mavlink_interface) StdoutLine: {'line': b'[ 92%] Built target stm32_mavlink_interface__rosidl_generator_py\n'}
[0.190679] (stm32_mavlink_interface) StdoutLine: {'line': b'[ 93%] Built target stm32_mavlink_interface__rosidl_typesupport_introspection_c__pyext\n'}
[0.193184] (stm32_mavlink_interface) StdoutLine: {'line': b'[ 95%] Built target stm32_mavlink_interface__rosidl_typesupport_c__pyext\n'}
[0.193922] (stm32_mavlink_interface) StdoutLine: {'line': b'[ 97%] Built target stm32_mavlink_interface__rosidl_typesupport_fastrtps_c__pyext\n'}
[0.199681] (-) TimerEvent: {}
[0.244894] (stm32_mavlink_interface) StdoutLine: {'line': b'running egg_info\n'}
[0.245409] (stm32_mavlink_interface) StdoutLine: {'line': b'writing stm32_mavlink_interface.egg-info/PKG-INFO\n'}
[0.245540] (stm32_mavlink_interface) StdoutLine: {'line': b'writing dependency_links to stm32_mavlink_interface.egg-info/dependency_links.txt\n'}
[0.245631] (stm32_mavlink_interface) StdoutLine: {'line': b'writing top-level names to stm32_mavlink_interface.egg-info/top_level.txt\n'}
[0.246853] (stm32_mavlink_interface) StdoutLine: {'line': b"reading manifest file 'stm32_mavlink_interface.egg-info/SOURCES.txt'\n"}
[0.247212] (stm32_mavlink_interface) StdoutLine: {'line': b"writing manifest file 'stm32_mavlink_interface.egg-info/SOURCES.txt'\n"}
[0.270221] (stm32_mavlink_interface) StdoutLine: {'line': b'[ 97%] Built target ament_cmake_python_build_stm32_mavlink_interface_egg\n'}
[0.299771] (-) TimerEvent: {}
[0.400102] (-) TimerEvent: {}
[0.500473] (-) TimerEvent: {}
[0.600850] (-) TimerEvent: {}
[0.701256] (-) TimerEvent: {}
[0.801658] (-) TimerEvent: {}
[0.902029] (-) TimerEvent: {}
[1.002512] (-) TimerEvent: {}
[1.102924] (-) TimerEvent: {}
[1.203279] (-) TimerEvent: {}
[1.303610] (-) TimerEvent: {}
[1.403937] (-) TimerEvent: {}
[1.472829] (stm32_mavlink_interface) StderrLine: {'line': b'In file included from \x1b[01m\x1b[K/home/a/ws_moveit2/src/MAVLink/MAVLink_ros2/include/mavlink/c_library_v2/common/../protocol.h:4\x1b[m\x1b[K,\n'}
[1.473088] (stm32_mavlink_interface) StderrLine: {'line': b'                 from \x1b[01m\x1b[K/home/a/ws_moveit2/src/MAVLink/MAVLink_ros2/include/mavlink/c_library_v2/common/common.h:29\x1b[m\x1b[K,\n'}
[1.473175] (stm32_mavlink_interface) StderrLine: {'line': b'                 from \x1b[01m\x1b[K/home/a/ws_moveit2/src/MAVLink/MAVLink_ros2/include/mavlink/c_library_v2/common/mavlink.h:32\x1b[m\x1b[K,\n'}
[1.473235] (stm32_mavlink_interface) StderrLine: {'line': b'                 from \x1b[01m\x1b[K/home/a/ws_moveit2/src/MAVLink/MAVLink_ros2/include/stm32_mavlink_interface/robomaster_controller.hpp:13\x1b[m\x1b[K,\n'}
[1.473294] (stm32_mavlink_interface) StderrLine: {'line': b'                 from \x1b[01m\x1b[K/home/a/ws_moveit2/src/MAVLink/MAVLink_ros2/src/robomaster_controller.cpp:1\x1b[m\x1b[K:\n'}
[1.473350] (stm32_mavlink_interface) StderrLine: {'line': b'\x1b[01m\x1b[K/home/a/ws_moveit2/src/MAVLink/MAVLink_ros2/include/mavlink/c_library_v2/common/../mavlink_types.h:78:12:\x1b[m\x1b[K \x1b[01;35m\x1b[Kwarning: \x1b[m\x1b[KISO C++ prohibits anonymous structs [\x1b[01;35m\x1b[K\x1b]8;;https://gcc.gnu.org/onlinedocs/gcc/Warning-Options.html#index-Wpedantic\x07-Wpedantic\x1b]8;;\x07\x1b[m\x1b[K]\n'}
[1.473421] (stm32_mavlink_interface) StderrLine: {'line': b'   78 |     struct \x1b[01;35m\x1b[K{\x1b[m\x1b[K\n'}
[1.473474] (stm32_mavlink_interface) StderrLine: {'line': b'      |            \x1b[01;35m\x1b[K^\x1b[m\x1b[K\n'}
[1.473525] (stm32_mavlink_interface) StderrLine: {'line': b'\x1b[01m\x1b[K/home/a/ws_moveit2/src/MAVLink/MAVLink_ros2/include/mavlink/c_library_v2/common/../mavlink_types.h:17:40:\x1b[m\x1b[K \x1b[01;36m\x1b[Knote: \x1b[m\x1b[Kin definition of macro \xe2\x80\x98\x1b[01m\x1b[KMAVPACKED\x1b[m\x1b[K\xe2\x80\x99\n'}
[1.473579] (stm32_mavlink_interface) StderrLine: {'line': b'   17 |   #define MAVPACKED( __Declaration__ ) \x1b[01;36m\x1b[K__Declaration__\x1b[m\x1b[K __attribute__((packed))\n'}
[1.473633] (stm32_mavlink_interface) StderrLine: {'line': b'      |                                        \x1b[01;36m\x1b[K^~~~~~~~~~~~~~~\x1b[m\x1b[K\n'}
[1.504042] (-) TimerEvent: {}
[1.604377] (-) TimerEvent: {}
[1.704703] (-) TimerEvent: {}
[1.805025] (-) TimerEvent: {}
[1.905391] (-) TimerEvent: {}
[2.005733] (-) TimerEvent: {}
[2.106071] (-) TimerEvent: {}
[2.206387] (-) TimerEvent: {}
[2.306710] (-) TimerEvent: {}
[2.407057] (-) TimerEvent: {}
[2.507390] (-) TimerEvent: {}
[2.607725] (-) TimerEvent: {}
[2.708040] (-) TimerEvent: {}
[2.808362] (-) TimerEvent: {}
[2.908685] (-) TimerEvent: {}
[3.009015] (-) TimerEvent: {}
[3.109347] (-) TimerEvent: {}
[3.209685] (-) TimerEvent: {}
[3.310040] (-) TimerEvent: {}
[3.410386] (-) TimerEvent: {}
[3.510727] (-) TimerEvent: {}
[3.611059] (-) TimerEvent: {}
[3.711368] (-) TimerEvent: {}
[3.811680] (-) TimerEvent: {}
[3.912007] (-) TimerEvent: {}
[4.012318] (-) TimerEvent: {}
[4.112624] (-) TimerEvent: {}
[4.212936] (-) TimerEvent: {}
[4.313249] (-) TimerEvent: {}
[4.413557] (-) TimerEvent: {}
[4.513917] (-) TimerEvent: {}
[4.614315] (-) TimerEvent: {}
[4.714639] (-) TimerEvent: {}
[4.814941] (-) TimerEvent: {}
[4.915272] (-) TimerEvent: {}
[5.015587] (-) TimerEvent: {}
[5.115934] (-) TimerEvent: {}
[5.216320] (-) TimerEvent: {}
[5.316634] (-) TimerEvent: {}
[5.416933] (-) TimerEvent: {}
[5.517247] (-) TimerEvent: {}
[5.617553] (-) TimerEvent: {}
[5.717857] (-) TimerEvent: {}
[5.818141] (-) TimerEvent: {}
[5.918449] (-) TimerEvent: {}
[6.018747] (-) TimerEvent: {}
[6.084628] (stm32_mavlink_interface) StdoutLine: {'line': b'[ 98%] \x1b[32m\x1b[1mLinking CXX executable mavlink_serial_node\x1b[0m\n'}
[6.118854] (-) TimerEvent: {}
[6.219182] (-) TimerEvent: {}
[6.319502] (-) TimerEvent: {}
[6.419831] (-) TimerEvent: {}
[6.520173] (-) TimerEvent: {}
[6.620508] (-) TimerEvent: {}
[6.716304] (stm32_mavlink_interface) StdoutLine: {'line': b'[100%] Built target mavlink_serial_node\n'}
[6.720570] (-) TimerEvent: {}
[6.727851] (stm32_mavlink_interface) CommandEnded: {'returncode': 0}
[6.728844] (stm32_mavlink_interface) JobProgress: {'identifier': 'stm32_mavlink_interface', 'progress': 'install'}
[6.736614] (stm32_mavlink_interface) Command: {'cmd': ['/usr/bin/cmake', '--install', '/home/a/ws_moveit2/build/stm32_mavlink_interface'], 'cwd': '/home/a/ws_moveit2/build/stm32_mavlink_interface', 'env': OrderedDict([('GJS_DEBUG_TOPICS', 'JS ERROR;JS LOG'), ('LESSOPEN', '| /usr/bin/lesspipe %s'), ('USER', 'a'), ('XDG_SESSION_TYPE', 'wayland'), ('SHLVL', '1'), ('LD_LIBRARY_PATH', '/home/a/ws_moveit2/install/trac_ik_kinematics_plugin/lib:/home/a/ws_moveit2/install/trac_ik_lib/lib:/home/a/ws_moveit2/install/stm32_mavlink_interface/lib:/home/a/ws_moveit2/install/right_arm_ikfast_plugin/lib:/home/a/ws_moveit2/install/pilz_industrial_motion_planner_testutils/lib:/home/a/ws_moveit2/install/pilz_industrial_motion_planner/lib:/home/a/ws_moveit2/install/moveit_visual_tools/lib:/home/a/ws_moveit2/install/moveit_task_constructor_visualization/lib:/home/a/ws_moveit2/install/moveit_task_constructor_demo/lib:/home/a/ws_moveit2/install/moveit_task_constructor_capabilities/lib:/home/a/ws_moveit2/install/moveit_task_constructor_core/lib:/home/a/ws_moveit2/install/moveit_ros_control_interface/lib:/home/a/ws_moveit2/install/moveit_simple_controller_manager/lib:/home/a/ws_moveit2/install/moveit_setup_assistant/lib:/home/a/ws_moveit2/install/moveit_setup_srdf_plugins/lib:/home/a/ws_moveit2/install/moveit_setup_core_plugins/lib:/home/a/ws_moveit2/install/moveit_setup_controllers/lib:/home/a/ws_moveit2/install/moveit_setup_app_plugins/lib:/home/a/ws_moveit2/install/moveit_setup_framework/lib:/home/a/ws_moveit2/install/moveit_servo/lib:/home/a/ws_moveit2/install/moveit_ros_visualization/lib:/home/a/ws_moveit2/install/moveit_hybrid_planning/lib:/home/a/ws_moveit2/install/moveit_ros_planning_interface/lib:/home/a/ws_moveit2/install/moveit_ros_benchmarks/lib:/home/a/ws_moveit2/install/moveit_ros_warehouse/lib:/home/a/ws_moveit2/install/moveit_ros_robot_interaction/lib:/home/a/ws_moveit2/install/moveit_ros_perception/lib:/home/a/ws_moveit2/install/moveit_ros_move_group/lib:/home/a/ws_moveit2/install/moveit_planners_ompl/lib:/home/a/ws_moveit2/install/left_arm_ikfast_plugin/lib:/home/a/ws_moveit2/install/moveit_ros_planning/lib:/home/a/ws_moveit2/install/moveit_ros_occupancy_map_monitor/lib:/home/a/ws_moveit2/install/moveit_resources_prbt_ikfast_manipulator_plugin/lib:/home/a/ws_moveit2/install/moveit_planners_chomp/lib:/home/a/ws_moveit2/install/moveit_kinematics/lib:/home/a/ws_moveit2/install/moveit_chomp_optimizer_adapter/lib:/home/a/ws_moveit2/install/chomp_motion_planner/lib:/home/a/ws_moveit2/install/moveit_core/lib:/home/a/ws_moveit2/install/srdfdom/lib:/home/a/ws_moveit2/install/rviz_marker_tools/lib:/home/a/ws_moveit2/install/rosparam_shortcuts/lib:/home/a/ws_moveit2/install/realsense2_camera/lib:/home/a/ws_moveit2/install/realsense2_camera_msgs/lib:/home/a/ws_moveit2/install/moveit_task_constructor_msgs/lib:/home/a/ws_moveit2/install/dynamixel_sdk_custom_interfaces/lib:/home/a/ws_moveit2/install/dynamixel_controller/lib:/home/a/ws_moveit2/install/dynamixel_sdk/lib:/usr/lib/x86_64-linux-gnu/gazebo-11/plugins:/opt/ros/humble/opt/rviz_ogre_vendor/lib:/opt/ros/humble/lib/x86_64-linux-gnu:/opt/ros/humble/lib'), ('HOME', '/home/a'), ('DESKTOP_SESSION', 'ubuntu'), ('NVM_BIN', '/home/a/.nvm/versions/node/v22.18.0/bin'), ('NVM_INC', '/home/a/.nvm/versions/node/v22.18.0/include/node'), ('GIO_LAUNCHED_DESKTOP_FILE', '/usr/share/applications/terminator.desktop'), ('ROS_PYTHON_VERSION', '3'), ('GNOME_SHELL_SESSION_MODE', 'ubuntu'), ('GTK_MODULES', 'gail:atk-bridge'), ('MANAGERPID', '1213'), ('SYSTEMD_EXEC_PID', '1445'), ('DBUS_SESSION_BUS_ADDRESS', 'unix:path=/run/user/1000/bus'), ('COLORTERM', 'truecolor'), ('TERMINATOR_DBUS_NAME', 'net.tenshu.Terminator25ef4b219e3b005583550f2b0f9f990c3'), ('GIO_LAUNCHED_DESKTOP_FILE_PID', '3048'), ('NVM_DIR', '/home/a/.nvm'), ('IM_CONFIG_PHASE', '1'), ('WAYLAND_DISPLAY', 'wayland-0'), ('COLCON_PREFIX_PATH', '/home/a/ws_moveit2/install'), ('ROS_DISTRO', 'humble'), ('LOGNAME', 'a'), ('JOURNAL_STREAM', '8:3514'), ('_', '/usr/bin/colcon'), ('ROS_VERSION', '2'), ('XDG_SESSION_CLASS', 'user'), ('USERNAME', 'a'), ('TERM', 'xterm-256color'), ('GNOME_DESKTOP_SESSION_ID', 'this-is-deprecated'), ('ROS_LOCALHOST_ONLY', '0'), ('PATH', '/home/a/ws_moveit2/install/moveit_core/bin:/home/a/.nvm/versions/node/v22.18.0/bin:/opt/ros/humble/bin:/home/a/.local/bin:/usr/local/sbin:/usr/local/bin:/usr/sbin:/usr/bin:/sbin:/bin:/usr/games:/usr/local/games:/snap/bin:/snap/bin'), ('SESSION_MANAGER', 'local/a:@/tmp/.ICE-unix/1406,unix/a:/tmp/.ICE-unix/1406'), ('INVOCATION_ID', 'a100030f866a48708cf7905c543bcf13'), ('XDG_MENU_PREFIX', 'gnome-'), ('GNOME_SETUP_DISPLAY', ':1'), ('XDG_RUNTIME_DIR', '/run/user/1000'), ('DISPLAY', ':0'), ('TERMINATOR_DBUS_PATH', '/net/tenshu/Terminator2'), ('LANG', 'en_US.UTF-8'), ('XDG_CURRENT_DESKTOP', 'ubuntu:GNOME'), ('XMODIFIERS', '@im=ibus'), ('XDG_SESSION_DESKTOP', 'ubuntu'), ('XAUTHORITY', '/run/user/1000/.mutter-Xwaylandauth.4WBWC3'), ('LS_COLORS', 'rs=0:di=01;34:ln=01;36:mh=00:pi=40;33:so=01;35:do=01;35:bd=40;33;01:cd=40;33;01:or=40;31;01:mi=00:su=37;41:sg=30;43:ca=30;41:tw=30;42:ow=34;42:st=37;44:ex=01;32:*.tar=01;31:*.tgz=01;31:*.arc=01;31:*.arj=01;31:*.taz=01;31:*.lha=01;31:*.lz4=01;31:*.lzh=01;31:*.lzma=01;31:*.tlz=01;31:*.txz=01;31:*.tzo=01;31:*.t7z=01;31:*.zip=01;31:*.z=01;31:*.dz=01;31:*.gz=01;31:*.lrz=01;31:*.lz=01;31:*.lzo=01;31:*.xz=01;31:*.zst=01;31:*.tzst=01;31:*.bz2=01;31:*.bz=01;31:*.tbz=01;31:*.tbz2=01;31:*.tz=01;31:*.deb=01;31:*.rpm=01;31:*.jar=01;31:*.war=01;31:*.ear=01;31:*.sar=01;31:*.rar=01;31:*.alz=01;31:*.ace=01;31:*.zoo=01;31:*.cpio=01;31:*.7z=01;31:*.rz=01;31:*.cab=01;31:*.wim=01;31:*.swm=01;31:*.dwm=01;31:*.esd=01;31:*.jpg=01;35:*.jpeg=01;35:*.mjpg=01;35:*.mjpeg=01;35:*.gif=01;35:*.bmp=01;35:*.pbm=01;35:*.pgm=01;35:*.ppm=01;35:*.tga=01;35:*.xbm=01;35:*.xpm=01;35:*.tif=01;35:*.tiff=01;35:*.png=01;35:*.svg=01;35:*.svgz=01;35:*.mng=01;35:*.pcx=01;35:*.mov=01;35:*.mpg=01;35:*.mpeg=01;35:*.m2v=01;35:*.mkv=01;35:*.webm=01;35:*.webp=01;35:*.ogm=01;35:*.mp4=01;35:*.m4v=01;35:*.mp4v=01;35:*.vob=01;35:*.qt=01;35:*.nuv=01;35:*.wmv=01;35:*.asf=01;35:*.rm=01;35:*.rmvb=01;35:*.flc=01;35:*.avi=01;35:*.fli=01;35:*.flv=01;35:*.gl=01;35:*.dl=01;35:*.xcf=01;35:*.xwd=01;35:*.yuv=01;35:*.cgm=01;35:*.emf=01;35:*.ogv=01;35:*.ogx=01;35:*.aac=00;36:*.au=00;36:*.flac=00;36:*.m4a=00;36:*.mid=00;36:*.midi=00;36:*.mka=00;36:*.mp3=00;36:*.mpc=00;36:*.ogg=00;36:*.ra=00;36:*.wav=00;36:*.oga=00;36:*.opus=00;36:*.spx=00;36:*.xspf=00;36:'), ('SSH_AGENT_LAUNCHER', 'gnome-keyring'), ('SSH_AUTH_SOCK', '/run/user/1000/keyring/ssh'), ('AMENT_PREFIX_PATH', '/home/a/ws_moveit2/install/urdf_0816_description:/home/a/ws_moveit2/install/trac_ik:/home/a/ws_moveit2/install/robot_config:/home/a/ws_moveit2/install/trac_ik_kinematics_plugin:/home/a/ws_moveit2/install/trac_ik_lib:/home/a/ws_moveit2/install/mavlink_controller_client:/home/a/ws_moveit2/install/stm32_mavlink_interface:/home/a/ws_moveit2/install/right_arm_ikfast_plugin:/home/a/ws_moveit2/install/pilz_industrial_motion_planner_testutils:/home/a/ws_moveit2/install/moveit_runtime:/home/a/ws_moveit2/install/moveit2_tutorials:/home/a/ws_moveit2/install/moveit:/home/a/ws_moveit2/install/moveit_planners:/home/a/ws_moveit2/install/pilz_industrial_motion_planner:/home/a/ws_moveit2/install/mtc_tutorial:/home/a/ws_moveit2/install/hello_moveit:/home/a/ws_moveit2/install/moveit_visual_tools:/home/a/ws_moveit2/install/moveit_task_constructor_visualization:/home/a/ws_moveit2/install/moveit_task_constructor_demo:/home/a/ws_moveit2/install/moveit_task_constructor_capabilities:/home/a/ws_moveit2/install/moveit_task_constructor_core:/home/a/ws_moveit2/install/moveit_ros_control_interface:/home/a/ws_moveit2/install/moveit_plugins:/home/a/ws_moveit2/install/moveit_simple_controller_manager:/home/a/ws_moveit2/install/moveit_setup_assistant:/home/a/ws_moveit2/install/moveit_setup_srdf_plugins:/home/a/ws_moveit2/install/moveit_setup_core_plugins:/home/a/ws_moveit2/install/moveit_setup_controllers:/home/a/ws_moveit2/install/moveit_setup_app_plugins:/home/a/ws_moveit2/install/moveit_setup_framework:/home/a/ws_moveit2/install/moveit_servo:/home/a/ws_moveit2/install/moveit_ros:/home/a/ws_moveit2/install/moveit_ros_visualization:/home/a/ws_moveit2/install/moveit_hybrid_planning:/home/a/ws_moveit2/install/moveit_ros_planning_interface:/home/a/ws_moveit2/install/moveit_ros_benchmarks:/home/a/ws_moveit2/install/moveit_ros_warehouse:/home/a/ws_moveit2/install/moveit_ros_robot_interaction:/home/a/ws_moveit2/install/moveit_ros_perception:/home/a/ws_moveit2/install/moveit_resources_prbt_pg70_support:/home/a/ws_moveit2/install/moveit_resources_prbt_moveit_config:/home/a/ws_moveit2/install/moveit_ros_move_group:/home/a/ws_moveit2/install/moveit_planners_ompl:/home/a/ws_moveit2/install/left_arm_ikfast_plugin:/home/a/ws_moveit2/install/moveit_ros_planning:/home/a/ws_moveit2/install/moveit_ros_occupancy_map_monitor:/home/a/ws_moveit2/install/moveit_resources_prbt_ikfast_manipulator_plugin:/home/a/ws_moveit2/install/moveit_planners_chomp:/home/a/ws_moveit2/install/moveit_kinematics:/home/a/ws_moveit2/install/moveit_chomp_optimizer_adapter:/home/a/ws_moveit2/install/chomp_motion_planner:/home/a/ws_moveit2/install/moveit_core:/home/a/ws_moveit2/install/moveit_configs_utils:/home/a/ws_moveit2/install/srdfdom:/home/a/ws_moveit2/install/rviz_marker_tools:/home/a/ws_moveit2/install/rosparam_shortcuts:/home/a/ws_moveit2/install/ros_tcp_endpoint:/home/a/ws_moveit2/install/red_seiretu_description:/home/a/ws_moveit2/install/realsense2_ros_mqtt_bridge:/home/a/ws_moveit2/install/realsense2_description:/home/a/ws_moveit2/install/realsense2_camera:/home/a/ws_moveit2/install/realsense2_camera_msgs:/home/a/ws_moveit2/install/object_description:/home/a/ws_moveit2/install/moveit_task_constructor_msgs:/home/a/ws_moveit2/install/moveit_resources_prbt_support:/home/a/ws_moveit2/install/moveit_resources:/home/a/ws_moveit2/install/moveit_resources_pr2_description:/home/a/ws_moveit2/install/moveit_resources_panda_moveit_config:/home/a/ws_moveit2/install/moveit_resources_panda_description:/home/a/ws_moveit2/install/moveit_resources_fanuc_moveit_config:/home/a/ws_moveit2/install/moveit_resources_fanuc_description:/home/a/ws_moveit2/install/moveit_common:/home/a/ws_moveit2/install/mavlink_gui_tester:/home/a/ws_moveit2/install/launch_param_builder:/home/a/ws_moveit2/install/field_description_test:/home/a/ws_moveit2/install/field_description:/home/a/ws_moveit2/install/dynamixel_sdk_examples:/home/a/ws_moveit2/install/dynamixel_sdk_custom_interfaces:/home/a/ws_moveit2/install/dynamixel_controller_gui:/home/a/ws_moveit2/install/dynamixel_controller:/home/a/ws_moveit2/install/dynamixel_sdk:/home/a/ws_moveit2/install/dynamixel_controller_client:/home/a/ws_moveit2/install/d415_rgb_depth_3d:/home/a/ws_moveit2/install/catch_gazebo_ros2_control:/home/a/ws_moveit2/install/blue_seiretu_description:/home/a/ws_moveit2/install/0525_arm_description:/opt/ros/humble'), ('SHELL', '/bin/bash'), ('TERMINATOR_UUID', 'urn:uuid:a64a22d0-cde5-4baa-9a97-059ea5635fde'), ('QT_ACCESSIBILITY', '1'), ('GDMSESSION', 'ubuntu'), ('LESSCLOSE', '/usr/bin/lesspipe %s %s'), ('CMAKE_MODULE_PATH', '/home/a/ws_moveit2/install/moveit_task_constructor_core/share/moveit_task_constructor_core/cmake'), ('GJS_DEBUG_OUTPUT', 'stderr'), ('QT_IM_MODULE', 'ibus'), ('PWD', '/home/a/ws_moveit2/build/stm32_mavlink_interface'), ('LC_ALL', 'en_US.UTF-8'), ('XDG_CONFIG_DIRS', '/etc/xdg/xdg-ubuntu:/etc/xdg'), ('NVM_CD_FLAGS', ''), ('XDG_DATA_DIRS', '/usr/share/ubuntu:/home/a/.local/share/flatpak/exports/share:/var/lib/flatpak/exports/share:/usr/local/share/:/usr/share/:/var/lib/snapd/desktop'), ('PYTHONPATH', '/home/a/ws_moveit2/install/mavlink_controller_client/lib/python3.10/site-packages:/home/a/ws_moveit2/install/stm32_mavlink_interface/local/lib/python3.10/dist-packages:/home/a/ws_moveit2/install/moveit_task_constructor_core/local/lib/python3.10/dist-packages:/home/a/ws_moveit2/install/moveit_configs_utils/lib/python3.10/site-packages:/home/a/ws_moveit2/install/srdfdom/local/lib/python3.10/dist-packages:/home/a/ws_moveit2/install/ros_tcp_endpoint/lib/python3.10/site-packages:/home/a/ws_moveit2/install/realsense2_ros_mqtt_bridge/lib/python3.10/site-packages:/home/a/ws_moveit2/install/realsense2_camera_msgs/local/lib/python3.10/dist-packages:/home/a/ws_moveit2/install/moveit_task_constructor_msgs/local/lib/python3.10/dist-packages:/home/a/ws_moveit2/install/launch_param_builder/lib/python3.10/site-packages:/home/a/ws_moveit2/install/dynamixel_sdk_custom_interfaces/local/lib/python3.10/dist-packages:/home/a/ws_moveit2/install/dynamixel_controller_gui/lib/python3.10/site-packages:/home/a/ws_moveit2/install/dynamixel_controller/local/lib/python3.10/dist-packages:/home/a/ws_moveit2/install/dynamixel_controller_client/lib/python3.10/site-packages:/home/a/ws_moveit2/install/d415_rgb_depth_3d/lib/python3.10/site-packages:/opt/ros/humble/lib/python3.10/site-packages:/opt/ros/humble/local/lib/python3.10/dist-packages'), ('COLCON', '1'), ('VTE_VERSION', '6800'), ('CMAKE_PREFIX_PATH', '/home/a/ws_moveit2/install/stm32_mavlink_interface:/home/a/ws_moveit2/install/urdf_0816_description:/home/a/ws_moveit2/install/trac_ik:/home/a/ws_moveit2/install/robot_config:/home/a/ws_moveit2/install/trac_ik_kinematics_plugin:/home/a/ws_moveit2/install/right_arm_ikfast_plugin:/home/a/ws_moveit2/install/pilz_industrial_motion_planner_testutils:/home/a/ws_moveit2/install/moveit_runtime:/home/a/ws_moveit2/install/moveit2_tutorials:/home/a/ws_moveit2/install/moveit:/home/a/ws_moveit2/install/moveit_planners:/home/a/ws_moveit2/install/pilz_industrial_motion_planner:/home/a/ws_moveit2/install/mtc_tutorial:/home/a/ws_moveit2/install/hello_moveit:/home/a/ws_moveit2/install/moveit_visual_tools:/home/a/ws_moveit2/install/moveit_task_constructor_visualization:/home/a/ws_moveit2/install/moveit_task_constructor_demo:/home/a/ws_moveit2/install/moveit_task_constructor_capabilities:/home/a/ws_moveit2/install/moveit_task_constructor_core:/home/a/ws_moveit2/install/moveit_ros_control_interface:/home/a/ws_moveit2/install/moveit_plugins:/home/a/ws_moveit2/install/moveit_simple_controller_manager:/home/a/ws_moveit2/install/moveit_setup_assistant:/home/a/ws_moveit2/install/moveit_setup_srdf_plugins:/home/a/ws_moveit2/install/moveit_setup_core_plugins:/home/a/ws_moveit2/install/moveit_setup_controllers:/home/a/ws_moveit2/install/moveit_setup_app_plugins:/home/a/ws_moveit2/install/moveit_setup_framework:/home/a/ws_moveit2/install/moveit_servo:/home/a/ws_moveit2/install/moveit_ros:/home/a/ws_moveit2/install/moveit_ros_visualization:/home/a/ws_moveit2/install/moveit_hybrid_planning:/home/a/ws_moveit2/install/moveit_ros_planning_interface:/home/a/ws_moveit2/install/moveit_ros_benchmarks:/home/a/ws_moveit2/install/moveit_ros_warehouse:/home/a/ws_moveit2/install/moveit_ros_robot_interaction:/home/a/ws_moveit2/install/moveit_ros_perception:/home/a/ws_moveit2/install/moveit_resources_prbt_pg70_support:/home/a/ws_moveit2/install/moveit_resources_prbt_moveit_config:/home/a/ws_moveit2/install/moveit_ros_move_group:/home/a/ws_moveit2/install/moveit_planners_ompl:/home/a/ws_moveit2/install/left_arm_ikfast_plugin:/home/a/ws_moveit2/install/moveit_ros_planning:/home/a/ws_moveit2/install/moveit_ros_occupancy_map_monitor:/home/a/ws_moveit2/install/moveit_resources_prbt_ikfast_manipulator_plugin:/home/a/ws_moveit2/install/moveit_planners_chomp:/home/a/ws_moveit2/install/moveit_kinematics:/home/a/ws_moveit2/install/moveit_chomp_optimizer_adapter:/home/a/ws_moveit2/install/chomp_motion_planner:/home/a/ws_moveit2/install/moveit_core:/home/a/ws_moveit2/install/rviz_marker_tools:/home/a/ws_moveit2/install/rosparam_shortcuts:/home/a/ws_moveit2/install/red_seiretu_description:/home/a/ws_moveit2/install/realsense2_description:/home/a/ws_moveit2/install/realsense2_camera:/home/a/ws_moveit2/install/object_description:/home/a/ws_moveit2/install/moveit_resources:/home/a/ws_moveit2/install/moveit_resources_panda_moveit_config:/home/a/ws_moveit2/install/moveit_resources_fanuc_moveit_config:/home/a/ws_moveit2/install/mavlink_gui_tester:/home/a/ws_moveit2/install/field_description_test:/home/a/ws_moveit2/install/field_description:/home/a/ws_moveit2/install/dynamixel_sdk_examples:/home/a/ws_moveit2/install/dynamixel_controller:/home/a/ws_moveit2/install/0525_arm_description:/home/a/ws_moveit2/install/trac_ik_lib:/home/a/ws_moveit2/install/mavlink_controller_client:/home/a/ws_moveit2/install/moveit_configs_utils:/home/a/ws_moveit2/install/srdfdom:/home/a/ws_moveit2/install/ros_tcp_endpoint:/home/a/ws_moveit2/install/realsense2_ros_mqtt_bridge:/home/a/ws_moveit2/install/realsense2_camera_msgs:/home/a/ws_moveit2/install/moveit_task_constructor_msgs:/home/a/ws_moveit2/install/moveit_resources_prbt_support:/home/a/ws_moveit2/install/moveit_resources_pr2_description:/home/a/ws_moveit2/install/moveit_resources_panda_description:/home/a/ws_moveit2/install/moveit_resources_fanuc_description:/home/a/ws_moveit2/install/moveit_common:/home/a/ws_moveit2/install/launch_param_builder:/home/a/ws_moveit2/install/dynamixel_sdk_custom_interfaces:/home/a/ws_moveit2/install/dynamixel_controller_gui:/home/a/ws_moveit2/install/dynamixel_sdk:/home/a/ws_moveit2/install/dynamixel_controller_client:/home/a/ws_moveit2/install/d415_rgb_depth_3d:/home/a/ws_moveit2/install/catch_gazebo_ros2_control:/home/a/ws_moveit2/install/blue_seiretu_description:/opt/ros/humble')]), 'shell': False}
[6.745117] (stm32_mavlink_interface) StdoutLine: {'line': b'-- Install configuration: ""\n'}
[6.745262] (stm32_mavlink_interface) StdoutLine: {'line': b'-- Up-to-date: /home/a/ws_moveit2/install/stm32_mavlink_interface/share/ament_index/resource_index/rosidl_interfaces/stm32_mavlink_interface\n'}
[6.745411] (stm32_mavlink_interface) StdoutLine: {'line': b'-- Up-to-date: /home/a/ws_moveit2/install/stm32_mavlink_interface/include/stm32_mavlink_interface/stm32_mavlink_interface\n'}
[6.745485] (stm32_mavlink_interface) StdoutLine: {'line': b'-- Up-to-date: /home/a/ws_moveit2/install/stm32_mavlink_interface/include/stm32_mavlink_interface/stm32_mavlink_interface/msg\n'}
[6.745549] (stm32_mavlink_interface) StdoutLine: {'line': b'-- Up-to-date: /home/a/ws_moveit2/install/stm32_mavlink_interface/include/stm32_mavlink_interface/stm32_mavlink_interface/msg/robomaster_motor_command.h\n'}
[6.745613] (stm32_mavlink_interface) StdoutLine: {'line': b'-- Up-to-date: /home/a/ws_moveit2/install/stm32_mavlink_interface/include/stm32_mavlink_interface/stm32_mavlink_interface/msg/servo_command.h\n'}
[6.745675] (stm32_mavlink_interface) StdoutLine: {'line': b'-- Up-to-date: /home/a/ws_moveit2/install/stm32_mavlink_interface/include/stm32_mavlink_interface/stm32_mavlink_interface/msg/encoder_config.h\n'}
[6.745809] (stm32_mavlink_interface) StdoutLine: {'line': b'-- Up-to-date: /home/a/ws_moveit2/install/stm32_mavlink_interface/include/stm32_mavlink_interface/stm32_mavlink_interface/msg/rosidl_generator_c__visibility_control.h\n'}
[6.745972] (stm32_mavlink_interface) StdoutLine: {'line': b'-- Up-to-date: /home/a/ws_moveit2/install/stm32_mavlink_interface/include/stm32_mavlink_interface/stm32_mavlink_interface/msg/servo_state.h\n'}
[6.746037] (stm32_mavlink_interface) StdoutLine: {'line': b'-- Up-to-date: /home/a/ws_moveit2/install/stm32_mavlink_interface/include/stm32_mavlink_interface/stm32_mavlink_interface/msg/robomaster_motor_config.h\n'}
[6.746110] (stm32_mavlink_interface) StdoutLine: {'line': b'-- Up-to-date: /home/a/ws_moveit2/install/stm32_mavlink_interface/include/stm32_mavlink_interface/stm32_mavlink_interface/msg/detail\n'}
[6.746172] (stm32_mavlink_interface) StdoutLine: {'line': b'-- Up-to-date: /home/a/ws_moveit2/install/stm32_mavlink_interface/include/stm32_mavlink_interface/stm32_mavlink_interface/msg/detail/robomaster_motor_state__type_support.h\n'}
[6.746231] (stm32_mavlink_interface) StdoutLine: {'line': b'-- Up-to-date: /home/a/ws_moveit2/install/stm32_mavlink_interface/include/stm32_mavlink_interface/stm32_mavlink_interface/msg/detail/robomaster_motor_command__functions.c\n'}
[6.746290] (stm32_mavlink_interface) StdoutLine: {'line': b'-- Up-to-date: /home/a/ws_moveit2/install/stm32_mavlink_interface/include/stm32_mavlink_interface/stm32_mavlink_interface/msg/detail/encoder_config__functions.c\n'}
[6.746349] (stm32_mavlink_interface) StdoutLine: {'line': b'-- Up-to-date: /home/a/ws_moveit2/install/stm32_mavlink_interface/include/stm32_mavlink_interface/stm32_mavlink_interface/msg/detail/robomaster_motor_command__type_support.h\n'}
[6.746407] (stm32_mavlink_interface) StdoutLine: {'line': b'-- Up-to-date: /home/a/ws_moveit2/install/stm32_mavlink_interface/include/stm32_mavlink_interface/stm32_mavlink_interface/msg/detail/encoder_config__struct.h\n'}
[6.746464] (stm32_mavlink_interface) StdoutLine: {'line': b'-- Up-to-date: /home/a/ws_moveit2/install/stm32_mavlink_interface/include/stm32_mavlink_interface/stm32_mavlink_interface/msg/detail/encoder_config__functions.h\n'}
[6.746598] (stm32_mavlink_interface) StdoutLine: {'line': b'-- Up-to-date: /home/a/ws_moveit2/install/stm32_mavlink_interface/include/stm32_mavlink_interface/stm32_mavlink_interface/msg/detail/robomaster_motor_state__struct.h\n'}
[6.746657] (stm32_mavlink_interface) StdoutLine: {'line': b'-- Up-to-date: /home/a/ws_moveit2/install/stm32_mavlink_interface/include/stm32_mavlink_interface/stm32_mavlink_interface/msg/detail/servo_command__functions.h\n'}
[6.746714] (stm32_mavlink_interface) StdoutLine: {'line': b'-- Up-to-date: /home/a/ws_moveit2/install/stm32_mavlink_interface/include/stm32_mavlink_interface/stm32_mavlink_interface/msg/detail/servo_state__type_support.h\n'}
[6.746957] (stm32_mavlink_interface) StdoutLine: {'line': b'-- Up-to-date: /home/a/ws_moveit2/install/stm32_mavlink_interface/include/stm32_mavlink_interface/stm32_mavlink_interface/msg/detail/robomaster_motor_command__functions.h\n'}
[6.747012] (stm32_mavlink_interface) StdoutLine: {'line': b'-- Up-to-date: /home/a/ws_moveit2/install/stm32_mavlink_interface/include/stm32_mavlink_interface/stm32_mavlink_interface/msg/detail/servo_command__type_support.h\n'}
[6.747079] (stm32_mavlink_interface) StdoutLine: {'line': b'-- Up-to-date: /home/a/ws_moveit2/install/stm32_mavlink_interface/include/stm32_mavlink_interface/stm32_mavlink_interface/msg/detail/encoder_config__type_support.h\n'}
[6.747131] (stm32_mavlink_interface) StdoutLine: {'line': b'-- Up-to-date: /home/a/ws_moveit2/install/stm32_mavlink_interface/include/stm32_mavlink_interface/stm32_mavlink_interface/msg/detail/servo_command__struct.h\n'}
[6.747180] (stm32_mavlink_interface) StdoutLine: {'line': b'-- Up-to-date: /home/a/ws_moveit2/install/stm32_mavlink_interface/include/stm32_mavlink_interface/stm32_mavlink_interface/msg/detail/servo_state__functions.c\n'}
[6.747229] (stm32_mavlink_interface) StdoutLine: {'line': b'-- Up-to-date: /home/a/ws_moveit2/install/stm32_mavlink_interface/include/stm32_mavlink_interface/stm32_mavlink_interface/msg/detail/servo_state__struct.h\n'}
[6.747277] (stm32_mavlink_interface) StdoutLine: {'line': b'-- Up-to-date: /home/a/ws_moveit2/install/stm32_mavlink_interface/include/stm32_mavlink_interface/stm32_mavlink_interface/msg/detail/servo_command__functions.c\n'}
[6.747323] (stm32_mavlink_interface) StdoutLine: {'line': b'-- Up-to-date: /home/a/ws_moveit2/install/stm32_mavlink_interface/include/stm32_mavlink_interface/stm32_mavlink_interface/msg/detail/encoder_state__struct.h\n'}
[6.747369] (stm32_mavlink_interface) StdoutLine: {'line': b'-- Up-to-date: /home/a/ws_moveit2/install/stm32_mavlink_interface/include/stm32_mavlink_interface/stm32_mavlink_interface/msg/detail/robomaster_motor_state__functions.c\n'}
[6.747411] (stm32_mavlink_interface) StdoutLine: {'line': b'-- Up-to-date: /home/a/ws_moveit2/install/stm32_mavlink_interface/include/stm32_mavlink_interface/stm32_mavlink_interface/msg/detail/robomaster_motor_config__functions.h\n'}
[6.747452] (stm32_mavlink_interface) StdoutLine: {'line': b'-- Up-to-date: /home/a/ws_moveit2/install/stm32_mavlink_interface/include/stm32_mavlink_interface/stm32_mavlink_interface/msg/detail/robomaster_motor_config__functions.c\n'}
[6.747581] (stm32_mavlink_interface) StdoutLine: {'line': b'-- Up-to-date: /home/a/ws_moveit2/install/stm32_mavlink_interface/include/stm32_mavlink_interface/stm32_mavlink_interface/msg/detail/encoder_state__functions.c\n'}
[6.747967] (stm32_mavlink_interface) StdoutLine: {'line': b'-- Up-to-date: /home/a/ws_moveit2/install/stm32_mavlink_interface/include/stm32_mavlink_interface/stm32_mavlink_interface/msg/detail/robomaster_motor_config__struct.h\n'}
[6.748171] (stm32_mavlink_interface) StdoutLine: {'line': b'-- Up-to-date: /home/a/ws_moveit2/install/stm32_mavlink_interface/include/stm32_mavlink_interface/stm32_mavlink_interface/msg/detail/robomaster_motor_command__struct.h\n'}
[6.748229] (stm32_mavlink_interface) StdoutLine: {'line': b'-- Up-to-date: /home/a/ws_moveit2/install/stm32_mavlink_interface/include/stm32_mavlink_interface/stm32_mavlink_interface/msg/detail/robomaster_motor_config__type_support.h\n'}
[6.748271] (stm32_mavlink_interface) StdoutLine: {'line': b'-- Up-to-date: /home/a/ws_moveit2/install/stm32_mavlink_interface/include/stm32_mavlink_interface/stm32_mavlink_interface/msg/detail/encoder_state__functions.h\n'}
[6.748316] (stm32_mavlink_interface) StdoutLine: {'line': b'-- Up-to-date: /home/a/ws_moveit2/install/stm32_mavlink_interface/include/stm32_mavlink_interface/stm32_mavlink_interface/msg/detail/robomaster_motor_state__functions.h\n'}
[6.748359] (stm32_mavlink_interface) StdoutLine: {'line': b'-- Up-to-date: /home/a/ws_moveit2/install/stm32_mavlink_interface/include/stm32_mavlink_interface/stm32_mavlink_interface/msg/detail/servo_state__functions.h\n'}
[6.748403] (stm32_mavlink_interface) StdoutLine: {'line': b'-- Up-to-date: /home/a/ws_moveit2/install/stm32_mavlink_interface/include/stm32_mavlink_interface/stm32_mavlink_interface/msg/detail/encoder_state__type_support.h\n'}
[6.748444] (stm32_mavlink_interface) StdoutLine: {'line': b'-- Up-to-date: /home/a/ws_moveit2/install/stm32_mavlink_interface/include/stm32_mavlink_interface/stm32_mavlink_interface/msg/encoder_state.h\n'}
[6.748484] (stm32_mavlink_interface) StdoutLine: {'line': b'-- Up-to-date: /home/a/ws_moveit2/install/stm32_mavlink_interface/include/stm32_mavlink_interface/stm32_mavlink_interface/msg/robomaster_motor_state.h\n'}
[6.748526] (stm32_mavlink_interface) StdoutLine: {'line': b'-- Up-to-date: /home/a/ws_moveit2/install/stm32_mavlink_interface/include/stm32_mavlink_interface/stm32_mavlink_interface/srv\n'}
[6.748573] (stm32_mavlink_interface) StdoutLine: {'line': b'-- Up-to-date: /home/a/ws_moveit2/install/stm32_mavlink_interface/include/stm32_mavlink_interface/stm32_mavlink_interface/srv/set_robomaster_motor_config.h\n'}
[6.748614] (stm32_mavlink_interface) StdoutLine: {'line': b'-- Up-to-date: /home/a/ws_moveit2/install/stm32_mavlink_interface/include/stm32_mavlink_interface/stm32_mavlink_interface/srv/set_encoder_config.h\n'}
[6.748654] (stm32_mavlink_interface) StdoutLine: {'line': b'-- Up-to-date: /home/a/ws_moveit2/install/stm32_mavlink_interface/include/stm32_mavlink_interface/stm32_mavlink_interface/srv/detail\n'}
[6.748734] (stm32_mavlink_interface) StdoutLine: {'line': b'-- Up-to-date: /home/a/ws_moveit2/install/stm32_mavlink_interface/include/stm32_mavlink_interface/stm32_mavlink_interface/srv/detail/get_robomaster_motor_config__functions.h\n'}
[6.748779] (stm32_mavlink_interface) StdoutLine: {'line': b'-- Up-to-date: /home/a/ws_moveit2/install/stm32_mavlink_interface/include/stm32_mavlink_interface/stm32_mavlink_interface/srv/detail/get_robomaster_motor_config__struct.h\n'}
[6.748821] (stm32_mavlink_interface) StdoutLine: {'line': b'-- Up-to-date: /home/a/ws_moveit2/install/stm32_mavlink_interface/include/stm32_mavlink_interface/stm32_mavlink_interface/srv/detail/set_encoder_config__struct.h\n'}
[6.748865] (stm32_mavlink_interface) StdoutLine: {'line': b'-- Up-to-date: /home/a/ws_moveit2/install/stm32_mavlink_interface/include/stm32_mavlink_interface/stm32_mavlink_interface/srv/detail/set_robomaster_motor_config__struct.h\n'}
[6.748907] (stm32_mavlink_interface) StdoutLine: {'line': b'-- Up-to-date: /home/a/ws_moveit2/install/stm32_mavlink_interface/include/stm32_mavlink_interface/stm32_mavlink_interface/srv/detail/set_robomaster_motor_config__functions.c\n'}
[6.748950] (stm32_mavlink_interface) StdoutLine: {'line': b'-- Up-to-date: /home/a/ws_moveit2/install/stm32_mavlink_interface/include/stm32_mavlink_interface/stm32_mavlink_interface/srv/detail/get_robomaster_motor_config__functions.c\n'}
[6.748994] (stm32_mavlink_interface) StdoutLine: {'line': b'-- Up-to-date: /home/a/ws_moveit2/install/stm32_mavlink_interface/include/stm32_mavlink_interface/stm32_mavlink_interface/srv/detail/set_robomaster_motor_config__type_support.h\n'}
[6.749038] (stm32_mavlink_interface) StdoutLine: {'line': b'-- Up-to-date: /home/a/ws_moveit2/install/stm32_mavlink_interface/include/stm32_mavlink_interface/stm32_mavlink_interface/srv/detail/set_servo_config__struct.h\n'}
[6.749094] (stm32_mavlink_interface) StdoutLine: {'line': b'-- Up-to-date: /home/a/ws_moveit2/install/stm32_mavlink_interface/include/stm32_mavlink_interface/stm32_mavlink_interface/srv/detail/set_servo_config__functions.c\n'}
[6.749139] (stm32_mavlink_interface) StdoutLine: {'line': b'-- Up-to-date: /home/a/ws_moveit2/install/stm32_mavlink_interface/include/stm32_mavlink_interface/stm32_mavlink_interface/srv/detail/set_robomaster_motor_config__functions.h\n'}
[6.749185] (stm32_mavlink_interface) StdoutLine: {'line': b'-- Up-to-date: /home/a/ws_moveit2/install/stm32_mavlink_interface/include/stm32_mavlink_interface/stm32_mavlink_interface/srv/detail/set_encoder_config__functions.h\n'}
[6.749231] (stm32_mavlink_interface) StdoutLine: {'line': b'-- Up-to-date: /home/a/ws_moveit2/install/stm32_mavlink_interface/include/stm32_mavlink_interface/stm32_mavlink_interface/srv/detail/set_encoder_config__type_support.h\n'}
[6.749275] (stm32_mavlink_interface) StdoutLine: {'line': b'-- Up-to-date: /home/a/ws_moveit2/install/stm32_mavlink_interface/include/stm32_mavlink_interface/stm32_mavlink_interface/srv/detail/set_servo_config__functions.h\n'}
[6.749319] (stm32_mavlink_interface) StdoutLine: {'line': b'-- Up-to-date: /home/a/ws_moveit2/install/stm32_mavlink_interface/include/stm32_mavlink_interface/stm32_mavlink_interface/srv/detail/get_robomaster_motor_config__type_support.h\n'}
[6.749364] (stm32_mavlink_interface) StdoutLine: {'line': b'-- Up-to-date: /home/a/ws_moveit2/install/stm32_mavlink_interface/include/stm32_mavlink_interface/stm32_mavlink_interface/srv/detail/set_servo_config__type_support.h\n'}
[6.749408] (stm32_mavlink_interface) StdoutLine: {'line': b'-- Up-to-date: /home/a/ws_moveit2/install/stm32_mavlink_interface/include/stm32_mavlink_interface/stm32_mavlink_interface/srv/detail/set_encoder_config__functions.c\n'}
[6.749452] (stm32_mavlink_interface) StdoutLine: {'line': b'-- Up-to-date: /home/a/ws_moveit2/install/stm32_mavlink_interface/include/stm32_mavlink_interface/stm32_mavlink_interface/srv/get_robomaster_motor_config.h\n'}
[6.749495] (stm32_mavlink_interface) StdoutLine: {'line': b'-- Up-to-date: /home/a/ws_moveit2/install/stm32_mavlink_interface/include/stm32_mavlink_interface/stm32_mavlink_interface/srv/set_servo_config.h\n'}
[6.749540] (stm32_mavlink_interface) StdoutLine: {'line': b'-- Up-to-date: /home/a/ws_moveit2/install/stm32_mavlink_interface/share/stm32_mavlink_interface/environment/library_path.sh\n'}
[6.749584] (stm32_mavlink_interface) StdoutLine: {'line': b'-- Up-to-date: /home/a/ws_moveit2/install/stm32_mavlink_interface/share/stm32_mavlink_interface/environment/library_path.dsv\n'}
[6.749709] (stm32_mavlink_interface) StdoutLine: {'line': b'-- Up-to-date: /home/a/ws_moveit2/install/stm32_mavlink_interface/lib/libstm32_mavlink_interface__rosidl_generator_c.so\n'}
[6.749783] (stm32_mavlink_interface) StdoutLine: {'line': b'-- Up-to-date: /home/a/ws_moveit2/install/stm32_mavlink_interface/include/stm32_mavlink_interface/stm32_mavlink_interface\n'}
[6.749806] (stm32_mavlink_interface) StdoutLine: {'line': b'-- Up-to-date: /home/a/ws_moveit2/install/stm32_mavlink_interface/include/stm32_mavlink_interface/stm32_mavlink_interface/msg\n'}
[6.749828] (stm32_mavlink_interface) StdoutLine: {'line': b'-- Up-to-date: /home/a/ws_moveit2/install/stm32_mavlink_interface/include/stm32_mavlink_interface/stm32_mavlink_interface/msg/rosidl_typesupport_fastrtps_c__visibility_control.h\n'}
[6.749853] (stm32_mavlink_interface) StdoutLine: {'line': b'-- Up-to-date: /home/a/ws_moveit2/install/stm32_mavlink_interface/include/stm32_mavlink_interface/stm32_mavlink_interface/msg/detail\n'}
[6.749876] (stm32_mavlink_interface) StdoutLine: {'line': b'-- Up-to-date: /home/a/ws_moveit2/install/stm32_mavlink_interface/include/stm32_mavlink_interface/stm32_mavlink_interface/msg/detail/encoder_state__rosidl_typesupport_fastrtps_c.h\n'}
[6.749898] (stm32_mavlink_interface) StdoutLine: {'line': b'-- Up-to-date: /home/a/ws_moveit2/install/stm32_mavlink_interface/include/stm32_mavlink_interface/stm32_mavlink_interface/msg/detail/robomaster_motor_config__rosidl_typesupport_fastrtps_c.h\n'}
[6.749921] (stm32_mavlink_interface) StdoutLine: {'line': b'-- Up-to-date: /home/a/ws_moveit2/install/stm32_mavlink_interface/include/stm32_mavlink_interface/stm32_mavlink_interface/msg/detail/encoder_config__rosidl_typesupport_fastrtps_c.h\n'}
[6.749943] (stm32_mavlink_interface) StdoutLine: {'line': b'-- Up-to-date: /home/a/ws_moveit2/install/stm32_mavlink_interface/include/stm32_mavlink_interface/stm32_mavlink_interface/msg/detail/servo_command__rosidl_typesupport_fastrtps_c.h\n'}
[6.749965] (stm32_mavlink_interface) StdoutLine: {'line': b'-- Up-to-date: /home/a/ws_moveit2/install/stm32_mavlink_interface/include/stm32_mavlink_interface/stm32_mavlink_interface/msg/detail/robomaster_motor_state__rosidl_typesupport_fastrtps_c.h\n'}
[6.749988] (stm32_mavlink_interface) StdoutLine: {'line': b'-- Up-to-date: /home/a/ws_moveit2/install/stm32_mavlink_interface/include/stm32_mavlink_interface/stm32_mavlink_interface/msg/detail/robomaster_motor_command__rosidl_typesupport_fastrtps_c.h\n'}
[6.750011] (stm32_mavlink_interface) StdoutLine: {'line': b'-- Up-to-date: /home/a/ws_moveit2/install/stm32_mavlink_interface/include/stm32_mavlink_interface/stm32_mavlink_interface/msg/detail/servo_state__rosidl_typesupport_fastrtps_c.h\n'}
[6.750034] (stm32_mavlink_interface) StdoutLine: {'line': b'-- Up-to-date: /home/a/ws_moveit2/install/stm32_mavlink_interface/include/stm32_mavlink_interface/stm32_mavlink_interface/srv\n'}
[6.750061] (stm32_mavlink_interface) StdoutLine: {'line': b'-- Up-to-date: /home/a/ws_moveit2/install/stm32_mavlink_interface/include/stm32_mavlink_interface/stm32_mavlink_interface/srv/detail\n'}
[6.750084] (stm32_mavlink_interface) StdoutLine: {'line': b'-- Up-to-date: /home/a/ws_moveit2/install/stm32_mavlink_interface/include/stm32_mavlink_interface/stm32_mavlink_interface/srv/detail/set_encoder_config__rosidl_typesupport_fastrtps_c.h\n'}
[6.750108] (stm32_mavlink_interface) StdoutLine: {'line': b'-- Up-to-date: /home/a/ws_moveit2/install/stm32_mavlink_interface/include/stm32_mavlink_interface/stm32_mavlink_interface/srv/detail/set_servo_config__rosidl_typesupport_fastrtps_c.h\n'}
[6.750131] (stm32_mavlink_interface) StdoutLine: {'line': b'-- Up-to-date: /home/a/ws_moveit2/install/stm32_mavlink_interface/include/stm32_mavlink_interface/stm32_mavlink_interface/srv/detail/get_robomaster_motor_config__rosidl_typesupport_fastrtps_c.h\n'}
[6.750154] (stm32_mavlink_interface) StdoutLine: {'line': b'-- Up-to-date: /home/a/ws_moveit2/install/stm32_mavlink_interface/include/stm32_mavlink_interface/stm32_mavlink_interface/srv/detail/set_robomaster_motor_config__rosidl_typesupport_fastrtps_c.h\n'}
[6.750177] (stm32_mavlink_interface) StdoutLine: {'line': b'-- Up-to-date: /home/a/ws_moveit2/install/stm32_mavlink_interface/lib/libstm32_mavlink_interface__rosidl_typesupport_fastrtps_c.so\n'}
[6.750201] (stm32_mavlink_interface) StdoutLine: {'line': b'-- Up-to-date: /home/a/ws_moveit2/install/stm32_mavlink_interface/include/stm32_mavlink_interface/stm32_mavlink_interface\n'}
[6.750224] (stm32_mavlink_interface) StdoutLine: {'line': b'-- Up-to-date: /home/a/ws_moveit2/install/stm32_mavlink_interface/include/stm32_mavlink_interface/stm32_mavlink_interface/msg\n'}
[6.750246] (stm32_mavlink_interface) StdoutLine: {'line': b'-- Up-to-date: /home/a/ws_moveit2/install/stm32_mavlink_interface/include/stm32_mavlink_interface/stm32_mavlink_interface/msg/servo_command.hpp\n'}
[6.750268] (stm32_mavlink_interface) StdoutLine: {'line': b'-- Up-to-date: /home/a/ws_moveit2/install/stm32_mavlink_interface/include/stm32_mavlink_interface/stm32_mavlink_interface/msg/robomaster_motor_config.hpp\n'}
[6.750291] (stm32_mavlink_interface) StdoutLine: {'line': b'-- Up-to-date: /home/a/ws_moveit2/install/stm32_mavlink_interface/include/stm32_mavlink_interface/stm32_mavlink_interface/msg/encoder_config.hpp\n'}
[6.750313] (stm32_mavlink_interface) StdoutLine: {'line': b'-- Up-to-date: /home/a/ws_moveit2/install/stm32_mavlink_interface/include/stm32_mavlink_interface/stm32_mavlink_interface/msg/encoder_state.hpp\n'}
[6.750335] (stm32_mavlink_interface) StdoutLine: {'line': b'-- Up-to-date: /home/a/ws_moveit2/install/stm32_mavlink_interface/include/stm32_mavlink_interface/stm32_mavlink_interface/msg/robomaster_motor_state.hpp\n'}
[6.750357] (stm32_mavlink_interface) StdoutLine: {'line': b'-- Up-to-date: /home/a/ws_moveit2/install/stm32_mavlink_interface/include/stm32_mavlink_interface/stm32_mavlink_interface/msg/robomaster_motor_command.hpp\n'}
[6.750379] (stm32_mavlink_interface) StdoutLine: {'line': b'-- Up-to-date: /home/a/ws_moveit2/install/stm32_mavlink_interface/include/stm32_mavlink_interface/stm32_mavlink_interface/msg/servo_state.hpp\n'}
[6.750402] (stm32_mavlink_interface) StdoutLine: {'line': b'-- Up-to-date: /home/a/ws_moveit2/install/stm32_mavlink_interface/include/stm32_mavlink_interface/stm32_mavlink_interface/msg/rosidl_generator_cpp__visibility_control.hpp\n'}
[6.750425] (stm32_mavlink_interface) StdoutLine: {'line': b'-- Up-to-date: /home/a/ws_moveit2/install/stm32_mavlink_interface/include/stm32_mavlink_interface/stm32_mavlink_interface/msg/detail\n'}
[6.750447] (stm32_mavlink_interface) StdoutLine: {'line': b'-- Up-to-date: /home/a/ws_moveit2/install/stm32_mavlink_interface/include/stm32_mavlink_interface/stm32_mavlink_interface/msg/detail/encoder_state__type_support.hpp\n'}
[6.750468] (stm32_mavlink_interface) StdoutLine: {'line': b'-- Up-to-date: /home/a/ws_moveit2/install/stm32_mavlink_interface/include/stm32_mavlink_interface/stm32_mavlink_interface/msg/detail/robomaster_motor_state__traits.hpp\n'}
[6.750490] (stm32_mavlink_interface) StdoutLine: {'line': b'-- Up-to-date: /home/a/ws_moveit2/install/stm32_mavlink_interface/include/stm32_mavlink_interface/stm32_mavlink_interface/msg/detail/servo_state__struct.hpp\n'}
[6.750512] (stm32_mavlink_interface) StdoutLine: {'line': b'-- Up-to-date: /home/a/ws_moveit2/install/stm32_mavlink_interface/include/stm32_mavlink_interface/stm32_mavlink_interface/msg/detail/encoder_state__builder.hpp\n'}
[6.750535] (stm32_mavlink_interface) StdoutLine: {'line': b'-- Up-to-date: /home/a/ws_moveit2/install/stm32_mavlink_interface/include/stm32_mavlink_interface/stm32_mavlink_interface/msg/detail/robomaster_motor_config__type_support.hpp\n'}
[6.750556] (stm32_mavlink_interface) StdoutLine: {'line': b'-- Up-to-date: /home/a/ws_moveit2/install/stm32_mavlink_interface/include/stm32_mavlink_interface/stm32_mavlink_interface/msg/detail/servo_state__traits.hpp\n'}
[6.750578] (stm32_mavlink_interface) StdoutLine: {'line': b'-- Up-to-date: /home/a/ws_moveit2/install/stm32_mavlink_interface/include/stm32_mavlink_interface/stm32_mavlink_interface/msg/detail/robomaster_motor_config__traits.hpp\n'}
[6.750600] (stm32_mavlink_interface) StdoutLine: {'line': b'-- Up-to-date: /home/a/ws_moveit2/install/stm32_mavlink_interface/include/stm32_mavlink_interface/stm32_mavlink_interface/msg/detail/robomaster_motor_state__builder.hpp\n'}
[6.750622] (stm32_mavlink_interface) StdoutLine: {'line': b'-- Up-to-date: /home/a/ws_moveit2/install/stm32_mavlink_interface/include/stm32_mavlink_interface/stm32_mavlink_interface/msg/detail/robomaster_motor_command__struct.hpp\n'}
[6.750647] (stm32_mavlink_interface) StdoutLine: {'line': b'-- Up-to-date: /home/a/ws_moveit2/install/stm32_mavlink_interface/include/stm32_mavlink_interface/stm32_mavlink_interface/msg/detail/servo_command__struct.hpp\n'}
[6.750669] (stm32_mavlink_interface) StdoutLine: {'line': b'-- Up-to-date: /home/a/ws_moveit2/install/stm32_mavlink_interface/include/stm32_mavlink_interface/stm32_mavlink_interface/msg/detail/servo_state__type_support.hpp\n'}
[6.750692] (stm32_mavlink_interface) StdoutLine: {'line': b'-- Up-to-date: /home/a/ws_moveit2/install/stm32_mavlink_interface/include/stm32_mavlink_interface/stm32_mavlink_interface/msg/detail/encoder_state__struct.hpp\n'}
[6.750713] (stm32_mavlink_interface) StdoutLine: {'line': b'-- Up-to-date: /home/a/ws_moveit2/install/stm32_mavlink_interface/include/stm32_mavlink_interface/stm32_mavlink_interface/msg/detail/encoder_config__traits.hpp\n'}
[6.750735] (stm32_mavlink_interface) StdoutLine: {'line': b'-- Up-to-date: /home/a/ws_moveit2/install/stm32_mavlink_interface/include/stm32_mavlink_interface/stm32_mavlink_interface/msg/detail/encoder_config__builder.hpp\n'}
[6.750756] (stm32_mavlink_interface) StdoutLine: {'line': b'-- Up-to-date: /home/a/ws_moveit2/install/stm32_mavlink_interface/include/stm32_mavlink_interface/stm32_mavlink_interface/msg/detail/robomaster_motor_state__struct.hpp\n'}
[6.750779] (stm32_mavlink_interface) StdoutLine: {'line': b'-- Up-to-date: /home/a/ws_moveit2/install/stm32_mavlink_interface/include/stm32_mavlink_interface/stm32_mavlink_interface/msg/detail/servo_command__builder.hpp\n'}
[6.750804] (stm32_mavlink_interface) StdoutLine: {'line': b'-- Up-to-date: /home/a/ws_moveit2/install/stm32_mavlink_interface/include/stm32_mavlink_interface/stm32_mavlink_interface/msg/detail/encoder_state__traits.hpp\n'}
[6.750825] (stm32_mavlink_interface) StdoutLine: {'line': b'-- Up-to-date: /home/a/ws_moveit2/install/stm32_mavlink_interface/include/stm32_mavlink_interface/stm32_mavlink_interface/msg/detail/robomaster_motor_state__type_support.hpp\n'}
[6.750847] (stm32_mavlink_interface) StdoutLine: {'line': b'-- Up-to-date: /home/a/ws_moveit2/install/stm32_mavlink_interface/include/stm32_mavlink_interface/stm32_mavlink_interface/msg/detail/encoder_config__type_support.hpp\n'}
[6.750869] (stm32_mavlink_interface) StdoutLine: {'line': b'-- Up-to-date: /home/a/ws_moveit2/install/stm32_mavlink_interface/include/stm32_mavlink_interface/stm32_mavlink_interface/msg/detail/servo_command__traits.hpp\n'}
[6.750892] (stm32_mavlink_interface) StdoutLine: {'line': b'-- Up-to-date: /home/a/ws_moveit2/install/stm32_mavlink_interface/include/stm32_mavlink_interface/stm32_mavlink_interface/msg/detail/servo_state__builder.hpp\n'}
[6.750913] (stm32_mavlink_interface) StdoutLine: {'line': b'-- Up-to-date: /home/a/ws_moveit2/install/stm32_mavlink_interface/include/stm32_mavlink_interface/stm32_mavlink_interface/msg/detail/robomaster_motor_command__builder.hpp\n'}
[6.750934] (stm32_mavlink_interface) StdoutLine: {'line': b'-- Up-to-date: /home/a/ws_moveit2/install/stm32_mavlink_interface/include/stm32_mavlink_interface/stm32_mavlink_interface/msg/detail/robomaster_motor_command__traits.hpp\n'}
[6.750956] (stm32_mavlink_interface) StdoutLine: {'line': b'-- Up-to-date: /home/a/ws_moveit2/install/stm32_mavlink_interface/include/stm32_mavlink_interface/stm32_mavlink_interface/msg/detail/robomaster_motor_command__type_support.hpp\n'}
[6.750980] (stm32_mavlink_interface) StdoutLine: {'line': b'-- Up-to-date: /home/a/ws_moveit2/install/stm32_mavlink_interface/include/stm32_mavlink_interface/stm32_mavlink_interface/msg/detail/robomaster_motor_config__builder.hpp\n'}
[6.751002] (stm32_mavlink_interface) StdoutLine: {'line': b'-- Up-to-date: /home/a/ws_moveit2/install/stm32_mavlink_interface/include/stm32_mavlink_interface/stm32_mavlink_interface/msg/detail/robomaster_motor_config__struct.hpp\n'}
[6.751023] (stm32_mavlink_interface) StdoutLine: {'line': b'-- Up-to-date: /home/a/ws_moveit2/install/stm32_mavlink_interface/include/stm32_mavlink_interface/stm32_mavlink_interface/msg/detail/encoder_config__struct.hpp\n'}
[6.751051] (stm32_mavlink_interface) StdoutLine: {'line': b'-- Up-to-date: /home/a/ws_moveit2/install/stm32_mavlink_interface/include/stm32_mavlink_interface/stm32_mavlink_interface/msg/detail/servo_command__type_support.hpp\n'}
[6.751079] (stm32_mavlink_interface) StdoutLine: {'line': b'-- Up-to-date: /home/a/ws_moveit2/install/stm32_mavlink_interface/include/stm32_mavlink_interface/stm32_mavlink_interface/srv\n'}
[6.751101] (stm32_mavlink_interface) StdoutLine: {'line': b'-- Up-to-date: /home/a/ws_moveit2/install/stm32_mavlink_interface/include/stm32_mavlink_interface/stm32_mavlink_interface/srv/set_robomaster_motor_config.hpp\n'}
[6.751124] (stm32_mavlink_interface) StdoutLine: {'line': b'-- Up-to-date: /home/a/ws_moveit2/install/stm32_mavlink_interface/include/stm32_mavlink_interface/stm32_mavlink_interface/srv/set_encoder_config.hpp\n'}
[6.751146] (stm32_mavlink_interface) StdoutLine: {'line': b'-- Up-to-date: /home/a/ws_moveit2/install/stm32_mavlink_interface/include/stm32_mavlink_interface/stm32_mavlink_interface/srv/get_robomaster_motor_config.hpp\n'}
[6.751168] (stm32_mavlink_interface) StdoutLine: {'line': b'-- Up-to-date: /home/a/ws_moveit2/install/stm32_mavlink_interface/include/stm32_mavlink_interface/stm32_mavlink_interface/srv/detail\n'}
[6.751192] (stm32_mavlink_interface) StdoutLine: {'line': b'-- Up-to-date: /home/a/ws_moveit2/install/stm32_mavlink_interface/include/stm32_mavlink_interface/stm32_mavlink_interface/srv/detail/set_robomaster_motor_config__builder.hpp\n'}
[6.751213] (stm32_mavlink_interface) StdoutLine: {'line': b'-- Up-to-date: /home/a/ws_moveit2/install/stm32_mavlink_interface/include/stm32_mavlink_interface/stm32_mavlink_interface/srv/detail/set_servo_config__builder.hpp\n'}
[6.751237] (stm32_mavlink_interface) StdoutLine: {'line': b'-- Up-to-date: /home/a/ws_moveit2/install/stm32_mavlink_interface/include/stm32_mavlink_interface/stm32_mavlink_interface/srv/detail/set_servo_config__traits.hpp\n'}
[6.751259] (stm32_mavlink_interface) StdoutLine: {'line': b'-- Up-to-date: /home/a/ws_moveit2/install/stm32_mavlink_interface/include/stm32_mavlink_interface/stm32_mavlink_interface/srv/detail/set_encoder_config__type_support.hpp\n'}
[6.751280] (stm32_mavlink_interface) StdoutLine: {'line': b'-- Up-to-date: /home/a/ws_moveit2/install/stm32_mavlink_interface/include/stm32_mavlink_interface/stm32_mavlink_interface/srv/detail/get_robomaster_motor_config__struct.hpp\n'}
[6.751302] (stm32_mavlink_interface) StdoutLine: {'line': b'-- Up-to-date: /home/a/ws_moveit2/install/stm32_mavlink_interface/include/stm32_mavlink_interface/stm32_mavlink_interface/srv/detail/set_servo_config__type_support.hpp\n'}
[6.751324] (stm32_mavlink_interface) StdoutLine: {'line': b'-- Up-to-date: /home/a/ws_moveit2/install/stm32_mavlink_interface/include/stm32_mavlink_interface/stm32_mavlink_interface/srv/detail/set_encoder_config__traits.hpp\n'}
[6.751346] (stm32_mavlink_interface) StdoutLine: {'line': b'-- Up-to-date: /home/a/ws_moveit2/install/stm32_mavlink_interface/include/stm32_mavlink_interface/stm32_mavlink_interface/srv/detail/set_robomaster_motor_config__struct.hpp\n'}
[6.751369] (stm32_mavlink_interface) StdoutLine: {'line': b'-- Up-to-date: /home/a/ws_moveit2/install/stm32_mavlink_interface/include/stm32_mavlink_interface/stm32_mavlink_interface/srv/detail/set_servo_config__struct.hpp\n'}
[6.751393] (stm32_mavlink_interface) StdoutLine: {'line': b'-- Up-to-date: /home/a/ws_moveit2/install/stm32_mavlink_interface/include/stm32_mavlink_interface/stm32_mavlink_interface/srv/detail/get_robomaster_motor_config__type_support.hpp\n'}
[6.751417] (stm32_mavlink_interface) StdoutLine: {'line': b'-- Up-to-date: /home/a/ws_moveit2/install/stm32_mavlink_interface/include/stm32_mavlink_interface/stm32_mavlink_interface/srv/detail/get_robomaster_motor_config__builder.hpp\n'}
[6.751440] (stm32_mavlink_interface) StdoutLine: {'line': b'-- Up-to-date: /home/a/ws_moveit2/install/stm32_mavlink_interface/include/stm32_mavlink_interface/stm32_mavlink_interface/srv/detail/set_robomaster_motor_config__traits.hpp\n'}
[6.751463] (stm32_mavlink_interface) StdoutLine: {'line': b'-- Up-to-date: /home/a/ws_moveit2/install/stm32_mavlink_interface/include/stm32_mavlink_interface/stm32_mavlink_interface/srv/detail/set_encoder_config__builder.hpp\n'}
[6.751486] (stm32_mavlink_interface) StdoutLine: {'line': b'-- Up-to-date: /home/a/ws_moveit2/install/stm32_mavlink_interface/include/stm32_mavlink_interface/stm32_mavlink_interface/srv/detail/set_encoder_config__struct.hpp\n'}
[6.751509] (stm32_mavlink_interface) StdoutLine: {'line': b'-- Up-to-date: /home/a/ws_moveit2/install/stm32_mavlink_interface/include/stm32_mavlink_interface/stm32_mavlink_interface/srv/detail/get_robomaster_motor_config__traits.hpp\n'}
[6.751531] (stm32_mavlink_interface) StdoutLine: {'line': b'-- Up-to-date: /home/a/ws_moveit2/install/stm32_mavlink_interface/include/stm32_mavlink_interface/stm32_mavlink_interface/srv/detail/set_robomaster_motor_config__type_support.hpp\n'}
[6.751555] (stm32_mavlink_interface) StdoutLine: {'line': b'-- Up-to-date: /home/a/ws_moveit2/install/stm32_mavlink_interface/include/stm32_mavlink_interface/stm32_mavlink_interface/srv/set_servo_config.hpp\n'}
[6.751578] (stm32_mavlink_interface) StdoutLine: {'line': b'-- Up-to-date: /home/a/ws_moveit2/install/stm32_mavlink_interface/include/stm32_mavlink_interface/stm32_mavlink_interface\n'}
[6.751600] (stm32_mavlink_interface) StdoutLine: {'line': b'-- Up-to-date: /home/a/ws_moveit2/install/stm32_mavlink_interface/include/stm32_mavlink_interface/stm32_mavlink_interface/msg\n'}
[6.751626] (stm32_mavlink_interface) StdoutLine: {'line': b'-- Up-to-date: /home/a/ws_moveit2/install/stm32_mavlink_interface/include/stm32_mavlink_interface/stm32_mavlink_interface/msg/detail\n'}
[6.751649] (stm32_mavlink_interface) StdoutLine: {'line': b'-- Up-to-date: /home/a/ws_moveit2/install/stm32_mavlink_interface/include/stm32_mavlink_interface/stm32_mavlink_interface/msg/detail/robomaster_motor_command__rosidl_typesupport_fastrtps_cpp.hpp\n'}
[6.751672] (stm32_mavlink_interface) StdoutLine: {'line': b'-- Up-to-date: /home/a/ws_moveit2/install/stm32_mavlink_interface/include/stm32_mavlink_interface/stm32_mavlink_interface/msg/detail/encoder_state__rosidl_typesupport_fastrtps_cpp.hpp\n'}
[6.751696] (stm32_mavlink_interface) StdoutLine: {'line': b'-- Up-to-date: /home/a/ws_moveit2/install/stm32_mavlink_interface/include/stm32_mavlink_interface/stm32_mavlink_interface/msg/detail/encoder_config__rosidl_typesupport_fastrtps_cpp.hpp\n'}
[6.751718] (stm32_mavlink_interface) StdoutLine: {'line': b'-- Up-to-date: /home/a/ws_moveit2/install/stm32_mavlink_interface/include/stm32_mavlink_interface/stm32_mavlink_interface/msg/detail/robomaster_motor_config__rosidl_typesupport_fastrtps_cpp.hpp\n'}
[6.751743] (stm32_mavlink_interface) StdoutLine: {'line': b'-- Up-to-date: /home/a/ws_moveit2/install/stm32_mavlink_interface/include/stm32_mavlink_interface/stm32_mavlink_interface/msg/detail/robomaster_motor_state__rosidl_typesupport_fastrtps_cpp.hpp\n'}
[6.751766] (stm32_mavlink_interface) StdoutLine: {'line': b'-- Up-to-date: /home/a/ws_moveit2/install/stm32_mavlink_interface/include/stm32_mavlink_interface/stm32_mavlink_interface/msg/detail/servo_state__rosidl_typesupport_fastrtps_cpp.hpp\n'}
[6.751788] (stm32_mavlink_interface) StdoutLine: {'line': b'-- Up-to-date: /home/a/ws_moveit2/install/stm32_mavlink_interface/include/stm32_mavlink_interface/stm32_mavlink_interface/msg/detail/servo_command__rosidl_typesupport_fastrtps_cpp.hpp\n'}
[6.751811] (stm32_mavlink_interface) StdoutLine: {'line': b'-- Up-to-date: /home/a/ws_moveit2/install/stm32_mavlink_interface/include/stm32_mavlink_interface/stm32_mavlink_interface/msg/detail/dds_fastrtps\n'}
[6.751833] (stm32_mavlink_interface) StdoutLine: {'line': b'-- Up-to-date: /home/a/ws_moveit2/install/stm32_mavlink_interface/include/stm32_mavlink_interface/stm32_mavlink_interface/msg/rosidl_typesupport_fastrtps_cpp__visibility_control.h\n'}
[6.751855] (stm32_mavlink_interface) StdoutLine: {'line': b'-- Up-to-date: /home/a/ws_moveit2/install/stm32_mavlink_interface/include/stm32_mavlink_interface/stm32_mavlink_interface/srv\n'}
[6.751877] (stm32_mavlink_interface) StdoutLine: {'line': b'-- Up-to-date: /home/a/ws_moveit2/install/stm32_mavlink_interface/include/stm32_mavlink_interface/stm32_mavlink_interface/srv/detail\n'}
[6.751900] (stm32_mavlink_interface) StdoutLine: {'line': b'-- Up-to-date: /home/a/ws_moveit2/install/stm32_mavlink_interface/include/stm32_mavlink_interface/stm32_mavlink_interface/srv/detail/set_encoder_config__rosidl_typesupport_fastrtps_cpp.hpp\n'}
[6.751923] (stm32_mavlink_interface) StdoutLine: {'line': b'-- Up-to-date: /home/a/ws_moveit2/install/stm32_mavlink_interface/include/stm32_mavlink_interface/stm32_mavlink_interface/srv/detail/set_servo_config__rosidl_typesupport_fastrtps_cpp.hpp\n'}
[6.751945] (stm32_mavlink_interface) StdoutLine: {'line': b'-- Up-to-date: /home/a/ws_moveit2/install/stm32_mavlink_interface/include/stm32_mavlink_interface/stm32_mavlink_interface/srv/detail/set_robomaster_motor_config__rosidl_typesupport_fastrtps_cpp.hpp\n'}
[6.751967] (stm32_mavlink_interface) StdoutLine: {'line': b'-- Up-to-date: /home/a/ws_moveit2/install/stm32_mavlink_interface/include/stm32_mavlink_interface/stm32_mavlink_interface/srv/detail/get_robomaster_motor_config__rosidl_typesupport_fastrtps_cpp.hpp\n'}
[6.751989] (stm32_mavlink_interface) StdoutLine: {'line': b'-- Up-to-date: /home/a/ws_moveit2/install/stm32_mavlink_interface/include/stm32_mavlink_interface/stm32_mavlink_interface/srv/detail/dds_fastrtps\n'}
[6.752012] (stm32_mavlink_interface) StdoutLine: {'line': b'-- Up-to-date: /home/a/ws_moveit2/install/stm32_mavlink_interface/lib/libstm32_mavlink_interface__rosidl_typesupport_fastrtps_cpp.so\n'}
[6.752037] (stm32_mavlink_interface) StdoutLine: {'line': b'-- Up-to-date: /home/a/ws_moveit2/install/stm32_mavlink_interface/include/stm32_mavlink_interface/stm32_mavlink_interface\n'}
[6.752067] (stm32_mavlink_interface) StdoutLine: {'line': b'-- Up-to-date: /home/a/ws_moveit2/install/stm32_mavlink_interface/include/stm32_mavlink_interface/stm32_mavlink_interface/msg\n'}
[6.752092] (stm32_mavlink_interface) StdoutLine: {'line': b'-- Up-to-date: /home/a/ws_moveit2/install/stm32_mavlink_interface/include/stm32_mavlink_interface/stm32_mavlink_interface/msg/rosidl_typesupport_introspection_c__visibility_control.h\n'}
[6.752115] (stm32_mavlink_interface) StdoutLine: {'line': b'-- Up-to-date: /home/a/ws_moveit2/install/stm32_mavlink_interface/include/stm32_mavlink_interface/stm32_mavlink_interface/msg/detail\n'}
[6.752140] (stm32_mavlink_interface) StdoutLine: {'line': b'-- Up-to-date: /home/a/ws_moveit2/install/stm32_mavlink_interface/include/stm32_mavlink_interface/stm32_mavlink_interface/msg/detail/robomaster_motor_state__type_support.c\n'}
[6.752163] (stm32_mavlink_interface) StdoutLine: {'line': b'-- Up-to-date: /home/a/ws_moveit2/install/stm32_mavlink_interface/include/stm32_mavlink_interface/stm32_mavlink_interface/msg/detail/robomaster_motor_command__rosidl_typesupport_introspection_c.h\n'}
[6.752186] (stm32_mavlink_interface) StdoutLine: {'line': b'-- Up-to-date: /home/a/ws_moveit2/install/stm32_mavlink_interface/include/stm32_mavlink_interface/stm32_mavlink_interface/msg/detail/robomaster_motor_config__rosidl_typesupport_introspection_c.h\n'}
[6.752211] (stm32_mavlink_interface) StdoutLine: {'line': b'-- Up-to-date: /home/a/ws_moveit2/install/stm32_mavlink_interface/include/stm32_mavlink_interface/stm32_mavlink_interface/msg/detail/robomaster_motor_state__rosidl_typesupport_introspection_c.h\n'}
[6.752235] (stm32_mavlink_interface) StdoutLine: {'line': b'-- Up-to-date: /home/a/ws_moveit2/install/stm32_mavlink_interface/include/stm32_mavlink_interface/stm32_mavlink_interface/msg/detail/servo_state__rosidl_typesupport_introspection_c.h\n'}
[6.752260] (stm32_mavlink_interface) StdoutLine: {'line': b'-- Up-to-date: /home/a/ws_moveit2/install/stm32_mavlink_interface/include/stm32_mavlink_interface/stm32_mavlink_interface/msg/detail/encoder_state__type_support.c\n'}
[6.752288] (stm32_mavlink_interface) StdoutLine: {'line': b'-- Up-to-date: /home/a/ws_moveit2/install/stm32_mavlink_interface/include/stm32_mavlink_interface/stm32_mavlink_interface/msg/detail/servo_state__type_support.c\n'}
[6.752312] (stm32_mavlink_interface) StdoutLine: {'line': b'-- Up-to-date: /home/a/ws_moveit2/install/stm32_mavlink_interface/include/stm32_mavlink_interface/stm32_mavlink_interface/msg/detail/encoder_config__type_support.c\n'}
[6.752335] (stm32_mavlink_interface) StdoutLine: {'line': b'-- Up-to-date: /home/a/ws_moveit2/install/stm32_mavlink_interface/include/stm32_mavlink_interface/stm32_mavlink_interface/msg/detail/encoder_state__rosidl_typesupport_introspection_c.h\n'}
[6.752358] (stm32_mavlink_interface) StdoutLine: {'line': b'-- Up-to-date: /home/a/ws_moveit2/install/stm32_mavlink_interface/include/stm32_mavlink_interface/stm32_mavlink_interface/msg/detail/robomaster_motor_config__type_support.c\n'}
[6.752380] (stm32_mavlink_interface) StdoutLine: {'line': b'-- Up-to-date: /home/a/ws_moveit2/install/stm32_mavlink_interface/include/stm32_mavlink_interface/stm32_mavlink_interface/msg/detail/servo_command__type_support.c\n'}
[6.752403] (stm32_mavlink_interface) StdoutLine: {'line': b'-- Up-to-date: /home/a/ws_moveit2/install/stm32_mavlink_interface/include/stm32_mavlink_interface/stm32_mavlink_interface/msg/detail/encoder_config__rosidl_typesupport_introspection_c.h\n'}
[6.752429] (stm32_mavlink_interface) StdoutLine: {'line': b'-- Up-to-date: /home/a/ws_moveit2/install/stm32_mavlink_interface/include/stm32_mavlink_interface/stm32_mavlink_interface/msg/detail/servo_command__rosidl_typesupport_introspection_c.h\n'}
[6.752458] (stm32_mavlink_interface) StdoutLine: {'line': b'-- Up-to-date: /home/a/ws_moveit2/install/stm32_mavlink_interface/include/stm32_mavlink_interface/stm32_mavlink_interface/msg/detail/robomaster_motor_command__type_support.c\n'}
[6.752483] (stm32_mavlink_interface) StdoutLine: {'line': b'-- Up-to-date: /home/a/ws_moveit2/install/stm32_mavlink_interface/include/stm32_mavlink_interface/stm32_mavlink_interface/srv\n'}
[6.752507] (stm32_mavlink_interface) StdoutLine: {'line': b'-- Up-to-date: /home/a/ws_moveit2/install/stm32_mavlink_interface/include/stm32_mavlink_interface/stm32_mavlink_interface/srv/detail\n'}
[6.752538] (stm32_mavlink_interface) StdoutLine: {'line': b'-- Up-to-date: /home/a/ws_moveit2/install/stm32_mavlink_interface/include/stm32_mavlink_interface/stm32_mavlink_interface/srv/detail/get_robomaster_motor_config__type_support.c\n'}
[6.752567] (stm32_mavlink_interface) StdoutLine: {'line': b'-- Up-to-date: /home/a/ws_moveit2/install/stm32_mavlink_interface/include/stm32_mavlink_interface/stm32_mavlink_interface/srv/detail/set_robomaster_motor_config__type_support.c\n'}
[6.752595] (stm32_mavlink_interface) StdoutLine: {'line': b'-- Up-to-date: /home/a/ws_moveit2/install/stm32_mavlink_interface/include/stm32_mavlink_interface/stm32_mavlink_interface/srv/detail/get_robomaster_motor_config__rosidl_typesupport_introspection_c.h\n'}
[6.752626] (stm32_mavlink_interface) StdoutLine: {'line': b'-- Up-to-date: /home/a/ws_moveit2/install/stm32_mavlink_interface/include/stm32_mavlink_interface/stm32_mavlink_interface/srv/detail/set_servo_config__type_support.c\n'}
[6.752657] (stm32_mavlink_interface) StdoutLine: {'line': b'-- Up-to-date: /home/a/ws_moveit2/install/stm32_mavlink_interface/include/stm32_mavlink_interface/stm32_mavlink_interface/srv/detail/set_robomaster_motor_config__rosidl_typesupport_introspection_c.h\n'}
[6.752689] (stm32_mavlink_interface) StdoutLine: {'line': b'-- Up-to-date: /home/a/ws_moveit2/install/stm32_mavlink_interface/include/stm32_mavlink_interface/stm32_mavlink_interface/srv/detail/set_servo_config__rosidl_typesupport_introspection_c.h\n'}
[6.752721] (stm32_mavlink_interface) StdoutLine: {'line': b'-- Up-to-date: /home/a/ws_moveit2/install/stm32_mavlink_interface/include/stm32_mavlink_interface/stm32_mavlink_interface/srv/detail/set_encoder_config__rosidl_typesupport_introspection_c.h\n'}
[6.752753] (stm32_mavlink_interface) StdoutLine: {'line': b'-- Up-to-date: /home/a/ws_moveit2/install/stm32_mavlink_interface/include/stm32_mavlink_interface/stm32_mavlink_interface/srv/detail/set_encoder_config__type_support.c\n'}
[6.752785] (stm32_mavlink_interface) StdoutLine: {'line': b'-- Up-to-date: /home/a/ws_moveit2/install/stm32_mavlink_interface/lib/libstm32_mavlink_interface__rosidl_typesupport_introspection_c.so\n'}
[6.752814] (stm32_mavlink_interface) StdoutLine: {'line': b'-- Up-to-date: /home/a/ws_moveit2/install/stm32_mavlink_interface/lib/libstm32_mavlink_interface__rosidl_typesupport_c.so\n'}
[6.752846] (stm32_mavlink_interface) StdoutLine: {'line': b'-- Up-to-date: /home/a/ws_moveit2/install/stm32_mavlink_interface/include/stm32_mavlink_interface/stm32_mavlink_interface\n'}
[6.752878] (stm32_mavlink_interface) StdoutLine: {'line': b'-- Up-to-date: /home/a/ws_moveit2/install/stm32_mavlink_interface/include/stm32_mavlink_interface/stm32_mavlink_interface/msg\n'}
[6.752910] (stm32_mavlink_interface) StdoutLine: {'line': b'-- Up-to-date: /home/a/ws_moveit2/install/stm32_mavlink_interface/include/stm32_mavlink_interface/stm32_mavlink_interface/msg/detail\n'}
[6.752939] (stm32_mavlink_interface) StdoutLine: {'line': b'-- Up-to-date: /home/a/ws_moveit2/install/stm32_mavlink_interface/include/stm32_mavlink_interface/stm32_mavlink_interface/msg/detail/servo_state__rosidl_typesupport_introspection_cpp.hpp\n'}
[6.752963] (stm32_mavlink_interface) StdoutLine: {'line': b'-- Up-to-date: /home/a/ws_moveit2/install/stm32_mavlink_interface/include/stm32_mavlink_interface/stm32_mavlink_interface/msg/detail/encoder_config__type_support.cpp\n'}
[6.752986] (stm32_mavlink_interface) StdoutLine: {'line': b'-- Up-to-date: /home/a/ws_moveit2/install/stm32_mavlink_interface/include/stm32_mavlink_interface/stm32_mavlink_interface/msg/detail/robomaster_motor_command__type_support.cpp\n'}
[6.753012] (stm32_mavlink_interface) StdoutLine: {'line': b'-- Up-to-date: /home/a/ws_moveit2/install/stm32_mavlink_interface/include/stm32_mavlink_interface/stm32_mavlink_interface/msg/detail/servo_command__type_support.cpp\n'}
[6.753036] (stm32_mavlink_interface) StdoutLine: {'line': b'-- Up-to-date: /home/a/ws_moveit2/install/stm32_mavlink_interface/include/stm32_mavlink_interface/stm32_mavlink_interface/msg/detail/robomaster_motor_command__rosidl_typesupport_introspection_cpp.hpp\n'}
[6.753084] (stm32_mavlink_interface) StdoutLine: {'line': b'-- Up-to-date: /home/a/ws_moveit2/install/stm32_mavlink_interface/include/stm32_mavlink_interface/stm32_mavlink_interface/msg/detail/servo_state__type_support.cpp\n'}
[6.753109] (stm32_mavlink_interface) StdoutLine: {'line': b'-- Up-to-date: /home/a/ws_moveit2/install/stm32_mavlink_interface/include/stm32_mavlink_interface/stm32_mavlink_interface/msg/detail/robomaster_motor_config__type_support.cpp\n'}
[6.753132] (stm32_mavlink_interface) StdoutLine: {'line': b'-- Up-to-date: /home/a/ws_moveit2/install/stm32_mavlink_interface/include/stm32_mavlink_interface/stm32_mavlink_interface/msg/detail/robomaster_motor_config__rosidl_typesupport_introspection_cpp.hpp\n'}
[6.753154] (stm32_mavlink_interface) StdoutLine: {'line': b'-- Up-to-date: /home/a/ws_moveit2/install/stm32_mavlink_interface/include/stm32_mavlink_interface/stm32_mavlink_interface/msg/detail/servo_command__rosidl_typesupport_introspection_cpp.hpp\n'}
[6.753177] (stm32_mavlink_interface) StdoutLine: {'line': b'-- Up-to-date: /home/a/ws_moveit2/install/stm32_mavlink_interface/include/stm32_mavlink_interface/stm32_mavlink_interface/msg/detail/robomaster_motor_state__rosidl_typesupport_introspection_cpp.hpp\n'}
[6.753200] (stm32_mavlink_interface) StdoutLine: {'line': b'-- Up-to-date: /home/a/ws_moveit2/install/stm32_mavlink_interface/include/stm32_mavlink_interface/stm32_mavlink_interface/msg/detail/encoder_state__type_support.cpp\n'}
[6.753225] (stm32_mavlink_interface) StdoutLine: {'line': b'-- Up-to-date: /home/a/ws_moveit2/install/stm32_mavlink_interface/include/stm32_mavlink_interface/stm32_mavlink_interface/msg/detail/encoder_config__rosidl_typesupport_introspection_cpp.hpp\n'}
[6.753248] (stm32_mavlink_interface) StdoutLine: {'line': b'-- Up-to-date: /home/a/ws_moveit2/install/stm32_mavlink_interface/include/stm32_mavlink_interface/stm32_mavlink_interface/msg/detail/robomaster_motor_state__type_support.cpp\n'}
[6.753270] (stm32_mavlink_interface) StdoutLine: {'line': b'-- Up-to-date: /home/a/ws_moveit2/install/stm32_mavlink_interface/include/stm32_mavlink_interface/stm32_mavlink_interface/msg/detail/encoder_state__rosidl_typesupport_introspection_cpp.hpp\n'}
[6.753292] (stm32_mavlink_interface) StdoutLine: {'line': b'-- Up-to-date: /home/a/ws_moveit2/install/stm32_mavlink_interface/include/stm32_mavlink_interface/stm32_mavlink_interface/srv\n'}
[6.753314] (stm32_mavlink_interface) StdoutLine: {'line': b'-- Up-to-date: /home/a/ws_moveit2/install/stm32_mavlink_interface/include/stm32_mavlink_interface/stm32_mavlink_interface/srv/detail\n'}
[6.753336] (stm32_mavlink_interface) StdoutLine: {'line': b'-- Up-to-date: /home/a/ws_moveit2/install/stm32_mavlink_interface/include/stm32_mavlink_interface/stm32_mavlink_interface/srv/detail/set_robomaster_motor_config__rosidl_typesupport_introspection_cpp.hpp\n'}
[6.753359] (stm32_mavlink_interface) StdoutLine: {'line': b'-- Up-to-date: /home/a/ws_moveit2/install/stm32_mavlink_interface/include/stm32_mavlink_interface/stm32_mavlink_interface/srv/detail/set_encoder_config__rosidl_typesupport_introspection_cpp.hpp\n'}
[6.753381] (stm32_mavlink_interface) StdoutLine: {'line': b'-- Up-to-date: /home/a/ws_moveit2/install/stm32_mavlink_interface/include/stm32_mavlink_interface/stm32_mavlink_interface/srv/detail/set_servo_config__rosidl_typesupport_introspection_cpp.hpp\n'}
[6.753405] (stm32_mavlink_interface) StdoutLine: {'line': b'-- Up-to-date: /home/a/ws_moveit2/install/stm32_mavlink_interface/include/stm32_mavlink_interface/stm32_mavlink_interface/srv/detail/set_encoder_config__type_support.cpp\n'}
[6.753429] (stm32_mavlink_interface) StdoutLine: {'line': b'-- Up-to-date: /home/a/ws_moveit2/install/stm32_mavlink_interface/include/stm32_mavlink_interface/stm32_mavlink_interface/srv/detail/get_robomaster_motor_config__type_support.cpp\n'}
[6.753451] (stm32_mavlink_interface) StdoutLine: {'line': b'-- Up-to-date: /home/a/ws_moveit2/install/stm32_mavlink_interface/include/stm32_mavlink_interface/stm32_mavlink_interface/srv/detail/get_robomaster_motor_config__rosidl_typesupport_introspection_cpp.hpp\n'}
[6.753475] (stm32_mavlink_interface) StdoutLine: {'line': b'-- Up-to-date: /home/a/ws_moveit2/install/stm32_mavlink_interface/include/stm32_mavlink_interface/stm32_mavlink_interface/srv/detail/set_robomaster_motor_config__type_support.cpp\n'}
[6.753497] (stm32_mavlink_interface) StdoutLine: {'line': b'-- Up-to-date: /home/a/ws_moveit2/install/stm32_mavlink_interface/include/stm32_mavlink_interface/stm32_mavlink_interface/srv/detail/set_servo_config__type_support.cpp\n'}
[6.753519] (stm32_mavlink_interface) StdoutLine: {'line': b'-- Up-to-date: /home/a/ws_moveit2/install/stm32_mavlink_interface/lib/libstm32_mavlink_interface__rosidl_typesupport_introspection_cpp.so\n'}
[6.753541] (stm32_mavlink_interface) StdoutLine: {'line': b'-- Up-to-date: /home/a/ws_moveit2/install/stm32_mavlink_interface/lib/libstm32_mavlink_interface__rosidl_typesupport_cpp.so\n'}
[6.753563] (stm32_mavlink_interface) StdoutLine: {'line': b'-- Up-to-date: /home/a/ws_moveit2/install/stm32_mavlink_interface/share/stm32_mavlink_interface/environment/pythonpath.sh\n'}
[6.753585] (stm32_mavlink_interface) StdoutLine: {'line': b'-- Up-to-date: /home/a/ws_moveit2/install/stm32_mavlink_interface/share/stm32_mavlink_interface/environment/pythonpath.dsv\n'}
[6.753607] (stm32_mavlink_interface) StdoutLine: {'line': b'-- Up-to-date: /home/a/ws_moveit2/install/stm32_mavlink_interface/local/lib/python3.10/dist-packages/stm32_mavlink_interface-1.0.0-py3.10.egg-info\n'}
[6.753629] (stm32_mavlink_interface) StdoutLine: {'line': b'-- Installing: /home/a/ws_moveit2/install/stm32_mavlink_interface/local/lib/python3.10/dist-packages/stm32_mavlink_interface-1.0.0-py3.10.egg-info/top_level.txt\n'}
[6.753651] (stm32_mavlink_interface) StdoutLine: {'line': b'-- Installing: /home/a/ws_moveit2/install/stm32_mavlink_interface/local/lib/python3.10/dist-packages/stm32_mavlink_interface-1.0.0-py3.10.egg-info/SOURCES.txt\n'}
[6.753674] (stm32_mavlink_interface) StdoutLine: {'line': b'-- Installing: /home/a/ws_moveit2/install/stm32_mavlink_interface/local/lib/python3.10/dist-packages/stm32_mavlink_interface-1.0.0-py3.10.egg-info/PKG-INFO\n'}
[6.753696] (stm32_mavlink_interface) StdoutLine: {'line': b'-- Installing: /home/a/ws_moveit2/install/stm32_mavlink_interface/local/lib/python3.10/dist-packages/stm32_mavlink_interface-1.0.0-py3.10.egg-info/dependency_links.txt\n'}
[6.753717] (stm32_mavlink_interface) StdoutLine: {'line': b'-- Up-to-date: /home/a/ws_moveit2/install/stm32_mavlink_interface/local/lib/python3.10/dist-packages/stm32_mavlink_interface\n'}
[6.753740] (stm32_mavlink_interface) StdoutLine: {'line': b'-- Up-to-date: /home/a/ws_moveit2/install/stm32_mavlink_interface/local/lib/python3.10/dist-packages/stm32_mavlink_interface/stm32_mavlink_interface_s__rosidl_typesupport_c.cpython-310-x86_64-linux-gnu.so\n'}
[6.753762] (stm32_mavlink_interface) StdoutLine: {'line': b'-- Up-to-date: /home/a/ws_moveit2/install/stm32_mavlink_interface/local/lib/python3.10/dist-packages/stm32_mavlink_interface/msg\n'}
[6.753785] (stm32_mavlink_interface) StdoutLine: {'line': b'-- Up-to-date: /home/a/ws_moveit2/install/stm32_mavlink_interface/local/lib/python3.10/dist-packages/stm32_mavlink_interface/msg/_servo_command_s.c\n'}
[6.753808] (stm32_mavlink_interface) StdoutLine: {'line': b'-- Up-to-date: /home/a/ws_moveit2/install/stm32_mavlink_interface/local/lib/python3.10/dist-packages/stm32_mavlink_interface/msg/_servo_command.py\n'}
[6.753831] (stm32_mavlink_interface) StdoutLine: {'line': b'-- Up-to-date: /home/a/ws_moveit2/install/stm32_mavlink_interface/local/lib/python3.10/dist-packages/stm32_mavlink_interface/msg/_servo_state_s.c\n'}
[6.753853] (stm32_mavlink_interface) StdoutLine: {'line': b'-- Up-to-date: /home/a/ws_moveit2/install/stm32_mavlink_interface/local/lib/python3.10/dist-packages/stm32_mavlink_interface/msg/_robomaster_motor_state.py\n'}
[6.753875] (stm32_mavlink_interface) StdoutLine: {'line': b'-- Up-to-date: /home/a/ws_moveit2/install/stm32_mavlink_interface/local/lib/python3.10/dist-packages/stm32_mavlink_interface/msg/_robomaster_motor_config_s.c\n'}
[6.753897] (stm32_mavlink_interface) StdoutLine: {'line': b'-- Up-to-date: /home/a/ws_moveit2/install/stm32_mavlink_interface/local/lib/python3.10/dist-packages/stm32_mavlink_interface/msg/_robomaster_motor_state_s.c\n'}
[6.753918] (stm32_mavlink_interface) StdoutLine: {'line': b'-- Up-to-date: /home/a/ws_moveit2/install/stm32_mavlink_interface/local/lib/python3.10/dist-packages/stm32_mavlink_interface/msg/_robomaster_motor_command_s.c\n'}
[6.753940] (stm32_mavlink_interface) StdoutLine: {'line': b'-- Up-to-date: /home/a/ws_moveit2/install/stm32_mavlink_interface/local/lib/python3.10/dist-packages/stm32_mavlink_interface/msg/_encoder_config.py\n'}
[6.753962] (stm32_mavlink_interface) StdoutLine: {'line': b'-- Up-to-date: /home/a/ws_moveit2/install/stm32_mavlink_interface/local/lib/python3.10/dist-packages/stm32_mavlink_interface/msg/__init__.py\n'}
[6.753986] (stm32_mavlink_interface) StdoutLine: {'line': b'-- Up-to-date: /home/a/ws_moveit2/install/stm32_mavlink_interface/local/lib/python3.10/dist-packages/stm32_mavlink_interface/msg/_robomaster_motor_config.py\n'}
[6.754008] (stm32_mavlink_interface) StdoutLine: {'line': b'-- Up-to-date: /home/a/ws_moveit2/install/stm32_mavlink_interface/local/lib/python3.10/dist-packages/stm32_mavlink_interface/msg/_servo_state.py\n'}
[6.754029] (stm32_mavlink_interface) StdoutLine: {'line': b'-- Up-to-date: /home/a/ws_moveit2/install/stm32_mavlink_interface/local/lib/python3.10/dist-packages/stm32_mavlink_interface/msg/_encoder_state.py\n'}
[6.754058] (stm32_mavlink_interface) StdoutLine: {'line': b'-- Up-to-date: /home/a/ws_moveit2/install/stm32_mavlink_interface/local/lib/python3.10/dist-packages/stm32_mavlink_interface/msg/_encoder_state_s.c\n'}
[6.754084] (stm32_mavlink_interface) StdoutLine: {'line': b'-- Up-to-date: /home/a/ws_moveit2/install/stm32_mavlink_interface/local/lib/python3.10/dist-packages/stm32_mavlink_interface/msg/_encoder_config_s.c\n'}
[6.754107] (stm32_mavlink_interface) StdoutLine: {'line': b'-- Up-to-date: /home/a/ws_moveit2/install/stm32_mavlink_interface/local/lib/python3.10/dist-packages/stm32_mavlink_interface/msg/_robomaster_motor_command.py\n'}
[6.754129] (stm32_mavlink_interface) StdoutLine: {'line': b'-- Up-to-date: /home/a/ws_moveit2/install/stm32_mavlink_interface/local/lib/python3.10/dist-packages/stm32_mavlink_interface/_stm32_mavlink_interface_s.ep.rosidl_typesupport_introspection_c.c\n'}
[6.754151] (stm32_mavlink_interface) StdoutLine: {'line': b'-- Up-to-date: /home/a/ws_moveit2/install/stm32_mavlink_interface/local/lib/python3.10/dist-packages/stm32_mavlink_interface/_stm32_mavlink_interface_s.ep.rosidl_typesupport_c.c\n'}
[6.754174] (stm32_mavlink_interface) StdoutLine: {'line': b'-- Up-to-date: /home/a/ws_moveit2/install/stm32_mavlink_interface/local/lib/python3.10/dist-packages/stm32_mavlink_interface/_stm32_mavlink_interface_s.ep.rosidl_typesupport_fastrtps_c.c\n'}
[6.754196] (stm32_mavlink_interface) StdoutLine: {'line': b'-- Up-to-date: /home/a/ws_moveit2/install/stm32_mavlink_interface/local/lib/python3.10/dist-packages/stm32_mavlink_interface/__init__.py\n'}
[6.754218] (stm32_mavlink_interface) StdoutLine: {'line': b'-- Up-to-date: /home/a/ws_moveit2/install/stm32_mavlink_interface/local/lib/python3.10/dist-packages/stm32_mavlink_interface/stm32_mavlink_interface_s__rosidl_typesupport_fastrtps_c.cpython-310-x86_64-linux-gnu.so\n'}
[6.754241] (stm32_mavlink_interface) StdoutLine: {'line': b'-- Up-to-date: /home/a/ws_moveit2/install/stm32_mavlink_interface/local/lib/python3.10/dist-packages/stm32_mavlink_interface/libstm32_mavlink_interface__rosidl_generator_py.so\n'}
[6.754264] (stm32_mavlink_interface) StdoutLine: {'line': b'-- Up-to-date: /home/a/ws_moveit2/install/stm32_mavlink_interface/local/lib/python3.10/dist-packages/stm32_mavlink_interface/srv\n'}
[6.754285] (stm32_mavlink_interface) StdoutLine: {'line': b'-- Up-to-date: /home/a/ws_moveit2/install/stm32_mavlink_interface/local/lib/python3.10/dist-packages/stm32_mavlink_interface/srv/_set_encoder_config.py\n'}
[6.754307] (stm32_mavlink_interface) StdoutLine: {'line': b'-- Up-to-date: /home/a/ws_moveit2/install/stm32_mavlink_interface/local/lib/python3.10/dist-packages/stm32_mavlink_interface/srv/_set_servo_config.py\n'}
[6.754329] (stm32_mavlink_interface) StdoutLine: {'line': b'-- Up-to-date: /home/a/ws_moveit2/install/stm32_mavlink_interface/local/lib/python3.10/dist-packages/stm32_mavlink_interface/srv/_get_robomaster_motor_config.py\n'}
[6.754351] (stm32_mavlink_interface) StdoutLine: {'line': b'-- Up-to-date: /home/a/ws_moveit2/install/stm32_mavlink_interface/local/lib/python3.10/dist-packages/stm32_mavlink_interface/srv/_set_robomaster_motor_config.py\n'}
[6.754374] (stm32_mavlink_interface) StdoutLine: {'line': b'-- Up-to-date: /home/a/ws_moveit2/install/stm32_mavlink_interface/local/lib/python3.10/dist-packages/stm32_mavlink_interface/srv/_get_robomaster_motor_config_s.c\n'}
[6.754396] (stm32_mavlink_interface) StdoutLine: {'line': b'-- Up-to-date: /home/a/ws_moveit2/install/stm32_mavlink_interface/local/lib/python3.10/dist-packages/stm32_mavlink_interface/srv/_set_robomaster_motor_config_s.c\n'}
[6.754419] (stm32_mavlink_interface) StdoutLine: {'line': b'-- Up-to-date: /home/a/ws_moveit2/install/stm32_mavlink_interface/local/lib/python3.10/dist-packages/stm32_mavlink_interface/srv/__init__.py\n'}
[6.754441] (stm32_mavlink_interface) StdoutLine: {'line': b'-- Up-to-date: /home/a/ws_moveit2/install/stm32_mavlink_interface/local/lib/python3.10/dist-packages/stm32_mavlink_interface/srv/_set_servo_config_s.c\n'}
[6.754463] (stm32_mavlink_interface) StdoutLine: {'line': b'-- Up-to-date: /home/a/ws_moveit2/install/stm32_mavlink_interface/local/lib/python3.10/dist-packages/stm32_mavlink_interface/srv/_set_encoder_config_s.c\n'}
[6.754485] (stm32_mavlink_interface) StdoutLine: {'line': b'-- Up-to-date: /home/a/ws_moveit2/install/stm32_mavlink_interface/local/lib/python3.10/dist-packages/stm32_mavlink_interface/stm32_mavlink_interface_s__rosidl_typesupport_introspection_c.cpython-310-x86_64-linux-gnu.so\n'}
[6.772280] (stm32_mavlink_interface) StdoutLine: {'line': b"Listing '/home/a/ws_moveit2/install/stm32_mavlink_interface/local/lib/python3.10/dist-packages/stm32_mavlink_interface'...\n"}
[6.772321] (stm32_mavlink_interface) StdoutLine: {'line': b"Listing '/home/a/ws_moveit2/install/stm32_mavlink_interface/local/lib/python3.10/dist-packages/stm32_mavlink_interface/msg'...\n"}
[6.772346] (stm32_mavlink_interface) StdoutLine: {'line': b"Listing '/home/a/ws_moveit2/install/stm32_mavlink_interface/local/lib/python3.10/dist-packages/stm32_mavlink_interface/srv'...\n"}
[6.774740] (stm32_mavlink_interface) StdoutLine: {'line': b'-- Up-to-date: /home/a/ws_moveit2/install/stm32_mavlink_interface/local/lib/python3.10/dist-packages/stm32_mavlink_interface/stm32_mavlink_interface_s__rosidl_typesupport_fastrtps_c.cpython-310-x86_64-linux-gnu.so\n'}
[6.774829] (stm32_mavlink_interface) StdoutLine: {'line': b'-- Up-to-date: /home/a/ws_moveit2/install/stm32_mavlink_interface/local/lib/python3.10/dist-packages/stm32_mavlink_interface/stm32_mavlink_interface_s__rosidl_typesupport_introspection_c.cpython-310-x86_64-linux-gnu.so\n'}
[6.774895] (stm32_mavlink_interface) StdoutLine: {'line': b'-- Up-to-date: /home/a/ws_moveit2/install/stm32_mavlink_interface/local/lib/python3.10/dist-packages/stm32_mavlink_interface/stm32_mavlink_interface_s__rosidl_typesupport_c.cpython-310-x86_64-linux-gnu.so\n'}
[6.775007] (stm32_mavlink_interface) StdoutLine: {'line': b'-- Up-to-date: /home/a/ws_moveit2/install/stm32_mavlink_interface/lib/libstm32_mavlink_interface__rosidl_generator_py.so\n'}
[6.775093] (stm32_mavlink_interface) StdoutLine: {'line': b'-- Up-to-date: /home/a/ws_moveit2/install/stm32_mavlink_interface/share/stm32_mavlink_interface/msg/ServoCommand.idl\n'}
[6.775159] (stm32_mavlink_interface) StdoutLine: {'line': b'-- Up-to-date: /home/a/ws_moveit2/install/stm32_mavlink_interface/share/stm32_mavlink_interface/msg/ServoState.idl\n'}
[6.775190] (stm32_mavlink_interface) StdoutLine: {'line': b'-- Up-to-date: /home/a/ws_moveit2/install/stm32_mavlink_interface/share/stm32_mavlink_interface/msg/EncoderState.idl\n'}
[6.775219] (stm32_mavlink_interface) StdoutLine: {'line': b'-- Up-to-date: /home/a/ws_moveit2/install/stm32_mavlink_interface/share/stm32_mavlink_interface/msg/EncoderConfig.idl\n'}
[6.775263] (stm32_mavlink_interface) StdoutLine: {'line': b'-- Up-to-date: /home/a/ws_moveit2/install/stm32_mavlink_interface/share/stm32_mavlink_interface/msg/RobomasterMotorCommand.idl\n'}
[6.775313] (stm32_mavlink_interface) StdoutLine: {'line': b'-- Up-to-date: /home/a/ws_moveit2/install/stm32_mavlink_interface/share/stm32_mavlink_interface/msg/RobomasterMotorState.idl\n'}
[6.775342] (stm32_mavlink_interface) StdoutLine: {'line': b'-- Up-to-date: /home/a/ws_moveit2/install/stm32_mavlink_interface/share/stm32_mavlink_interface/msg/RobomasterMotorConfig.idl\n'}
[6.775370] (stm32_mavlink_interface) StdoutLine: {'line': b'-- Up-to-date: /home/a/ws_moveit2/install/stm32_mavlink_interface/share/stm32_mavlink_interface/srv/SetServoConfig.idl\n'}
[6.775419] (stm32_mavlink_interface) StdoutLine: {'line': b'-- Up-to-date: /home/a/ws_moveit2/install/stm32_mavlink_interface/share/stm32_mavlink_interface/srv/SetEncoderConfig.idl\n'}
[6.775490] (stm32_mavlink_interface) StdoutLine: {'line': b'-- Up-to-date: /home/a/ws_moveit2/install/stm32_mavlink_interface/share/stm32_mavlink_interface/srv/SetRobomasterMotorConfig.idl\n'}
[6.775520] (stm32_mavlink_interface) StdoutLine: {'line': b'-- Up-to-date: /home/a/ws_moveit2/install/stm32_mavlink_interface/share/stm32_mavlink_interface/srv/GetRobomasterMotorConfig.idl\n'}
[6.775564] (stm32_mavlink_interface) StdoutLine: {'line': b'-- Up-to-date: /home/a/ws_moveit2/install/stm32_mavlink_interface/share/stm32_mavlink_interface/msg/ServoCommand.msg\n'}
[6.775612] (stm32_mavlink_interface) StdoutLine: {'line': b'-- Up-to-date: /home/a/ws_moveit2/install/stm32_mavlink_interface/share/stm32_mavlink_interface/msg/ServoState.msg\n'}
[6.775640] (stm32_mavlink_interface) StdoutLine: {'line': b'-- Up-to-date: /home/a/ws_moveit2/install/stm32_mavlink_interface/share/stm32_mavlink_interface/msg/EncoderState.msg\n'}
[6.775669] (stm32_mavlink_interface) StdoutLine: {'line': b'-- Up-to-date: /home/a/ws_moveit2/install/stm32_mavlink_interface/share/stm32_mavlink_interface/msg/EncoderConfig.msg\n'}
[6.775696] (stm32_mavlink_interface) StdoutLine: {'line': b'-- Up-to-date: /home/a/ws_moveit2/install/stm32_mavlink_interface/share/stm32_mavlink_interface/msg/RobomasterMotorCommand.msg\n'}
[6.775742] (stm32_mavlink_interface) StdoutLine: {'line': b'-- Up-to-date: /home/a/ws_moveit2/install/stm32_mavlink_interface/share/stm32_mavlink_interface/msg/RobomasterMotorState.msg\n'}
[6.775771] (stm32_mavlink_interface) StdoutLine: {'line': b'-- Up-to-date: /home/a/ws_moveit2/install/stm32_mavlink_interface/share/stm32_mavlink_interface/msg/RobomasterMotorConfig.msg\n'}
[6.775801] (stm32_mavlink_interface) StdoutLine: {'line': b'-- Up-to-date: /home/a/ws_moveit2/install/stm32_mavlink_interface/share/stm32_mavlink_interface/srv/SetServoConfig.srv\n'}
[6.775854] (stm32_mavlink_interface) StdoutLine: {'line': b'-- Up-to-date: /home/a/ws_moveit2/install/stm32_mavlink_interface/share/stm32_mavlink_interface/srv/SetServoConfig_Request.msg\n'}
[6.775883] (stm32_mavlink_interface) StdoutLine: {'line': b'-- Up-to-date: /home/a/ws_moveit2/install/stm32_mavlink_interface/share/stm32_mavlink_interface/srv/SetServoConfig_Response.msg\n'}
[6.775928] (stm32_mavlink_interface) StdoutLine: {'line': b'-- Up-to-date: /home/a/ws_moveit2/install/stm32_mavlink_interface/share/stm32_mavlink_interface/srv/SetEncoderConfig.srv\n'}
[6.775955] (stm32_mavlink_interface) StdoutLine: {'line': b'-- Up-to-date: /home/a/ws_moveit2/install/stm32_mavlink_interface/share/stm32_mavlink_interface/srv/SetEncoderConfig_Request.msg\n'}
[6.775980] (stm32_mavlink_interface) StdoutLine: {'line': b'-- Up-to-date: /home/a/ws_moveit2/install/stm32_mavlink_interface/share/stm32_mavlink_interface/srv/SetEncoderConfig_Response.msg\n'}
[6.776005] (stm32_mavlink_interface) StdoutLine: {'line': b'-- Up-to-date: /home/a/ws_moveit2/install/stm32_mavlink_interface/share/stm32_mavlink_interface/srv/SetRobomasterMotorConfig.srv\n'}
[6.776030] (stm32_mavlink_interface) StdoutLine: {'line': b'-- Up-to-date: /home/a/ws_moveit2/install/stm32_mavlink_interface/share/stm32_mavlink_interface/srv/SetRobomasterMotorConfig_Request.msg\n'}
[6.776063] (stm32_mavlink_interface) StdoutLine: {'line': b'-- Up-to-date: /home/a/ws_moveit2/install/stm32_mavlink_interface/share/stm32_mavlink_interface/srv/SetRobomasterMotorConfig_Response.msg\n'}
[6.776093] (stm32_mavlink_interface) StdoutLine: {'line': b'-- Up-to-date: /home/a/ws_moveit2/install/stm32_mavlink_interface/share/stm32_mavlink_interface/srv/GetRobomasterMotorConfig.srv\n'}
[6.776119] (stm32_mavlink_interface) StdoutLine: {'line': b'-- Up-to-date: /home/a/ws_moveit2/install/stm32_mavlink_interface/share/stm32_mavlink_interface/srv/GetRobomasterMotorConfig_Request.msg\n'}
[6.776144] (stm32_mavlink_interface) StdoutLine: {'line': b'-- Up-to-date: /home/a/ws_moveit2/install/stm32_mavlink_interface/share/stm32_mavlink_interface/srv/GetRobomasterMotorConfig_Response.msg\n'}
[6.776168] (stm32_mavlink_interface) StdoutLine: {'line': b'-- Installing: /home/a/ws_moveit2/install/stm32_mavlink_interface/lib/stm32_mavlink_interface/mavlink_serial_node\n'}
[6.780249] (stm32_mavlink_interface) StdoutLine: {'line': b'-- Set runtime path of "/home/a/ws_moveit2/install/stm32_mavlink_interface/lib/stm32_mavlink_interface/mavlink_serial_node" to ""\n'}
[6.780316] (stm32_mavlink_interface) StdoutLine: {'line': b'-- Up-to-date: /home/a/ws_moveit2/install/stm32_mavlink_interface/share/stm32_mavlink_interface/launch\n'}
[6.780365] (stm32_mavlink_interface) StdoutLine: {'line': b'-- Up-to-date: /home/a/ws_moveit2/install/stm32_mavlink_interface/share/stm32_mavlink_interface/launch/stm32_interface.launch.py\n'}
[6.780393] (stm32_mavlink_interface) StdoutLine: {'line': b'-- Up-to-date: /home/a/ws_moveit2/install/stm32_mavlink_interface/share/stm32_mavlink_interface/config\n'}
[6.780420] (stm32_mavlink_interface) StdoutLine: {'line': b'-- Up-to-date: /home/a/ws_moveit2/install/stm32_mavlink_interface/share/stm32_mavlink_interface/config/serial_config.yaml\n'}
[6.780446] (stm32_mavlink_interface) StdoutLine: {'line': b'-- Up-to-date: /home/a/ws_moveit2/install/stm32_mavlink_interface/include\n'}
[6.780492] (stm32_mavlink_interface) StdoutLine: {'line': b'-- Up-to-date: /home/a/ws_moveit2/install/stm32_mavlink_interface/include/mavlink\n'}
[6.780521] (stm32_mavlink_interface) StdoutLine: {'line': b'-- Up-to-date: /home/a/ws_moveit2/install/stm32_mavlink_interface/include/mavlink/c_library_v2\n'}
[6.780548] (stm32_mavlink_interface) StdoutLine: {'line': b'-- Up-to-date: /home/a/ws_moveit2/install/stm32_mavlink_interface/include/mavlink/c_library_v2/protocol.h\n'}
[6.780611] (stm32_mavlink_interface) StdoutLine: {'line': b'-- Up-to-date: /home/a/ws_moveit2/install/stm32_mavlink_interface/include/mavlink/c_library_v2/mavlink_helpers.h\n'}
[6.780639] (stm32_mavlink_interface) StdoutLine: {'line': b'-- Up-to-date: /home/a/ws_moveit2/install/stm32_mavlink_interface/include/mavlink/c_library_v2/checksum.h\n'}
[6.780666] (stm32_mavlink_interface) StdoutLine: {'line': b'-- Up-to-date: /home/a/ws_moveit2/install/stm32_mavlink_interface/include/mavlink/c_library_v2/paparazzi\n'}
[6.780692] (stm32_mavlink_interface) StdoutLine: {'line': b'-- Up-to-date: /home/a/ws_moveit2/install/stm32_mavlink_interface/include/mavlink/c_library_v2/paparazzi/mavlink_msg_script_count.h\n'}
[6.780745] (stm32_mavlink_interface) StdoutLine: {'line': b'-- Up-to-date: /home/a/ws_moveit2/install/stm32_mavlink_interface/include/mavlink/c_library_v2/paparazzi/mavlink_msg_script_item.h\n'}
[6.780771] (stm32_mavlink_interface) StdoutLine: {'line': b'-- Up-to-date: /home/a/ws_moveit2/install/stm32_mavlink_interface/include/mavlink/c_library_v2/paparazzi/mavlink_msg_script_request_list.h\n'}
[6.780797] (stm32_mavlink_interface) StdoutLine: {'line': b'-- Up-to-date: /home/a/ws_moveit2/install/stm32_mavlink_interface/include/mavlink/c_library_v2/paparazzi/paparazzi.h\n'}
[6.780824] (stm32_mavlink_interface) StdoutLine: {'line': b'-- Up-to-date: /home/a/ws_moveit2/install/stm32_mavlink_interface/include/mavlink/c_library_v2/paparazzi/version.h\n'}
[6.780849] (stm32_mavlink_interface) StdoutLine: {'line': b'-- Up-to-date: /home/a/ws_moveit2/install/stm32_mavlink_interface/include/mavlink/c_library_v2/paparazzi/mavlink_msg_script_request.h\n'}
[6.780874] (stm32_mavlink_interface) StdoutLine: {'line': b'-- Up-to-date: /home/a/ws_moveit2/install/stm32_mavlink_interface/include/mavlink/c_library_v2/paparazzi/mavlink_msg_script_current.h\n'}
[6.780900] (stm32_mavlink_interface) StdoutLine: {'line': b'-- Up-to-date: /home/a/ws_moveit2/install/stm32_mavlink_interface/include/mavlink/c_library_v2/paparazzi/testsuite.h\n'}
[6.780925] (stm32_mavlink_interface) StdoutLine: {'line': b'-- Up-to-date: /home/a/ws_moveit2/install/stm32_mavlink_interface/include/mavlink/c_library_v2/paparazzi/mavlink.h\n'}
[6.780950] (stm32_mavlink_interface) StdoutLine: {'line': b'-- Up-to-date: /home/a/ws_moveit2/install/stm32_mavlink_interface/include/mavlink/c_library_v2/common\n'}
[6.780976] (stm32_mavlink_interface) StdoutLine: {'line': b'-- Up-to-date: /home/a/ws_moveit2/install/stm32_mavlink_interface/include/mavlink/c_library_v2/common/mavlink_msg_v2_extension.h\n'}
[6.781002] (stm32_mavlink_interface) StdoutLine: {'line': b'-- Up-to-date: /home/a/ws_moveit2/install/stm32_mavlink_interface/include/mavlink/c_library_v2/common/mavlink_msg_logging_data.h\n'}
[6.781028] (stm32_mavlink_interface) StdoutLine: {'line': b'-- Up-to-date: /home/a/ws_moveit2/install/stm32_mavlink_interface/include/mavlink/c_library_v2/common/mavlink_msg_hil_gps.h\n'}
[6.781060] (stm32_mavlink_interface) StdoutLine: {'line': b'-- Up-to-date: /home/a/ws_moveit2/install/stm32_mavlink_interface/include/mavlink/c_library_v2/common/mavlink_msg_resource_request.h\n'}
[6.781087] (stm32_mavlink_interface) StdoutLine: {'line': b'-- Up-to-date: /home/a/ws_moveit2/install/stm32_mavlink_interface/include/mavlink/c_library_v2/common/mavlink_msg_local_position_ned.h\n'}
[6.781112] (stm32_mavlink_interface) StdoutLine: {'line': b'-- Up-to-date: /home/a/ws_moveit2/install/stm32_mavlink_interface/include/mavlink/c_library_v2/common/mavlink_msg_generator_status.h\n'}
[6.781139] (stm32_mavlink_interface) StdoutLine: {'line': b'-- Up-to-date: /home/a/ws_moveit2/install/stm32_mavlink_interface/include/mavlink/c_library_v2/common/mavlink_msg_named_value_float.h\n'}
[6.781164] (stm32_mavlink_interface) StdoutLine: {'line': b'-- Up-to-date: /home/a/ws_moveit2/install/stm32_mavlink_interface/include/mavlink/c_library_v2/common/mavlink_msg_command_ack.h\n'}
[6.781196] (stm32_mavlink_interface) StdoutLine: {'line': b'-- Up-to-date: /home/a/ws_moveit2/install/stm32_mavlink_interface/include/mavlink/c_library_v2/common/mavlink_msg_log_request_end.h\n'}
[6.781263] (stm32_mavlink_interface) StdoutLine: {'line': b'-- Up-to-date: /home/a/ws_moveit2/install/stm32_mavlink_interface/include/mavlink/c_library_v2/common/mavlink_msg_change_operator_control.h\n'}
[6.781291] (stm32_mavlink_interface) StdoutLine: {'line': b'-- Up-to-date: /home/a/ws_moveit2/install/stm32_mavlink_interface/include/mavlink/c_library_v2/common/mavlink_msg_encapsulated_data.h\n'}
[6.781317] (stm32_mavlink_interface) StdoutLine: {'line': b'-- Up-to-date: /home/a/ws_moveit2/install/stm32_mavlink_interface/include/mavlink/c_library_v2/common/mavlink_msg_current_event_sequence.h\n'}
[6.781343] (stm32_mavlink_interface) StdoutLine: {'line': b'-- Up-to-date: /home/a/ws_moveit2/install/stm32_mavlink_interface/include/mavlink/c_library_v2/common/mavlink_msg_available_modes.h\n'}
[6.781371] (stm32_mavlink_interface) StdoutLine: {'line': b'-- Up-to-date: /home/a/ws_moveit2/install/stm32_mavlink_interface/include/mavlink/c_library_v2/common/mavlink_msg_set_gps_global_origin.h\n'}
[6.781396] (stm32_mavlink_interface) StdoutLine: {'line': b'-- Up-to-date: /home/a/ws_moveit2/install/stm32_mavlink_interface/include/mavlink/c_library_v2/common/mavlink_msg_param_set.h\n'}
[6.781423] (stm32_mavlink_interface) StdoutLine: {'line': b'-- Up-to-date: /home/a/ws_moveit2/install/stm32_mavlink_interface/include/mavlink/c_library_v2/common/mavlink_msg_rc_channels_raw.h\n'}
[6.781448] (stm32_mavlink_interface) StdoutLine: {'line': b'-- Up-to-date: /home/a/ws_moveit2/install/stm32_mavlink_interface/include/mavlink/c_library_v2/common/mavlink_msg_auth_key.h\n'}
[6.781474] (stm32_mavlink_interface) StdoutLine: {'line': b'-- Up-to-date: /home/a/ws_moveit2/install/stm32_mavlink_interface/include/mavlink/c_library_v2/common/mavlink_msg_manual_control.h\n'}
[6.781499] (stm32_mavlink_interface) StdoutLine: {'line': b'-- Up-to-date: /home/a/ws_moveit2/install/stm32_mavlink_interface/include/mavlink/c_library_v2/common/mavlink_msg_setup_signing.h\n'}
[6.781524] (stm32_mavlink_interface) StdoutLine: {'line': b'-- Up-to-date: /home/a/ws_moveit2/install/stm32_mavlink_interface/include/mavlink/c_library_v2/common/mavlink_msg_request_data_stream.h\n'}
[6.781549] (stm32_mavlink_interface) StdoutLine: {'line': b'-- Up-to-date: /home/a/ws_moveit2/install/stm32_mavlink_interface/include/mavlink/c_library_v2/common/mavlink_msg_mission_set_current.h\n'}
[6.781576] (stm32_mavlink_interface) StdoutLine: {'line': b'-- Up-to-date: /home/a/ws_moveit2/install/stm32_mavlink_interface/include/mavlink/c_library_v2/common/mavlink_msg_command_cancel.h\n'}
[6.781602] (stm32_mavlink_interface) StdoutLine: {'line': b'-- Up-to-date: /home/a/ws_moveit2/install/stm32_mavlink_interface/include/mavlink/c_library_v2/common/mavlink_msg_mission_request_partial_list.h\n'}
[6.781627] (stm32_mavlink_interface) StdoutLine: {'line': b'-- Up-to-date: /home/a/ws_moveit2/install/stm32_mavlink_interface/include/mavlink/c_library_v2/common/mavlink_msg_component_metadata.h\n'}
[6.781718] (stm32_mavlink_interface) StdoutLine: {'line': b'-- Up-to-date: /home/a/ws_moveit2/install/stm32_mavlink_interface/include/mavlink/c_library_v2/common/mavlink_msg_terrain_check.h\n'}
[6.781747] (stm32_mavlink_interface) StdoutLine: {'line': b'-- Up-to-date: /home/a/ws_moveit2/install/stm32_mavlink_interface/include/mavlink/c_library_v2/common/mavlink_msg_open_drone_id_operator_id.h\n'}
[6.781774] (stm32_mavlink_interface) StdoutLine: {'line': b'-- Up-to-date: /home/a/ws_moveit2/install/stm32_mavlink_interface/include/mavlink/c_library_v2/common/mavlink_msg_gimbal_manager_status.h\n'}
[6.781799] (stm32_mavlink_interface) StdoutLine: {'line': b'-- Up-to-date: /home/a/ws_moveit2/install/stm32_mavlink_interface/include/mavlink/c_library_v2/common/mavlink_msg_raw_pressure.h\n'}
[6.781824] (stm32_mavlink_interface) StdoutLine: {'line': b'-- Up-to-date: /home/a/ws_moveit2/install/stm32_mavlink_interface/include/mavlink/c_library_v2/common/mavlink_msg_response_event_error.h\n'}
[6.781850] (stm32_mavlink_interface) StdoutLine: {'line': b'-- Up-to-date: /home/a/ws_moveit2/install/stm32_mavlink_interface/include/mavlink/c_library_v2/common/mavlink_msg_can_frame.h\n'}
[6.781876] (stm32_mavlink_interface) StdoutLine: {'line': b'-- Up-to-date: /home/a/ws_moveit2/install/stm32_mavlink_interface/include/mavlink/c_library_v2/common/mavlink_msg_log_entry.h\n'}
[6.781902] (stm32_mavlink_interface) StdoutLine: {'line': b'-- Up-to-date: /home/a/ws_moveit2/install/stm32_mavlink_interface/include/mavlink/c_library_v2/common/mavlink_msg_follow_target.h\n'}
[6.781927] (stm32_mavlink_interface) StdoutLine: {'line': b'-- Up-to-date: /home/a/ws_moveit2/install/stm32_mavlink_interface/include/mavlink/c_library_v2/common/mavlink_msg_camera_fov_status.h\n'}
[6.781952] (stm32_mavlink_interface) StdoutLine: {'line': b'-- Up-to-date: /home/a/ws_moveit2/install/stm32_mavlink_interface/include/mavlink/c_library_v2/common/mavlink_msg_log_data.h\n'}
[6.781979] (stm32_mavlink_interface) StdoutLine: {'line': b'-- Up-to-date: /home/a/ws_moveit2/install/stm32_mavlink_interface/include/mavlink/c_library_v2/common/mavlink_msg_autopilot_state_for_gimbal_device.h\n'}
[6.782004] (stm32_mavlink_interface) StdoutLine: {'line': b'-- Up-to-date: /home/a/ws_moveit2/install/stm32_mavlink_interface/include/mavlink/c_library_v2/common/mavlink_msg_open_drone_id_authentication.h\n'}
[6.782030] (stm32_mavlink_interface) StdoutLine: {'line': b'-- Up-to-date: /home/a/ws_moveit2/install/stm32_mavlink_interface/include/mavlink/c_library_v2/common/mavlink_msg_gps2_raw.h\n'}
[6.782062] (stm32_mavlink_interface) StdoutLine: {'line': b'-- Up-to-date: /home/a/ws_moveit2/install/stm32_mavlink_interface/include/mavlink/c_library_v2/common/mavlink_msg_battery_info.h\n'}
[6.782088] (stm32_mavlink_interface) StdoutLine: {'line': b'-- Up-to-date: /home/a/ws_moveit2/install/stm32_mavlink_interface/include/mavlink/c_library_v2/common/mavlink_msg_can_filter_modify.h\n'}
[6.782114] (stm32_mavlink_interface) StdoutLine: {'line': b'-- Up-to-date: /home/a/ws_moveit2/install/stm32_mavlink_interface/include/mavlink/c_library_v2/common/mavlink_msg_hil_state_quaternion.h\n'}
[6.782139] (stm32_mavlink_interface) StdoutLine: {'line': b'-- Up-to-date: /home/a/ws_moveit2/install/stm32_mavlink_interface/include/mavlink/c_library_v2/common/mavlink_msg_trajectory_representation_bezier.h\n'}
[6.782164] (stm32_mavlink_interface) StdoutLine: {'line': b'-- Up-to-date: /home/a/ws_moveit2/install/stm32_mavlink_interface/include/mavlink/c_library_v2/common/mavlink_msg_open_drone_id_arm_status.h\n'}
[6.782189] (stm32_mavlink_interface) StdoutLine: {'line': b'-- Up-to-date: /home/a/ws_moveit2/install/stm32_mavlink_interface/include/mavlink/c_library_v2/common/mavlink_msg_open_drone_id_system.h\n'}
[6.782214] (stm32_mavlink_interface) StdoutLine: {'line': b'-- Up-to-date: /home/a/ws_moveit2/install/stm32_mavlink_interface/include/mavlink/c_library_v2/common/mavlink_msg_log_request_data.h\n'}
[6.782239] (stm32_mavlink_interface) StdoutLine: {'line': b'-- Up-to-date: /home/a/ws_moveit2/install/stm32_mavlink_interface/include/mavlink/c_library_v2/common/mavlink_msg_storage_information.h\n'}
[6.782263] (stm32_mavlink_interface) StdoutLine: {'line': b'-- Up-to-date: /home/a/ws_moveit2/install/stm32_mavlink_interface/include/mavlink/c_library_v2/common/mavlink_msg_open_drone_id_location.h\n'}
[6.782288] (stm32_mavlink_interface) StdoutLine: {'line': b'-- Up-to-date: /home/a/ws_moveit2/install/stm32_mavlink_interface/include/mavlink/c_library_v2/common/mavlink_msg_wind_cov.h\n'}
[6.782313] (stm32_mavlink_interface) StdoutLine: {'line': b'-- Up-to-date: /home/a/ws_moveit2/install/stm32_mavlink_interface/include/mavlink/c_library_v2/common/mavlink_msg_set_position_target_global_int.h\n'}
[6.782338] (stm32_mavlink_interface) StdoutLine: {'line': b'-- Up-to-date: /home/a/ws_moveit2/install/stm32_mavlink_interface/include/mavlink/c_library_v2/common/mavlink_msg_flight_information.h\n'}
[6.782362] (stm32_mavlink_interface) StdoutLine: {'line': b'-- Up-to-date: /home/a/ws_moveit2/install/stm32_mavlink_interface/include/mavlink/c_library_v2/common/mavlink_msg_named_value_int.h\n'}
[6.782387] (stm32_mavlink_interface) StdoutLine: {'line': b'-- Up-to-date: /home/a/ws_moveit2/install/stm32_mavlink_interface/include/mavlink/c_library_v2/common/mavlink_msg_nav_controller_output.h\n'}
[6.782412] (stm32_mavlink_interface) StdoutLine: {'line': b'-- Up-to-date: /home/a/ws_moveit2/install/stm32_mavlink_interface/include/mavlink/c_library_v2/common/mavlink_msg_isbd_link_status.h\n'}
[6.782436] (stm32_mavlink_interface) StdoutLine: {'line': b'-- Up-to-date: /home/a/ws_moveit2/install/stm32_mavlink_interface/include/mavlink/c_library_v2/common/mavlink_msg_scaled_imu.h\n'}
[6.782462] (stm32_mavlink_interface) StdoutLine: {'line': b'-- Up-to-date: /home/a/ws_moveit2/install/stm32_mavlink_interface/include/mavlink/c_library_v2/common/mavlink_msg_set_position_target_local_ned.h\n'}
[6.782547] (stm32_mavlink_interface) StdoutLine: {'line': b'-- Up-to-date: /home/a/ws_moveit2/install/stm32_mavlink_interface/include/mavlink/c_library_v2/common/mavlink_msg_data_transmission_handshake.h\n'}
[6.782573] (stm32_mavlink_interface) StdoutLine: {'line': b'-- Up-to-date: /home/a/ws_moveit2/install/stm32_mavlink_interface/include/mavlink/c_library_v2/common/mavlink_msg_camera_image_captured.h\n'}
[6.782599] (stm32_mavlink_interface) StdoutLine: {'line': b'-- Up-to-date: /home/a/ws_moveit2/install/stm32_mavlink_interface/include/mavlink/c_library_v2/common/mavlink_msg_mission_ack.h\n'}
[6.782624] (stm32_mavlink_interface) StdoutLine: {'line': b'-- Up-to-date: /home/a/ws_moveit2/install/stm32_mavlink_interface/include/mavlink/c_library_v2/common/mavlink_msg_hygrometer_sensor.h\n'}
[6.782649] (stm32_mavlink_interface) StdoutLine: {'line': b'-- Up-to-date: /home/a/ws_moveit2/install/stm32_mavlink_interface/include/mavlink/c_library_v2/common/mavlink_msg_esc_info.h\n'}
[6.782676] (stm32_mavlink_interface) StdoutLine: {'line': b'-- Up-to-date: /home/a/ws_moveit2/install/stm32_mavlink_interface/include/mavlink/c_library_v2/common/mavlink_msg_attitude_quaternion_cov.h\n'}
[6.782702] (stm32_mavlink_interface) StdoutLine: {'line': b'-- Up-to-date: /home/a/ws_moveit2/install/stm32_mavlink_interface/include/mavlink/c_library_v2/common/mavlink_msg_link_node_status.h\n'}
[6.782727] (stm32_mavlink_interface) StdoutLine: {'line': b'-- Up-to-date: /home/a/ws_moveit2/install/stm32_mavlink_interface/include/mavlink/c_library_v2/common/mavlink_msg_sys_status.h\n'}
[6.782752] (stm32_mavlink_interface) StdoutLine: {'line': b'-- Up-to-date: /home/a/ws_moveit2/install/stm32_mavlink_interface/include/mavlink/c_library_v2/common/mavlink_msg_mission_item.h\n'}
[6.782779] (stm32_mavlink_interface) StdoutLine: {'line': b'-- Up-to-date: /home/a/ws_moveit2/install/stm32_mavlink_interface/include/mavlink/c_library_v2/common/mavlink_msg_supported_tunes.h\n'}
[6.782803] (stm32_mavlink_interface) StdoutLine: {'line': b'-- Up-to-date: /home/a/ws_moveit2/install/stm32_mavlink_interface/include/mavlink/c_library_v2/common/mavlink_msg_gimbal_device_attitude_status.h\n'}
[6.782828] (stm32_mavlink_interface) StdoutLine: {'line': b'-- Up-to-date: /home/a/ws_moveit2/install/stm32_mavlink_interface/include/mavlink/c_library_v2/common/mavlink_msg_open_drone_id_message_pack.h\n'}
[6.782854] (stm32_mavlink_interface) StdoutLine: {'line': b'-- Up-to-date: /home/a/ws_moveit2/install/stm32_mavlink_interface/include/mavlink/c_library_v2/common/mavlink_msg_terrain_report.h\n'}
[6.782878] (stm32_mavlink_interface) StdoutLine: {'line': b'-- Up-to-date: /home/a/ws_moveit2/install/stm32_mavlink_interface/include/mavlink/c_library_v2/common/mavlink_msg_estimator_status.h\n'}
[6.782903] (stm32_mavlink_interface) StdoutLine: {'line': b'-- Up-to-date: /home/a/ws_moveit2/install/stm32_mavlink_interface/include/mavlink/c_library_v2/common/mavlink_msg_rc_channels.h\n'}
[6.782929] (stm32_mavlink_interface) StdoutLine: {'line': b'-- Up-to-date: /home/a/ws_moveit2/install/stm32_mavlink_interface/include/mavlink/c_library_v2/common/mavlink_msg_hil_rc_inputs_raw.h\n'}
[6.782953] (stm32_mavlink_interface) StdoutLine: {'line': b'-- Up-to-date: /home/a/ws_moveit2/install/stm32_mavlink_interface/include/mavlink/c_library_v2/common/mavlink_msg_param_ext_ack.h\n'}
[6.782978] (stm32_mavlink_interface) StdoutLine: {'line': b'-- Up-to-date: /home/a/ws_moveit2/install/stm32_mavlink_interface/include/mavlink/c_library_v2/common/mavlink_msg_global_position_int_cov.h\n'}
[6.783003] (stm32_mavlink_interface) StdoutLine: {'line': b'-- Up-to-date: /home/a/ws_moveit2/install/stm32_mavlink_interface/include/mavlink/c_library_v2/common/mavlink_msg_actuator_output_status.h\n'}
[6.783027] (stm32_mavlink_interface) StdoutLine: {'line': b'-- Up-to-date: /home/a/ws_moveit2/install/stm32_mavlink_interface/include/mavlink/c_library_v2/common/mavlink_msg_gps_inject_data.h\n'}
[6.783055] (stm32_mavlink_interface) StdoutLine: {'line': b'-- Up-to-date: /home/a/ws_moveit2/install/stm32_mavlink_interface/include/mavlink/c_library_v2/common/mavlink_msg_log_request_list.h\n'}
[6.783144] (stm32_mavlink_interface) StdoutLine: {'line': b'-- Up-to-date: /home/a/ws_moveit2/install/stm32_mavlink_interface/include/mavlink/c_library_v2/common/mavlink_msg_ping.h\n'}
[6.783169] (stm32_mavlink_interface) StdoutLine: {'line': b'-- Up-to-date: /home/a/ws_moveit2/install/stm32_mavlink_interface/include/mavlink/c_library_v2/common/mavlink_msg_command_long.h\n'}
[6.783194] (stm32_mavlink_interface) StdoutLine: {'line': b'-- Up-to-date: /home/a/ws_moveit2/install/stm32_mavlink_interface/include/mavlink/c_library_v2/common/mavlink_msg_system_time.h\n'}
[6.783220] (stm32_mavlink_interface) StdoutLine: {'line': b'-- Up-to-date: /home/a/ws_moveit2/install/stm32_mavlink_interface/include/mavlink/c_library_v2/common/mavlink_msg_memory_vect.h\n'}
[6.783245] (stm32_mavlink_interface) StdoutLine: {'line': b'-- Up-to-date: /home/a/ws_moveit2/install/stm32_mavlink_interface/include/mavlink/c_library_v2/common/mavlink_msg_event.h\n'}
[6.783270] (stm32_mavlink_interface) StdoutLine: {'line': b'-- Up-to-date: /home/a/ws_moveit2/install/stm32_mavlink_interface/include/mavlink/c_library_v2/common/mavlink_msg_scaled_imu2.h\n'}
[6.783296] (stm32_mavlink_interface) StdoutLine: {'line': b'-- Up-to-date: /home/a/ws_moveit2/install/stm32_mavlink_interface/include/mavlink/c_library_v2/common/mavlink_msg_gps_rtk.h\n'}
[6.783321] (stm32_mavlink_interface) StdoutLine: {'line': b'-- Up-to-date: /home/a/ws_moveit2/install/stm32_mavlink_interface/include/mavlink/c_library_v2/common/mavlink_msg_camera_thermal_range.h\n'}
[6.783346] (stm32_mavlink_interface) StdoutLine: {'line': b'-- Up-to-date: /home/a/ws_moveit2/install/stm32_mavlink_interface/include/mavlink/c_library_v2/common/mavlink_msg_high_latency.h\n'}
[6.783371] (stm32_mavlink_interface) StdoutLine: {'line': b'-- Up-to-date: /home/a/ws_moveit2/install/stm32_mavlink_interface/include/mavlink/c_library_v2/common/mavlink_msg_manual_setpoint.h\n'}
[6.783396] (stm32_mavlink_interface) StdoutLine: {'line': b'-- Up-to-date: /home/a/ws_moveit2/install/stm32_mavlink_interface/include/mavlink/c_library_v2/common/mavlink_msg_open_drone_id_self_id.h\n'}
[6.783422] (stm32_mavlink_interface) StdoutLine: {'line': b'-- Up-to-date: /home/a/ws_moveit2/install/stm32_mavlink_interface/include/mavlink/c_library_v2/common/mavlink_msg_global_vision_position_estimate.h\n'}
[6.783448] (stm32_mavlink_interface) StdoutLine: {'line': b'-- Up-to-date: /home/a/ws_moveit2/install/stm32_mavlink_interface/include/mavlink/c_library_v2/common/mavlink_msg_trajectory_representation_waypoints.h\n'}
[6.783473] (stm32_mavlink_interface) StdoutLine: {'line': b'-- Up-to-date: /home/a/ws_moveit2/install/stm32_mavlink_interface/include/mavlink/c_library_v2/common/mavlink_msg_rc_channels_override.h\n'}
[6.783498] (stm32_mavlink_interface) StdoutLine: {'line': b'-- Up-to-date: /home/a/ws_moveit2/install/stm32_mavlink_interface/include/mavlink/c_library_v2/common/mavlink_msg_camera_trigger.h\n'}
[6.783526] (stm32_mavlink_interface) StdoutLine: {'line': b'-- Up-to-date: /home/a/ws_moveit2/install/stm32_mavlink_interface/include/mavlink/c_library_v2/common/mavlink_msg_component_information.h\n'}
[6.783552] (stm32_mavlink_interface) StdoutLine: {'line': b'-- Up-to-date: /home/a/ws_moveit2/install/stm32_mavlink_interface/include/mavlink/c_library_v2/common/mavlink_msg_scaled_pressure3.h\n'}
[6.783577] (stm32_mavlink_interface) StdoutLine: {'line': b'-- Up-to-date: /home/a/ws_moveit2/install/stm32_mavlink_interface/include/mavlink/c_library_v2/common/mavlink_msg_gps_global_origin.h\n'}
[6.783602] (stm32_mavlink_interface) StdoutLine: {'line': b'-- Up-to-date: /home/a/ws_moveit2/install/stm32_mavlink_interface/include/mavlink/c_library_v2/common/mavlink_msg_set_actuator_control_target.h\n'}
[6.783626] (stm32_mavlink_interface) StdoutLine: {'line': b'-- Up-to-date: /home/a/ws_moveit2/install/stm32_mavlink_interface/include/mavlink/c_library_v2/common/mavlink_msg_cellular_status.h\n'}
[6.783652] (stm32_mavlink_interface) StdoutLine: {'line': b'-- Up-to-date: /home/a/ws_moveit2/install/stm32_mavlink_interface/include/mavlink/c_library_v2/common/mavlink_msg_time_estimate_to_target.h\n'}
[6.783677] (stm32_mavlink_interface) StdoutLine: {'line': b'-- Up-to-date: /home/a/ws_moveit2/install/stm32_mavlink_interface/include/mavlink/c_library_v2/common/mavlink_msg_logging_ack.h\n'}
[6.783702] (stm32_mavlink_interface) StdoutLine: {'line': b'-- Up-to-date: /home/a/ws_moveit2/install/stm32_mavlink_interface/include/mavlink/c_library_v2/common/mavlink_msg_wheel_distance.h\n'}
[6.783727] (stm32_mavlink_interface) StdoutLine: {'line': b'-- Up-to-date: /home/a/ws_moveit2/install/stm32_mavlink_interface/include/mavlink/c_library_v2/common/mavlink_msg_terrain_data.h\n'}
[6.783751] (stm32_mavlink_interface) StdoutLine: {'line': b'-- Up-to-date: /home/a/ws_moveit2/install/stm32_mavlink_interface/include/mavlink/c_library_v2/common/mavlink_msg_obstacle_distance.h\n'}
[6.783777] (stm32_mavlink_interface) StdoutLine: {'line': b'-- Up-to-date: /home/a/ws_moveit2/install/stm32_mavlink_interface/include/mavlink/c_library_v2/common/mavlink_msg_sim_state.h\n'}
[6.783803] (stm32_mavlink_interface) StdoutLine: {'line': b'-- Up-to-date: /home/a/ws_moveit2/install/stm32_mavlink_interface/include/mavlink/c_library_v2/common/mavlink_msg_utm_global_position.h\n'}
[6.783828] (stm32_mavlink_interface) StdoutLine: {'line': b'-- Up-to-date: /home/a/ws_moveit2/install/stm32_mavlink_interface/include/mavlink/c_library_v2/common/mavlink_msg_current_mode.h\n'}
[6.783852] (stm32_mavlink_interface) StdoutLine: {'line': b'-- Up-to-date: /home/a/ws_moveit2/install/stm32_mavlink_interface/include/mavlink/c_library_v2/common/mavlink_msg_set_home_position.h\n'}
[6.783877] (stm32_mavlink_interface) StdoutLine: {'line': b'-- Up-to-date: /home/a/ws_moveit2/install/stm32_mavlink_interface/include/mavlink/c_library_v2/common/mavlink_msg_scaled_imu3.h\n'}
[6.783902] (stm32_mavlink_interface) StdoutLine: {'line': b'-- Up-to-date: /home/a/ws_moveit2/install/stm32_mavlink_interface/include/mavlink/c_library_v2/common/mavlink_msg_rc_channels_scaled.h\n'}
[6.783926] (stm32_mavlink_interface) StdoutLine: {'line': b'-- Up-to-date: /home/a/ws_moveit2/install/stm32_mavlink_interface/include/mavlink/c_library_v2/common/mavlink_msg_mission_item_int.h\n'}
[6.783951] (stm32_mavlink_interface) StdoutLine: {'line': b'-- Up-to-date: /home/a/ws_moveit2/install/stm32_mavlink_interface/include/mavlink/c_library_v2/common/mavlink_msg_param_ext_request_list.h\n'}
[6.783975] (stm32_mavlink_interface) StdoutLine: {'line': b'-- Up-to-date: /home/a/ws_moveit2/install/stm32_mavlink_interface/include/mavlink/c_library_v2/common/mavlink_msg_att_pos_mocap.h\n'}
[6.784001] (stm32_mavlink_interface) StdoutLine: {'line': b'-- Up-to-date: /home/a/ws_moveit2/install/stm32_mavlink_interface/include/mavlink/c_library_v2/common/version.h\n'}
[6.784025] (stm32_mavlink_interface) StdoutLine: {'line': b'-- Up-to-date: /home/a/ws_moveit2/install/stm32_mavlink_interface/include/mavlink/c_library_v2/common/mavlink_msg_camera_capture_status.h\n'}
[6.784056] (stm32_mavlink_interface) StdoutLine: {'line': b'-- Up-to-date: /home/a/ws_moveit2/install/stm32_mavlink_interface/include/mavlink/c_library_v2/common/mavlink_msg_serial_control.h\n'}
[6.784084] (stm32_mavlink_interface) StdoutLine: {'line': b'-- Up-to-date: /home/a/ws_moveit2/install/stm32_mavlink_interface/include/mavlink/c_library_v2/common/mavlink_msg_camera_tracking_geo_status.h\n'}
[6.784109] (stm32_mavlink_interface) StdoutLine: {'line': b'-- Up-to-date: /home/a/ws_moveit2/install/stm32_mavlink_interface/include/mavlink/c_library_v2/common/mavlink_msg_mission_request_int.h\n'}
[6.784196] (stm32_mavlink_interface) StdoutLine: {'line': b'-- Up-to-date: /home/a/ws_moveit2/install/stm32_mavlink_interface/include/mavlink/c_library_v2/common/mavlink_msg_open_drone_id_system_update.h\n'}
[6.784226] (stm32_mavlink_interface) StdoutLine: {'line': b'-- Up-to-date: /home/a/ws_moveit2/install/stm32_mavlink_interface/include/mavlink/c_library_v2/common/mavlink_msg_fence_status.h\n'}
[6.784254] (stm32_mavlink_interface) StdoutLine: {'line': b'-- Up-to-date: /home/a/ws_moveit2/install/stm32_mavlink_interface/include/mavlink/c_library_v2/common/mavlink_msg_fuel_status.h\n'}
[6.784280] (stm32_mavlink_interface) StdoutLine: {'line': b'-- Up-to-date: /home/a/ws_moveit2/install/stm32_mavlink_interface/include/mavlink/c_library_v2/common/mavlink_msg_gps_input.h\n'}
[6.784306] (stm32_mavlink_interface) StdoutLine: {'line': b'-- Up-to-date: /home/a/ws_moveit2/install/stm32_mavlink_interface/include/mavlink/c_library_v2/common/mavlink_msg_gimbal_manager_information.h\n'}
[6.784333] (stm32_mavlink_interface) StdoutLine: {'line': b'-- Up-to-date: /home/a/ws_moveit2/install/stm32_mavlink_interface/include/mavlink/c_library_v2/common/mavlink_msg_camera_settings.h\n'}
[6.784416] (stm32_mavlink_interface) StdoutLine: {'line': b'-- Up-to-date: /home/a/ws_moveit2/install/stm32_mavlink_interface/include/mavlink/c_library_v2/common/mavlink_msg_param_value.h\n'}
[6.784442] (stm32_mavlink_interface) StdoutLine: {'line': b'-- Up-to-date: /home/a/ws_moveit2/install/stm32_mavlink_interface/include/mavlink/c_library_v2/common/mavlink_msg_video_stream_status.h\n'}
[6.784468] (stm32_mavlink_interface) StdoutLine: {'line': b'-- Up-to-date: /home/a/ws_moveit2/install/stm32_mavlink_interface/include/mavlink/c_library_v2/common/mavlink_msg_actuator_control_target.h\n'}
[6.784494] (stm32_mavlink_interface) StdoutLine: {'line': b'-- Up-to-date: /home/a/ws_moveit2/install/stm32_mavlink_interface/include/mavlink/c_library_v2/common/mavlink_msg_data_stream.h\n'}
[6.784519] (stm32_mavlink_interface) StdoutLine: {'line': b'-- Up-to-date: /home/a/ws_moveit2/install/stm32_mavlink_interface/include/mavlink/c_library_v2/common/mavlink_msg_wifi_config_ap.h\n'}
[6.784545] (stm32_mavlink_interface) StdoutLine: {'line': b'-- Up-to-date: /home/a/ws_moveit2/install/stm32_mavlink_interface/include/mavlink/c_library_v2/common/mavlink_msg_power_status.h\n'}
[6.784569] (stm32_mavlink_interface) StdoutLine: {'line': b'-- Up-to-date: /home/a/ws_moveit2/install/stm32_mavlink_interface/include/mavlink/c_library_v2/common/mavlink_msg_mount_orientation.h\n'}
[6.784594] (stm32_mavlink_interface) StdoutLine: {'line': b'-- Up-to-date: /home/a/ws_moveit2/install/stm32_mavlink_interface/include/mavlink/c_library_v2/common/mavlink_msg_mission_count.h\n'}
[6.784618] (stm32_mavlink_interface) StdoutLine: {'line': b'-- Up-to-date: /home/a/ws_moveit2/install/stm32_mavlink_interface/include/mavlink/c_library_v2/common/mavlink_msg_vicon_position_estimate.h\n'}
[6.784643] (stm32_mavlink_interface) StdoutLine: {'line': b'-- Up-to-date: /home/a/ws_moveit2/install/stm32_mavlink_interface/include/mavlink/c_library_v2/common/mavlink_msg_command_int.h\n'}
[6.784668] (stm32_mavlink_interface) StdoutLine: {'line': b'-- Up-to-date: /home/a/ws_moveit2/install/stm32_mavlink_interface/include/mavlink/c_library_v2/common/mavlink_msg_mission_current.h\n'}
[6.784695] (stm32_mavlink_interface) StdoutLine: {'line': b'-- Up-to-date: /home/a/ws_moveit2/install/stm32_mavlink_interface/include/mavlink/c_library_v2/common/mavlink_msg_uavcan_node_status.h\n'}
[6.784720] (stm32_mavlink_interface) StdoutLine: {'line': b'-- Up-to-date: /home/a/ws_moveit2/install/stm32_mavlink_interface/include/mavlink/c_library_v2/common/mavlink_msg_home_position.h\n'}
[6.784745] (stm32_mavlink_interface) StdoutLine: {'line': b'-- Up-to-date: /home/a/ws_moveit2/install/stm32_mavlink_interface/include/mavlink/c_library_v2/common/mavlink_msg_debug_vect.h\n'}
[6.784770] (stm32_mavlink_interface) StdoutLine: {'line': b'-- Up-to-date: /home/a/ws_moveit2/install/stm32_mavlink_interface/include/mavlink/c_library_v2/common/mavlink_msg_set_attitude_target.h\n'}
[6.784795] (stm32_mavlink_interface) StdoutLine: {'line': b'-- Up-to-date: /home/a/ws_moveit2/install/stm32_mavlink_interface/include/mavlink/c_library_v2/common/mavlink_msg_open_drone_id_basic_id.h\n'}
[6.784819] (stm32_mavlink_interface) StdoutLine: {'line': b'-- Up-to-date: /home/a/ws_moveit2/install/stm32_mavlink_interface/include/mavlink/c_library_v2/common/mavlink_msg_button_change.h\n'}
[6.784846] (stm32_mavlink_interface) StdoutLine: {'line': b'-- Up-to-date: /home/a/ws_moveit2/install/stm32_mavlink_interface/include/mavlink/c_library_v2/common/mavlink_msg_high_latency2.h\n'}
[6.784871] (stm32_mavlink_interface) StdoutLine: {'line': b'-- Up-to-date: /home/a/ws_moveit2/install/stm32_mavlink_interface/include/mavlink/c_library_v2/common/mavlink_msg_gps2_rtk.h\n'}
[6.784896] (stm32_mavlink_interface) StdoutLine: {'line': b'-- Up-to-date: /home/a/ws_moveit2/install/stm32_mavlink_interface/include/mavlink/c_library_v2/common/mavlink_msg_logging_data_acked.h\n'}
[6.784921] (stm32_mavlink_interface) StdoutLine: {'line': b'-- Up-to-date: /home/a/ws_moveit2/install/stm32_mavlink_interface/include/mavlink/c_library_v2/common/mavlink_msg_set_mode.h\n'}
[6.784946] (stm32_mavlink_interface) StdoutLine: {'line': b'-- Up-to-date: /home/a/ws_moveit2/install/stm32_mavlink_interface/include/mavlink/c_library_v2/common/mavlink_msg_gimbal_manager_set_manual_control.h\n'}
[6.784970] (stm32_mavlink_interface) StdoutLine: {'line': b'-- Up-to-date: /home/a/ws_moveit2/install/stm32_mavlink_interface/include/mavlink/c_library_v2/common/mavlink_msg_attitude.h\n'}
[6.784995] (stm32_mavlink_interface) StdoutLine: {'line': b'-- Up-to-date: /home/a/ws_moveit2/install/stm32_mavlink_interface/include/mavlink/c_library_v2/common/mavlink_msg_illuminator_status.h\n'}
[6.785020] (stm32_mavlink_interface) StdoutLine: {'line': b'-- Up-to-date: /home/a/ws_moveit2/install/stm32_mavlink_interface/include/mavlink/c_library_v2/common/mavlink_msg_raw_rpm.h\n'}
[6.785048] (stm32_mavlink_interface) StdoutLine: {'line': b'-- Up-to-date: /home/a/ws_moveit2/install/stm32_mavlink_interface/include/mavlink/c_library_v2/common/mavlink_msg_optical_flow_rad.h\n'}
[6.785075] (stm32_mavlink_interface) StdoutLine: {'line': b'-- Up-to-date: /home/a/ws_moveit2/install/stm32_mavlink_interface/include/mavlink/c_library_v2/common/mavlink_msg_esc_status.h\n'}
[6.785101] (stm32_mavlink_interface) StdoutLine: {'line': b'-- Up-to-date: /home/a/ws_moveit2/install/stm32_mavlink_interface/include/mavlink/c_library_v2/common/mavlink_msg_position_target_local_ned.h\n'}
[6.785125] (stm32_mavlink_interface) StdoutLine: {'line': b'-- Up-to-date: /home/a/ws_moveit2/install/stm32_mavlink_interface/include/mavlink/c_library_v2/common/mavlink_msg_gps_rtcm_data.h\n'}
[6.785151] (stm32_mavlink_interface) StdoutLine: {'line': b'-- Up-to-date: /home/a/ws_moveit2/install/stm32_mavlink_interface/include/mavlink/c_library_v2/common/mavlink_msg_available_modes_monitor.h\n'}
[6.785175] (stm32_mavlink_interface) StdoutLine: {'line': b'-- Up-to-date: /home/a/ws_moveit2/install/stm32_mavlink_interface/include/mavlink/c_library_v2/common/mavlink_msg_local_position_ned_system_global_offset.h\n'}
[6.785312] (stm32_mavlink_interface) StdoutLine: {'line': b'-- Up-to-date: /home/a/ws_moveit2/install/stm32_mavlink_interface/include/mavlink/c_library_v2/common/mavlink_msg_attitude_target.h\n'}
[6.785338] (stm32_mavlink_interface) StdoutLine: {'line': b'-- Up-to-date: /home/a/ws_moveit2/install/stm32_mavlink_interface/include/mavlink/c_library_v2/common/mavlink_msg_canfd_frame.h\n'}
[6.785365] (stm32_mavlink_interface) StdoutLine: {'line': b'-- Up-to-date: /home/a/ws_moveit2/install/stm32_mavlink_interface/include/mavlink/c_library_v2/common/mavlink_msg_hil_actuator_controls.h\n'}
[6.785390] (stm32_mavlink_interface) StdoutLine: {'line': b'-- Up-to-date: /home/a/ws_moveit2/install/stm32_mavlink_interface/include/mavlink/c_library_v2/common/mavlink_msg_adsb_vehicle.h\n'}
[6.785415] (stm32_mavlink_interface) StdoutLine: {'line': b'-- Up-to-date: /home/a/ws_moveit2/install/stm32_mavlink_interface/include/mavlink/c_library_v2/common/mavlink_msg_position_target_global_int.h\n'}
[6.785440] (stm32_mavlink_interface) StdoutLine: {'line': b'-- Up-to-date: /home/a/ws_moveit2/install/stm32_mavlink_interface/include/mavlink/c_library_v2/common/mavlink_msg_vision_speed_estimate.h\n'}
[6.785465] (stm32_mavlink_interface) StdoutLine: {'line': b'-- Up-to-date: /home/a/ws_moveit2/install/stm32_mavlink_interface/include/mavlink/c_library_v2/common/mavlink_msg_distance_sensor.h\n'}
[6.785547] (stm32_mavlink_interface) StdoutLine: {'line': b'-- Up-to-date: /home/a/ws_moveit2/install/stm32_mavlink_interface/include/mavlink/c_library_v2/common/mavlink_msg_attitude_quaternion.h\n'}
[6.785573] (stm32_mavlink_interface) StdoutLine: {'line': b'-- Up-to-date: /home/a/ws_moveit2/install/stm32_mavlink_interface/include/mavlink/c_library_v2/common/mavlink_msg_mission_request_list.h\n'}
[6.785599] (stm32_mavlink_interface) StdoutLine: {'line': b'-- Up-to-date: /home/a/ws_moveit2/install/stm32_mavlink_interface/include/mavlink/c_library_v2/common/mavlink_msg_collision.h\n'}
[6.785624] (stm32_mavlink_interface) StdoutLine: {'line': b'-- Up-to-date: /home/a/ws_moveit2/install/stm32_mavlink_interface/include/mavlink/c_library_v2/common/mavlink_msg_cellular_config.h\n'}
[6.785651] (stm32_mavlink_interface) StdoutLine: {'line': b'-- Up-to-date: /home/a/ws_moveit2/install/stm32_mavlink_interface/include/mavlink/c_library_v2/common/mavlink_msg_altitude.h\n'}
[6.785677] (stm32_mavlink_interface) StdoutLine: {'line': b'-- Up-to-date: /home/a/ws_moveit2/install/stm32_mavlink_interface/include/mavlink/c_library_v2/common/mavlink_msg_mission_request.h\n'}
[6.785702] (stm32_mavlink_interface) StdoutLine: {'line': b'-- Up-to-date: /home/a/ws_moveit2/install/stm32_mavlink_interface/include/mavlink/c_library_v2/common/mavlink_msg_servo_output_raw.h\n'}
[6.785727] (stm32_mavlink_interface) StdoutLine: {'line': b'-- Up-to-date: /home/a/ws_moveit2/install/stm32_mavlink_interface/include/mavlink/c_library_v2/common/mavlink_msg_onboard_computer_status.h\n'}
[6.785751] (stm32_mavlink_interface) StdoutLine: {'line': b'-- Up-to-date: /home/a/ws_moveit2/install/stm32_mavlink_interface/include/mavlink/c_library_v2/common/mavlink_msg_log_erase.h\n'}
[6.785777] (stm32_mavlink_interface) StdoutLine: {'line': b'-- Up-to-date: /home/a/ws_moveit2/install/stm32_mavlink_interface/include/mavlink/c_library_v2/common/mavlink_msg_control_system_state.h\n'}
[6.785802] (stm32_mavlink_interface) StdoutLine: {'line': b'-- Up-to-date: /home/a/ws_moveit2/install/stm32_mavlink_interface/include/mavlink/c_library_v2/common/mavlink_msg_radio_status.h\n'}
[6.785827] (stm32_mavlink_interface) StdoutLine: {'line': b'-- Up-to-date: /home/a/ws_moveit2/install/stm32_mavlink_interface/include/mavlink/c_library_v2/common/mavlink_msg_hil_controls.h\n'}
[6.785852] (stm32_mavlink_interface) StdoutLine: {'line': b'-- Up-to-date: /home/a/ws_moveit2/install/stm32_mavlink_interface/include/mavlink/c_library_v2/common/mavlink_msg_highres_imu.h\n'}
[6.785877] (stm32_mavlink_interface) StdoutLine: {'line': b'-- Up-to-date: /home/a/ws_moveit2/install/stm32_mavlink_interface/include/mavlink/c_library_v2/common/mavlink_msg_odometry.h\n'}
[6.785901] (stm32_mavlink_interface) StdoutLine: {'line': b'-- Up-to-date: /home/a/ws_moveit2/install/stm32_mavlink_interface/include/mavlink/c_library_v2/common/testsuite.h\n'}
[6.785930] (stm32_mavlink_interface) StdoutLine: {'line': b'-- Up-to-date: /home/a/ws_moveit2/install/stm32_mavlink_interface/include/mavlink/c_library_v2/common/mavlink_msg_file_transfer_protocol.h\n'}
[6.785956] (stm32_mavlink_interface) StdoutLine: {'line': b'-- Up-to-date: /home/a/ws_moveit2/install/stm32_mavlink_interface/include/mavlink/c_library_v2/common/mavlink_msg_uavcan_node_info.h\n'}
[6.785981] (stm32_mavlink_interface) StdoutLine: {'line': b'-- Up-to-date: /home/a/ws_moveit2/install/stm32_mavlink_interface/include/mavlink/c_library_v2/common/mavlink_msg_gimbal_device_set_attitude.h\n'}
[6.786005] (stm32_mavlink_interface) StdoutLine: {'line': b'-- Up-to-date: /home/a/ws_moveit2/install/stm32_mavlink_interface/include/mavlink/c_library_v2/common/mavlink_msg_hil_sensor.h\n'}
[6.786031] (stm32_mavlink_interface) StdoutLine: {'line': b'-- Up-to-date: /home/a/ws_moveit2/install/stm32_mavlink_interface/include/mavlink/c_library_v2/common/mavlink_msg_efi_status.h\n'}
[6.786062] (stm32_mavlink_interface) StdoutLine: {'line': b'-- Up-to-date: /home/a/ws_moveit2/install/stm32_mavlink_interface/include/mavlink/c_library_v2/common/mavlink_msg_debug_float_array.h\n'}
[6.786092] (stm32_mavlink_interface) StdoutLine: {'line': b'-- Up-to-date: /home/a/ws_moveit2/install/stm32_mavlink_interface/include/mavlink/c_library_v2/common/mavlink_msg_scaled_pressure.h\n'}
[6.786119] (stm32_mavlink_interface) StdoutLine: {'line': b'-- Up-to-date: /home/a/ws_moveit2/install/stm32_mavlink_interface/include/mavlink/c_library_v2/common/mavlink_msg_timesync.h\n'}
[6.786146] (stm32_mavlink_interface) StdoutLine: {'line': b'-- Up-to-date: /home/a/ws_moveit2/install/stm32_mavlink_interface/include/mavlink/c_library_v2/common/mavlink_msg_camera_information.h\n'}
[6.786280] (stm32_mavlink_interface) StdoutLine: {'line': b'-- Up-to-date: /home/a/ws_moveit2/install/stm32_mavlink_interface/include/mavlink/c_library_v2/common/mavlink_msg_param_map_rc.h\n'}
[6.786306] (stm32_mavlink_interface) StdoutLine: {'line': b'-- Up-to-date: /home/a/ws_moveit2/install/stm32_mavlink_interface/include/mavlink/c_library_v2/common/mavlink_msg_global_position_int.h\n'}
[6.786331] (stm32_mavlink_interface) StdoutLine: {'line': b'-- Up-to-date: /home/a/ws_moveit2/install/stm32_mavlink_interface/include/mavlink/c_library_v2/common/mavlink_msg_gps_status.h\n'}
[6.786356] (stm32_mavlink_interface) StdoutLine: {'line': b'-- Up-to-date: /home/a/ws_moveit2/install/stm32_mavlink_interface/include/mavlink/c_library_v2/common/mavlink_msg_mission_clear_all.h\n'}
[6.786382] (stm32_mavlink_interface) StdoutLine: {'line': b'-- Up-to-date: /home/a/ws_moveit2/install/stm32_mavlink_interface/include/mavlink/c_library_v2/common/mavlink_msg_optical_flow.h\n'}
[6.786407] (stm32_mavlink_interface) StdoutLine: {'line': b'-- Up-to-date: /home/a/ws_moveit2/install/stm32_mavlink_interface/include/mavlink/c_library_v2/common/mavlink_msg_vision_position_estimate.h\n'}
[6.786432] (stm32_mavlink_interface) StdoutLine: {'line': b'-- Up-to-date: /home/a/ws_moveit2/install/stm32_mavlink_interface/include/mavlink/c_library_v2/common/mavlink_msg_mag_cal_report.h\n'}
[6.786457] (stm32_mavlink_interface) StdoutLine: {'line': b'-- Up-to-date: /home/a/ws_moveit2/install/stm32_mavlink_interface/include/mavlink/c_library_v2/common/mavlink_msg_play_tune_v2.h\n'}
[6.786481] (stm32_mavlink_interface) StdoutLine: {'line': b'-- Up-to-date: /home/a/ws_moveit2/install/stm32_mavlink_interface/include/mavlink/c_library_v2/common/mavlink_msg_smart_battery_info.h\n'}
[6.786506] (stm32_mavlink_interface) StdoutLine: {'line': b'-- Up-to-date: /home/a/ws_moveit2/install/stm32_mavlink_interface/include/mavlink/c_library_v2/common/mavlink_msg_param_request_list.h\n'}
[6.786530] (stm32_mavlink_interface) StdoutLine: {'line': b'-- Up-to-date: /home/a/ws_moveit2/install/stm32_mavlink_interface/include/mavlink/c_library_v2/common/mavlink.h\n'}
[6.786556] (stm32_mavlink_interface) StdoutLine: {'line': b'-- Up-to-date: /home/a/ws_moveit2/install/stm32_mavlink_interface/include/mavlink/c_library_v2/common/mavlink_msg_vfr_hud.h\n'}
[6.786581] (stm32_mavlink_interface) StdoutLine: {'line': b'-- Up-to-date: /home/a/ws_moveit2/install/stm32_mavlink_interface/include/mavlink/c_library_v2/common/mavlink_msg_play_tune.h\n'}
[6.786605] (stm32_mavlink_interface) StdoutLine: {'line': b'-- Up-to-date: /home/a/ws_moveit2/install/stm32_mavlink_interface/include/mavlink/c_library_v2/common/mavlink_msg_statustext.h\n'}
[6.786630] (stm32_mavlink_interface) StdoutLine: {'line': b'-- Up-to-date: /home/a/ws_moveit2/install/stm32_mavlink_interface/include/mavlink/c_library_v2/common/mavlink_msg_winch_status.h\n'}
[6.786654] (stm32_mavlink_interface) StdoutLine: {'line': b'-- Up-to-date: /home/a/ws_moveit2/install/stm32_mavlink_interface/include/mavlink/c_library_v2/common/mavlink_msg_param_ext_request_read.h\n'}
[6.786679] (stm32_mavlink_interface) StdoutLine: {'line': b'-- Up-to-date: /home/a/ws_moveit2/install/stm32_mavlink_interface/include/mavlink/c_library_v2/common/mavlink_msg_safety_set_allowed_area.h\n'}
[6.786704] (stm32_mavlink_interface) StdoutLine: {'line': b'-- Up-to-date: /home/a/ws_moveit2/install/stm32_mavlink_interface/include/mavlink/c_library_v2/common/mavlink_msg_tunnel.h\n'}
[6.786730] (stm32_mavlink_interface) StdoutLine: {'line': b'-- Up-to-date: /home/a/ws_moveit2/install/stm32_mavlink_interface/include/mavlink/c_library_v2/common/mavlink_msg_raw_imu.h\n'}
[6.786754] (stm32_mavlink_interface) StdoutLine: {'line': b'-- Up-to-date: /home/a/ws_moveit2/install/stm32_mavlink_interface/include/mavlink/c_library_v2/common/mavlink_msg_param_ext_value.h\n'}
[6.786779] (stm32_mavlink_interface) StdoutLine: {'line': b'-- Up-to-date: /home/a/ws_moveit2/install/stm32_mavlink_interface/include/mavlink/c_library_v2/common/mavlink_msg_orbit_execution_status.h\n'}
[6.786803] (stm32_mavlink_interface) StdoutLine: {'line': b'-- Up-to-date: /home/a/ws_moveit2/install/stm32_mavlink_interface/include/mavlink/c_library_v2/common/mavlink_msg_request_event.h\n'}
[6.786828] (stm32_mavlink_interface) StdoutLine: {'line': b'-- Up-to-date: /home/a/ws_moveit2/install/stm32_mavlink_interface/include/mavlink/c_library_v2/common/mavlink_msg_gimbal_manager_set_pitchyaw.h\n'}
[6.786853] (stm32_mavlink_interface) StdoutLine: {'line': b'-- Up-to-date: /home/a/ws_moveit2/install/stm32_mavlink_interface/include/mavlink/c_library_v2/common/mavlink_msg_mission_item_reached.h\n'}
[6.786878] (stm32_mavlink_interface) StdoutLine: {'line': b'-- Up-to-date: /home/a/ws_moveit2/install/stm32_mavlink_interface/include/mavlink/c_library_v2/common/mavlink_msg_hil_state.h\n'}
[6.786904] (stm32_mavlink_interface) StdoutLine: {'line': b'-- Up-to-date: /home/a/ws_moveit2/install/stm32_mavlink_interface/include/mavlink/c_library_v2/common/mavlink_msg_mission_write_partial_list.h\n'}
[6.786930] (stm32_mavlink_interface) StdoutLine: {'line': b'-- Up-to-date: /home/a/ws_moveit2/install/stm32_mavlink_interface/include/mavlink/c_library_v2/common/mavlink_msg_param_request_read.h\n'}
[6.786954] (stm32_mavlink_interface) StdoutLine: {'line': b'-- Up-to-date: /home/a/ws_moveit2/install/stm32_mavlink_interface/include/mavlink/c_library_v2/common/mavlink_msg_gimbal_manager_set_attitude.h\n'}
[6.786979] (stm32_mavlink_interface) StdoutLine: {'line': b'-- Up-to-date: /home/a/ws_moveit2/install/stm32_mavlink_interface/include/mavlink/c_library_v2/common/mavlink_msg_component_information_basic.h\n'}
[6.787003] (stm32_mavlink_interface) StdoutLine: {'line': b'-- Up-to-date: /home/a/ws_moveit2/install/stm32_mavlink_interface/include/mavlink/c_library_v2/common/mavlink_msg_scaled_pressure2.h\n'}
[6.787027] (stm32_mavlink_interface) StdoutLine: {'line': b'-- Up-to-date: /home/a/ws_moveit2/install/stm32_mavlink_interface/include/mavlink/c_library_v2/common/mavlink_msg_ais_vessel.h\n'}
[6.787115] (stm32_mavlink_interface) StdoutLine: {'line': b'-- Up-to-date: /home/a/ws_moveit2/install/stm32_mavlink_interface/include/mavlink/c_library_v2/common/mavlink_msg_video_stream_information.h\n'}
[6.787143] (stm32_mavlink_interface) StdoutLine: {'line': b'-- Up-to-date: /home/a/ws_moveit2/install/stm32_mavlink_interface/include/mavlink/c_library_v2/common/mavlink_msg_gimbal_device_information.h\n'}
[6.787168] (stm32_mavlink_interface) StdoutLine: {'line': b'-- Up-to-date: /home/a/ws_moveit2/install/stm32_mavlink_interface/include/mavlink/c_library_v2/common/mavlink_msg_hil_optical_flow.h\n'}
[6.787194] (stm32_mavlink_interface) StdoutLine: {'line': b'-- Up-to-date: /home/a/ws_moveit2/install/stm32_mavlink_interface/include/mavlink/c_library_v2/common/mavlink_msg_change_operator_control_ack.h\n'}
[6.787220] (stm32_mavlink_interface) StdoutLine: {'line': b'-- Up-to-date: /home/a/ws_moveit2/install/stm32_mavlink_interface/include/mavlink/c_library_v2/common/mavlink_msg_terrain_request.h\n'}
[6.787245] (stm32_mavlink_interface) StdoutLine: {'line': b'-- Up-to-date: /home/a/ws_moveit2/install/stm32_mavlink_interface/include/mavlink/c_library_v2/common/mavlink_msg_param_ext_set.h\n'}
[6.787271] (stm32_mavlink_interface) StdoutLine: {'line': b'-- Up-to-date: /home/a/ws_moveit2/install/stm32_mavlink_interface/include/mavlink/c_library_v2/common/mavlink_msg_message_interval.h\n'}
[6.787298] (stm32_mavlink_interface) StdoutLine: {'line': b'-- Up-to-date: /home/a/ws_moveit2/install/stm32_mavlink_interface/include/mavlink/c_library_v2/common/mavlink_msg_local_position_ned_cov.h\n'}
[6.787323] (stm32_mavlink_interface) StdoutLine: {'line': b'-- Up-to-date: /home/a/ws_moveit2/install/stm32_mavlink_interface/include/mavlink/c_library_v2/common/mavlink_msg_camera_tracking_image_status.h\n'}
[6.787348] (stm32_mavlink_interface) StdoutLine: {'line': b'-- Up-to-date: /home/a/ws_moveit2/install/stm32_mavlink_interface/include/mavlink/c_library_v2/common/mavlink_msg_battery_status.h\n'}
[6.787375] (stm32_mavlink_interface) StdoutLine: {'line': b'-- Up-to-date: /home/a/ws_moveit2/install/stm32_mavlink_interface/include/mavlink/c_library_v2/common/common.h\n'}
[6.787401] (stm32_mavlink_interface) StdoutLine: {'line': b'-- Up-to-date: /home/a/ws_moveit2/install/stm32_mavlink_interface/include/mavlink/c_library_v2/common/mavlink_msg_extended_sys_state.h\n'}
[6.787426] (stm32_mavlink_interface) StdoutLine: {'line': b'-- Up-to-date: /home/a/ws_moveit2/install/stm32_mavlink_interface/include/mavlink/c_library_v2/common/mavlink_msg_gps_raw_int.h\n'}
[6.787451] (stm32_mavlink_interface) StdoutLine: {'line': b'-- Up-to-date: /home/a/ws_moveit2/install/stm32_mavlink_interface/include/mavlink/c_library_v2/common/mavlink_msg_debug.h\n'}
[6.787476] (stm32_mavlink_interface) StdoutLine: {'line': b'-- Up-to-date: /home/a/ws_moveit2/install/stm32_mavlink_interface/include/mavlink/c_library_v2/common/mavlink_msg_landing_target.h\n'}
[6.787501] (stm32_mavlink_interface) StdoutLine: {'line': b'-- Up-to-date: /home/a/ws_moveit2/install/stm32_mavlink_interface/include/mavlink/c_library_v2/common/mavlink_msg_vibration.h\n'}
[6.787525] (stm32_mavlink_interface) StdoutLine: {'line': b'-- Up-to-date: /home/a/ws_moveit2/install/stm32_mavlink_interface/include/mavlink/c_library_v2/common/mavlink_msg_safety_allowed_area.h\n'}
[6.787550] (stm32_mavlink_interface) StdoutLine: {'line': b'-- Up-to-date: /home/a/ws_moveit2/install/stm32_mavlink_interface/include/mavlink/c_library_v2/matrixpilot\n'}
[6.787575] (stm32_mavlink_interface) StdoutLine: {'line': b'-- Up-to-date: /home/a/ws_moveit2/install/stm32_mavlink_interface/include/mavlink/c_library_v2/matrixpilot/mavlink_msg_serial_udb_extra_f20.h\n'}
[6.787598] (stm32_mavlink_interface) StdoutLine: {'line': b'-- Up-to-date: /home/a/ws_moveit2/install/stm32_mavlink_interface/include/mavlink/c_library_v2/matrixpilot/mavlink_msg_serial_udb_extra_f7.h\n'}
[6.787623] (stm32_mavlink_interface) StdoutLine: {'line': b'-- Up-to-date: /home/a/ws_moveit2/install/stm32_mavlink_interface/include/mavlink/c_library_v2/matrixpilot/matrixpilot.h\n'}
[6.787648] (stm32_mavlink_interface) StdoutLine: {'line': b'-- Up-to-date: /home/a/ws_moveit2/install/stm32_mavlink_interface/include/mavlink/c_library_v2/matrixpilot/mavlink_msg_serial_udb_extra_f5.h\n'}
[6.787673] (stm32_mavlink_interface) StdoutLine: {'line': b'-- Up-to-date: /home/a/ws_moveit2/install/stm32_mavlink_interface/include/mavlink/c_library_v2/matrixpilot/mavlink_msg_serial_udb_extra_f4.h\n'}
[6.787698] (stm32_mavlink_interface) StdoutLine: {'line': b'-- Up-to-date: /home/a/ws_moveit2/install/stm32_mavlink_interface/include/mavlink/c_library_v2/matrixpilot/mavlink_msg_flexifunction_buffer_function_ack.h\n'}
[6.787723] (stm32_mavlink_interface) StdoutLine: {'line': b'-- Up-to-date: /home/a/ws_moveit2/install/stm32_mavlink_interface/include/mavlink/c_library_v2/matrixpilot/mavlink_msg_flexifunction_directory.h\n'}
[6.787748] (stm32_mavlink_interface) StdoutLine: {'line': b'-- Up-to-date: /home/a/ws_moveit2/install/stm32_mavlink_interface/include/mavlink/c_library_v2/matrixpilot/mavlink_msg_serial_udb_extra_f18.h\n'}
[6.787774] (stm32_mavlink_interface) StdoutLine: {'line': b'-- Up-to-date: /home/a/ws_moveit2/install/stm32_mavlink_interface/include/mavlink/c_library_v2/matrixpilot/mavlink_msg_flexifunction_read_req.h\n'}
[6.787800] (stm32_mavlink_interface) StdoutLine: {'line': b'-- Up-to-date: /home/a/ws_moveit2/install/stm32_mavlink_interface/include/mavlink/c_library_v2/matrixpilot/mavlink_msg_flexifunction_directory_ack.h\n'}
[6.787828] (stm32_mavlink_interface) StdoutLine: {'line': b'-- Up-to-date: /home/a/ws_moveit2/install/stm32_mavlink_interface/include/mavlink/c_library_v2/matrixpilot/mavlink_msg_serial_udb_extra_f6.h\n'}
[6.787852] (stm32_mavlink_interface) StdoutLine: {'line': b'-- Up-to-date: /home/a/ws_moveit2/install/stm32_mavlink_interface/include/mavlink/c_library_v2/matrixpilot/mavlink_msg_serial_udb_extra_f21.h\n'}
[6.787879] (stm32_mavlink_interface) StdoutLine: {'line': b'-- Up-to-date: /home/a/ws_moveit2/install/stm32_mavlink_interface/include/mavlink/c_library_v2/matrixpilot/version.h\n'}
[6.787903] (stm32_mavlink_interface) StdoutLine: {'line': b'-- Up-to-date: /home/a/ws_moveit2/install/stm32_mavlink_interface/include/mavlink/c_library_v2/matrixpilot/mavlink_msg_serial_udb_extra_f14.h\n'}
[6.787928] (stm32_mavlink_interface) StdoutLine: {'line': b'-- Up-to-date: /home/a/ws_moveit2/install/stm32_mavlink_interface/include/mavlink/c_library_v2/matrixpilot/mavlink_msg_serial_udb_extra_f13.h\n'}
[6.787953] (stm32_mavlink_interface) StdoutLine: {'line': b'-- Up-to-date: /home/a/ws_moveit2/install/stm32_mavlink_interface/include/mavlink/c_library_v2/matrixpilot/mavlink_msg_serial_udb_extra_f2_b.h\n'}
[6.787978] (stm32_mavlink_interface) StdoutLine: {'line': b'-- Up-to-date: /home/a/ws_moveit2/install/stm32_mavlink_interface/include/mavlink/c_library_v2/matrixpilot/mavlink_msg_serial_udb_extra_f8.h\n'}
[6.788002] (stm32_mavlink_interface) StdoutLine: {'line': b'-- Up-to-date: /home/a/ws_moveit2/install/stm32_mavlink_interface/include/mavlink/c_library_v2/matrixpilot/mavlink_msg_flexifunction_command_ack.h\n'}
[6.788027] (stm32_mavlink_interface) StdoutLine: {'line': b'-- Up-to-date: /home/a/ws_moveit2/install/stm32_mavlink_interface/include/mavlink/c_library_v2/matrixpilot/mavlink_msg_serial_udb_extra_f16.h\n'}
[6.788057] (stm32_mavlink_interface) StdoutLine: {'line': b'-- Up-to-date: /home/a/ws_moveit2/install/stm32_mavlink_interface/include/mavlink/c_library_v2/matrixpilot/mavlink_msg_serial_udb_extra_f2_a.h\n'}
[6.788085] (stm32_mavlink_interface) StdoutLine: {'line': b'-- Up-to-date: /home/a/ws_moveit2/install/stm32_mavlink_interface/include/mavlink/c_library_v2/matrixpilot/mavlink_msg_serial_udb_extra_f19.h\n'}
[6.788111] (stm32_mavlink_interface) StdoutLine: {'line': b'-- Up-to-date: /home/a/ws_moveit2/install/stm32_mavlink_interface/include/mavlink/c_library_v2/matrixpilot/mavlink_msg_flexifunction_command.h\n'}
[6.788245] (stm32_mavlink_interface) StdoutLine: {'line': b'-- Up-to-date: /home/a/ws_moveit2/install/stm32_mavlink_interface/include/mavlink/c_library_v2/matrixpilot/mavlink_msg_serial_udb_extra_f15.h\n'}
[6.788273] (stm32_mavlink_interface) StdoutLine: {'line': b'-- Up-to-date: /home/a/ws_moveit2/install/stm32_mavlink_interface/include/mavlink/c_library_v2/matrixpilot/testsuite.h\n'}
[6.788299] (stm32_mavlink_interface) StdoutLine: {'line': b'-- Up-to-date: /home/a/ws_moveit2/install/stm32_mavlink_interface/include/mavlink/c_library_v2/matrixpilot/mavlink_msg_altitudes.h\n'}
[6.788325] (stm32_mavlink_interface) StdoutLine: {'line': b'-- Up-to-date: /home/a/ws_moveit2/install/stm32_mavlink_interface/include/mavlink/c_library_v2/matrixpilot/mavlink.h\n'}
[6.788350] (stm32_mavlink_interface) StdoutLine: {'line': b'-- Up-to-date: /home/a/ws_moveit2/install/stm32_mavlink_interface/include/mavlink/c_library_v2/matrixpilot/mavlink_msg_flexifunction_buffer_function.h\n'}
[6.788376] (stm32_mavlink_interface) StdoutLine: {'line': b'-- Up-to-date: /home/a/ws_moveit2/install/stm32_mavlink_interface/include/mavlink/c_library_v2/matrixpilot/mavlink_msg_flexifunction_set.h\n'}
[6.788400] (stm32_mavlink_interface) StdoutLine: {'line': b'-- Up-to-date: /home/a/ws_moveit2/install/stm32_mavlink_interface/include/mavlink/c_library_v2/matrixpilot/mavlink_msg_serial_udb_extra_f17.h\n'}
[6.788425] (stm32_mavlink_interface) StdoutLine: {'line': b'-- Up-to-date: /home/a/ws_moveit2/install/stm32_mavlink_interface/include/mavlink/c_library_v2/matrixpilot/mavlink_msg_serial_udb_extra_f22.h\n'}
[6.788508] (stm32_mavlink_interface) StdoutLine: {'line': b'-- Up-to-date: /home/a/ws_moveit2/install/stm32_mavlink_interface/include/mavlink/c_library_v2/matrixpilot/mavlink_msg_airspeeds.h\n'}
[6.788535] (stm32_mavlink_interface) StdoutLine: {'line': b'-- Up-to-date: /home/a/ws_moveit2/install/stm32_mavlink_interface/include/mavlink/c_library_v2/AVSSUAS\n'}
[6.788560] (stm32_mavlink_interface) StdoutLine: {'line': b'-- Up-to-date: /home/a/ws_moveit2/install/stm32_mavlink_interface/include/mavlink/c_library_v2/AVSSUAS/mavlink_msg_avss_drone_position.h\n'}
[6.788587] (stm32_mavlink_interface) StdoutLine: {'line': b'-- Up-to-date: /home/a/ws_moveit2/install/stm32_mavlink_interface/include/mavlink/c_library_v2/AVSSUAS/mavlink_msg_avss_drone_imu.h\n'}
[6.788612] (stm32_mavlink_interface) StdoutLine: {'line': b'-- Up-to-date: /home/a/ws_moveit2/install/stm32_mavlink_interface/include/mavlink/c_library_v2/AVSSUAS/version.h\n'}
[6.788638] (stm32_mavlink_interface) StdoutLine: {'line': b'-- Up-to-date: /home/a/ws_moveit2/install/stm32_mavlink_interface/include/mavlink/c_library_v2/AVSSUAS/AVSSUAS.h\n'}
[6.788662] (stm32_mavlink_interface) StdoutLine: {'line': b'-- Up-to-date: /home/a/ws_moveit2/install/stm32_mavlink_interface/include/mavlink/c_library_v2/AVSSUAS/mavlink_msg_avss_prs_sys_status.h\n'}
[6.788687] (stm32_mavlink_interface) StdoutLine: {'line': b'-- Up-to-date: /home/a/ws_moveit2/install/stm32_mavlink_interface/include/mavlink/c_library_v2/AVSSUAS/testsuite.h\n'}
[6.788711] (stm32_mavlink_interface) StdoutLine: {'line': b'-- Up-to-date: /home/a/ws_moveit2/install/stm32_mavlink_interface/include/mavlink/c_library_v2/AVSSUAS/mavlink_msg_avss_drone_operation_mode.h\n'}
[6.788736] (stm32_mavlink_interface) StdoutLine: {'line': b'-- Up-to-date: /home/a/ws_moveit2/install/stm32_mavlink_interface/include/mavlink/c_library_v2/AVSSUAS/mavlink.h\n'}
[6.788761] (stm32_mavlink_interface) StdoutLine: {'line': b'-- Up-to-date: /home/a/ws_moveit2/install/stm32_mavlink_interface/include/mavlink/c_library_v2/cubepilot\n'}
[6.788787] (stm32_mavlink_interface) StdoutLine: {'line': b'-- Up-to-date: /home/a/ws_moveit2/install/stm32_mavlink_interface/include/mavlink/c_library_v2/cubepilot/mavlink_msg_cubepilot_firmware_update_start.h\n'}
[6.788811] (stm32_mavlink_interface) StdoutLine: {'line': b'-- Up-to-date: /home/a/ws_moveit2/install/stm32_mavlink_interface/include/mavlink/c_library_v2/cubepilot/cubepilot.h\n'}
[6.788837] (stm32_mavlink_interface) StdoutLine: {'line': b'-- Up-to-date: /home/a/ws_moveit2/install/stm32_mavlink_interface/include/mavlink/c_library_v2/cubepilot/version.h\n'}
[6.788862] (stm32_mavlink_interface) StdoutLine: {'line': b'-- Up-to-date: /home/a/ws_moveit2/install/stm32_mavlink_interface/include/mavlink/c_library_v2/cubepilot/mavlink_msg_cubepilot_raw_rc.h\n'}
[6.788887] (stm32_mavlink_interface) StdoutLine: {'line': b'-- Up-to-date: /home/a/ws_moveit2/install/stm32_mavlink_interface/include/mavlink/c_library_v2/cubepilot/mavlink_msg_cubepilot_firmware_update_resp.h\n'}
[6.788912] (stm32_mavlink_interface) StdoutLine: {'line': b'-- Up-to-date: /home/a/ws_moveit2/install/stm32_mavlink_interface/include/mavlink/c_library_v2/cubepilot/mavlink_msg_herelink_video_stream_information.h\n'}
[6.788937] (stm32_mavlink_interface) StdoutLine: {'line': b'-- Up-to-date: /home/a/ws_moveit2/install/stm32_mavlink_interface/include/mavlink/c_library_v2/cubepilot/testsuite.h\n'}
[6.788962] (stm32_mavlink_interface) StdoutLine: {'line': b'-- Up-to-date: /home/a/ws_moveit2/install/stm32_mavlink_interface/include/mavlink/c_library_v2/cubepilot/mavlink.h\n'}
[6.788986] (stm32_mavlink_interface) StdoutLine: {'line': b'-- Up-to-date: /home/a/ws_moveit2/install/stm32_mavlink_interface/include/mavlink/c_library_v2/cubepilot/mavlink_msg_herelink_telem.h\n'}
[6.789011] (stm32_mavlink_interface) StdoutLine: {'line': b'-- Up-to-date: /home/a/ws_moveit2/install/stm32_mavlink_interface/include/mavlink/c_library_v2/mavlink_sha256.h\n'}
[6.789035] (stm32_mavlink_interface) StdoutLine: {'line': b'-- Up-to-date: /home/a/ws_moveit2/install/stm32_mavlink_interface/include/mavlink/c_library_v2/icarous\n'}
[6.789124] (stm32_mavlink_interface) StdoutLine: {'line': b'-- Up-to-date: /home/a/ws_moveit2/install/stm32_mavlink_interface/include/mavlink/c_library_v2/icarous/version.h\n'}
[6.789150] (stm32_mavlink_interface) StdoutLine: {'line': b'-- Up-to-date: /home/a/ws_moveit2/install/stm32_mavlink_interface/include/mavlink/c_library_v2/icarous/mavlink_msg_icarous_heartbeat.h\n'}
[6.789175] (stm32_mavlink_interface) StdoutLine: {'line': b'-- Up-to-date: /home/a/ws_moveit2/install/stm32_mavlink_interface/include/mavlink/c_library_v2/icarous/icarous.h\n'}
[6.789202] (stm32_mavlink_interface) StdoutLine: {'line': b'-- Up-to-date: /home/a/ws_moveit2/install/stm32_mavlink_interface/include/mavlink/c_library_v2/icarous/mavlink_msg_icarous_kinematic_bands.h\n'}
[6.789228] (stm32_mavlink_interface) StdoutLine: {'line': b'-- Up-to-date: /home/a/ws_moveit2/install/stm32_mavlink_interface/include/mavlink/c_library_v2/icarous/testsuite.h\n'}
[6.789252] (stm32_mavlink_interface) StdoutLine: {'line': b'-- Up-to-date: /home/a/ws_moveit2/install/stm32_mavlink_interface/include/mavlink/c_library_v2/icarous/mavlink.h\n'}
[6.789276] (stm32_mavlink_interface) StdoutLine: {'line': b'-- Up-to-date: /home/a/ws_moveit2/install/stm32_mavlink_interface/include/mavlink/c_library_v2/minimal\n'}
[6.789301] (stm32_mavlink_interface) StdoutLine: {'line': b'-- Up-to-date: /home/a/ws_moveit2/install/stm32_mavlink_interface/include/mavlink/c_library_v2/minimal/minimal.h\n'}
[6.789325] (stm32_mavlink_interface) StdoutLine: {'line': b'-- Up-to-date: /home/a/ws_moveit2/install/stm32_mavlink_interface/include/mavlink/c_library_v2/minimal/version.h\n'}
[6.789349] (stm32_mavlink_interface) StdoutLine: {'line': b'-- Up-to-date: /home/a/ws_moveit2/install/stm32_mavlink_interface/include/mavlink/c_library_v2/minimal/testsuite.h\n'}
[6.789373] (stm32_mavlink_interface) StdoutLine: {'line': b'-- Up-to-date: /home/a/ws_moveit2/install/stm32_mavlink_interface/include/mavlink/c_library_v2/minimal/mavlink.h\n'}
[6.789397] (stm32_mavlink_interface) StdoutLine: {'line': b'-- Up-to-date: /home/a/ws_moveit2/install/stm32_mavlink_interface/include/mavlink/c_library_v2/minimal/mavlink_msg_protocol_version.h\n'}
[6.789424] (stm32_mavlink_interface) StdoutLine: {'line': b'-- Up-to-date: /home/a/ws_moveit2/install/stm32_mavlink_interface/include/mavlink/c_library_v2/minimal/mavlink_msg_heartbeat.h\n'}
[6.789449] (stm32_mavlink_interface) StdoutLine: {'line': b'-- Up-to-date: /home/a/ws_moveit2/install/stm32_mavlink_interface/include/mavlink/c_library_v2/ASLUAV\n'}
[6.789474] (stm32_mavlink_interface) StdoutLine: {'line': b'-- Up-to-date: /home/a/ws_moveit2/install/stm32_mavlink_interface/include/mavlink/c_library_v2/ASLUAV/mavlink_msg_gsm_link_status.h\n'}
[6.789499] (stm32_mavlink_interface) StdoutLine: {'line': b'-- Up-to-date: /home/a/ws_moveit2/install/stm32_mavlink_interface/include/mavlink/c_library_v2/ASLUAV/mavlink_msg_sens_power.h\n'}
[6.789523] (stm32_mavlink_interface) StdoutLine: {'line': b'-- Up-to-date: /home/a/ws_moveit2/install/stm32_mavlink_interface/include/mavlink/c_library_v2/ASLUAV/ASLUAV.h\n'}
[6.789548] (stm32_mavlink_interface) StdoutLine: {'line': b'-- Up-to-date: /home/a/ws_moveit2/install/stm32_mavlink_interface/include/mavlink/c_library_v2/ASLUAV/mavlink_msg_sensor_airflow_angles.h\n'}
[6.789573] (stm32_mavlink_interface) StdoutLine: {'line': b'-- Up-to-date: /home/a/ws_moveit2/install/stm32_mavlink_interface/include/mavlink/c_library_v2/ASLUAV/mavlink_msg_satcom_link_status.h\n'}
[6.789598] (stm32_mavlink_interface) StdoutLine: {'line': b'-- Up-to-date: /home/a/ws_moveit2/install/stm32_mavlink_interface/include/mavlink/c_library_v2/ASLUAV/mavlink_msg_fw_soaring_data.h\n'}
[6.789623] (stm32_mavlink_interface) StdoutLine: {'line': b'-- Up-to-date: /home/a/ws_moveit2/install/stm32_mavlink_interface/include/mavlink/c_library_v2/ASLUAV/mavlink_msg_sens_power_board.h\n'}
[6.789648] (stm32_mavlink_interface) StdoutLine: {'line': b'-- Up-to-date: /home/a/ws_moveit2/install/stm32_mavlink_interface/include/mavlink/c_library_v2/ASLUAV/mavlink_msg_sens_batmon.h\n'}
[6.789674] (stm32_mavlink_interface) StdoutLine: {'line': b'-- Up-to-date: /home/a/ws_moveit2/install/stm32_mavlink_interface/include/mavlink/c_library_v2/ASLUAV/mavlink_msg_aslctrl_data.h\n'}
[6.789699] (stm32_mavlink_interface) StdoutLine: {'line': b'-- Up-to-date: /home/a/ws_moveit2/install/stm32_mavlink_interface/include/mavlink/c_library_v2/ASLUAV/version.h\n'}
[6.789723] (stm32_mavlink_interface) StdoutLine: {'line': b'-- Up-to-date: /home/a/ws_moveit2/install/stm32_mavlink_interface/include/mavlink/c_library_v2/ASLUAV/mavlink_msg_command_long_stamped.h\n'}
[6.789749] (stm32_mavlink_interface) StdoutLine: {'line': b'-- Up-to-date: /home/a/ws_moveit2/install/stm32_mavlink_interface/include/mavlink/c_library_v2/ASLUAV/mavlink_msg_sens_atmos.h\n'}
[6.789774] (stm32_mavlink_interface) StdoutLine: {'line': b'-- Up-to-date: /home/a/ws_moveit2/install/stm32_mavlink_interface/include/mavlink/c_library_v2/ASLUAV/mavlink_msg_aslctrl_debug.h\n'}
[6.789798] (stm32_mavlink_interface) StdoutLine: {'line': b'-- Up-to-date: /home/a/ws_moveit2/install/stm32_mavlink_interface/include/mavlink/c_library_v2/ASLUAV/testsuite.h\n'}
[6.789823] (stm32_mavlink_interface) StdoutLine: {'line': b'-- Up-to-date: /home/a/ws_moveit2/install/stm32_mavlink_interface/include/mavlink/c_library_v2/ASLUAV/mavlink_msg_asluav_status.h\n'}
[6.789847] (stm32_mavlink_interface) StdoutLine: {'line': b'-- Up-to-date: /home/a/ws_moveit2/install/stm32_mavlink_interface/include/mavlink/c_library_v2/ASLUAV/mavlink_msg_ekf_ext.h\n'}
[6.789872] (stm32_mavlink_interface) StdoutLine: {'line': b'-- Up-to-date: /home/a/ws_moveit2/install/stm32_mavlink_interface/include/mavlink/c_library_v2/ASLUAV/mavlink_msg_sensorpod_status.h\n'}
[6.789951] (stm32_mavlink_interface) StdoutLine: {'line': b'-- Up-to-date: /home/a/ws_moveit2/install/stm32_mavlink_interface/include/mavlink/c_library_v2/ASLUAV/mavlink.h\n'}
[6.789977] (stm32_mavlink_interface) StdoutLine: {'line': b'-- Up-to-date: /home/a/ws_moveit2/install/stm32_mavlink_interface/include/mavlink/c_library_v2/ASLUAV/mavlink_msg_asl_obctrl.h\n'}
[6.790002] (stm32_mavlink_interface) StdoutLine: {'line': b'-- Up-to-date: /home/a/ws_moveit2/install/stm32_mavlink_interface/include/mavlink/c_library_v2/ASLUAV/mavlink_msg_sens_mppt.h\n'}
[6.790026] (stm32_mavlink_interface) StdoutLine: {'line': b'-- Up-to-date: /home/a/ws_moveit2/install/stm32_mavlink_interface/include/mavlink/c_library_v2/ASLUAV/mavlink_msg_command_int_stamped.h\n'}
[6.790055] (stm32_mavlink_interface) StdoutLine: {'line': b'-- Up-to-date: /home/a/ws_moveit2/install/stm32_mavlink_interface/include/mavlink/c_library_v2/mavlink_types.h\n'}
[6.790143] (stm32_mavlink_interface) StdoutLine: {'line': b'-- Up-to-date: /home/a/ws_moveit2/install/stm32_mavlink_interface/include/mavlink/c_library_v2/csAirLink\n'}
[6.790169] (stm32_mavlink_interface) StdoutLine: {'line': b'-- Up-to-date: /home/a/ws_moveit2/install/stm32_mavlink_interface/include/mavlink/c_library_v2/csAirLink/csAirLink.h\n'}
[6.790194] (stm32_mavlink_interface) StdoutLine: {'line': b'-- Up-to-date: /home/a/ws_moveit2/install/stm32_mavlink_interface/include/mavlink/c_library_v2/csAirLink/mavlink_msg_airlink_auth_response.h\n'}
[6.790220] (stm32_mavlink_interface) StdoutLine: {'line': b'-- Up-to-date: /home/a/ws_moveit2/install/stm32_mavlink_interface/include/mavlink/c_library_v2/csAirLink/version.h\n'}
[6.790245] (stm32_mavlink_interface) StdoutLine: {'line': b'-- Up-to-date: /home/a/ws_moveit2/install/stm32_mavlink_interface/include/mavlink/c_library_v2/csAirLink/testsuite.h\n'}
[6.790359] (stm32_mavlink_interface) StdoutLine: {'line': b'-- Up-to-date: /home/a/ws_moveit2/install/stm32_mavlink_interface/include/mavlink/c_library_v2/csAirLink/mavlink.h\n'}
[6.790385] (stm32_mavlink_interface) StdoutLine: {'line': b'-- Up-to-date: /home/a/ws_moveit2/install/stm32_mavlink_interface/include/mavlink/c_library_v2/csAirLink/mavlink_msg_airlink_auth.h\n'}
[6.790430] (stm32_mavlink_interface) StdoutLine: {'line': b'-- Up-to-date: /home/a/ws_moveit2/install/stm32_mavlink_interface/include/mavlink/c_library_v2/marsh\n'}
[6.790457] (stm32_mavlink_interface) StdoutLine: {'line': b'-- Up-to-date: /home/a/ws_moveit2/install/stm32_mavlink_interface/include/mavlink/c_library_v2/marsh/mavlink_msg_eye_tracking_data.h\n'}
[6.790483] (stm32_mavlink_interface) StdoutLine: {'line': b'-- Up-to-date: /home/a/ws_moveit2/install/stm32_mavlink_interface/include/mavlink/c_library_v2/marsh/mavlink_msg_control_loading_axis.h\n'}
[6.790508] (stm32_mavlink_interface) StdoutLine: {'line': b'-- Up-to-date: /home/a/ws_moveit2/install/stm32_mavlink_interface/include/mavlink/c_library_v2/marsh/mavlink_msg_rexroth_motion_platform.h\n'}
[6.790533] (stm32_mavlink_interface) StdoutLine: {'line': b'-- Up-to-date: /home/a/ws_moveit2/install/stm32_mavlink_interface/include/mavlink/c_library_v2/marsh/mavlink_msg_motion_cue_extra.h\n'}
[6.790558] (stm32_mavlink_interface) StdoutLine: {'line': b'-- Up-to-date: /home/a/ws_moveit2/install/stm32_mavlink_interface/include/mavlink/c_library_v2/marsh/mavlink_msg_motion_platform_state.h\n'}
[6.790583] (stm32_mavlink_interface) StdoutLine: {'line': b'-- Up-to-date: /home/a/ws_moveit2/install/stm32_mavlink_interface/include/mavlink/c_library_v2/marsh/marsh.h\n'}
[6.790608] (stm32_mavlink_interface) StdoutLine: {'line': b'-- Up-to-date: /home/a/ws_moveit2/install/stm32_mavlink_interface/include/mavlink/c_library_v2/marsh/version.h\n'}
[6.790632] (stm32_mavlink_interface) StdoutLine: {'line': b'-- Up-to-date: /home/a/ws_moveit2/install/stm32_mavlink_interface/include/mavlink/c_library_v2/marsh/testsuite.h\n'}
[6.790656] (stm32_mavlink_interface) StdoutLine: {'line': b'-- Up-to-date: /home/a/ws_moveit2/install/stm32_mavlink_interface/include/mavlink/c_library_v2/marsh/mavlink.h\n'}
[6.790681] (stm32_mavlink_interface) StdoutLine: {'line': b'-- Up-to-date: /home/a/ws_moveit2/install/stm32_mavlink_interface/include/mavlink/c_library_v2/python_array_test\n'}
[6.790705] (stm32_mavlink_interface) StdoutLine: {'line': b'-- Up-to-date: /home/a/ws_moveit2/install/stm32_mavlink_interface/include/mavlink/c_library_v2/python_array_test/mavlink_msg_array_test_1.h\n'}
[6.790730] (stm32_mavlink_interface) StdoutLine: {'line': b'-- Up-to-date: /home/a/ws_moveit2/install/stm32_mavlink_interface/include/mavlink/c_library_v2/python_array_test/mavlink_msg_array_test_0.h\n'}
[6.790755] (stm32_mavlink_interface) StdoutLine: {'line': b'-- Up-to-date: /home/a/ws_moveit2/install/stm32_mavlink_interface/include/mavlink/c_library_v2/python_array_test/mavlink_msg_array_test_6.h\n'}
[6.790780] (stm32_mavlink_interface) StdoutLine: {'line': b'-- Up-to-date: /home/a/ws_moveit2/install/stm32_mavlink_interface/include/mavlink/c_library_v2/python_array_test/mavlink_msg_array_test_8.h\n'}
[6.790806] (stm32_mavlink_interface) StdoutLine: {'line': b'-- Up-to-date: /home/a/ws_moveit2/install/stm32_mavlink_interface/include/mavlink/c_library_v2/python_array_test/mavlink_msg_array_test_7.h\n'}
[6.790832] (stm32_mavlink_interface) StdoutLine: {'line': b'-- Up-to-date: /home/a/ws_moveit2/install/stm32_mavlink_interface/include/mavlink/c_library_v2/python_array_test/version.h\n'}
[6.790856] (stm32_mavlink_interface) StdoutLine: {'line': b'-- Up-to-date: /home/a/ws_moveit2/install/stm32_mavlink_interface/include/mavlink/c_library_v2/python_array_test/mavlink_msg_array_test_4.h\n'}
[6.790882] (stm32_mavlink_interface) StdoutLine: {'line': b'-- Up-to-date: /home/a/ws_moveit2/install/stm32_mavlink_interface/include/mavlink/c_library_v2/python_array_test/testsuite.h\n'}
[6.790907] (stm32_mavlink_interface) StdoutLine: {'line': b'-- Up-to-date: /home/a/ws_moveit2/install/stm32_mavlink_interface/include/mavlink/c_library_v2/python_array_test/mavlink_msg_array_test_5.h\n'}
[6.790932] (stm32_mavlink_interface) StdoutLine: {'line': b'-- Up-to-date: /home/a/ws_moveit2/install/stm32_mavlink_interface/include/mavlink/c_library_v2/python_array_test/mavlink.h\n'}
[6.790957] (stm32_mavlink_interface) StdoutLine: {'line': b'-- Up-to-date: /home/a/ws_moveit2/install/stm32_mavlink_interface/include/mavlink/c_library_v2/python_array_test/python_array_test.h\n'}
[6.790983] (stm32_mavlink_interface) StdoutLine: {'line': b'-- Up-to-date: /home/a/ws_moveit2/install/stm32_mavlink_interface/include/mavlink/c_library_v2/python_array_test/mavlink_msg_array_test_3.h\n'}
[6.791008] (stm32_mavlink_interface) StdoutLine: {'line': b'-- Up-to-date: /home/a/ws_moveit2/install/stm32_mavlink_interface/include/mavlink/c_library_v2/loweheiser\n'}
[6.791033] (stm32_mavlink_interface) StdoutLine: {'line': b'-- Up-to-date: /home/a/ws_moveit2/install/stm32_mavlink_interface/include/mavlink/c_library_v2/loweheiser/loweheiser.h\n'}
[6.791074] (stm32_mavlink_interface) StdoutLine: {'line': b'-- Up-to-date: /home/a/ws_moveit2/install/stm32_mavlink_interface/include/mavlink/c_library_v2/loweheiser/version.h\n'}
[6.791100] (stm32_mavlink_interface) StdoutLine: {'line': b'-- Up-to-date: /home/a/ws_moveit2/install/stm32_mavlink_interface/include/mavlink/c_library_v2/loweheiser/testsuite.h\n'}
[6.791125] (stm32_mavlink_interface) StdoutLine: {'line': b'-- Up-to-date: /home/a/ws_moveit2/install/stm32_mavlink_interface/include/mavlink/c_library_v2/loweheiser/mavlink_msg_loweheiser_gov_efi.h\n'}
[6.791151] (stm32_mavlink_interface) StdoutLine: {'line': b'-- Up-to-date: /home/a/ws_moveit2/install/stm32_mavlink_interface/include/mavlink/c_library_v2/loweheiser/mavlink.h\n'}
[6.791175] (stm32_mavlink_interface) StdoutLine: {'line': b'-- Up-to-date: /home/a/ws_moveit2/install/stm32_mavlink_interface/include/mavlink/c_library_v2/message_definitions\n'}
[6.791228] (stm32_mavlink_interface) StdoutLine: {'line': b'-- Up-to-date: /home/a/ws_moveit2/install/stm32_mavlink_interface/include/mavlink/c_library_v2/message_definitions/development.xml\n'}
[6.791252] (stm32_mavlink_interface) StdoutLine: {'line': b'-- Up-to-date: /home/a/ws_moveit2/install/stm32_mavlink_interface/include/mavlink/c_library_v2/message_definitions/cubepilot.xml\n'}
[6.791275] (stm32_mavlink_interface) StdoutLine: {'line': b'-- Up-to-date: /home/a/ws_moveit2/install/stm32_mavlink_interface/include/mavlink/c_library_v2/message_definitions/AVSSUAS.xml\n'}
[6.791297] (stm32_mavlink_interface) StdoutLine: {'line': b'-- Up-to-date: /home/a/ws_moveit2/install/stm32_mavlink_interface/include/mavlink/c_library_v2/message_definitions/icarous.xml\n'}
[6.791320] (stm32_mavlink_interface) StdoutLine: {'line': b'-- Up-to-date: /home/a/ws_moveit2/install/stm32_mavlink_interface/include/mavlink/c_library_v2/message_definitions/marsh.xml\n'}
[6.791342] (stm32_mavlink_interface) StdoutLine: {'line': b'-- Up-to-date: /home/a/ws_moveit2/install/stm32_mavlink_interface/include/mavlink/c_library_v2/message_definitions/all.xml\n'}
[6.791365] (stm32_mavlink_interface) StdoutLine: {'line': b'-- Up-to-date: /home/a/ws_moveit2/install/stm32_mavlink_interface/include/mavlink/c_library_v2/message_definitions/paparazzi.xml\n'}
[6.791387] (stm32_mavlink_interface) StdoutLine: {'line': b'-- Up-to-date: /home/a/ws_moveit2/install/stm32_mavlink_interface/include/mavlink/c_library_v2/message_definitions/ualberta.xml\n'}
[6.791410] (stm32_mavlink_interface) StdoutLine: {'line': b'-- Up-to-date: /home/a/ws_moveit2/install/stm32_mavlink_interface/include/mavlink/c_library_v2/message_definitions/ardupilotmega.xml\n'}
[6.791433] (stm32_mavlink_interface) StdoutLine: {'line': b'-- Up-to-date: /home/a/ws_moveit2/install/stm32_mavlink_interface/include/mavlink/c_library_v2/message_definitions/test.xml\n'}
[6.791455] (stm32_mavlink_interface) StdoutLine: {'line': b'-- Up-to-date: /home/a/ws_moveit2/install/stm32_mavlink_interface/include/mavlink/c_library_v2/message_definitions/matrixpilot.xml\n'}
[6.791480] (stm32_mavlink_interface) StdoutLine: {'line': b'-- Up-to-date: /home/a/ws_moveit2/install/stm32_mavlink_interface/include/mavlink/c_library_v2/message_definitions/common.xml\n'}
[6.791503] (stm32_mavlink_interface) StdoutLine: {'line': b'-- Up-to-date: /home/a/ws_moveit2/install/stm32_mavlink_interface/include/mavlink/c_library_v2/message_definitions/python_array_test.xml\n'}
[6.791526] (stm32_mavlink_interface) StdoutLine: {'line': b'-- Up-to-date: /home/a/ws_moveit2/install/stm32_mavlink_interface/include/mavlink/c_library_v2/message_definitions/ASLUAV.xml\n'}
[6.791550] (stm32_mavlink_interface) StdoutLine: {'line': b'-- Up-to-date: /home/a/ws_moveit2/install/stm32_mavlink_interface/include/mavlink/c_library_v2/message_definitions/csAirLink.xml\n'}
[6.791573] (stm32_mavlink_interface) StdoutLine: {'line': b'-- Up-to-date: /home/a/ws_moveit2/install/stm32_mavlink_interface/include/mavlink/c_library_v2/message_definitions/storm32.xml\n'}
[6.791598] (stm32_mavlink_interface) StdoutLine: {'line': b'-- Up-to-date: /home/a/ws_moveit2/install/stm32_mavlink_interface/include/mavlink/c_library_v2/message_definitions/loweheiser.xml\n'}
[6.791625] (stm32_mavlink_interface) StdoutLine: {'line': b'-- Up-to-date: /home/a/ws_moveit2/install/stm32_mavlink_interface/include/mavlink/c_library_v2/message_definitions/standard.xml\n'}
[6.791648] (stm32_mavlink_interface) StdoutLine: {'line': b'-- Up-to-date: /home/a/ws_moveit2/install/stm32_mavlink_interface/include/mavlink/c_library_v2/message_definitions/uAvionix.xml\n'}
[6.791672] (stm32_mavlink_interface) StdoutLine: {'line': b'-- Up-to-date: /home/a/ws_moveit2/install/stm32_mavlink_interface/include/mavlink/c_library_v2/message_definitions/minimal.xml\n'}
[6.791695] (stm32_mavlink_interface) StdoutLine: {'line': b'-- Up-to-date: /home/a/ws_moveit2/install/stm32_mavlink_interface/include/mavlink/c_library_v2/all\n'}
[6.791719] (stm32_mavlink_interface) StdoutLine: {'line': b'-- Up-to-date: /home/a/ws_moveit2/install/stm32_mavlink_interface/include/mavlink/c_library_v2/all/all.h\n'}
[6.791743] (stm32_mavlink_interface) StdoutLine: {'line': b'-- Up-to-date: /home/a/ws_moveit2/install/stm32_mavlink_interface/include/mavlink/c_library_v2/all/version.h\n'}
[6.791768] (stm32_mavlink_interface) StdoutLine: {'line': b'-- Up-to-date: /home/a/ws_moveit2/install/stm32_mavlink_interface/include/mavlink/c_library_v2/all/testsuite.h\n'}
[6.791790] (stm32_mavlink_interface) StdoutLine: {'line': b'-- Up-to-date: /home/a/ws_moveit2/install/stm32_mavlink_interface/include/mavlink/c_library_v2/all/mavlink.h\n'}
[6.791812] (stm32_mavlink_interface) StdoutLine: {'line': b'-- Up-to-date: /home/a/ws_moveit2/install/stm32_mavlink_interface/include/mavlink/c_library_v2/mavlink_conversions.h\n'}
[6.791833] (stm32_mavlink_interface) StdoutLine: {'line': b'-- Up-to-date: /home/a/ws_moveit2/install/stm32_mavlink_interface/include/mavlink/c_library_v2/ualberta\n'}
[6.791855] (stm32_mavlink_interface) StdoutLine: {'line': b'-- Up-to-date: /home/a/ws_moveit2/install/stm32_mavlink_interface/include/mavlink/c_library_v2/ualberta/ualberta.h\n'}
[6.791877] (stm32_mavlink_interface) StdoutLine: {'line': b'-- Up-to-date: /home/a/ws_moveit2/install/stm32_mavlink_interface/include/mavlink/c_library_v2/ualberta/mavlink_msg_nav_filter_bias.h\n'}
[6.791901] (stm32_mavlink_interface) StdoutLine: {'line': b'-- Up-to-date: /home/a/ws_moveit2/install/stm32_mavlink_interface/include/mavlink/c_library_v2/ualberta/mavlink_msg_radio_calibration.h\n'}
[6.791923] (stm32_mavlink_interface) StdoutLine: {'line': b'-- Up-to-date: /home/a/ws_moveit2/install/stm32_mavlink_interface/include/mavlink/c_library_v2/ualberta/version.h\n'}
[6.791946] (stm32_mavlink_interface) StdoutLine: {'line': b'-- Up-to-date: /home/a/ws_moveit2/install/stm32_mavlink_interface/include/mavlink/c_library_v2/ualberta/mavlink_msg_ualberta_sys_status.h\n'}
[6.791969] (stm32_mavlink_interface) StdoutLine: {'line': b'-- Up-to-date: /home/a/ws_moveit2/install/stm32_mavlink_interface/include/mavlink/c_library_v2/ualberta/testsuite.h\n'}
[6.791991] (stm32_mavlink_interface) StdoutLine: {'line': b'-- Up-to-date: /home/a/ws_moveit2/install/stm32_mavlink_interface/include/mavlink/c_library_v2/ualberta/mavlink.h\n'}
[6.792013] (stm32_mavlink_interface) StdoutLine: {'line': b'-- Up-to-date: /home/a/ws_moveit2/install/stm32_mavlink_interface/include/mavlink/c_library_v2/test\n'}
[6.792034] (stm32_mavlink_interface) StdoutLine: {'line': b'-- Up-to-date: /home/a/ws_moveit2/install/stm32_mavlink_interface/include/mavlink/c_library_v2/test/mavlink_msg_test_types.h\n'}
[6.792068] (stm32_mavlink_interface) StdoutLine: {'line': b'-- Up-to-date: /home/a/ws_moveit2/install/stm32_mavlink_interface/include/mavlink/c_library_v2/test/test.h\n'}
[6.792093] (stm32_mavlink_interface) StdoutLine: {'line': b'-- Up-to-date: /home/a/ws_moveit2/install/stm32_mavlink_interface/include/mavlink/c_library_v2/test/version.h\n'}
[6.792118] (stm32_mavlink_interface) StdoutLine: {'line': b'-- Up-to-date: /home/a/ws_moveit2/install/stm32_mavlink_interface/include/mavlink/c_library_v2/test/testsuite.h\n'}
[6.792182] (stm32_mavlink_interface) StdoutLine: {'line': b'-- Up-to-date: /home/a/ws_moveit2/install/stm32_mavlink_interface/include/mavlink/c_library_v2/test/mavlink.h\n'}
[6.792207] (stm32_mavlink_interface) StdoutLine: {'line': b'-- Up-to-date: /home/a/ws_moveit2/install/stm32_mavlink_interface/include/mavlink/c_library_v2/storm32\n'}
[6.792265] (stm32_mavlink_interface) StdoutLine: {'line': b'-- Up-to-date: /home/a/ws_moveit2/install/stm32_mavlink_interface/include/mavlink/c_library_v2/storm32/mavlink_msg_mlrs_radio_link_flow_control.h\n'}
[6.792339] (stm32_mavlink_interface) StdoutLine: {'line': b'-- Up-to-date: /home/a/ws_moveit2/install/stm32_mavlink_interface/include/mavlink/c_library_v2/storm32/mavlink_msg_storm32_gimbal_manager_control_pitchyaw.h\n'}
[6.792367] (stm32_mavlink_interface) StdoutLine: {'line': b'-- Up-to-date: /home/a/ws_moveit2/install/stm32_mavlink_interface/include/mavlink/c_library_v2/storm32/mavlink_msg_storm32_gimbal_manager_control.h\n'}
[6.792510] (stm32_mavlink_interface) StdoutLine: {'line': b'-- Up-to-date: /home/a/ws_moveit2/install/stm32_mavlink_interface/include/mavlink/c_library_v2/storm32/mavlink_msg_qshot_status.h\n'}
[6.792679] (stm32_mavlink_interface) StdoutLine: {'line': b'-- Up-to-date: /home/a/ws_moveit2/install/stm32_mavlink_interface/include/mavlink/c_library_v2/storm32/storm32.h\n'}
[6.792711] (stm32_mavlink_interface) StdoutLine: {'line': b'-- Up-to-date: /home/a/ws_moveit2/install/stm32_mavlink_interface/include/mavlink/c_library_v2/storm32/version.h\n'}
[6.792936] (stm32_mavlink_interface) StdoutLine: {'line': b'-- Up-to-date: /home/a/ws_moveit2/install/stm32_mavlink_interface/include/mavlink/c_library_v2/storm32/mavlink_msg_mlrs_radio_link_information.h\n'}
[6.793060] (stm32_mavlink_interface) StdoutLine: {'line': b'-- Up-to-date: /home/a/ws_moveit2/install/stm32_mavlink_interface/include/mavlink/c_library_v2/storm32/mavlink_msg_storm32_gimbal_manager_status.h\n'}
[6.793090] (stm32_mavlink_interface) StdoutLine: {'line': b'-- Up-to-date: /home/a/ws_moveit2/install/stm32_mavlink_interface/include/mavlink/c_library_v2/storm32/mavlink_msg_storm32_gimbal_manager_information.h\n'}
[6.793118] (stm32_mavlink_interface) StdoutLine: {'line': b'-- Up-to-date: /home/a/ws_moveit2/install/stm32_mavlink_interface/include/mavlink/c_library_v2/storm32/mavlink_msg_param_value_array.h\n'}
[6.793145] (stm32_mavlink_interface) StdoutLine: {'line': b'-- Up-to-date: /home/a/ws_moveit2/install/stm32_mavlink_interface/include/mavlink/c_library_v2/storm32/mavlink_msg_storm32_gimbal_manager_correct_roll.h\n'}
[6.793171] (stm32_mavlink_interface) StdoutLine: {'line': b'-- Up-to-date: /home/a/ws_moveit2/install/stm32_mavlink_interface/include/mavlink/c_library_v2/storm32/testsuite.h\n'}
[6.793196] (stm32_mavlink_interface) StdoutLine: {'line': b'-- Up-to-date: /home/a/ws_moveit2/install/stm32_mavlink_interface/include/mavlink/c_library_v2/storm32/mavlink_msg_frsky_passthrough_array.h\n'}
[6.793221] (stm32_mavlink_interface) StdoutLine: {'line': b'-- Up-to-date: /home/a/ws_moveit2/install/stm32_mavlink_interface/include/mavlink/c_library_v2/storm32/mavlink_msg_autopilot_state_for_gimbal_device_ext.h\n'}
[6.793247] (stm32_mavlink_interface) StdoutLine: {'line': b'-- Up-to-date: /home/a/ws_moveit2/install/stm32_mavlink_interface/include/mavlink/c_library_v2/storm32/mavlink_msg_mlrs_radio_link_stats.h\n'}
[6.793277] (stm32_mavlink_interface) StdoutLine: {'line': b'-- Up-to-date: /home/a/ws_moveit2/install/stm32_mavlink_interface/include/mavlink/c_library_v2/storm32/mavlink.h\n'}
[6.793314] (stm32_mavlink_interface) StdoutLine: {'line': b'-- Up-to-date: /home/a/ws_moveit2/install/stm32_mavlink_interface/include/mavlink/c_library_v2/mavlink_get_info.h\n'}
[6.793341] (stm32_mavlink_interface) StdoutLine: {'line': b'-- Up-to-date: /home/a/ws_moveit2/install/stm32_mavlink_interface/include/mavlink/c_library_v2/standard\n'}
[6.793367] (stm32_mavlink_interface) StdoutLine: {'line': b'-- Up-to-date: /home/a/ws_moveit2/install/stm32_mavlink_interface/include/mavlink/c_library_v2/standard/version.h\n'}
[6.793393] (stm32_mavlink_interface) StdoutLine: {'line': b'-- Up-to-date: /home/a/ws_moveit2/install/stm32_mavlink_interface/include/mavlink/c_library_v2/standard/mavlink_msg_autopilot_version.h\n'}
[6.793422] (stm32_mavlink_interface) StdoutLine: {'line': b'-- Up-to-date: /home/a/ws_moveit2/install/stm32_mavlink_interface/include/mavlink/c_library_v2/standard/testsuite.h\n'}
[6.793449] (stm32_mavlink_interface) StdoutLine: {'line': b'-- Up-to-date: /home/a/ws_moveit2/install/stm32_mavlink_interface/include/mavlink/c_library_v2/standard/standard.h\n'}
[6.793475] (stm32_mavlink_interface) StdoutLine: {'line': b'-- Up-to-date: /home/a/ws_moveit2/install/stm32_mavlink_interface/include/mavlink/c_library_v2/standard/mavlink.h\n'}
[6.793502] (stm32_mavlink_interface) StdoutLine: {'line': b'-- Up-to-date: /home/a/ws_moveit2/install/stm32_mavlink_interface/include/mavlink/c_library_v2/ardupilotmega\n'}
[6.793528] (stm32_mavlink_interface) StdoutLine: {'line': b'-- Up-to-date: /home/a/ws_moveit2/install/stm32_mavlink_interface/include/mavlink/c_library_v2/ardupilotmega/mavlink_msg_gopro_heartbeat.h\n'}
[6.793664] (stm32_mavlink_interface) StdoutLine: {'line': b'-- Up-to-date: /home/a/ws_moveit2/install/stm32_mavlink_interface/include/mavlink/c_library_v2/ardupilotmega/mavlink_msg_mag_cal_progress.h\n'}
[6.793692] (stm32_mavlink_interface) StdoutLine: {'line': b'-- Up-to-date: /home/a/ws_moveit2/install/stm32_mavlink_interface/include/mavlink/c_library_v2/ardupilotmega/mavlink_msg_wind.h\n'}
[6.793720] (stm32_mavlink_interface) StdoutLine: {'line': b'-- Up-to-date: /home/a/ws_moveit2/install/stm32_mavlink_interface/include/mavlink/c_library_v2/ardupilotmega/mavlink_msg_set_mag_offsets.h\n'}
[6.793746] (stm32_mavlink_interface) StdoutLine: {'line': b'-- Up-to-date: /home/a/ws_moveit2/install/stm32_mavlink_interface/include/mavlink/c_library_v2/ardupilotmega/mavlink_msg_gimbal_report.h\n'}
[6.794086] (stm32_mavlink_interface) StdoutLine: {'line': b'-- Up-to-date: /home/a/ws_moveit2/install/stm32_mavlink_interface/include/mavlink/c_library_v2/ardupilotmega/mavlink_msg_mount_status.h\n'}
[6.794138] (stm32_mavlink_interface) StdoutLine: {'line': b'-- Up-to-date: /home/a/ws_moveit2/install/stm32_mavlink_interface/include/mavlink/c_library_v2/ardupilotmega/mavlink_msg_device_op_read_reply.h\n'}
[6.794406] (stm32_mavlink_interface) StdoutLine: {'line': b'-- Up-to-date: /home/a/ws_moveit2/install/stm32_mavlink_interface/include/mavlink/c_library_v2/ardupilotmega/mavlink_msg_ahrs3.h\n'}
[6.794456] (stm32_mavlink_interface) StdoutLine: {'line': b'-- Up-to-date: /home/a/ws_moveit2/install/stm32_mavlink_interface/include/mavlink/c_library_v2/ardupilotmega/mavlink_msg_esc_telemetry_5_to_8.h\n'}
[6.794496] (stm32_mavlink_interface) StdoutLine: {'line': b'-- Up-to-date: /home/a/ws_moveit2/install/stm32_mavlink_interface/include/mavlink/c_library_v2/ardupilotmega/mavlink_msg_ahrs.h\n'}
[6.794523] (stm32_mavlink_interface) StdoutLine: {'line': b'-- Up-to-date: /home/a/ws_moveit2/install/stm32_mavlink_interface/include/mavlink/c_library_v2/ardupilotmega/mavlink_msg_rally_point.h\n'}
[6.794549] (stm32_mavlink_interface) StdoutLine: {'line': b'-- Up-to-date: /home/a/ws_moveit2/install/stm32_mavlink_interface/include/mavlink/c_library_v2/ardupilotmega/mavlink_msg_obstacle_distance_3d.h\n'}
[6.794575] (stm32_mavlink_interface) StdoutLine: {'line': b'-- Up-to-date: /home/a/ws_moveit2/install/stm32_mavlink_interface/include/mavlink/c_library_v2/ardupilotmega/mavlink_msg_fence_point.h\n'}
[6.794603] (stm32_mavlink_interface) StdoutLine: {'line': b'-- Up-to-date: /home/a/ws_moveit2/install/stm32_mavlink_interface/include/mavlink/c_library_v2/ardupilotmega/mavlink_msg_esc_telemetry_9_to_12.h\n'}
[6.794639] (stm32_mavlink_interface) StdoutLine: {'line': b'-- Up-to-date: /home/a/ws_moveit2/install/stm32_mavlink_interface/include/mavlink/c_library_v2/ardupilotmega/mavlink_msg_gopro_set_response.h\n'}
[6.794674] (stm32_mavlink_interface) StdoutLine: {'line': b'-- Up-to-date: /home/a/ws_moveit2/install/stm32_mavlink_interface/include/mavlink/c_library_v2/ardupilotmega/mavlink_msg_osd_param_show_config_reply.h\n'}
[6.794784] (stm32_mavlink_interface) StdoutLine: {'line': b'-- Up-to-date: /home/a/ws_moveit2/install/stm32_mavlink_interface/include/mavlink/c_library_v2/ardupilotmega/mavlink_msg_esc_telemetry_25_to_28.h\n'}
[6.794831] (stm32_mavlink_interface) StdoutLine: {'line': b'-- Up-to-date: /home/a/ws_moveit2/install/stm32_mavlink_interface/include/mavlink/c_library_v2/ardupilotmega/mavlink_msg_water_depth.h\n'}
[6.794864] (stm32_mavlink_interface) StdoutLine: {'line': b'-- Up-to-date: /home/a/ws_moveit2/install/stm32_mavlink_interface/include/mavlink/c_library_v2/ardupilotmega/mavlink_msg_ap_adc.h\n'}
[6.794903] (stm32_mavlink_interface) StdoutLine: {'line': b'-- Up-to-date: /home/a/ws_moveit2/install/stm32_mavlink_interface/include/mavlink/c_library_v2/ardupilotmega/mavlink_msg_autopilot_version_request.h\n'}
[6.794932] (stm32_mavlink_interface) StdoutLine: {'line': b'-- Up-to-date: /home/a/ws_moveit2/install/stm32_mavlink_interface/include/mavlink/c_library_v2/ardupilotmega/mavlink_msg_led_control.h\n'}
[6.794958] (stm32_mavlink_interface) StdoutLine: {'line': b'-- Up-to-date: /home/a/ws_moveit2/install/stm32_mavlink_interface/include/mavlink/c_library_v2/ardupilotmega/mavlink_msg_camera_feedback.h\n'}
[6.794991] (stm32_mavlink_interface) StdoutLine: {'line': b'-- Up-to-date: /home/a/ws_moveit2/install/stm32_mavlink_interface/include/mavlink/c_library_v2/ardupilotmega/mavlink_msg_sensor_offsets.h\n'}
[6.795017] (stm32_mavlink_interface) StdoutLine: {'line': b'-- Up-to-date: /home/a/ws_moveit2/install/stm32_mavlink_interface/include/mavlink/c_library_v2/ardupilotmega/mavlink_msg_rally_fetch_point.h\n'}
[6.795043] (stm32_mavlink_interface) StdoutLine: {'line': b'-- Up-to-date: /home/a/ws_moveit2/install/stm32_mavlink_interface/include/mavlink/c_library_v2/ardupilotmega/mavlink_msg_limits_status.h\n'}
[6.795131] (stm32_mavlink_interface) StdoutLine: {'line': b'-- Up-to-date: /home/a/ws_moveit2/install/stm32_mavlink_interface/include/mavlink/c_library_v2/ardupilotmega/mavlink_msg_fence_fetch_point.h\n'}
[6.795175] (stm32_mavlink_interface) StdoutLine: {'line': b'-- Up-to-date: /home/a/ws_moveit2/install/stm32_mavlink_interface/include/mavlink/c_library_v2/ardupilotmega/mavlink_msg_data32.h\n'}
[6.795225] (stm32_mavlink_interface) StdoutLine: {'line': b'-- Up-to-date: /home/a/ws_moveit2/install/stm32_mavlink_interface/include/mavlink/c_library_v2/ardupilotmega/mavlink_msg_mount_configure.h\n'}
[6.795259] (stm32_mavlink_interface) StdoutLine: {'line': b'-- Up-to-date: /home/a/ws_moveit2/install/stm32_mavlink_interface/include/mavlink/c_library_v2/ardupilotmega/mavlink_msg_gopro_get_response.h\n'}
[6.795290] (stm32_mavlink_interface) StdoutLine: {'line': b'-- Up-to-date: /home/a/ws_moveit2/install/stm32_mavlink_interface/include/mavlink/c_library_v2/ardupilotmega/mavlink_msg_data16.h\n'}
[6.795316] (stm32_mavlink_interface) StdoutLine: {'line': b'-- Up-to-date: /home/a/ws_moveit2/install/stm32_mavlink_interface/include/mavlink/c_library_v2/ardupilotmega/mavlink_msg_camera_status.h\n'}
[6.795362] (stm32_mavlink_interface) StdoutLine: {'line': b'-- Up-to-date: /home/a/ws_moveit2/install/stm32_mavlink_interface/include/mavlink/c_library_v2/ardupilotmega/mavlink_msg_secure_command.h\n'}
[6.795477] (stm32_mavlink_interface) StdoutLine: {'line': b'-- Up-to-date: /home/a/ws_moveit2/install/stm32_mavlink_interface/include/mavlink/c_library_v2/ardupilotmega/version.h\n'}
[6.795527] (stm32_mavlink_interface) StdoutLine: {'line': b'-- Up-to-date: /home/a/ws_moveit2/install/stm32_mavlink_interface/include/mavlink/c_library_v2/ardupilotmega/mavlink_msg_meminfo.h\n'}
[6.795557] (stm32_mavlink_interface) StdoutLine: {'line': b'-- Up-to-date: /home/a/ws_moveit2/install/stm32_mavlink_interface/include/mavlink/c_library_v2/ardupilotmega/mavlink_msg_deepstall.h\n'}
[6.795584] (stm32_mavlink_interface) StdoutLine: {'line': b'-- Up-to-date: /home/a/ws_moveit2/install/stm32_mavlink_interface/include/mavlink/c_library_v2/ardupilotmega/ardupilotmega.h\n'}
[6.795611] (stm32_mavlink_interface) StdoutLine: {'line': b'-- Up-to-date: /home/a/ws_moveit2/install/stm32_mavlink_interface/include/mavlink/c_library_v2/ardupilotmega/mavlink_msg_compassmot_status.h\n'}
[6.795637] (stm32_mavlink_interface) StdoutLine: {'line': b'-- Up-to-date: /home/a/ws_moveit2/install/stm32_mavlink_interface/include/mavlink/c_library_v2/ardupilotmega/mavlink_msg_rpm.h\n'}
[6.795664] (stm32_mavlink_interface) StdoutLine: {'line': b'-- Up-to-date: /home/a/ws_moveit2/install/stm32_mavlink_interface/include/mavlink/c_library_v2/ardupilotmega/mavlink_msg_gopro_get_request.h\n'}
[6.795689] (stm32_mavlink_interface) StdoutLine: {'line': b'-- Up-to-date: /home/a/ws_moveit2/install/stm32_mavlink_interface/include/mavlink/c_library_v2/ardupilotmega/mavlink_msg_vision_position_delta.h\n'}
[6.795715] (stm32_mavlink_interface) StdoutLine: {'line': b'-- Up-to-date: /home/a/ws_moveit2/install/stm32_mavlink_interface/include/mavlink/c_library_v2/ardupilotmega/mavlink_msg_osd_param_show_config.h\n'}
[6.795741] (stm32_mavlink_interface) StdoutLine: {'line': b'-- Up-to-date: /home/a/ws_moveit2/install/stm32_mavlink_interface/include/mavlink/c_library_v2/ardupilotmega/mavlink_msg_remote_log_block_status.h\n'}
[6.795767] (stm32_mavlink_interface) StdoutLine: {'line': b'-- Up-to-date: /home/a/ws_moveit2/install/stm32_mavlink_interface/include/mavlink/c_library_v2/ardupilotmega/mavlink_msg_esc_telemetry_17_to_20.h\n'}
[6.795792] (stm32_mavlink_interface) StdoutLine: {'line': b'-- Up-to-date: /home/a/ws_moveit2/install/stm32_mavlink_interface/include/mavlink/c_library_v2/ardupilotmega/mavlink_msg_rangefinder.h\n'}
[6.795816] (stm32_mavlink_interface) StdoutLine: {'line': b'-- Up-to-date: /home/a/ws_moveit2/install/stm32_mavlink_interface/include/mavlink/c_library_v2/ardupilotmega/mavlink_msg_hwstatus.h\n'}
[6.795841] (stm32_mavlink_interface) StdoutLine: {'line': b'-- Up-to-date: /home/a/ws_moveit2/install/stm32_mavlink_interface/include/mavlink/c_library_v2/ardupilotmega/mavlink_msg_gimbal_torque_cmd_report.h\n'}
[6.795890] (stm32_mavlink_interface) StdoutLine: {'line': b'-- Up-to-date: /home/a/ws_moveit2/install/stm32_mavlink_interface/include/mavlink/c_library_v2/ardupilotmega/mavlink_msg_device_op_write_reply.h\n'}
[6.795917] (stm32_mavlink_interface) StdoutLine: {'line': b'-- Up-to-date: /home/a/ws_moveit2/install/stm32_mavlink_interface/include/mavlink/c_library_v2/ardupilotmega/mavlink_msg_aoa_ssa.h\n'}
[6.795944] (stm32_mavlink_interface) StdoutLine: {'line': b'-- Up-to-date: /home/a/ws_moveit2/install/stm32_mavlink_interface/include/mavlink/c_library_v2/ardupilotmega/mavlink_msg_data96.h\n'}
[6.795970] (stm32_mavlink_interface) StdoutLine: {'line': b'-- Up-to-date: /home/a/ws_moveit2/install/stm32_mavlink_interface/include/mavlink/c_library_v2/ardupilotmega/mavlink_msg_battery2.h\n'}
[6.795995] (stm32_mavlink_interface) StdoutLine: {'line': b'-- Up-to-date: /home/a/ws_moveit2/install/stm32_mavlink_interface/include/mavlink/c_library_v2/ardupilotmega/mavlink_msg_ahrs2.h\n'}
[6.796021] (stm32_mavlink_interface) StdoutLine: {'line': b'-- Up-to-date: /home/a/ws_moveit2/install/stm32_mavlink_interface/include/mavlink/c_library_v2/ardupilotmega/mavlink_msg_esc_telemetry_29_to_32.h\n'}
[6.796051] (stm32_mavlink_interface) StdoutLine: {'line': b'-- Up-to-date: /home/a/ws_moveit2/install/stm32_mavlink_interface/include/mavlink/c_library_v2/ardupilotmega/mavlink_msg_adap_tuning.h\n'}
[6.796085] (stm32_mavlink_interface) StdoutLine: {'line': b'-- Up-to-date: /home/a/ws_moveit2/install/stm32_mavlink_interface/include/mavlink/c_library_v2/ardupilotmega/mavlink_msg_mount_control.h\n'}
[6.796114] (stm32_mavlink_interface) StdoutLine: {'line': b'-- Up-to-date: /home/a/ws_moveit2/install/stm32_mavlink_interface/include/mavlink/c_library_v2/ardupilotmega/mavlink_msg_device_op_read.h\n'}
[6.796140] (stm32_mavlink_interface) StdoutLine: {'line': b'-- Up-to-date: /home/a/ws_moveit2/install/stm32_mavlink_interface/include/mavlink/c_library_v2/ardupilotmega/mavlink_msg_digicam_control.h\n'}
[6.796168] (stm32_mavlink_interface) StdoutLine: {'line': b'-- Up-to-date: /home/a/ws_moveit2/install/stm32_mavlink_interface/include/mavlink/c_library_v2/ardupilotmega/testsuite.h\n'}
[6.796194] (stm32_mavlink_interface) StdoutLine: {'line': b'-- Up-to-date: /home/a/ws_moveit2/install/stm32_mavlink_interface/include/mavlink/c_library_v2/ardupilotmega/mavlink_msg_esc_telemetry_13_to_16.h\n'}
[6.796219] (stm32_mavlink_interface) StdoutLine: {'line': b'-- Up-to-date: /home/a/ws_moveit2/install/stm32_mavlink_interface/include/mavlink/c_library_v2/ardupilotmega/mavlink_msg_osd_param_config_reply.h\n'}
[6.796244] (stm32_mavlink_interface) StdoutLine: {'line': b'-- Up-to-date: /home/a/ws_moveit2/install/stm32_mavlink_interface/include/mavlink/c_library_v2/ardupilotmega/mavlink_msg_ekf_status_report.h\n'}
[6.796270] (stm32_mavlink_interface) StdoutLine: {'line': b'-- Up-to-date: /home/a/ws_moveit2/install/stm32_mavlink_interface/include/mavlink/c_library_v2/ardupilotmega/mavlink_msg_secure_command_reply.h\n'}
[6.796296] (stm32_mavlink_interface) StdoutLine: {'line': b'-- Up-to-date: /home/a/ws_moveit2/install/stm32_mavlink_interface/include/mavlink/c_library_v2/ardupilotmega/mavlink_msg_digicam_configure.h\n'}
[6.796321] (stm32_mavlink_interface) StdoutLine: {'line': b'-- Up-to-date: /home/a/ws_moveit2/install/stm32_mavlink_interface/include/mavlink/c_library_v2/ardupilotmega/mavlink_msg_simstate.h\n'}
[6.796347] (stm32_mavlink_interface) StdoutLine: {'line': b'-- Up-to-date: /home/a/ws_moveit2/install/stm32_mavlink_interface/include/mavlink/c_library_v2/ardupilotmega/mavlink_msg_pid_tuning.h\n'}
[6.796372] (stm32_mavlink_interface) StdoutLine: {'line': b'-- Up-to-date: /home/a/ws_moveit2/install/stm32_mavlink_interface/include/mavlink/c_library_v2/ardupilotmega/mavlink.h\n'}
[6.796397] (stm32_mavlink_interface) StdoutLine: {'line': b'-- Up-to-date: /home/a/ws_moveit2/install/stm32_mavlink_interface/include/mavlink/c_library_v2/ardupilotmega/mavlink_msg_device_op_write.h\n'}
[6.796610] (stm32_mavlink_interface) StdoutLine: {'line': b'-- Up-to-date: /home/a/ws_moveit2/install/stm32_mavlink_interface/include/mavlink/c_library_v2/ardupilotmega/mavlink_msg_esc_telemetry_21_to_24.h\n'}
[6.796639] (stm32_mavlink_interface) StdoutLine: {'line': b'-- Up-to-date: /home/a/ws_moveit2/install/stm32_mavlink_interface/include/mavlink/c_library_v2/ardupilotmega/mavlink_msg_mcu_status.h\n'}
[6.796667] (stm32_mavlink_interface) StdoutLine: {'line': b'-- Up-to-date: /home/a/ws_moveit2/install/stm32_mavlink_interface/include/mavlink/c_library_v2/ardupilotmega/mavlink_msg_gopro_set_request.h\n'}
[6.796695] (stm32_mavlink_interface) StdoutLine: {'line': b'-- Up-to-date: /home/a/ws_moveit2/install/stm32_mavlink_interface/include/mavlink/c_library_v2/ardupilotmega/mavlink_msg_esc_telemetry_1_to_4.h\n'}
[6.796721] (stm32_mavlink_interface) StdoutLine: {'line': b'-- Up-to-date: /home/a/ws_moveit2/install/stm32_mavlink_interface/include/mavlink/c_library_v2/ardupilotmega/mavlink_msg_osd_param_config.h\n'}
[6.796746] (stm32_mavlink_interface) StdoutLine: {'line': b'-- Up-to-date: /home/a/ws_moveit2/install/stm32_mavlink_interface/include/mavlink/c_library_v2/ardupilotmega/mavlink_msg_gimbal_control.h\n'}
[6.796772] (stm32_mavlink_interface) StdoutLine: {'line': b'-- Up-to-date: /home/a/ws_moveit2/install/stm32_mavlink_interface/include/mavlink/c_library_v2/ardupilotmega/mavlink_msg_data64.h\n'}
[6.796797] (stm32_mavlink_interface) StdoutLine: {'line': b'-- Up-to-date: /home/a/ws_moveit2/install/stm32_mavlink_interface/include/mavlink/c_library_v2/ardupilotmega/mavlink_msg_radio.h\n'}
[6.796825] (stm32_mavlink_interface) StdoutLine: {'line': b'-- Up-to-date: /home/a/ws_moveit2/install/stm32_mavlink_interface/include/mavlink/c_library_v2/ardupilotmega/mavlink_msg_remote_log_data_block.h\n'}
[6.796851] (stm32_mavlink_interface) StdoutLine: {'line': b'-- Up-to-date: /home/a/ws_moveit2/install/stm32_mavlink_interface/include/mavlink/c_library_v2/ardupilotmega/mavlink_msg_airspeed_autocal.h\n'}
[6.796879] (stm32_mavlink_interface) StdoutLine: {'line': b'-- Up-to-date: /home/a/ws_moveit2/install/stm32_mavlink_interface/include/mavlink/c_library_v2/uAvionix\n'}
[6.796905] (stm32_mavlink_interface) StdoutLine: {'line': b'-- Up-to-date: /home/a/ws_moveit2/install/stm32_mavlink_interface/include/mavlink/c_library_v2/uAvionix/mavlink_msg_uavionix_adsb_transceiver_health_report.h\n'}
[6.796931] (stm32_mavlink_interface) StdoutLine: {'line': b'-- Up-to-date: /home/a/ws_moveit2/install/stm32_mavlink_interface/include/mavlink/c_library_v2/uAvionix/mavlink_msg_uavionix_adsb_out_cfg_registration.h\n'}
[6.796957] (stm32_mavlink_interface) StdoutLine: {'line': b'-- Up-to-date: /home/a/ws_moveit2/install/stm32_mavlink_interface/include/mavlink/c_library_v2/uAvionix/mavlink_msg_uavionix_adsb_out_status.h\n'}
[6.796983] (stm32_mavlink_interface) StdoutLine: {'line': b'-- Up-to-date: /home/a/ws_moveit2/install/stm32_mavlink_interface/include/mavlink/c_library_v2/uAvionix/version.h\n'}
[6.797012] (stm32_mavlink_interface) StdoutLine: {'line': b'-- Up-to-date: /home/a/ws_moveit2/install/stm32_mavlink_interface/include/mavlink/c_library_v2/uAvionix/mavlink_msg_uavionix_adsb_out_cfg_flightid.h\n'}
[6.797051] (stm32_mavlink_interface) StdoutLine: {'line': b'-- Up-to-date: /home/a/ws_moveit2/install/stm32_mavlink_interface/include/mavlink/c_library_v2/uAvionix/mavlink_msg_uavionix_adsb_out_cfg.h\n'}
[6.797162] (stm32_mavlink_interface) StdoutLine: {'line': b'-- Up-to-date: /home/a/ws_moveit2/install/stm32_mavlink_interface/include/mavlink/c_library_v2/uAvionix/testsuite.h\n'}
[6.797191] (stm32_mavlink_interface) StdoutLine: {'line': b'-- Up-to-date: /home/a/ws_moveit2/install/stm32_mavlink_interface/include/mavlink/c_library_v2/uAvionix/mavlink_msg_uavionix_adsb_get.h\n'}
[6.797218] (stm32_mavlink_interface) StdoutLine: {'line': b'-- Up-to-date: /home/a/ws_moveit2/install/stm32_mavlink_interface/include/mavlink/c_library_v2/uAvionix/mavlink_msg_uavionix_adsb_out_dynamic.h\n'}
[6.797246] (stm32_mavlink_interface) StdoutLine: {'line': b'-- Up-to-date: /home/a/ws_moveit2/install/stm32_mavlink_interface/include/mavlink/c_library_v2/uAvionix/mavlink.h\n'}
[6.797273] (stm32_mavlink_interface) StdoutLine: {'line': b'-- Up-to-date: /home/a/ws_moveit2/install/stm32_mavlink_interface/include/mavlink/c_library_v2/uAvionix/mavlink_msg_uavionix_adsb_out_control.h\n'}
[6.797307] (stm32_mavlink_interface) StdoutLine: {'line': b'-- Up-to-date: /home/a/ws_moveit2/install/stm32_mavlink_interface/include/mavlink/c_library_v2/uAvionix/uAvionix.h\n'}
[6.797332] (stm32_mavlink_interface) StdoutLine: {'line': b'-- Up-to-date: /home/a/ws_moveit2/install/stm32_mavlink_interface/include/mavlink/c_library_v2/development\n'}
[6.797369] (stm32_mavlink_interface) StdoutLine: {'line': b'-- Up-to-date: /home/a/ws_moveit2/install/stm32_mavlink_interface/include/mavlink/c_library_v2/development/development.h\n'}
[6.797397] (stm32_mavlink_interface) StdoutLine: {'line': b'-- Up-to-date: /home/a/ws_moveit2/install/stm32_mavlink_interface/include/mavlink/c_library_v2/development/mavlink_msg_battery_status_v2.h\n'}
[6.797422] (stm32_mavlink_interface) StdoutLine: {'line': b'-- Up-to-date: /home/a/ws_moveit2/install/stm32_mavlink_interface/include/mavlink/c_library_v2/development/mavlink_msg_control_status.h\n'}
[6.797449] (stm32_mavlink_interface) StdoutLine: {'line': b'-- Up-to-date: /home/a/ws_moveit2/install/stm32_mavlink_interface/include/mavlink/c_library_v2/development/mavlink_msg_gnss_integrity.h\n'}
[6.797474] (stm32_mavlink_interface) StdoutLine: {'line': b'-- Up-to-date: /home/a/ws_moveit2/install/stm32_mavlink_interface/include/mavlink/c_library_v2/development/mavlink_msg_airspeed.h\n'}
[6.797511] (stm32_mavlink_interface) StdoutLine: {'line': b'-- Up-to-date: /home/a/ws_moveit2/install/stm32_mavlink_interface/include/mavlink/c_library_v2/development/mavlink_msg_global_position.h\n'}
[6.797538] (stm32_mavlink_interface) StdoutLine: {'line': b'-- Up-to-date: /home/a/ws_moveit2/install/stm32_mavlink_interface/include/mavlink/c_library_v2/development/version.h\n'}
[6.797564] (stm32_mavlink_interface) StdoutLine: {'line': b'-- Up-to-date: /home/a/ws_moveit2/install/stm32_mavlink_interface/include/mavlink/c_library_v2/development/mavlink_msg_velocity_limits.h\n'}
[6.797589] (stm32_mavlink_interface) StdoutLine: {'line': b'-- Up-to-date: /home/a/ws_moveit2/install/stm32_mavlink_interface/include/mavlink/c_library_v2/development/mavlink_msg_target_absolute.h\n'}
[6.797614] (stm32_mavlink_interface) StdoutLine: {'line': b'-- Up-to-date: /home/a/ws_moveit2/install/stm32_mavlink_interface/include/mavlink/c_library_v2/development/mavlink_msg_target_relative.h\n'}
[6.797639] (stm32_mavlink_interface) StdoutLine: {'line': b'-- Up-to-date: /home/a/ws_moveit2/install/stm32_mavlink_interface/include/mavlink/c_library_v2/development/testsuite.h\n'}
[6.797665] (stm32_mavlink_interface) StdoutLine: {'line': b'-- Up-to-date: /home/a/ws_moveit2/install/stm32_mavlink_interface/include/mavlink/c_library_v2/development/mavlink_msg_figure_eight_execution_status.h\n'}
[6.797691] (stm32_mavlink_interface) StdoutLine: {'line': b'-- Up-to-date: /home/a/ws_moveit2/install/stm32_mavlink_interface/include/mavlink/c_library_v2/development/mavlink_msg_radio_rc_channels.h\n'}
[6.797715] (stm32_mavlink_interface) StdoutLine: {'line': b'-- Up-to-date: /home/a/ws_moveit2/install/stm32_mavlink_interface/include/mavlink/c_library_v2/development/mavlink_msg_set_velocity_limits.h\n'}
[6.797743] (stm32_mavlink_interface) StdoutLine: {'line': b'-- Up-to-date: /home/a/ws_moveit2/install/stm32_mavlink_interface/include/mavlink/c_library_v2/development/mavlink_msg_group_start.h\n'}
[6.797769] (stm32_mavlink_interface) StdoutLine: {'line': b'-- Up-to-date: /home/a/ws_moveit2/install/stm32_mavlink_interface/include/mavlink/c_library_v2/development/mavlink.h\n'}
[6.797794] (stm32_mavlink_interface) StdoutLine: {'line': b'-- Up-to-date: /home/a/ws_moveit2/install/stm32_mavlink_interface/include/mavlink/c_library_v2/development/mavlink_msg_group_end.h\n'}
[6.797821] (stm32_mavlink_interface) StdoutLine: {'line': b'-- Up-to-date: /home/a/ws_moveit2/install/stm32_mavlink_interface/include/mavlink/c_library_v2/.git\n'}
[6.797847] (stm32_mavlink_interface) StdoutLine: {'line': b'-- Up-to-date: /home/a/ws_moveit2/install/stm32_mavlink_interface/include/mavlink/c_library_v2/.git/branches\n'}
[6.797873] (stm32_mavlink_interface) StdoutLine: {'line': b'-- Up-to-date: /home/a/ws_moveit2/install/stm32_mavlink_interface/include/mavlink/c_library_v2/.git/hooks\n'}
[6.797898] (stm32_mavlink_interface) StdoutLine: {'line': b'-- Up-to-date: /home/a/ws_moveit2/install/stm32_mavlink_interface/include/mavlink/c_library_v2/.git/hooks/pre-receive.sample\n'}
[6.797924] (stm32_mavlink_interface) StdoutLine: {'line': b'-- Up-to-date: /home/a/ws_moveit2/install/stm32_mavlink_interface/include/mavlink/c_library_v2/.git/hooks/post-update.sample\n'}
[6.797948] (stm32_mavlink_interface) StdoutLine: {'line': b'-- Up-to-date: /home/a/ws_moveit2/install/stm32_mavlink_interface/include/mavlink/c_library_v2/.git/hooks/pre-rebase.sample\n'}
[6.797973] (stm32_mavlink_interface) StdoutLine: {'line': b'-- Up-to-date: /home/a/ws_moveit2/install/stm32_mavlink_interface/include/mavlink/c_library_v2/.git/hooks/applypatch-msg.sample\n'}
[6.798001] (stm32_mavlink_interface) StdoutLine: {'line': b'-- Up-to-date: /home/a/ws_moveit2/install/stm32_mavlink_interface/include/mavlink/c_library_v2/.git/hooks/commit-msg.sample\n'}
[6.798026] (stm32_mavlink_interface) StdoutLine: {'line': b'-- Up-to-date: /home/a/ws_moveit2/install/stm32_mavlink_interface/include/mavlink/c_library_v2/.git/hooks/update.sample\n'}
[6.798056] (stm32_mavlink_interface) StdoutLine: {'line': b'-- Up-to-date: /home/a/ws_moveit2/install/stm32_mavlink_interface/include/mavlink/c_library_v2/.git/hooks/prepare-commit-msg.sample\n'}
[6.798212] (stm32_mavlink_interface) StdoutLine: {'line': b'-- Up-to-date: /home/a/ws_moveit2/install/stm32_mavlink_interface/include/mavlink/c_library_v2/.git/hooks/push-to-checkout.sample\n'}
[6.798239] (stm32_mavlink_interface) StdoutLine: {'line': b'-- Up-to-date: /home/a/ws_moveit2/install/stm32_mavlink_interface/include/mavlink/c_library_v2/.git/hooks/pre-commit.sample\n'}
[6.798279] (stm32_mavlink_interface) StdoutLine: {'line': b'-- Up-to-date: /home/a/ws_moveit2/install/stm32_mavlink_interface/include/mavlink/c_library_v2/.git/hooks/pre-merge-commit.sample\n'}
[6.798305] (stm32_mavlink_interface) StdoutLine: {'line': b'-- Up-to-date: /home/a/ws_moveit2/install/stm32_mavlink_interface/include/mavlink/c_library_v2/.git/hooks/pre-push.sample\n'}
[6.798331] (stm32_mavlink_interface) StdoutLine: {'line': b'-- Up-to-date: /home/a/ws_moveit2/install/stm32_mavlink_interface/include/mavlink/c_library_v2/.git/hooks/fsmonitor-watchman.sample\n'}
[6.798357] (stm32_mavlink_interface) StdoutLine: {'line': b'-- Up-to-date: /home/a/ws_moveit2/install/stm32_mavlink_interface/include/mavlink/c_library_v2/.git/hooks/pre-applypatch.sample\n'}
[6.798382] (stm32_mavlink_interface) StdoutLine: {'line': b'-- Up-to-date: /home/a/ws_moveit2/install/stm32_mavlink_interface/include/mavlink/c_library_v2/.git/packed-refs\n'}
[6.798408] (stm32_mavlink_interface) StdoutLine: {'line': b'-- Up-to-date: /home/a/ws_moveit2/install/stm32_mavlink_interface/include/mavlink/c_library_v2/.git/refs\n'}
[6.798432] (stm32_mavlink_interface) StdoutLine: {'line': b'-- Up-to-date: /home/a/ws_moveit2/install/stm32_mavlink_interface/include/mavlink/c_library_v2/.git/refs/remotes\n'}
[6.798456] (stm32_mavlink_interface) StdoutLine: {'line': b'-- Up-to-date: /home/a/ws_moveit2/install/stm32_mavlink_interface/include/mavlink/c_library_v2/.git/refs/remotes/origin\n'}
[6.798480] (stm32_mavlink_interface) StdoutLine: {'line': b'-- Up-to-date: /home/a/ws_moveit2/install/stm32_mavlink_interface/include/mavlink/c_library_v2/.git/refs/remotes/origin/HEAD\n'}
[6.798504] (stm32_mavlink_interface) StdoutLine: {'line': b'-- Up-to-date: /home/a/ws_moveit2/install/stm32_mavlink_interface/include/mavlink/c_library_v2/.git/refs/heads\n'}
[6.798530] (stm32_mavlink_interface) StdoutLine: {'line': b'-- Up-to-date: /home/a/ws_moveit2/install/stm32_mavlink_interface/include/mavlink/c_library_v2/.git/refs/heads/master\n'}
[6.798554] (stm32_mavlink_interface) StdoutLine: {'line': b'-- Up-to-date: /home/a/ws_moveit2/install/stm32_mavlink_interface/include/mavlink/c_library_v2/.git/refs/tags\n'}
[6.798579] (stm32_mavlink_interface) StdoutLine: {'line': b'-- Up-to-date: /home/a/ws_moveit2/install/stm32_mavlink_interface/include/mavlink/c_library_v2/.git/config\n'}
[6.798604] (stm32_mavlink_interface) StdoutLine: {'line': b'-- Up-to-date: /home/a/ws_moveit2/install/stm32_mavlink_interface/include/mavlink/c_library_v2/.git/info\n'}
[6.798629] (stm32_mavlink_interface) StdoutLine: {'line': b'-- Up-to-date: /home/a/ws_moveit2/install/stm32_mavlink_interface/include/mavlink/c_library_v2/.git/info/exclude\n'}
[6.798653] (stm32_mavlink_interface) StdoutLine: {'line': b'-- Up-to-date: /home/a/ws_moveit2/install/stm32_mavlink_interface/include/mavlink/c_library_v2/.git/index\n'}
[6.798677] (stm32_mavlink_interface) StdoutLine: {'line': b'-- Up-to-date: /home/a/ws_moveit2/install/stm32_mavlink_interface/include/mavlink/c_library_v2/.git/logs\n'}
[6.798702] (stm32_mavlink_interface) StdoutLine: {'line': b'-- Up-to-date: /home/a/ws_moveit2/install/stm32_mavlink_interface/include/mavlink/c_library_v2/.git/logs/refs\n'}
[6.798727] (stm32_mavlink_interface) StdoutLine: {'line': b'-- Up-to-date: /home/a/ws_moveit2/install/stm32_mavlink_interface/include/mavlink/c_library_v2/.git/logs/refs/remotes\n'}
[6.798751] (stm32_mavlink_interface) StdoutLine: {'line': b'-- Up-to-date: /home/a/ws_moveit2/install/stm32_mavlink_interface/include/mavlink/c_library_v2/.git/logs/refs/remotes/origin\n'}
[6.798790] (stm32_mavlink_interface) StdoutLine: {'line': b'-- Up-to-date: /home/a/ws_moveit2/install/stm32_mavlink_interface/include/mavlink/c_library_v2/.git/logs/refs/remotes/origin/HEAD\n'}
[6.798815] (stm32_mavlink_interface) StdoutLine: {'line': b'-- Up-to-date: /home/a/ws_moveit2/install/stm32_mavlink_interface/include/mavlink/c_library_v2/.git/logs/refs/heads\n'}
[6.798839] (stm32_mavlink_interface) StdoutLine: {'line': b'-- Up-to-date: /home/a/ws_moveit2/install/stm32_mavlink_interface/include/mavlink/c_library_v2/.git/logs/refs/heads/master\n'}
[6.798896] (stm32_mavlink_interface) StdoutLine: {'line': b'-- Up-to-date: /home/a/ws_moveit2/install/stm32_mavlink_interface/include/mavlink/c_library_v2/.git/logs/HEAD\n'}
[6.798922] (stm32_mavlink_interface) StdoutLine: {'line': b'-- Up-to-date: /home/a/ws_moveit2/install/stm32_mavlink_interface/include/mavlink/c_library_v2/.git/HEAD\n'}
[6.798946] (stm32_mavlink_interface) StdoutLine: {'line': b'-- Up-to-date: /home/a/ws_moveit2/install/stm32_mavlink_interface/include/mavlink/c_library_v2/.git/objects\n'}
[6.798971] (stm32_mavlink_interface) StdoutLine: {'line': b'-- Up-to-date: /home/a/ws_moveit2/install/stm32_mavlink_interface/include/mavlink/c_library_v2/.git/objects/info\n'}
[6.798995] (stm32_mavlink_interface) StdoutLine: {'line': b'-- Up-to-date: /home/a/ws_moveit2/install/stm32_mavlink_interface/include/mavlink/c_library_v2/.git/objects/pack\n'}
[6.799020] (stm32_mavlink_interface) StdoutLine: {'line': b'-- Up-to-date: /home/a/ws_moveit2/install/stm32_mavlink_interface/include/mavlink/c_library_v2/.git/objects/pack/pack-885579ba7db053fdc05595b6629040fabfb627f7.idx\n'}
[6.799048] (stm32_mavlink_interface) StdoutLine: {'line': b'-- Up-to-date: /home/a/ws_moveit2/install/stm32_mavlink_interface/include/mavlink/c_library_v2/.git/objects/pack/pack-885579ba7db053fdc05595b6629040fabfb627f7.pack\n'}
[6.799075] (stm32_mavlink_interface) StdoutLine: {'line': b'-- Up-to-date: /home/a/ws_moveit2/install/stm32_mavlink_interface/include/mavlink/c_library_v2/.git/description\n'}
[6.799100] (stm32_mavlink_interface) StdoutLine: {'line': b'-- Up-to-date: /home/a/ws_moveit2/install/stm32_mavlink_interface/include/stm32_mavlink_interface\n'}
[6.799126] (stm32_mavlink_interface) StdoutLine: {'line': b'-- Up-to-date: /home/a/ws_moveit2/install/stm32_mavlink_interface/include/stm32_mavlink_interface/servo_controller.hpp\n'}
[6.799172] (stm32_mavlink_interface) StdoutLine: {'line': b'-- Up-to-date: /home/a/ws_moveit2/install/stm32_mavlink_interface/include/stm32_mavlink_interface/encoder_interface.hpp\n'}
[6.799221] (stm32_mavlink_interface) StdoutLine: {'line': b'-- Up-to-date: /home/a/ws_moveit2/install/stm32_mavlink_interface/include/stm32_mavlink_interface/mavlink_serial_node.hpp\n'}
[6.799247] (stm32_mavlink_interface) StdoutLine: {'line': b'-- Up-to-date: /home/a/ws_moveit2/install/stm32_mavlink_interface/include/stm32_mavlink_interface/robomaster_controller.hpp\n'}
[6.799273] (stm32_mavlink_interface) StdoutLine: {'line': b'-- Up-to-date: /home/a/ws_moveit2/install/stm32_mavlink_interface/include/stm32_mavlink_interface/robomaster\n'}
[6.799299] (stm32_mavlink_interface) StdoutLine: {'line': b'-- Up-to-date: /home/a/ws_moveit2/install/stm32_mavlink_interface/include/stm32_mavlink_interface/robomaster/RoboMasterController.hpp\n'}
[6.799324] (stm32_mavlink_interface) StdoutLine: {'line': b'-- Up-to-date: /home/a/ws_moveit2/install/stm32_mavlink_interface/include/stm32_mavlink_interface/robomaster/RoboMasterMotor.hpp\n'}
[6.799349] (stm32_mavlink_interface) StdoutLine: {'line': b'-- Up-to-date: /home/a/ws_moveit2/install/stm32_mavlink_interface/include/stm32_mavlink_interface/robomaster/RoboMasterCANManager.hpp\n'}
[6.799374] (stm32_mavlink_interface) StdoutLine: {'line': b'-- Up-to-date: /home/a/ws_moveit2/install/stm32_mavlink_interface/include/stm32_mavlink_interface/robomaster/MAVLinkRoboMasterController.hpp\n'}
[6.799399] (stm32_mavlink_interface) StdoutLine: {'line': b'-- Up-to-date: /home/a/ws_moveit2/install/stm32_mavlink_interface/share/ament_index/resource_index/package_run_dependencies/stm32_mavlink_interface\n'}
[6.799426] (stm32_mavlink_interface) StdoutLine: {'line': b'-- Up-to-date: /home/a/ws_moveit2/install/stm32_mavlink_interface/share/ament_index/resource_index/parent_prefix_path/stm32_mavlink_interface\n'}
[6.799453] (stm32_mavlink_interface) StdoutLine: {'line': b'-- Up-to-date: /home/a/ws_moveit2/install/stm32_mavlink_interface/share/stm32_mavlink_interface/environment/ament_prefix_path.sh\n'}
[6.799479] (stm32_mavlink_interface) StdoutLine: {'line': b'-- Up-to-date: /home/a/ws_moveit2/install/stm32_mavlink_interface/share/stm32_mavlink_interface/environment/ament_prefix_path.dsv\n'}
[6.799504] (stm32_mavlink_interface) StdoutLine: {'line': b'-- Up-to-date: /home/a/ws_moveit2/install/stm32_mavlink_interface/share/stm32_mavlink_interface/environment/path.sh\n'}
[6.799529] (stm32_mavlink_interface) StdoutLine: {'line': b'-- Up-to-date: /home/a/ws_moveit2/install/stm32_mavlink_interface/share/stm32_mavlink_interface/environment/path.dsv\n'}
[6.799575] (stm32_mavlink_interface) StdoutLine: {'line': b'-- Up-to-date: /home/a/ws_moveit2/install/stm32_mavlink_interface/share/stm32_mavlink_interface/local_setup.bash\n'}
[6.799600] (stm32_mavlink_interface) StdoutLine: {'line': b'-- Up-to-date: /home/a/ws_moveit2/install/stm32_mavlink_interface/share/stm32_mavlink_interface/local_setup.sh\n'}
[6.799625] (stm32_mavlink_interface) StdoutLine: {'line': b'-- Up-to-date: /home/a/ws_moveit2/install/stm32_mavlink_interface/share/stm32_mavlink_interface/local_setup.zsh\n'}
[6.799649] (stm32_mavlink_interface) StdoutLine: {'line': b'-- Up-to-date: /home/a/ws_moveit2/install/stm32_mavlink_interface/share/stm32_mavlink_interface/local_setup.dsv\n'}
[6.799675] (stm32_mavlink_interface) StdoutLine: {'line': b'-- Installing: /home/a/ws_moveit2/install/stm32_mavlink_interface/share/stm32_mavlink_interface/package.dsv\n'}
[6.799699] (stm32_mavlink_interface) StdoutLine: {'line': b'-- Up-to-date: /home/a/ws_moveit2/install/stm32_mavlink_interface/share/ament_index/resource_index/packages/stm32_mavlink_interface\n'}
[6.799723] (stm32_mavlink_interface) StdoutLine: {'line': b'-- Up-to-date: /home/a/ws_moveit2/install/stm32_mavlink_interface/share/stm32_mavlink_interface/cmake/export_stm32_mavlink_interface__rosidl_generator_cExport.cmake\n'}
[6.799771] (stm32_mavlink_interface) StdoutLine: {'line': b'-- Up-to-date: /home/a/ws_moveit2/install/stm32_mavlink_interface/share/stm32_mavlink_interface/cmake/export_stm32_mavlink_interface__rosidl_generator_cExport-noconfig.cmake\n'}
[6.799849] (stm32_mavlink_interface) StdoutLine: {'line': b'-- Up-to-date: /home/a/ws_moveit2/install/stm32_mavlink_interface/share/stm32_mavlink_interface/cmake/export_stm32_mavlink_interface__rosidl_typesupport_fastrtps_cExport.cmake\n'}
[6.799876] (stm32_mavlink_interface) StdoutLine: {'line': b'-- Up-to-date: /home/a/ws_moveit2/install/stm32_mavlink_interface/share/stm32_mavlink_interface/cmake/export_stm32_mavlink_interface__rosidl_typesupport_fastrtps_cExport-noconfig.cmake\n'}
[6.799902] (stm32_mavlink_interface) StdoutLine: {'line': b'-- Up-to-date: /home/a/ws_moveit2/install/stm32_mavlink_interface/share/stm32_mavlink_interface/cmake/export_stm32_mavlink_interface__rosidl_generator_cppExport.cmake\n'}
[6.799928] (stm32_mavlink_interface) StdoutLine: {'line': b'-- Up-to-date: /home/a/ws_moveit2/install/stm32_mavlink_interface/share/stm32_mavlink_interface/cmake/export_stm32_mavlink_interface__rosidl_typesupport_fastrtps_cppExport.cmake\n'}
[6.799953] (stm32_mavlink_interface) StdoutLine: {'line': b'-- Up-to-date: /home/a/ws_moveit2/install/stm32_mavlink_interface/share/stm32_mavlink_interface/cmake/export_stm32_mavlink_interface__rosidl_typesupport_fastrtps_cppExport-noconfig.cmake\n'}
[6.799977] (stm32_mavlink_interface) StdoutLine: {'line': b'-- Up-to-date: /home/a/ws_moveit2/install/stm32_mavlink_interface/share/stm32_mavlink_interface/cmake/stm32_mavlink_interface__rosidl_typesupport_introspection_cExport.cmake\n'}
[6.800002] (stm32_mavlink_interface) StdoutLine: {'line': b'-- Up-to-date: /home/a/ws_moveit2/install/stm32_mavlink_interface/share/stm32_mavlink_interface/cmake/stm32_mavlink_interface__rosidl_typesupport_introspection_cExport-noconfig.cmake\n'}
[6.800109] (stm32_mavlink_interface) StdoutLine: {'line': b'-- Up-to-date: /home/a/ws_moveit2/install/stm32_mavlink_interface/share/stm32_mavlink_interface/cmake/stm32_mavlink_interface__rosidl_typesupport_cExport.cmake\n'}
[6.800139] (stm32_mavlink_interface) StdoutLine: {'line': b'-- Up-to-date: /home/a/ws_moveit2/install/stm32_mavlink_interface/share/stm32_mavlink_interface/cmake/stm32_mavlink_interface__rosidl_typesupport_cExport-noconfig.cmake\n'}
[6.800164] (stm32_mavlink_interface) StdoutLine: {'line': b'-- Up-to-date: /home/a/ws_moveit2/install/stm32_mavlink_interface/share/stm32_mavlink_interface/cmake/stm32_mavlink_interface__rosidl_typesupport_introspection_cppExport.cmake\n'}
[6.800190] (stm32_mavlink_interface) StdoutLine: {'line': b'-- Up-to-date: /home/a/ws_moveit2/install/stm32_mavlink_interface/share/stm32_mavlink_interface/cmake/stm32_mavlink_interface__rosidl_typesupport_introspection_cppExport-noconfig.cmake\n'}
[6.800215] (stm32_mavlink_interface) StdoutLine: {'line': b'-- Up-to-date: /home/a/ws_moveit2/install/stm32_mavlink_interface/share/stm32_mavlink_interface/cmake/stm32_mavlink_interface__rosidl_typesupport_cppExport.cmake\n'}
[6.800240] (stm32_mavlink_interface) StdoutLine: {'line': b'-- Up-to-date: /home/a/ws_moveit2/install/stm32_mavlink_interface/share/stm32_mavlink_interface/cmake/stm32_mavlink_interface__rosidl_typesupport_cppExport-noconfig.cmake\n'}
[6.800265] (stm32_mavlink_interface) StdoutLine: {'line': b'-- Up-to-date: /home/a/ws_moveit2/install/stm32_mavlink_interface/share/stm32_mavlink_interface/cmake/export_stm32_mavlink_interface__rosidl_generator_pyExport.cmake\n'}
[6.800290] (stm32_mavlink_interface) StdoutLine: {'line': b'-- Up-to-date: /home/a/ws_moveit2/install/stm32_mavlink_interface/share/stm32_mavlink_interface/cmake/export_stm32_mavlink_interface__rosidl_generator_pyExport-noconfig.cmake\n'}
[6.800314] (stm32_mavlink_interface) StdoutLine: {'line': b'-- Up-to-date: /home/a/ws_moveit2/install/stm32_mavlink_interface/share/stm32_mavlink_interface/cmake/rosidl_cmake-extras.cmake\n'}
[6.800339] (stm32_mavlink_interface) StdoutLine: {'line': b'-- Up-to-date: /home/a/ws_moveit2/install/stm32_mavlink_interface/share/stm32_mavlink_interface/cmake/ament_cmake_export_dependencies-extras.cmake\n'}
[6.800364] (stm32_mavlink_interface) StdoutLine: {'line': b'-- Up-to-date: /home/a/ws_moveit2/install/stm32_mavlink_interface/share/stm32_mavlink_interface/cmake/ament_cmake_export_include_directories-extras.cmake\n'}
[6.800388] (stm32_mavlink_interface) StdoutLine: {'line': b'-- Up-to-date: /home/a/ws_moveit2/install/stm32_mavlink_interface/share/stm32_mavlink_interface/cmake/ament_cmake_export_libraries-extras.cmake\n'}
[6.800413] (stm32_mavlink_interface) StdoutLine: {'line': b'-- Up-to-date: /home/a/ws_moveit2/install/stm32_mavlink_interface/share/stm32_mavlink_interface/cmake/ament_cmake_export_targets-extras.cmake\n'}
[6.800438] (stm32_mavlink_interface) StdoutLine: {'line': b'-- Up-to-date: /home/a/ws_moveit2/install/stm32_mavlink_interface/share/stm32_mavlink_interface/cmake/rosidl_cmake_export_typesupport_targets-extras.cmake\n'}
[6.800466] (stm32_mavlink_interface) StdoutLine: {'line': b'-- Up-to-date: /home/a/ws_moveit2/install/stm32_mavlink_interface/share/stm32_mavlink_interface/cmake/rosidl_cmake_export_typesupport_libraries-extras.cmake\n'}
[6.800491] (stm32_mavlink_interface) StdoutLine: {'line': b'-- Up-to-date: /home/a/ws_moveit2/install/stm32_mavlink_interface/share/stm32_mavlink_interface/cmake/stm32_mavlink_interfaceConfig.cmake\n'}
[6.800518] (stm32_mavlink_interface) StdoutLine: {'line': b'-- Up-to-date: /home/a/ws_moveit2/install/stm32_mavlink_interface/share/stm32_mavlink_interface/cmake/stm32_mavlink_interfaceConfig-version.cmake\n'}
[6.800544] (stm32_mavlink_interface) StdoutLine: {'line': b'-- Up-to-date: /home/a/ws_moveit2/install/stm32_mavlink_interface/share/stm32_mavlink_interface/package.xml\n'}
[6.800573] (stm32_mavlink_interface) CommandEnded: {'returncode': 0}
[6.810330] (stm32_mavlink_interface) JobEnded: {'identifier': 'stm32_mavlink_interface', 'rc': 0}
[6.810677] (-) EventReactorShutdown: {}
