{"cameraMode":{"drawMode":0,"name":"Shaded","section":"Shading Mode"},"sceneLighting":false,"audioPlay":false,"sceneViewState":{"m_AlwaysRefresh":false,"showFog":true,"showSkybox":false,"showFlares":true,"showImageEffects":true,"showParticleSystems":true,"showVisualEffectGraphs":true,"m_FxEnabled":true},"in2DMode":false,"pivot":{"x":0.7295000553131104,"y":0.007500000298023224,"z":1.3880000114440919},"rotation":{"x":0.5506535172462463,"y":0.06775060296058655,"z":-0.04481474682688713,"w":0.8308096528053284},"size":0.03226777911186218,"orthographic":false}