[0.000000] (-) TimerEvent: {}
[0.000336] (-) JobUnselected: {'identifier': 'MAVLink_f446re'}
[0.000465] (-) JobUnselected: {'identifier': 'blue_seiretu_description'}
[0.000497] (-) JobUnselected: {'identifier': 'catch_gazebo_ros2_control'}
[0.000531] (-) JobUnselected: {'identifier': 'chomp_motion_planner'}
[0.000557] (-) JobUnselected: {'identifier': 'd415_rgb_depth_3d'}
[0.000583] (-) JobUnselected: {'identifier': 'dynamixel_controller'}
[0.000738] (-) JobUnselected: {'identifier': 'dynamixel_controller_client'}
[0.000762] (-) JobUnselected: {'identifier': 'dynamixel_controller_gui'}
[0.000869] (-) JobUnselected: {'identifier': 'dynamixel_sdk'}
[0.000925] (-) JobUnselected: {'identifier': 'dynamixel_sdk_custom_interfaces'}
[0.000939] (-) JobUnselected: {'identifier': 'dynamixel_sdk_examples'}
[0.000949] (-) JobUnselected: {'identifier': 'field_description'}
[0.000959] (-) JobUnselected: {'identifier': 'hello_moveit'}
[0.000968] (-) JobUnselected: {'identifier': 'launch_param_builder'}
[0.000976] (-) JobUnselected: {'identifier': 'mavlink_controller_client'}
[0.000984] (-) JobUnselected: {'identifier': 'mavlink_gui_tester'}
[0.000992] (-) JobUnselected: {'identifier': 'moveit'}
[0.001000] (-) JobUnselected: {'identifier': 'moveit2_tutorials'}
[0.001008] (-) JobUnselected: {'identifier': 'moveit_chomp_optimizer_adapter'}
[0.001017] (-) JobUnselected: {'identifier': 'moveit_common'}
[0.001025] (-) JobUnselected: {'identifier': 'moveit_configs_utils'}
[0.001034] (-) JobUnselected: {'identifier': 'moveit_core'}
[0.001042] (-) JobUnselected: {'identifier': 'moveit_hybrid_planning'}
[0.001050] (-) JobUnselected: {'identifier': 'moveit_kinematics'}
[0.001059] (-) JobUnselected: {'identifier': 'moveit_planners'}
[0.001066] (-) JobUnselected: {'identifier': 'moveit_planners_chomp'}
[0.001075] (-) JobUnselected: {'identifier': 'moveit_planners_ompl'}
[0.001082] (-) JobUnselected: {'identifier': 'moveit_plugins'}
[0.001090] (-) JobUnselected: {'identifier': 'moveit_resources'}
[0.001097] (-) JobUnselected: {'identifier': 'moveit_resources_fanuc_description'}
[0.001105] (-) JobUnselected: {'identifier': 'moveit_resources_fanuc_moveit_config'}
[0.001112] (-) JobUnselected: {'identifier': 'moveit_resources_panda_description'}
[0.001120] (-) JobUnselected: {'identifier': 'moveit_resources_panda_moveit_config'}
[0.001128] (-) JobUnselected: {'identifier': 'moveit_resources_pr2_description'}
[0.001135] (-) JobUnselected: {'identifier': 'moveit_resources_prbt_ikfast_manipulator_plugin'}
[0.001143] (-) JobUnselected: {'identifier': 'moveit_resources_prbt_moveit_config'}
[0.001150] (-) JobUnselected: {'identifier': 'moveit_resources_prbt_pg70_support'}
[0.001157] (-) JobUnselected: {'identifier': 'moveit_resources_prbt_support'}
[0.001165] (-) JobUnselected: {'identifier': 'moveit_ros'}
[0.001173] (-) JobUnselected: {'identifier': 'moveit_ros_benchmarks'}
[0.001181] (-) JobUnselected: {'identifier': 'moveit_ros_control_interface'}
[0.001189] (-) JobUnselected: {'identifier': 'moveit_ros_move_group'}
[0.001196] (-) JobUnselected: {'identifier': 'moveit_ros_occupancy_map_monitor'}
[0.001204] (-) JobUnselected: {'identifier': 'moveit_ros_perception'}
[0.001212] (-) JobUnselected: {'identifier': 'moveit_ros_planning'}
[0.001220] (-) JobUnselected: {'identifier': 'moveit_ros_planning_interface'}
[0.001228] (-) JobUnselected: {'identifier': 'moveit_ros_robot_interaction'}
[0.001235] (-) JobUnselected: {'identifier': 'moveit_ros_visualization'}
[0.001243] (-) JobUnselected: {'identifier': 'moveit_ros_warehouse'}
[0.001251] (-) JobUnselected: {'identifier': 'moveit_runtime'}
[0.001259] (-) JobUnselected: {'identifier': 'moveit_servo'}
[0.001267] (-) JobUnselected: {'identifier': 'moveit_setup_app_plugins'}
[0.001275] (-) JobUnselected: {'identifier': 'moveit_setup_assistant'}
[0.001282] (-) JobUnselected: {'identifier': 'moveit_setup_controllers'}
[0.001290] (-) JobUnselected: {'identifier': 'moveit_setup_core_plugins'}
[0.001298] (-) JobUnselected: {'identifier': 'moveit_setup_framework'}
[0.001305] (-) JobUnselected: {'identifier': 'moveit_setup_srdf_plugins'}
[0.001342] (-) JobUnselected: {'identifier': 'moveit_simple_controller_manager'}
[0.001350] (-) JobUnselected: {'identifier': 'moveit_task_constructor_capabilities'}
[0.001357] (-) JobUnselected: {'identifier': 'moveit_task_constructor_core'}
[0.001365] (-) JobUnselected: {'identifier': 'moveit_task_constructor_demo'}
[0.001373] (-) JobUnselected: {'identifier': 'moveit_task_constructor_msgs'}
[0.001381] (-) JobUnselected: {'identifier': 'moveit_task_constructor_visualization'}
[0.001388] (-) JobUnselected: {'identifier': 'moveit_visual_tools'}
[0.001396] (-) JobUnselected: {'identifier': 'mtc_tutorial'}
[0.001404] (-) JobUnselected: {'identifier': 'object_description'}
[0.001412] (-) JobUnselected: {'identifier': 'pilz_industrial_motion_planner'}
[0.001419] (-) JobUnselected: {'identifier': 'pilz_industrial_motion_planner_testutils'}
[0.001427] (-) JobUnselected: {'identifier': 'realsense2_camera'}
[0.001434] (-) JobUnselected: {'identifier': 'realsense2_camera_msgs'}
[0.001442] (-) JobUnselected: {'identifier': 'realsense2_description'}
[0.001450] (-) JobUnselected: {'identifier': 'realsense2_ros_mqtt_bridge'}
[0.001457] (-) JobUnselected: {'identifier': 'red_seiretu_description'}
[0.001465] (-) JobUnselected: {'identifier': 'robot_config'}
[0.001473] (-) JobUnselected: {'identifier': 'ros_tcp_endpoint'}
[0.001481] (-) JobUnselected: {'identifier': 'rosparam_shortcuts'}
[0.001489] (-) JobUnselected: {'identifier': 'rviz_marker_tools'}
[0.001501] (-) JobUnselected: {'identifier': 'srdfdom'}
[0.001508] (-) JobUnselected: {'identifier': 'trac_ik'}
[0.001517] (-) JobUnselected: {'identifier': 'trac_ik_kinematics_plugin'}
[0.001524] (-) JobUnselected: {'identifier': 'trac_ik_lib'}
[0.001532] (-) JobUnselected: {'identifier': 'urdf_0816_description'}
[0.001542] (stm32_mavlink_interface) JobQueued: {'identifier': 'stm32_mavlink_interface', 'dependencies': OrderedDict()}
[0.001554] (stm32_mavlink_interface) JobStarted: {'identifier': 'stm32_mavlink_interface'}
[0.011799] (stm32_mavlink_interface) JobProgress: {'identifier': 'stm32_mavlink_interface', 'progress': 'cmake'}
[0.012415] (stm32_mavlink_interface) JobProgress: {'identifier': 'stm32_mavlink_interface', 'progress': 'build'}
[0.013313] (stm32_mavlink_interface) Command: {'cmd': ['/usr/bin/cmake', '--build', '/home/a/ws_moveit2/build/stm32_mavlink_interface', '--', '-j22', '-l22'], 'cwd': '/home/a/ws_moveit2/build/stm32_mavlink_interface', 'env': OrderedDict([('GJS_DEBUG_TOPICS', 'JS ERROR;JS LOG'), ('LESSOPEN', '| /usr/bin/lesspipe %s'), ('USER', 'a'), ('XDG_SESSION_TYPE', 'wayland'), ('SHLVL', '1'), ('LD_LIBRARY_PATH', '/home/a/ws_moveit2/install/trac_ik_kinematics_plugin/lib:/home/a/ws_moveit2/install/trac_ik_lib/lib:/home/a/ws_moveit2/install/stm32_mavlink_interface/lib:/home/a/ws_moveit2/install/right_arm_ikfast_plugin/lib:/home/a/ws_moveit2/install/pilz_industrial_motion_planner_testutils/lib:/home/a/ws_moveit2/install/pilz_industrial_motion_planner/lib:/home/a/ws_moveit2/install/moveit_visual_tools/lib:/home/a/ws_moveit2/install/moveit_task_constructor_visualization/lib:/home/a/ws_moveit2/install/moveit_task_constructor_demo/lib:/home/a/ws_moveit2/install/moveit_task_constructor_capabilities/lib:/home/a/ws_moveit2/install/moveit_task_constructor_core/lib:/home/a/ws_moveit2/install/moveit_ros_control_interface/lib:/home/a/ws_moveit2/install/moveit_simple_controller_manager/lib:/home/a/ws_moveit2/install/moveit_setup_assistant/lib:/home/a/ws_moveit2/install/moveit_setup_srdf_plugins/lib:/home/a/ws_moveit2/install/moveit_setup_core_plugins/lib:/home/a/ws_moveit2/install/moveit_setup_controllers/lib:/home/a/ws_moveit2/install/moveit_setup_app_plugins/lib:/home/a/ws_moveit2/install/moveit_setup_framework/lib:/home/a/ws_moveit2/install/moveit_servo/lib:/home/a/ws_moveit2/install/moveit_ros_visualization/lib:/home/a/ws_moveit2/install/moveit_hybrid_planning/lib:/home/a/ws_moveit2/install/moveit_ros_planning_interface/lib:/home/a/ws_moveit2/install/moveit_ros_benchmarks/lib:/home/a/ws_moveit2/install/moveit_ros_warehouse/lib:/home/a/ws_moveit2/install/moveit_ros_robot_interaction/lib:/home/a/ws_moveit2/install/moveit_ros_perception/lib:/home/a/ws_moveit2/install/moveit_ros_move_group/lib:/home/a/ws_moveit2/install/moveit_planners_ompl/lib:/home/a/ws_moveit2/install/left_arm_ikfast_plugin/lib:/home/a/ws_moveit2/install/moveit_ros_planning/lib:/home/a/ws_moveit2/install/moveit_ros_occupancy_map_monitor/lib:/home/a/ws_moveit2/install/moveit_resources_prbt_ikfast_manipulator_plugin/lib:/home/a/ws_moveit2/install/moveit_planners_chomp/lib:/home/a/ws_moveit2/install/moveit_kinematics/lib:/home/a/ws_moveit2/install/moveit_chomp_optimizer_adapter/lib:/home/a/ws_moveit2/install/chomp_motion_planner/lib:/home/a/ws_moveit2/install/moveit_core/lib:/home/a/ws_moveit2/install/srdfdom/lib:/home/a/ws_moveit2/install/rviz_marker_tools/lib:/home/a/ws_moveit2/install/rosparam_shortcuts/lib:/home/a/ws_moveit2/install/realsense2_camera/lib:/home/a/ws_moveit2/install/realsense2_camera_msgs/lib:/home/a/ws_moveit2/install/moveit_task_constructor_msgs/lib:/home/a/ws_moveit2/install/dynamixel_sdk_custom_interfaces/lib:/home/a/ws_moveit2/install/dynamixel_controller/lib:/home/a/ws_moveit2/install/dynamixel_sdk/lib:/usr/lib/x86_64-linux-gnu/gazebo-11/plugins:/opt/ros/humble/opt/rviz_ogre_vendor/lib:/opt/ros/humble/lib/x86_64-linux-gnu:/opt/ros/humble/lib'), ('HOME', '/home/a'), ('DESKTOP_SESSION', 'ubuntu'), ('NVM_BIN', '/home/a/.nvm/versions/node/v22.18.0/bin'), ('NVM_INC', '/home/a/.nvm/versions/node/v22.18.0/include/node'), ('GIO_LAUNCHED_DESKTOP_FILE', '/usr/share/applications/terminator.desktop'), ('ROS_PYTHON_VERSION', '3'), ('GNOME_SHELL_SESSION_MODE', 'ubuntu'), ('GTK_MODULES', 'gail:atk-bridge'), ('MANAGERPID', '1213'), ('SYSTEMD_EXEC_PID', '1445'), ('DBUS_SESSION_BUS_ADDRESS', 'unix:path=/run/user/1000/bus'), ('COLORTERM', 'truecolor'), ('TERMINATOR_DBUS_NAME', 'net.tenshu.Terminator25ef4b219e3b005583550f2b0f9f990c3'), ('GIO_LAUNCHED_DESKTOP_FILE_PID', '3048'), ('NVM_DIR', '/home/a/.nvm'), ('IM_CONFIG_PHASE', '1'), ('WAYLAND_DISPLAY', 'wayland-0'), ('COLCON_PREFIX_PATH', '/home/a/ws_moveit2/install'), ('ROS_DISTRO', 'humble'), ('LOGNAME', 'a'), ('JOURNAL_STREAM', '8:3514'), ('_', '/usr/bin/colcon'), ('ROS_VERSION', '2'), ('XDG_SESSION_CLASS', 'user'), ('USERNAME', 'a'), ('TERM', 'xterm-256color'), ('GNOME_DESKTOP_SESSION_ID', 'this-is-deprecated'), ('ROS_LOCALHOST_ONLY', '0'), ('PATH', '/home/a/ws_moveit2/install/moveit_core/bin:/home/a/.nvm/versions/node/v22.18.0/bin:/opt/ros/humble/bin:/home/a/.local/bin:/usr/local/sbin:/usr/local/bin:/usr/sbin:/usr/bin:/sbin:/bin:/usr/games:/usr/local/games:/snap/bin:/snap/bin'), ('SESSION_MANAGER', 'local/a:@/tmp/.ICE-unix/1406,unix/a:/tmp/.ICE-unix/1406'), ('INVOCATION_ID', 'a100030f866a48708cf7905c543bcf13'), ('XDG_MENU_PREFIX', 'gnome-'), ('GNOME_SETUP_DISPLAY', ':1'), ('XDG_RUNTIME_DIR', '/run/user/1000'), ('DISPLAY', ':0'), ('TERMINATOR_DBUS_PATH', '/net/tenshu/Terminator2'), ('LANG', 'en_US.UTF-8'), ('XDG_CURRENT_DESKTOP', 'ubuntu:GNOME'), ('XMODIFIERS', '@im=ibus'), ('XDG_SESSION_DESKTOP', 'ubuntu'), ('XAUTHORITY', '/run/user/1000/.mutter-Xwaylandauth.4WBWC3'), ('LS_COLORS', 'rs=0:di=01;34:ln=01;36:mh=00:pi=40;33:so=01;35:do=01;35:bd=40;33;01:cd=40;33;01:or=40;31;01:mi=00:su=37;41:sg=30;43:ca=30;41:tw=30;42:ow=34;42:st=37;44:ex=01;32:*.tar=01;31:*.tgz=01;31:*.arc=01;31:*.arj=01;31:*.taz=01;31:*.lha=01;31:*.lz4=01;31:*.lzh=01;31:*.lzma=01;31:*.tlz=01;31:*.txz=01;31:*.tzo=01;31:*.t7z=01;31:*.zip=01;31:*.z=01;31:*.dz=01;31:*.gz=01;31:*.lrz=01;31:*.lz=01;31:*.lzo=01;31:*.xz=01;31:*.zst=01;31:*.tzst=01;31:*.bz2=01;31:*.bz=01;31:*.tbz=01;31:*.tbz2=01;31:*.tz=01;31:*.deb=01;31:*.rpm=01;31:*.jar=01;31:*.war=01;31:*.ear=01;31:*.sar=01;31:*.rar=01;31:*.alz=01;31:*.ace=01;31:*.zoo=01;31:*.cpio=01;31:*.7z=01;31:*.rz=01;31:*.cab=01;31:*.wim=01;31:*.swm=01;31:*.dwm=01;31:*.esd=01;31:*.jpg=01;35:*.jpeg=01;35:*.mjpg=01;35:*.mjpeg=01;35:*.gif=01;35:*.bmp=01;35:*.pbm=01;35:*.pgm=01;35:*.ppm=01;35:*.tga=01;35:*.xbm=01;35:*.xpm=01;35:*.tif=01;35:*.tiff=01;35:*.png=01;35:*.svg=01;35:*.svgz=01;35:*.mng=01;35:*.pcx=01;35:*.mov=01;35:*.mpg=01;35:*.mpeg=01;35:*.m2v=01;35:*.mkv=01;35:*.webm=01;35:*.webp=01;35:*.ogm=01;35:*.mp4=01;35:*.m4v=01;35:*.mp4v=01;35:*.vob=01;35:*.qt=01;35:*.nuv=01;35:*.wmv=01;35:*.asf=01;35:*.rm=01;35:*.rmvb=01;35:*.flc=01;35:*.avi=01;35:*.fli=01;35:*.flv=01;35:*.gl=01;35:*.dl=01;35:*.xcf=01;35:*.xwd=01;35:*.yuv=01;35:*.cgm=01;35:*.emf=01;35:*.ogv=01;35:*.ogx=01;35:*.aac=00;36:*.au=00;36:*.flac=00;36:*.m4a=00;36:*.mid=00;36:*.midi=00;36:*.mka=00;36:*.mp3=00;36:*.mpc=00;36:*.ogg=00;36:*.ra=00;36:*.wav=00;36:*.oga=00;36:*.opus=00;36:*.spx=00;36:*.xspf=00;36:'), ('SSH_AGENT_LAUNCHER', 'gnome-keyring'), ('SSH_AUTH_SOCK', '/run/user/1000/keyring/ssh'), ('AMENT_PREFIX_PATH', '/home/a/ws_moveit2/install/urdf_0816_description:/home/a/ws_moveit2/install/trac_ik:/home/a/ws_moveit2/install/robot_config:/home/a/ws_moveit2/install/trac_ik_kinematics_plugin:/home/a/ws_moveit2/install/trac_ik_lib:/home/a/ws_moveit2/install/mavlink_controller_client:/home/a/ws_moveit2/install/stm32_mavlink_interface:/home/a/ws_moveit2/install/right_arm_ikfast_plugin:/home/a/ws_moveit2/install/pilz_industrial_motion_planner_testutils:/home/a/ws_moveit2/install/moveit_runtime:/home/a/ws_moveit2/install/moveit2_tutorials:/home/a/ws_moveit2/install/moveit:/home/a/ws_moveit2/install/moveit_planners:/home/a/ws_moveit2/install/pilz_industrial_motion_planner:/home/a/ws_moveit2/install/mtc_tutorial:/home/a/ws_moveit2/install/hello_moveit:/home/a/ws_moveit2/install/moveit_visual_tools:/home/a/ws_moveit2/install/moveit_task_constructor_visualization:/home/a/ws_moveit2/install/moveit_task_constructor_demo:/home/a/ws_moveit2/install/moveit_task_constructor_capabilities:/home/a/ws_moveit2/install/moveit_task_constructor_core:/home/a/ws_moveit2/install/moveit_ros_control_interface:/home/a/ws_moveit2/install/moveit_plugins:/home/a/ws_moveit2/install/moveit_simple_controller_manager:/home/a/ws_moveit2/install/moveit_setup_assistant:/home/a/ws_moveit2/install/moveit_setup_srdf_plugins:/home/a/ws_moveit2/install/moveit_setup_core_plugins:/home/a/ws_moveit2/install/moveit_setup_controllers:/home/a/ws_moveit2/install/moveit_setup_app_plugins:/home/a/ws_moveit2/install/moveit_setup_framework:/home/a/ws_moveit2/install/moveit_servo:/home/a/ws_moveit2/install/moveit_ros:/home/a/ws_moveit2/install/moveit_ros_visualization:/home/a/ws_moveit2/install/moveit_hybrid_planning:/home/a/ws_moveit2/install/moveit_ros_planning_interface:/home/a/ws_moveit2/install/moveit_ros_benchmarks:/home/a/ws_moveit2/install/moveit_ros_warehouse:/home/a/ws_moveit2/install/moveit_ros_robot_interaction:/home/a/ws_moveit2/install/moveit_ros_perception:/home/a/ws_moveit2/install/moveit_resources_prbt_pg70_support:/home/a/ws_moveit2/install/moveit_resources_prbt_moveit_config:/home/a/ws_moveit2/install/moveit_ros_move_group:/home/a/ws_moveit2/install/moveit_planners_ompl:/home/a/ws_moveit2/install/left_arm_ikfast_plugin:/home/a/ws_moveit2/install/moveit_ros_planning:/home/a/ws_moveit2/install/moveit_ros_occupancy_map_monitor:/home/a/ws_moveit2/install/moveit_resources_prbt_ikfast_manipulator_plugin:/home/a/ws_moveit2/install/moveit_planners_chomp:/home/a/ws_moveit2/install/moveit_kinematics:/home/a/ws_moveit2/install/moveit_chomp_optimizer_adapter:/home/a/ws_moveit2/install/chomp_motion_planner:/home/a/ws_moveit2/install/moveit_core:/home/a/ws_moveit2/install/moveit_configs_utils:/home/a/ws_moveit2/install/srdfdom:/home/a/ws_moveit2/install/rviz_marker_tools:/home/a/ws_moveit2/install/rosparam_shortcuts:/home/a/ws_moveit2/install/ros_tcp_endpoint:/home/a/ws_moveit2/install/red_seiretu_description:/home/a/ws_moveit2/install/realsense2_ros_mqtt_bridge:/home/a/ws_moveit2/install/realsense2_description:/home/a/ws_moveit2/install/realsense2_camera:/home/a/ws_moveit2/install/realsense2_camera_msgs:/home/a/ws_moveit2/install/object_description:/home/a/ws_moveit2/install/moveit_task_constructor_msgs:/home/a/ws_moveit2/install/moveit_resources_prbt_support:/home/a/ws_moveit2/install/moveit_resources:/home/a/ws_moveit2/install/moveit_resources_pr2_description:/home/a/ws_moveit2/install/moveit_resources_panda_moveit_config:/home/a/ws_moveit2/install/moveit_resources_panda_description:/home/a/ws_moveit2/install/moveit_resources_fanuc_moveit_config:/home/a/ws_moveit2/install/moveit_resources_fanuc_description:/home/a/ws_moveit2/install/moveit_common:/home/a/ws_moveit2/install/mavlink_gui_tester:/home/a/ws_moveit2/install/launch_param_builder:/home/a/ws_moveit2/install/field_description_test:/home/a/ws_moveit2/install/field_description:/home/a/ws_moveit2/install/dynamixel_sdk_examples:/home/a/ws_moveit2/install/dynamixel_sdk_custom_interfaces:/home/a/ws_moveit2/install/dynamixel_controller_gui:/home/a/ws_moveit2/install/dynamixel_controller:/home/a/ws_moveit2/install/dynamixel_sdk:/home/a/ws_moveit2/install/dynamixel_controller_client:/home/a/ws_moveit2/install/d415_rgb_depth_3d:/home/a/ws_moveit2/install/catch_gazebo_ros2_control:/home/a/ws_moveit2/install/blue_seiretu_description:/home/a/ws_moveit2/install/0525_arm_description:/opt/ros/humble'), ('SHELL', '/bin/bash'), ('TERMINATOR_UUID', 'urn:uuid:a64a22d0-cde5-4baa-9a97-059ea5635fde'), ('QT_ACCESSIBILITY', '1'), ('GDMSESSION', 'ubuntu'), ('LESSCLOSE', '/usr/bin/lesspipe %s %s'), ('CMAKE_MODULE_PATH', '/home/a/ws_moveit2/install/moveit_task_constructor_core/share/moveit_task_constructor_core/cmake'), ('GJS_DEBUG_OUTPUT', 'stderr'), ('QT_IM_MODULE', 'ibus'), ('PWD', '/home/a/ws_moveit2/build/stm32_mavlink_interface'), ('LC_ALL', 'en_US.UTF-8'), ('XDG_CONFIG_DIRS', '/etc/xdg/xdg-ubuntu:/etc/xdg'), ('NVM_CD_FLAGS', ''), ('XDG_DATA_DIRS', '/usr/share/ubuntu:/home/a/.local/share/flatpak/exports/share:/var/lib/flatpak/exports/share:/usr/local/share/:/usr/share/:/var/lib/snapd/desktop'), ('PYTHONPATH', '/home/a/ws_moveit2/install/mavlink_controller_client/lib/python3.10/site-packages:/home/a/ws_moveit2/install/stm32_mavlink_interface/local/lib/python3.10/dist-packages:/home/a/ws_moveit2/install/moveit_task_constructor_core/local/lib/python3.10/dist-packages:/home/a/ws_moveit2/install/moveit_configs_utils/lib/python3.10/site-packages:/home/a/ws_moveit2/install/srdfdom/local/lib/python3.10/dist-packages:/home/a/ws_moveit2/install/ros_tcp_endpoint/lib/python3.10/site-packages:/home/a/ws_moveit2/install/realsense2_ros_mqtt_bridge/lib/python3.10/site-packages:/home/a/ws_moveit2/install/realsense2_camera_msgs/local/lib/python3.10/dist-packages:/home/a/ws_moveit2/install/moveit_task_constructor_msgs/local/lib/python3.10/dist-packages:/home/a/ws_moveit2/install/launch_param_builder/lib/python3.10/site-packages:/home/a/ws_moveit2/install/dynamixel_sdk_custom_interfaces/local/lib/python3.10/dist-packages:/home/a/ws_moveit2/install/dynamixel_controller_gui/lib/python3.10/site-packages:/home/a/ws_moveit2/install/dynamixel_controller/local/lib/python3.10/dist-packages:/home/a/ws_moveit2/install/dynamixel_controller_client/lib/python3.10/site-packages:/home/a/ws_moveit2/install/d415_rgb_depth_3d/lib/python3.10/site-packages:/opt/ros/humble/lib/python3.10/site-packages:/opt/ros/humble/local/lib/python3.10/dist-packages'), ('COLCON', '1'), ('VTE_VERSION', '6800'), ('CMAKE_PREFIX_PATH', '/home/a/ws_moveit2/install/urdf_0816_description:/home/a/ws_moveit2/install/trac_ik:/home/a/ws_moveit2/install/robot_config:/home/a/ws_moveit2/install/trac_ik_kinematics_plugin:/home/a/ws_moveit2/install/right_arm_ikfast_plugin:/home/a/ws_moveit2/install/pilz_industrial_motion_planner_testutils:/home/a/ws_moveit2/install/moveit_runtime:/home/a/ws_moveit2/install/moveit2_tutorials:/home/a/ws_moveit2/install/moveit:/home/a/ws_moveit2/install/moveit_planners:/home/a/ws_moveit2/install/pilz_industrial_motion_planner:/home/a/ws_moveit2/install/mtc_tutorial:/home/a/ws_moveit2/install/hello_moveit:/home/a/ws_moveit2/install/moveit_visual_tools:/home/a/ws_moveit2/install/moveit_task_constructor_visualization:/home/a/ws_moveit2/install/moveit_task_constructor_demo:/home/a/ws_moveit2/install/moveit_task_constructor_capabilities:/home/a/ws_moveit2/install/moveit_task_constructor_core:/home/a/ws_moveit2/install/moveit_ros_control_interface:/home/a/ws_moveit2/install/moveit_plugins:/home/a/ws_moveit2/install/moveit_simple_controller_manager:/home/a/ws_moveit2/install/moveit_setup_assistant:/home/a/ws_moveit2/install/moveit_setup_srdf_plugins:/home/a/ws_moveit2/install/moveit_setup_core_plugins:/home/a/ws_moveit2/install/moveit_setup_controllers:/home/a/ws_moveit2/install/moveit_setup_app_plugins:/home/a/ws_moveit2/install/moveit_setup_framework:/home/a/ws_moveit2/install/moveit_servo:/home/a/ws_moveit2/install/moveit_ros:/home/a/ws_moveit2/install/moveit_ros_visualization:/home/a/ws_moveit2/install/moveit_hybrid_planning:/home/a/ws_moveit2/install/moveit_ros_planning_interface:/home/a/ws_moveit2/install/moveit_ros_benchmarks:/home/a/ws_moveit2/install/moveit_ros_warehouse:/home/a/ws_moveit2/install/moveit_ros_robot_interaction:/home/a/ws_moveit2/install/moveit_ros_perception:/home/a/ws_moveit2/install/moveit_resources_prbt_pg70_support:/home/a/ws_moveit2/install/moveit_resources_prbt_moveit_config:/home/a/ws_moveit2/install/moveit_ros_move_group:/home/a/ws_moveit2/install/moveit_planners_ompl:/home/a/ws_moveit2/install/left_arm_ikfast_plugin:/home/a/ws_moveit2/install/moveit_ros_planning:/home/a/ws_moveit2/install/moveit_ros_occupancy_map_monitor:/home/a/ws_moveit2/install/moveit_resources_prbt_ikfast_manipulator_plugin:/home/a/ws_moveit2/install/moveit_planners_chomp:/home/a/ws_moveit2/install/moveit_kinematics:/home/a/ws_moveit2/install/moveit_chomp_optimizer_adapter:/home/a/ws_moveit2/install/chomp_motion_planner:/home/a/ws_moveit2/install/moveit_core:/home/a/ws_moveit2/install/rviz_marker_tools:/home/a/ws_moveit2/install/rosparam_shortcuts:/home/a/ws_moveit2/install/red_seiretu_description:/home/a/ws_moveit2/install/realsense2_description:/home/a/ws_moveit2/install/realsense2_camera:/home/a/ws_moveit2/install/object_description:/home/a/ws_moveit2/install/moveit_resources:/home/a/ws_moveit2/install/moveit_resources_panda_moveit_config:/home/a/ws_moveit2/install/moveit_resources_fanuc_moveit_config:/home/a/ws_moveit2/install/mavlink_gui_tester:/home/a/ws_moveit2/install/field_description_test:/home/a/ws_moveit2/install/field_description:/home/a/ws_moveit2/install/dynamixel_sdk_examples:/home/a/ws_moveit2/install/dynamixel_controller:/home/a/ws_moveit2/install/0525_arm_description:/home/a/ws_moveit2/install/trac_ik_lib:/home/a/ws_moveit2/install/mavlink_controller_client:/home/a/ws_moveit2/install/stm32_mavlink_interface:/home/a/ws_moveit2/install/moveit_configs_utils:/home/a/ws_moveit2/install/srdfdom:/home/a/ws_moveit2/install/ros_tcp_endpoint:/home/a/ws_moveit2/install/realsense2_ros_mqtt_bridge:/home/a/ws_moveit2/install/realsense2_camera_msgs:/home/a/ws_moveit2/install/moveit_task_constructor_msgs:/home/a/ws_moveit2/install/moveit_resources_prbt_support:/home/a/ws_moveit2/install/moveit_resources_pr2_description:/home/a/ws_moveit2/install/moveit_resources_panda_description:/home/a/ws_moveit2/install/moveit_resources_fanuc_description:/home/a/ws_moveit2/install/moveit_common:/home/a/ws_moveit2/install/launch_param_builder:/home/a/ws_moveit2/install/dynamixel_sdk_custom_interfaces:/home/a/ws_moveit2/install/dynamixel_controller_gui:/home/a/ws_moveit2/install/dynamixel_sdk:/home/a/ws_moveit2/install/dynamixel_controller_client:/home/a/ws_moveit2/install/d415_rgb_depth_3d:/home/a/ws_moveit2/install/catch_gazebo_ros2_control:/home/a/ws_moveit2/install/blue_seiretu_description:/opt/ros/humble')]), 'shell': False}
[0.042020] (stm32_mavlink_interface) StdoutLine: {'line': b'-- Found ament_cmake: 1.3.12 (/opt/ros/humble/share/ament_cmake/cmake)\n'}
[0.099230] (-) TimerEvent: {}
[0.135841] (stm32_mavlink_interface) StdoutLine: {'line': b'-- Found rclcpp: 16.0.14 (/opt/ros/humble/share/rclcpp/cmake)\n'}
[0.153036] (stm32_mavlink_interface) StdoutLine: {'line': b'-- Found rosidl_generator_c: 3.1.7 (/opt/ros/humble/share/rosidl_generator_c/cmake)\n'}
[0.154215] (stm32_mavlink_interface) StdoutLine: {'line': b'-- Found rosidl_adapter: 3.1.7 (/opt/ros/humble/share/rosidl_adapter/cmake)\n'}
[0.157360] (stm32_mavlink_interface) StdoutLine: {'line': b'-- Found rosidl_generator_cpp: 3.1.7 (/opt/ros/humble/share/rosidl_generator_cpp/cmake)\n'}
[0.164493] (stm32_mavlink_interface) StdoutLine: {'line': b'-- Using all available rosidl_typesupport_c: rosidl_typesupport_fastrtps_c;rosidl_typesupport_introspection_c\n'}
[0.173307] (stm32_mavlink_interface) StdoutLine: {'line': b'-- Using all available rosidl_typesupport_cpp: rosidl_typesupport_fastrtps_cpp;rosidl_typesupport_introspection_cpp\n'}
[0.193768] (stm32_mavlink_interface) StdoutLine: {'line': b'-- Found rmw_implementation_cmake: 6.1.2 (/opt/ros/humble/share/rmw_implementation_cmake/cmake)\n'}
[0.196416] (stm32_mavlink_interface) StdoutLine: {'line': b'-- Found rmw_fastrtps_cpp: 6.2.8 (/opt/ros/humble/share/rmw_fastrtps_cpp/cmake)\n'}
[0.199297] (-) TimerEvent: {}
[0.278853] (stm32_mavlink_interface) StdoutLine: {'line': b"-- Using RMW implementation 'rmw_fastrtps_cpp' as default\n"}
[0.299410] (-) TimerEvent: {}
[0.310111] (stm32_mavlink_interface) StdoutLine: {'line': b'-- Found std_srvs: 4.9.0 (/opt/ros/humble/share/std_srvs/cmake)\n'}
[0.317439] (stm32_mavlink_interface) StdoutLine: {'line': b'-- Found sensor_msgs: 4.9.0 (/opt/ros/humble/share/sensor_msgs/cmake)\n'}
[0.335457] (stm32_mavlink_interface) StdoutLine: {'line': b'-- Found diagnostic_msgs: 4.9.0 (/opt/ros/humble/share/diagnostic_msgs/cmake)\n'}
[0.342637] (stm32_mavlink_interface) StdoutLine: {'line': b'-- Found rosidl_default_generators: 1.2.0 (/opt/ros/humble/share/rosidl_default_generators/cmake)\n'}
[0.399532] (-) TimerEvent: {}
[0.499847] (-) TimerEvent: {}
[0.600172] (-) TimerEvent: {}
[0.618027] (stm32_mavlink_interface) StdoutLine: {'line': b'-- Found ament_cmake_ros: 0.10.0 (/opt/ros/humble/share/ament_cmake_ros/cmake)\n'}
[0.700273] (-) TimerEvent: {}
[0.800556] (-) TimerEvent: {}
[0.900894] (-) TimerEvent: {}
[0.952948] (stm32_mavlink_interface) StdoutLine: {'line': b'-- Using all available rosidl_typesupport_c: rosidl_typesupport_fastrtps_c;rosidl_typesupport_introspection_c\n'}
[1.000964] (-) TimerEvent: {}
[1.077663] (stm32_mavlink_interface) StdoutLine: {'line': b'-- Using all available rosidl_typesupport_cpp: rosidl_typesupport_fastrtps_cpp;rosidl_typesupport_introspection_cpp\n'}
[1.094164] (stm32_mavlink_interface) StdoutLine: {'line': b'-- Found python_cmake_module: 0.10.0 (/opt/ros/humble/share/python_cmake_module/cmake)\n'}
[1.101039] (-) TimerEvent: {}
[1.112440] (stm32_mavlink_interface) StdoutLine: {'line': b'-- Using PYTHON_EXECUTABLE: /usr/bin/python3\n'}
[1.112541] (stm32_mavlink_interface) StdoutLine: {'line': b'-- Using PYTHON_INCLUDE_DIRS: /usr/include/python3.10\n'}
[1.112593] (stm32_mavlink_interface) StdoutLine: {'line': b'-- Using PYTHON_LIBRARIES: /usr/lib/x86_64-linux-gnu/libpython3.10.so\n'}
[1.201167] (-) TimerEvent: {}
[1.201957] (stm32_mavlink_interface) StdoutLine: {'line': b'-- Found ament_lint_auto: 0.12.14 (/opt/ros/humble/share/ament_lint_auto/cmake)\n'}
[1.209593] (stm32_mavlink_interface) StdoutLine: {'line': b"-- Added test 'copyright' to check source files copyright and LICENSE\n"}
[1.220850] (stm32_mavlink_interface) StdoutLine: {'line': b"-- Added test 'cppcheck' to perform static code analysis on C / C++ code\n"}
[1.221657] (stm32_mavlink_interface) StdoutLine: {'line': b'-- Configured cppcheck include dirs: /home/a/ws_moveit2/src/MAVLink/MAVLink_ros2/include;/home/a/ws_moveit2/src/MAVLink/MAVLink_ros2/include/mavlink/c_library_v2\n'}
[1.221735] (stm32_mavlink_interface) StdoutLine: {'line': b'-- Configured cppcheck exclude dirs and/or files: \n'}
[1.232856] (stm32_mavlink_interface) StdoutLine: {'line': b"-- Added test 'cpplint' to check C / C++ code against the Google style\n"}
[1.232964] (stm32_mavlink_interface) StdoutLine: {'line': b'-- Configured cpplint exclude dirs and/or files: \n'}
[1.234469] (stm32_mavlink_interface) StdoutLine: {'line': b"-- Added test 'flake8' to check Python code syntax and style conventions\n"}
[1.237198] (stm32_mavlink_interface) StdoutLine: {'line': b"-- Added test 'lint_cmake' to check CMake code style\n"}
[1.238882] (stm32_mavlink_interface) StdoutLine: {'line': b"-- Added test 'pep257' to check Python code against some of the docstring style conventions in PEP 257\n"}
[1.249769] (stm32_mavlink_interface) StdoutLine: {'line': b"-- Added test 'uncrustify' to check C / C++ code style\n"}
[1.249908] (stm32_mavlink_interface) StdoutLine: {'line': b'-- Configured uncrustify additional arguments: \n'}
[1.252575] (stm32_mavlink_interface) StdoutLine: {'line': b"-- Added test 'xmllint' to check XML markup files\n"}
[1.253420] (stm32_mavlink_interface) StdoutLine: {'line': b'-- Configuring done\n'}
[1.285852] (stm32_mavlink_interface) StdoutLine: {'line': b'-- Generating done\n'}
[1.295163] (stm32_mavlink_interface) StdoutLine: {'line': b'-- Build files have been written to: /home/a/ws_moveit2/build/stm32_mavlink_interface\n'}
[1.301227] (-) TimerEvent: {}
[1.326661] (stm32_mavlink_interface) StdoutLine: {'line': b'\x1b[35m\x1b[1mConsolidate compiler generated dependencies of target stm32_mavlink_interface__rosidl_generator_c\x1b[0m\n'}
[1.338043] (stm32_mavlink_interface) StdoutLine: {'line': b'[  1%] Built target stm32_mavlink_interface__cpp\n'}
[1.340294] (stm32_mavlink_interface) StdoutLine: {'line': b'[ 12%] Built target stm32_mavlink_interface__rosidl_generator_c\n'}
[1.349614] (stm32_mavlink_interface) StdoutLine: {'line': b'\x1b[35m\x1b[1mConsolidate compiler generated dependencies of target stm32_mavlink_interface__rosidl_typesupport_c\x1b[0m\n'}
[1.349870] (stm32_mavlink_interface) StdoutLine: {'line': b'\x1b[35m\x1b[1mConsolidate compiler generated dependencies of target stm32_mavlink_interface__rosidl_typesupport_cpp\x1b[0m\n'}
[1.350100] (stm32_mavlink_interface) StdoutLine: {'line': b'[ 12%] Built target ament_cmake_python_copy_stm32_mavlink_interface\n'}
[1.351027] (stm32_mavlink_interface) StdoutLine: {'line': b'\x1b[35m\x1b[1mConsolidate compiler generated dependencies of target stm32_mavlink_interface__rosidl_typesupport_fastrtps_c\x1b[0m\n'}
[1.351172] (stm32_mavlink_interface) StdoutLine: {'line': b'\x1b[35m\x1b[1mConsolidate compiler generated dependencies of target stm32_mavlink_interface__rosidl_typesupport_introspection_c\x1b[0m\n'}
[1.352927] (stm32_mavlink_interface) StdoutLine: {'line': b'\x1b[35m\x1b[1mConsolidate compiler generated dependencies of target stm32_mavlink_interface__rosidl_typesupport_fastrtps_cpp\x1b[0m\n'}
[1.353318] (stm32_mavlink_interface) StdoutLine: {'line': b'\x1b[35m\x1b[1mConsolidate compiler generated dependencies of target stm32_mavlink_interface__rosidl_typesupport_introspection_cpp\x1b[0m\n'}
[1.364611] (stm32_mavlink_interface) StdoutLine: {'line': b'[ 23%] Built target stm32_mavlink_interface__rosidl_typesupport_c\n'}
[1.366087] (stm32_mavlink_interface) StdoutLine: {'line': b'[ 24%] \x1b[32mBuilding CXX object CMakeFiles/stm32_mavlink_interface__rosidl_typesupport_cpp.dir/rosidl_typesupport_cpp/stm32_mavlink_interface/srv/set_servo_config__type_support.cpp.o\x1b[0m\n'}
[1.366343] (stm32_mavlink_interface) StdoutLine: {'line': b'[ 24%] \x1b[32mBuilding CXX object CMakeFiles/stm32_mavlink_interface__rosidl_typesupport_cpp.dir/rosidl_typesupport_cpp/stm32_mavlink_interface/msg/encoder_state__type_support.cpp.o\x1b[0m\n'}
[1.366520] (stm32_mavlink_interface) StdoutLine: {'line': b'[ 27%] \x1b[32mBuilding CXX object CMakeFiles/stm32_mavlink_interface__rosidl_typesupport_cpp.dir/rosidl_typesupport_cpp/stm32_mavlink_interface/msg/robomaster_motor_config__type_support.cpp.o\x1b[0m\n'}
[1.366707] (stm32_mavlink_interface) StdoutLine: {'line': b'[ 37%] Built target stm32_mavlink_interface__rosidl_typesupport_introspection_c\n'}
[1.367224] (stm32_mavlink_interface) StdoutLine: {'line': b'[ 38%] \x1b[32mBuilding CXX object CMakeFiles/stm32_mavlink_interface__rosidl_typesupport_cpp.dir/rosidl_typesupport_cpp/stm32_mavlink_interface/msg/servo_state__type_support.cpp.o\x1b[0m\n'}
[1.368476] (stm32_mavlink_interface) StdoutLine: {'line': b'[ 39%] \x1b[32mBuilding CXX object CMakeFiles/stm32_mavlink_interface__rosidl_typesupport_fastrtps_c.dir/rosidl_typesupport_fastrtps_c/stm32_mavlink_interface/msg/detail/encoder_state__type_support_c.cpp.o\x1b[0m\n'}
[1.368577] (stm32_mavlink_interface) StdoutLine: {'line': b'[ 40%] \x1b[32mBuilding CXX object CMakeFiles/stm32_mavlink_interface__rosidl_typesupport_cpp.dir/rosidl_typesupport_cpp/stm32_mavlink_interface/msg/robomaster_motor_command__type_support.cpp.o\x1b[0m\n'}
[1.368641] (stm32_mavlink_interface) StdoutLine: {'line': b'[ 40%] \x1b[32mBuilding CXX object CMakeFiles/stm32_mavlink_interface__rosidl_typesupport_fastrtps_c.dir/rosidl_typesupport_fastrtps_c/stm32_mavlink_interface/msg/detail/robomaster_motor_command__type_support_c.cpp.o\x1b[0m\n'}
[1.368690] (stm32_mavlink_interface) StdoutLine: {'line': b'[ 41%] \x1b[32mBuilding CXX object CMakeFiles/stm32_mavlink_interface__rosidl_typesupport_cpp.dir/rosidl_typesupport_cpp/stm32_mavlink_interface/msg/encoder_config__type_support.cpp.o\x1b[0m\n'}
[1.369141] (stm32_mavlink_interface) StdoutLine: {'line': b'[ 42%] \x1b[32mBuilding CXX object CMakeFiles/stm32_mavlink_interface__rosidl_typesupport_fastrtps_c.dir/rosidl_typesupport_fastrtps_c/stm32_mavlink_interface/msg/detail/servo_command__type_support_c.cpp.o\x1b[0m\n'}
[1.369464] (stm32_mavlink_interface) StdoutLine: {'line': b'[ 43%] \x1b[32mBuilding CXX object CMakeFiles/stm32_mavlink_interface__rosidl_typesupport_fastrtps_c.dir/rosidl_typesupport_fastrtps_c/stm32_mavlink_interface/msg/detail/robomaster_motor_config__type_support_c.cpp.o\x1b[0m\n'}
[1.369595] (stm32_mavlink_interface) StdoutLine: {'line': b'[ 44%] \x1b[32mBuilding CXX object CMakeFiles/stm32_mavlink_interface__rosidl_typesupport_cpp.dir/rosidl_typesupport_cpp/stm32_mavlink_interface/srv/set_robomaster_motor_config__type_support.cpp.o\x1b[0m\n'}
[1.369829] (stm32_mavlink_interface) StdoutLine: {'line': b'[ 45%] \x1b[32mBuilding CXX object CMakeFiles/stm32_mavlink_interface__rosidl_typesupport_cpp.dir/rosidl_typesupport_cpp/stm32_mavlink_interface/msg/servo_command__type_support.cpp.o\x1b[0m\n'}
[1.370072] (stm32_mavlink_interface) StdoutLine: {'line': b'[ 46%] \x1b[32mBuilding CXX object CMakeFiles/stm32_mavlink_interface__rosidl_typesupport_cpp.dir/rosidl_typesupport_cpp/stm32_mavlink_interface/msg/robomaster_motor_state__type_support.cpp.o\x1b[0m\n'}
[1.370225] (stm32_mavlink_interface) StdoutLine: {'line': b'[ 47%] \x1b[32mBuilding CXX object CMakeFiles/stm32_mavlink_interface__rosidl_typesupport_fastrtps_c.dir/rosidl_typesupport_fastrtps_c/stm32_mavlink_interface/msg/detail/encoder_config__type_support_c.cpp.o\x1b[0m\n'}
[1.373539] (stm32_mavlink_interface) StdoutLine: {'line': b'[ 49%] \x1b[32mBuilding CXX object CMakeFiles/stm32_mavlink_interface__rosidl_typesupport_cpp.dir/rosidl_typesupport_cpp/stm32_mavlink_interface/srv/set_encoder_config__type_support.cpp.o\x1b[0m\n'}
[1.373980] (stm32_mavlink_interface) StdoutLine: {'line': b'[ 49%] \x1b[32mBuilding CXX object CMakeFiles/stm32_mavlink_interface__rosidl_typesupport_introspection_cpp.dir/rosidl_typesupport_introspection_cpp/stm32_mavlink_interface/msg/detail/servo_command__type_support.cpp.o\x1b[0m\n'}
[1.374137] (stm32_mavlink_interface) StdoutLine: {'line': b'[ 50%] \x1b[32mBuilding CXX object CMakeFiles/stm32_mavlink_interface__rosidl_typesupport_fastrtps_c.dir/rosidl_typesupport_fastrtps_c/stm32_mavlink_interface/msg/detail/servo_state__type_support_c.cpp.o\x1b[0m\n'}
[1.375036] (stm32_mavlink_interface) StdoutLine: {'line': b'[ 51%] \x1b[32mBuilding CXX object CMakeFiles/stm32_mavlink_interface__rosidl_typesupport_fastrtps_c.dir/rosidl_typesupport_fastrtps_c/stm32_mavlink_interface/msg/detail/robomaster_motor_state__type_support_c.cpp.o\x1b[0m\n'}
[1.375371] (stm32_mavlink_interface) StdoutLine: {'line': b'[ 52%] \x1b[32mBuilding CXX object CMakeFiles/stm32_mavlink_interface__rosidl_typesupport_fastrtps_cpp.dir/rosidl_typesupport_fastrtps_cpp/stm32_mavlink_interface/msg/detail/dds_fastrtps/servo_command__type_support.cpp.o\x1b[0m\n'}
[1.381795] (stm32_mavlink_interface) StdoutLine: {'line': b'[ 53%] \x1b[32mBuilding CXX object CMakeFiles/stm32_mavlink_interface__rosidl_typesupport_fastrtps_cpp.dir/rosidl_typesupport_fastrtps_cpp/stm32_mavlink_interface/msg/detail/dds_fastrtps/servo_state__type_support.cpp.o\x1b[0m\n'}
[1.382065] (stm32_mavlink_interface) StdoutLine: {'line': b'[ 54%] \x1b[32mBuilding CXX object CMakeFiles/stm32_mavlink_interface__rosidl_typesupport_introspection_cpp.dir/rosidl_typesupport_introspection_cpp/stm32_mavlink_interface/msg/detail/servo_state__type_support.cpp.o\x1b[0m\n'}
[1.403976] (-) TimerEvent: {}
[1.504346] (-) TimerEvent: {}
[1.604769] (-) TimerEvent: {}
[1.634045] (stm32_mavlink_interface) StdoutLine: {'line': b'[ 55%] \x1b[32mBuilding CXX object CMakeFiles/stm32_mavlink_interface__rosidl_typesupport_fastrtps_cpp.dir/rosidl_typesupport_fastrtps_cpp/stm32_mavlink_interface/msg/detail/dds_fastrtps/encoder_state__type_support.cpp.o\x1b[0m\n'}
[1.634950] (stm32_mavlink_interface) StdoutLine: {'line': b'[ 56%] \x1b[32mBuilding CXX object CMakeFiles/stm32_mavlink_interface__rosidl_typesupport_introspection_cpp.dir/rosidl_typesupport_introspection_cpp/stm32_mavlink_interface/msg/detail/encoder_state__type_support.cpp.o\x1b[0m\n'}
[1.648612] (stm32_mavlink_interface) StdoutLine: {'line': b'[ 57%] \x1b[32mBuilding CXX object CMakeFiles/stm32_mavlink_interface__rosidl_typesupport_fastrtps_c.dir/rosidl_typesupport_fastrtps_c/stm32_mavlink_interface/srv/detail/set_servo_config__type_support_c.cpp.o\x1b[0m\n'}
[1.649609] (stm32_mavlink_interface) StdoutLine: {'line': b'running egg_info\n'}
[1.650454] (stm32_mavlink_interface) StdoutLine: {'line': b'writing stm32_mavlink_interface.egg-info/PKG-INFO\n'}
[1.654020] (stm32_mavlink_interface) StdoutLine: {'line': b'writing dependency_links to stm32_mavlink_interface.egg-info/dependency_links.txt\n'}
[1.654263] (stm32_mavlink_interface) StdoutLine: {'line': b'writing top-level names to stm32_mavlink_interface.egg-info/top_level.txt\n'}
[1.654384] (stm32_mavlink_interface) StdoutLine: {'line': b"reading manifest file 'stm32_mavlink_interface.egg-info/SOURCES.txt'\n"}
[1.654529] (stm32_mavlink_interface) StdoutLine: {'line': b"writing manifest file 'stm32_mavlink_interface.egg-info/SOURCES.txt'\n"}
[1.660138] (stm32_mavlink_interface) StdoutLine: {'line': b'[ 57%] \x1b[32mBuilding CXX object CMakeFiles/stm32_mavlink_interface__rosidl_typesupport_fastrtps_cpp.dir/rosidl_typesupport_fastrtps_cpp/stm32_mavlink_interface/msg/detail/dds_fastrtps/encoder_config__type_support.cpp.o\x1b[0m\n'}
[1.676855] (stm32_mavlink_interface) StdoutLine: {'line': b'[ 58%] \x1b[32mBuilding CXX object CMakeFiles/stm32_mavlink_interface__rosidl_typesupport_fastrtps_c.dir/rosidl_typesupport_fastrtps_c/stm32_mavlink_interface/srv/detail/set_encoder_config__type_support_c.cpp.o\x1b[0m\n'}
[1.689384] (stm32_mavlink_interface) StdoutLine: {'line': b'[ 58%] Built target ament_cmake_python_build_stm32_mavlink_interface_egg\n'}
[1.691439] (stm32_mavlink_interface) StdoutLine: {'line': b'[ 59%] \x1b[32mBuilding CXX object CMakeFiles/stm32_mavlink_interface__rosidl_typesupport_fastrtps_c.dir/rosidl_typesupport_fastrtps_c/stm32_mavlink_interface/srv/detail/set_robomaster_motor_config__type_support_c.cpp.o\x1b[0m\n'}
[1.700928] (stm32_mavlink_interface) StdoutLine: {'line': b'[ 59%] \x1b[32mBuilding CXX object CMakeFiles/stm32_mavlink_interface__rosidl_typesupport_introspection_cpp.dir/rosidl_typesupport_introspection_cpp/stm32_mavlink_interface/msg/detail/robomaster_motor_command__type_support.cpp.o\x1b[0m\n'}
[1.704929] (-) TimerEvent: {}
[1.709951] (stm32_mavlink_interface) StdoutLine: {'line': b'[ 60%] \x1b[32mBuilding CXX object CMakeFiles/stm32_mavlink_interface__rosidl_typesupport_fastrtps_c.dir/rosidl_typesupport_fastrtps_c/stm32_mavlink_interface/srv/detail/get_robomaster_motor_config__type_support_c.cpp.o\x1b[0m\n'}
[1.710258] (stm32_mavlink_interface) StdoutLine: {'line': b'[ 62%] \x1b[32mBuilding CXX object CMakeFiles/stm32_mavlink_interface__rosidl_typesupport_introspection_cpp.dir/rosidl_typesupport_introspection_cpp/stm32_mavlink_interface/msg/detail/robomaster_motor_state__type_support.cpp.o\x1b[0m\n'}
[1.710375] (stm32_mavlink_interface) StdoutLine: {'line': b'[ 62%] \x1b[32mBuilding CXX object CMakeFiles/stm32_mavlink_interface__rosidl_typesupport_fastrtps_cpp.dir/rosidl_typesupport_fastrtps_cpp/stm32_mavlink_interface/msg/detail/dds_fastrtps/robomaster_motor_command__type_support.cpp.o\x1b[0m\n'}
[1.714065] (stm32_mavlink_interface) StdoutLine: {'line': b'[ 63%] \x1b[32mBuilding CXX object CMakeFiles/stm32_mavlink_interface__rosidl_typesupport_introspection_cpp.dir/rosidl_typesupport_introspection_cpp/stm32_mavlink_interface/msg/detail/encoder_config__type_support.cpp.o\x1b[0m\n'}
[1.763247] (stm32_mavlink_interface) StdoutLine: {'line': b'[ 64%] \x1b[32mBuilding CXX object CMakeFiles/stm32_mavlink_interface__rosidl_typesupport_introspection_cpp.dir/rosidl_typesupport_introspection_cpp/stm32_mavlink_interface/msg/detail/robomaster_motor_config__type_support.cpp.o\x1b[0m\n'}
[1.774488] (stm32_mavlink_interface) StdoutLine: {'line': b'[ 65%] \x1b[32mBuilding CXX object CMakeFiles/stm32_mavlink_interface__rosidl_typesupport_fastrtps_cpp.dir/rosidl_typesupport_fastrtps_cpp/stm32_mavlink_interface/msg/detail/dds_fastrtps/robomaster_motor_state__type_support.cpp.o\x1b[0m\n'}
[1.788651] (stm32_mavlink_interface) StdoutLine: {'line': b'[ 65%] \x1b[32mBuilding CXX object CMakeFiles/stm32_mavlink_interface__rosidl_typesupport_cpp.dir/rosidl_typesupport_cpp/stm32_mavlink_interface/srv/get_robomaster_motor_config__type_support.cpp.o\x1b[0m\n'}
[1.805043] (-) TimerEvent: {}
[1.809957] (stm32_mavlink_interface) StdoutLine: {'line': b'[ 67%] \x1b[32mBuilding CXX object CMakeFiles/stm32_mavlink_interface__rosidl_typesupport_fastrtps_cpp.dir/rosidl_typesupport_fastrtps_cpp/stm32_mavlink_interface/msg/detail/dds_fastrtps/robomaster_motor_config__type_support.cpp.o\x1b[0m\n'}
[1.810194] (stm32_mavlink_interface) StdoutLine: {'line': b'[ 67%] \x1b[32mBuilding CXX object CMakeFiles/stm32_mavlink_interface__rosidl_typesupport_introspection_cpp.dir/rosidl_typesupport_introspection_cpp/stm32_mavlink_interface/srv/detail/set_servo_config__type_support.cpp.o\x1b[0m\n'}
[1.821614] (stm32_mavlink_interface) StdoutLine: {'line': b'[ 68%] \x1b[32mBuilding CXX object CMakeFiles/stm32_mavlink_interface__rosidl_typesupport_introspection_cpp.dir/rosidl_typesupport_introspection_cpp/stm32_mavlink_interface/srv/detail/set_encoder_config__type_support.cpp.o\x1b[0m\n'}
[1.849963] (stm32_mavlink_interface) StdoutLine: {'line': b'[ 69%] \x1b[32mBuilding CXX object CMakeFiles/stm32_mavlink_interface__rosidl_typesupport_fastrtps_cpp.dir/rosidl_typesupport_fastrtps_cpp/stm32_mavlink_interface/srv/detail/dds_fastrtps/set_servo_config__type_support.cpp.o\x1b[0m\n'}
[1.883021] (stm32_mavlink_interface) StdoutLine: {'line': b'[ 70%] \x1b[32mBuilding CXX object CMakeFiles/stm32_mavlink_interface__rosidl_typesupport_introspection_cpp.dir/rosidl_typesupport_introspection_cpp/stm32_mavlink_interface/srv/detail/set_robomaster_motor_config__type_support.cpp.o\x1b[0m\n'}
[1.895810] (stm32_mavlink_interface) StdoutLine: {'line': b'[ 71%] \x1b[32mBuilding CXX object CMakeFiles/stm32_mavlink_interface__rosidl_typesupport_fastrtps_cpp.dir/rosidl_typesupport_fastrtps_cpp/stm32_mavlink_interface/srv/detail/dds_fastrtps/set_encoder_config__type_support.cpp.o\x1b[0m\n'}
[1.900851] (stm32_mavlink_interface) StdoutLine: {'line': b'[ 72%] \x1b[32mBuilding CXX object CMakeFiles/stm32_mavlink_interface__rosidl_typesupport_fastrtps_cpp.dir/rosidl_typesupport_fastrtps_cpp/stm32_mavlink_interface/srv/detail/dds_fastrtps/set_robomaster_motor_config__type_support.cpp.o\x1b[0m\n'}
[1.907369] (-) TimerEvent: {}
[2.007786] (-) TimerEvent: {}
[2.022170] (stm32_mavlink_interface) StdoutLine: {'line': b'[ 73%] \x1b[32mBuilding CXX object CMakeFiles/stm32_mavlink_interface__rosidl_typesupport_introspection_cpp.dir/rosidl_typesupport_introspection_cpp/stm32_mavlink_interface/srv/detail/get_robomaster_motor_config__type_support.cpp.o\x1b[0m\n'}
[2.026618] (stm32_mavlink_interface) StdoutLine: {'line': b'[ 74%] \x1b[32mBuilding CXX object CMakeFiles/stm32_mavlink_interface__rosidl_typesupport_fastrtps_cpp.dir/rosidl_typesupport_fastrtps_cpp/stm32_mavlink_interface/srv/detail/dds_fastrtps/get_robomaster_motor_config__type_support.cpp.o\x1b[0m\n'}
[2.054690] (stm32_mavlink_interface) StdoutLine: {'line': b'[ 75%] \x1b[32m\x1b[1mLinking CXX shared library libstm32_mavlink_interface__rosidl_typesupport_cpp.so\x1b[0m\n'}
[2.107948] (-) TimerEvent: {}
[2.129030] (stm32_mavlink_interface) StdoutLine: {'line': b'[ 76%] Built target stm32_mavlink_interface__rosidl_typesupport_cpp\n'}
[2.153045] (stm32_mavlink_interface) StdoutLine: {'line': b'\x1b[35m\x1b[1mConsolidate compiler generated dependencies of target mavlink_serial_node\x1b[0m\n'}
[2.187214] (stm32_mavlink_interface) StdoutLine: {'line': b'[ 76%] \x1b[32mBuilding CXX object CMakeFiles/mavlink_serial_node.dir/src/mavlink_serial_node.cpp.o\x1b[0m\n'}
[2.187571] (stm32_mavlink_interface) StdoutLine: {'line': b'[ 77%] \x1b[32mBuilding CXX object CMakeFiles/mavlink_serial_node.dir/src/encoder_interface.cpp.o\x1b[0m\n'}
[2.187715] (stm32_mavlink_interface) StdoutLine: {'line': b'[ 78%] \x1b[32mBuilding CXX object CMakeFiles/mavlink_serial_node.dir/src/servo_controller.cpp.o\x1b[0m\n'}
[2.190982] (stm32_mavlink_interface) StdoutLine: {'line': b'[ 79%] \x1b[32mBuilding CXX object CMakeFiles/mavlink_serial_node.dir/src/robomaster_controller.cpp.o\x1b[0m\n'}
[2.208070] (-) TimerEvent: {}
[2.267882] (stm32_mavlink_interface) StdoutLine: {'line': b'[ 79%] \x1b[32m\x1b[1mLinking CXX shared library libstm32_mavlink_interface__rosidl_typesupport_fastrtps_c.so\x1b[0m\n'}
[2.308168] (-) TimerEvent: {}
[2.335631] (stm32_mavlink_interface) StdoutLine: {'line': b'[ 80%] Built target stm32_mavlink_interface__rosidl_typesupport_fastrtps_c\n'}
[2.342207] (stm32_mavlink_interface) StdoutLine: {'line': b'[ 81%] \x1b[32m\x1b[1mLinking CXX shared library libstm32_mavlink_interface__rosidl_typesupport_introspection_cpp.so\x1b[0m\n'}
[2.399004] (stm32_mavlink_interface) StdoutLine: {'line': b'[ 82%] Built target stm32_mavlink_interface__rosidl_typesupport_introspection_cpp\n'}
[2.408294] (-) TimerEvent: {}
[2.467764] (stm32_mavlink_interface) StdoutLine: {'line': b'[ 82%] \x1b[32m\x1b[1mLinking CXX shared library libstm32_mavlink_interface__rosidl_typesupport_fastrtps_cpp.so\x1b[0m\n'}
[2.508412] (-) TimerEvent: {}
[2.530248] (stm32_mavlink_interface) StdoutLine: {'line': b'[ 83%] Built target stm32_mavlink_interface__rosidl_typesupport_fastrtps_cpp\n'}
[2.556550] (stm32_mavlink_interface) StdoutLine: {'line': b'[ 83%] Built target stm32_mavlink_interface\n'}
[2.583521] (stm32_mavlink_interface) StdoutLine: {'line': b'[ 84%] Built target stm32_mavlink_interface__py\n'}
[2.600364] (stm32_mavlink_interface) StdoutLine: {'line': b'\x1b[35m\x1b[1mConsolidate compiler generated dependencies of target stm32_mavlink_interface__rosidl_generator_py\x1b[0m\n'}
[2.608516] (-) TimerEvent: {}
[2.622703] (stm32_mavlink_interface) StdoutLine: {'line': b'[ 94%] Built target stm32_mavlink_interface__rosidl_generator_py\n'}
[2.635573] (stm32_mavlink_interface) StdoutLine: {'line': b'\x1b[35m\x1b[1mConsolidate compiler generated dependencies of target stm32_mavlink_interface__rosidl_typesupport_introspection_c__pyext\x1b[0m\n'}
[2.637689] (stm32_mavlink_interface) StdoutLine: {'line': b'\x1b[35m\x1b[1mConsolidate compiler generated dependencies of target stm32_mavlink_interface__rosidl_typesupport_fastrtps_c__pyext\x1b[0m\n'}
[2.637762] (stm32_mavlink_interface) StdoutLine: {'line': b'\x1b[35m\x1b[1mConsolidate compiler generated dependencies of target stm32_mavlink_interface__rosidl_typesupport_c__pyext\x1b[0m\n'}
[2.650174] (stm32_mavlink_interface) StdoutLine: {'line': b'[ 95%] Built target stm32_mavlink_interface__rosidl_typesupport_introspection_c__pyext\n'}
[2.653028] (stm32_mavlink_interface) StdoutLine: {'line': b'[ 97%] Built target stm32_mavlink_interface__rosidl_typesupport_c__pyext\n'}
[2.655414] (stm32_mavlink_interface) StdoutLine: {'line': b'[ 98%] \x1b[32m\x1b[1mLinking C shared library rosidl_generator_py/stm32_mavlink_interface/stm32_mavlink_interface_s__rosidl_typesupport_fastrtps_c.cpython-310-x86_64-linux-gnu.so\x1b[0m\n'}
[2.694424] (stm32_mavlink_interface) StdoutLine: {'line': b'[ 99%] Built target stm32_mavlink_interface__rosidl_typesupport_fastrtps_c__pyext\n'}
[2.708656] (-) TimerEvent: {}
[2.808980] (-) TimerEvent: {}
[2.909377] (-) TimerEvent: {}
[3.009758] (-) TimerEvent: {}
[3.110206] (-) TimerEvent: {}
[3.210499] (-) TimerEvent: {}
[3.310827] (-) TimerEvent: {}
[3.411152] (-) TimerEvent: {}
[3.511470] (-) TimerEvent: {}
[3.611837] (-) TimerEvent: {}
[3.712170] (-) TimerEvent: {}
[3.754252] (stm32_mavlink_interface) StderrLine: {'line': b'In file included from \x1b[01m\x1b[K/home/a/ws_moveit2/src/MAVLink/MAVLink_ros2/include/mavlink/c_library_v2/common/../protocol.h:4\x1b[m\x1b[K,\n'}
[3.754486] (stm32_mavlink_interface) StderrLine: {'line': b'                 from \x1b[01m\x1b[K/home/a/ws_moveit2/src/MAVLink/MAVLink_ros2/include/mavlink/c_library_v2/common/common.h:29\x1b[m\x1b[K,\n'}
[3.754562] (stm32_mavlink_interface) StderrLine: {'line': b'                 from \x1b[01m\x1b[K/home/a/ws_moveit2/src/MAVLink/MAVLink_ros2/include/mavlink/c_library_v2/common/mavlink.h:32\x1b[m\x1b[K,\n'}
[3.754630] (stm32_mavlink_interface) StderrLine: {'line': b'                 from \x1b[01m\x1b[K/home/a/ws_moveit2/src/MAVLink/MAVLink_ros2/include/stm32_mavlink_interface/servo_controller.hpp:10\x1b[m\x1b[K,\n'}
[3.754688] (stm32_mavlink_interface) StderrLine: {'line': b'                 from \x1b[01m\x1b[K/home/a/ws_moveit2/src/MAVLink/MAVLink_ros2/src/servo_controller.cpp:1\x1b[m\x1b[K:\n'}
[3.754744] (stm32_mavlink_interface) StderrLine: {'line': b'\x1b[01m\x1b[K/home/a/ws_moveit2/src/MAVLink/MAVLink_ros2/include/mavlink/c_library_v2/common/../mavlink_types.h:78:12:\x1b[m\x1b[K \x1b[01;35m\x1b[Kwarning: \x1b[m\x1b[KISO C++ prohibits anonymous structs [\x1b[01;35m\x1b[K\x1b]8;;https://gcc.gnu.org/onlinedocs/gcc/Warning-Options.html#index-Wpedantic\x07-Wpedantic\x1b]8;;\x07\x1b[m\x1b[K]\n'}
[3.754803] (stm32_mavlink_interface) StderrLine: {'line': b'   78 |     struct \x1b[01;35m\x1b[K{\x1b[m\x1b[K\n'}
[3.754856] (stm32_mavlink_interface) StderrLine: {'line': b'      |            \x1b[01;35m\x1b[K^\x1b[m\x1b[K\n'}
[3.754921] (stm32_mavlink_interface) StderrLine: {'line': b'\x1b[01m\x1b[K/home/a/ws_moveit2/src/MAVLink/MAVLink_ros2/include/mavlink/c_library_v2/common/../mavlink_types.h:17:40:\x1b[m\x1b[K \x1b[01;36m\x1b[Knote: \x1b[m\x1b[Kin definition of macro \xe2\x80\x98\x1b[01m\x1b[KMAVPACKED\x1b[m\x1b[K\xe2\x80\x99\n'}
[3.754976] (stm32_mavlink_interface) StderrLine: {'line': b'   17 |   #define MAVPACKED( __Declaration__ ) \x1b[01;36m\x1b[K__Declaration__\x1b[m\x1b[K __attribute__((packed))\n'}
[3.755027] (stm32_mavlink_interface) StderrLine: {'line': b'      |                                        \x1b[01;36m\x1b[K^~~~~~~~~~~~~~~\x1b[m\x1b[K\n'}
[3.800770] (stm32_mavlink_interface) StderrLine: {'line': b'In file included from \x1b[01m\x1b[K/home/a/ws_moveit2/src/MAVLink/MAVLink_ros2/include/mavlink/c_library_v2/common/../protocol.h:4\x1b[m\x1b[K,\n'}
[3.800964] (stm32_mavlink_interface) StderrLine: {'line': b'                 from \x1b[01m\x1b[K/home/a/ws_moveit2/src/MAVLink/MAVLink_ros2/include/mavlink/c_library_v2/common/common.h:29\x1b[m\x1b[K,\n'}
[3.801028] (stm32_mavlink_interface) StderrLine: {'line': b'                 from \x1b[01m\x1b[K/home/a/ws_moveit2/src/MAVLink/MAVLink_ros2/include/mavlink/c_library_v2/common/mavlink.h:32\x1b[m\x1b[K,\n'}
[3.801084] (stm32_mavlink_interface) StderrLine: {'line': b'                 from \x1b[01m\x1b[K/home/a/ws_moveit2/src/MAVLink/MAVLink_ros2/include/stm32_mavlink_interface/encoder_interface.hpp:11\x1b[m\x1b[K,\n'}
[3.801151] (stm32_mavlink_interface) StderrLine: {'line': b'                 from \x1b[01m\x1b[K/home/a/ws_moveit2/src/MAVLink/MAVLink_ros2/src/encoder_interface.cpp:1\x1b[m\x1b[K:\n'}
[3.801208] (stm32_mavlink_interface) StderrLine: {'line': b'\x1b[01m\x1b[K/home/a/ws_moveit2/src/MAVLink/MAVLink_ros2/include/mavlink/c_library_v2/common/../mavlink_types.h:78:12:\x1b[m\x1b[K \x1b[01;35m\x1b[Kwarning: \x1b[m\x1b[KISO C++ prohibits anonymous structs [\x1b[01;35m\x1b[K\x1b]8;;https://gcc.gnu.org/onlinedocs/gcc/Warning-Options.html#index-Wpedantic\x07-Wpedantic\x1b]8;;\x07\x1b[m\x1b[K]\n'}
[3.801268] (stm32_mavlink_interface) StderrLine: {'line': b'   78 |     struct \x1b[01;35m\x1b[K{\x1b[m\x1b[K\n'}
[3.801323] (stm32_mavlink_interface) StderrLine: {'line': b'      |            \x1b[01;35m\x1b[K^\x1b[m\x1b[K\n'}
[3.801380] (stm32_mavlink_interface) StderrLine: {'line': b'\x1b[01m\x1b[K/home/a/ws_moveit2/src/MAVLink/MAVLink_ros2/include/mavlink/c_library_v2/common/../mavlink_types.h:17:40:\x1b[m\x1b[K \x1b[01;36m\x1b[Knote: \x1b[m\x1b[Kin definition of macro \xe2\x80\x98\x1b[01m\x1b[KMAVPACKED\x1b[m\x1b[K\xe2\x80\x99\n'}
[3.801435] (stm32_mavlink_interface) StderrLine: {'line': b'   17 |   #define MAVPACKED( __Declaration__ ) \x1b[01;36m\x1b[K__Declaration__\x1b[m\x1b[K __attribute__((packed))\n'}
[3.801489] (stm32_mavlink_interface) StderrLine: {'line': b'      |                                        \x1b[01;36m\x1b[K^~~~~~~~~~~~~~~\x1b[m\x1b[K\n'}
[3.812269] (-) TimerEvent: {}
[3.816537] (stm32_mavlink_interface) StderrLine: {'line': b'In file included from \x1b[01m\x1b[K/home/a/ws_moveit2/src/MAVLink/MAVLink_ros2/include/mavlink/c_library_v2/common/../protocol.h:4\x1b[m\x1b[K,\n'}
[3.816682] (stm32_mavlink_interface) StderrLine: {'line': b'                 from \x1b[01m\x1b[K/home/a/ws_moveit2/src/MAVLink/MAVLink_ros2/include/mavlink/c_library_v2/common/common.h:29\x1b[m\x1b[K,\n'}
[3.816782] (stm32_mavlink_interface) StderrLine: {'line': b'                 from \x1b[01m\x1b[K/home/a/ws_moveit2/src/MAVLink/MAVLink_ros2/include/mavlink/c_library_v2/common/mavlink.h:32\x1b[m\x1b[K,\n'}
[3.816868] (stm32_mavlink_interface) StderrLine: {'line': b'                 from \x1b[01m\x1b[K/home/a/ws_moveit2/src/MAVLink/MAVLink_ros2/include/stm32_mavlink_interface/robomaster_controller.hpp:13\x1b[m\x1b[K,\n'}
[3.816949] (stm32_mavlink_interface) StderrLine: {'line': b'                 from \x1b[01m\x1b[K/home/a/ws_moveit2/src/MAVLink/MAVLink_ros2/src/robomaster_controller.cpp:1\x1b[m\x1b[K:\n'}
[3.817014] (stm32_mavlink_interface) StderrLine: {'line': b'\x1b[01m\x1b[K/home/a/ws_moveit2/src/MAVLink/MAVLink_ros2/include/mavlink/c_library_v2/common/../mavlink_types.h:78:12:\x1b[m\x1b[K \x1b[01;35m\x1b[Kwarning: \x1b[m\x1b[KISO C++ prohibits anonymous structs [\x1b[01;35m\x1b[K\x1b]8;;https://gcc.gnu.org/onlinedocs/gcc/Warning-Options.html#index-Wpedantic\x07-Wpedantic\x1b]8;;\x07\x1b[m\x1b[K]\n'}
[3.817073] (stm32_mavlink_interface) StderrLine: {'line': b'   78 |     struct \x1b[01;35m\x1b[K{\x1b[m\x1b[K\n'}
[3.817129] (stm32_mavlink_interface) StderrLine: {'line': b'      |            \x1b[01;35m\x1b[K^\x1b[m\x1b[K\n'}
[3.817183] (stm32_mavlink_interface) StderrLine: {'line': b'\x1b[01m\x1b[K/home/a/ws_moveit2/src/MAVLink/MAVLink_ros2/include/mavlink/c_library_v2/common/../mavlink_types.h:17:40:\x1b[m\x1b[K \x1b[01;36m\x1b[Knote: \x1b[m\x1b[Kin definition of macro \xe2\x80\x98\x1b[01m\x1b[KMAVPACKED\x1b[m\x1b[K\xe2\x80\x99\n'}
[3.817237] (stm32_mavlink_interface) StderrLine: {'line': b'   17 |   #define MAVPACKED( __Declaration__ ) \x1b[01;36m\x1b[K__Declaration__\x1b[m\x1b[K __attribute__((packed))\n'}
[3.817289] (stm32_mavlink_interface) StderrLine: {'line': b'      |                                        \x1b[01;36m\x1b[K^~~~~~~~~~~~~~~\x1b[m\x1b[K\n'}
[3.912365] (-) TimerEvent: {}
[4.006258] (stm32_mavlink_interface) StderrLine: {'line': b'\x1b[01m\x1b[K/home/a/ws_moveit2/src/MAVLink/MAVLink_ros2/src/encoder_interface.cpp:\x1b[m\x1b[K In member function \xe2\x80\x98\x1b[01m\x1b[Kvoid stm32_mavlink_interface::EncoderInterface::handleParamValue(const mavlink_param_value_t&)\x1b[m\x1b[K\xe2\x80\x99:\n'}
[4.006603] (stm32_mavlink_interface) StderrLine: {'line': b'\x1b[01m\x1b[K/home/a/ws_moveit2/src/MAVLink/MAVLink_ros2/src/encoder_interface.cpp:62:43:\x1b[m\x1b[K \x1b[01;35m\x1b[Kwarning: \x1b[m\x1b[Kcomparison of integer expressions of different signedness: \xe2\x80\x98\x1b[01m\x1b[Kint\x1b[m\x1b[K\xe2\x80\x99 and \xe2\x80\x98\x1b[01m\x1b[Kstd::vector<stm32_mavlink_interface::EncoderInterface::EncoderData>::size_type\x1b[m\x1b[K\xe2\x80\x99 {aka \xe2\x80\x98\x1b[01m\x1b[Klong unsigned int\x1b[m\x1b[K\xe2\x80\x99} [\x1b[01;35m\x1b[K\x1b]8;;https://gcc.gnu.org/onlinedocs/gcc/Warning-Options.html#index-Wsign-compare\x07-Wsign-compare\x1b]8;;\x07\x1b[m\x1b[K]\n'}
[4.006769] (stm32_mavlink_interface) StderrLine: {'line': b'   62 |         if (encoder_id >= 1 && \x1b[01;35m\x1b[Kencoder_id <= encoder_states_.size()\x1b[m\x1b[K) {\n'}
[4.006924] (stm32_mavlink_interface) StderrLine: {'line': b'      |                                \x1b[01;35m\x1b[K~~~~~~~~~~~^~~~~~~~~~~~~~~~~~~~~~~~~\x1b[m\x1b[K\n'}
[4.012494] (-) TimerEvent: {}
[4.013861] (stm32_mavlink_interface) StderrLine: {'line': b'\x1b[01m\x1b[K/home/a/ws_moveit2/src/MAVLink/MAVLink_ros2/src/encoder_interface.cpp:\x1b[m\x1b[K In member function \xe2\x80\x98\x1b[01m\x1b[Kvoid stm32_mavlink_interface::EncoderInterface::resetPositionCallback(std::shared_ptr<std_srvs::srv::Trigger_Request_<std::allocator<void> > >, std::shared_ptr<std_srvs::srv::Trigger_Response_<std::allocator<void> > >)\x1b[m\x1b[K\xe2\x80\x99:\n'}
[4.014042] (stm32_mavlink_interface) StderrLine: {'line': b'\x1b[01m\x1b[K/home/a/ws_moveit2/src/MAVLink/MAVLink_ros2/src/encoder_interface.cpp:107:60:\x1b[m\x1b[K \x1b[01;35m\x1b[Kwarning: \x1b[m\x1b[Kunused parameter \xe2\x80\x98\x1b[01m\x1b[Krequest\x1b[m\x1b[K\xe2\x80\x99 [\x1b[01;35m\x1b[K\x1b]8;;https://gcc.gnu.org/onlinedocs/gcc/Warning-Options.html#index-Wunused-parameter\x07-Wunused-parameter\x1b]8;;\x07\x1b[m\x1b[K]\n'}
[4.014131] (stm32_mavlink_interface) StderrLine: {'line': b'  107 |     \x1b[01;35m\x1b[Kconst std::shared_ptr<std_srvs::srv::Trigger::Request> request\x1b[m\x1b[K,\n'}
[4.014202] (stm32_mavlink_interface) StderrLine: {'line': b'      |     \x1b[01;35m\x1b[K~~~~~~~~~~~~~~~~~~~~~~~~~~~~~~~~~~~~~~~~~~~~~~~~~~~~~~~^~~~~~~\x1b[m\x1b[K\n'}
[4.074269] (stm32_mavlink_interface) StderrLine: {'line': b'\x1b[01m\x1b[K/home/a/ws_moveit2/src/MAVLink/MAVLink_ros2/src/robomaster_controller.cpp:\x1b[m\x1b[K In member function \xe2\x80\x98\x1b[01m\x1b[Kvoid stm32_mavlink_interface::RobomasterController::handleMotorTelemetry(const mavlink_message_t&)\x1b[m\x1b[K\xe2\x80\x99:\n'}
[4.074586] (stm32_mavlink_interface) StderrLine: {'line': b'\x1b[01m\x1b[K/home/a/ws_moveit2/src/MAVLink/MAVLink_ros2/src/robomaster_controller.cpp:101:74:\x1b[m\x1b[K \x1b[01;35m\x1b[Kwarning: \x1b[m\x1b[Kunused parameter \xe2\x80\x98\x1b[01m\x1b[Kmsg\x1b[m\x1b[K\xe2\x80\x99 [\x1b[01;35m\x1b[K\x1b]8;;https://gcc.gnu.org/onlinedocs/gcc/Warning-Options.html#index-Wunused-parameter\x07-Wunused-parameter\x1b]8;;\x07\x1b[m\x1b[K]\n'}
[4.074660] (stm32_mavlink_interface) StderrLine: {'line': b'  101 | void RobomasterController::handleMotorTelemetry(\x1b[01;35m\x1b[Kconst mavlink_message_t& msg\x1b[m\x1b[K) {\n'}
[4.074717] (stm32_mavlink_interface) StderrLine: {'line': b'      |                                                 \x1b[01;35m\x1b[K~~~~~~~~~~~~~~~~~~~~~~~~~^~~\x1b[m\x1b[K\n'}
[4.074770] (stm32_mavlink_interface) StderrLine: {'line': b'\x1b[01m\x1b[K/home/a/ws_moveit2/src/MAVLink/MAVLink_ros2/src/robomaster_controller.cpp:\x1b[m\x1b[K In member function \xe2\x80\x98\x1b[01m\x1b[Kvoid stm32_mavlink_interface::RobomasterController::handleMotorStatus(const mavlink_message_t&)\x1b[m\x1b[K\xe2\x80\x99:\n'}
[4.074823] (stm32_mavlink_interface) StderrLine: {'line': b'\x1b[01m\x1b[K/home/a/ws_moveit2/src/MAVLink/MAVLink_ros2/src/robomaster_controller.cpp:134:16:\x1b[m\x1b[K \x1b[01;35m\x1b[Kwarning: \x1b[m\x1b[Kunused variable \xe2\x80\x98\x1b[01m\x1b[Kmotor\x1b[m\x1b[K\xe2\x80\x99 [\x1b[01;35m\x1b[K\x1b]8;;https://gcc.gnu.org/onlinedocs/gcc/Warning-Options.html#index-Wunused-variable\x07-Wunused-variable\x1b]8;;\x07\x1b[m\x1b[K]\n'}
[4.075124] (stm32_mavlink_interface) StderrLine: {'line': b'  134 |     MotorData& \x1b[01;35m\x1b[Kmotor\x1b[m\x1b[K = motors_[motor_id];\n'}
[4.075179] (stm32_mavlink_interface) StderrLine: {'line': b'      |                \x1b[01;35m\x1b[K^~~~~\x1b[m\x1b[K\n'}
[4.075227] (stm32_mavlink_interface) StderrLine: {'line': b'\x1b[01m\x1b[K/home/a/ws_moveit2/src/MAVLink/MAVLink_ros2/src/robomaster_controller.cpp:128:71:\x1b[m\x1b[K \x1b[01;35m\x1b[Kwarning: \x1b[m\x1b[Kunused parameter \xe2\x80\x98\x1b[01m\x1b[Kmsg\x1b[m\x1b[K\xe2\x80\x99 [\x1b[01;35m\x1b[K\x1b]8;;https://gcc.gnu.org/onlinedocs/gcc/Warning-Options.html#index-Wunused-parameter\x07-Wunused-parameter\x1b]8;;\x07\x1b[m\x1b[K]\n'}
[4.075291] (stm32_mavlink_interface) StderrLine: {'line': b'  128 | void RobomasterController::handleMotorStatus(\x1b[01;35m\x1b[Kconst mavlink_message_t& msg\x1b[m\x1b[K) {\n'}
[4.075339] (stm32_mavlink_interface) StderrLine: {'line': b'      |                                              \x1b[01;35m\x1b[K~~~~~~~~~~~~~~~~~~~~~~~~~^~~\x1b[m\x1b[K\n'}
[4.112619] (-) TimerEvent: {}
[4.187468] (stm32_mavlink_interface) StderrLine: {'line': b'In file included from \x1b[01m\x1b[K/home/a/ws_moveit2/src/MAVLink/MAVLink_ros2/include/mavlink/c_library_v2/common/../protocol.h:4\x1b[m\x1b[K,\n'}
[4.187735] (stm32_mavlink_interface) StderrLine: {'line': b'                 from \x1b[01m\x1b[K/home/a/ws_moveit2/src/MAVLink/MAVLink_ros2/include/mavlink/c_library_v2/common/common.h:29\x1b[m\x1b[K,\n'}
[4.187848] (stm32_mavlink_interface) StderrLine: {'line': b'                 from \x1b[01m\x1b[K/home/a/ws_moveit2/src/MAVLink/MAVLink_ros2/include/mavlink/c_library_v2/common/mavlink.h:32\x1b[m\x1b[K,\n'}
[4.187953] (stm32_mavlink_interface) StderrLine: {'line': b'                 from \x1b[01m\x1b[K/home/a/ws_moveit2/src/MAVLink/MAVLink_ros2/include/stm32_mavlink_interface/mavlink_serial_node.hpp:14\x1b[m\x1b[K,\n'}
[4.188010] (stm32_mavlink_interface) StderrLine: {'line': b'                 from \x1b[01m\x1b[K/home/a/ws_moveit2/src/MAVLink/MAVLink_ros2/src/mavlink_serial_node.cpp:1\x1b[m\x1b[K:\n'}
[4.188052] (stm32_mavlink_interface) StderrLine: {'line': b'\x1b[01m\x1b[K/home/a/ws_moveit2/src/MAVLink/MAVLink_ros2/include/mavlink/c_library_v2/common/../mavlink_types.h:78:12:\x1b[m\x1b[K \x1b[01;35m\x1b[Kwarning: \x1b[m\x1b[KISO C++ prohibits anonymous structs [\x1b[01;35m\x1b[K\x1b]8;;https://gcc.gnu.org/onlinedocs/gcc/Warning-Options.html#index-Wpedantic\x07-Wpedantic\x1b]8;;\x07\x1b[m\x1b[K]\n'}
[4.188100] (stm32_mavlink_interface) StderrLine: {'line': b'   78 |     struct \x1b[01;35m\x1b[K{\x1b[m\x1b[K\n'}
[4.188140] (stm32_mavlink_interface) StderrLine: {'line': b'      |            \x1b[01;35m\x1b[K^\x1b[m\x1b[K\n'}
[4.188177] (stm32_mavlink_interface) StderrLine: {'line': b'\x1b[01m\x1b[K/home/a/ws_moveit2/src/MAVLink/MAVLink_ros2/include/mavlink/c_library_v2/common/../mavlink_types.h:17:40:\x1b[m\x1b[K \x1b[01;36m\x1b[Knote: \x1b[m\x1b[Kin definition of macro \xe2\x80\x98\x1b[01m\x1b[KMAVPACKED\x1b[m\x1b[K\xe2\x80\x99\n'}
[4.188227] (stm32_mavlink_interface) StderrLine: {'line': b'   17 |   #define MAVPACKED( __Declaration__ ) \x1b[01;36m\x1b[K__Declaration__\x1b[m\x1b[K __attribute__((packed))\n'}
[4.188307] (stm32_mavlink_interface) StderrLine: {'line': b'      |                                        \x1b[01;36m\x1b[K^~~~~~~~~~~~~~~\x1b[m\x1b[K\n'}
[4.212740] (-) TimerEvent: {}
[4.313118] (-) TimerEvent: {}
[4.413524] (-) TimerEvent: {}
[4.513932] (-) TimerEvent: {}
[4.614324] (-) TimerEvent: {}
[4.714716] (-) TimerEvent: {}
[4.815113] (-) TimerEvent: {}
[4.915547] (-) TimerEvent: {}
[5.015980] (-) TimerEvent: {}
[5.116448] (-) TimerEvent: {}
[5.216737] (-) TimerEvent: {}
[5.317069] (-) TimerEvent: {}
[5.417486] (-) TimerEvent: {}
[5.517823] (-) TimerEvent: {}
[5.618141] (-) TimerEvent: {}
[5.718477] (-) TimerEvent: {}
[5.818788] (-) TimerEvent: {}
[5.919193] (-) TimerEvent: {}
[6.019560] (-) TimerEvent: {}
[6.119889] (-) TimerEvent: {}
[6.220206] (-) TimerEvent: {}
[6.320531] (-) TimerEvent: {}
[6.420849] (-) TimerEvent: {}
[6.521156] (-) TimerEvent: {}
[6.621448] (-) TimerEvent: {}
[6.721728] (-) TimerEvent: {}
[6.822028] (-) TimerEvent: {}
[6.922281] (-) TimerEvent: {}
[7.022558] (-) TimerEvent: {}
[7.122837] (-) TimerEvent: {}
[7.223109] (-) TimerEvent: {}
[7.323395] (-) TimerEvent: {}
[7.423683] (-) TimerEvent: {}
[7.524016] (-) TimerEvent: {}
[7.624302] (-) TimerEvent: {}
[7.724609] (-) TimerEvent: {}
[7.824932] (-) TimerEvent: {}
[7.925237] (-) TimerEvent: {}
[8.025538] (-) TimerEvent: {}
[8.125826] (-) TimerEvent: {}
[8.226119] (-) TimerEvent: {}
[8.326411] (-) TimerEvent: {}
[8.426724] (-) TimerEvent: {}
[8.527046] (-) TimerEvent: {}
[8.627332] (-) TimerEvent: {}
[8.727639] (-) TimerEvent: {}
[8.827941] (-) TimerEvent: {}
[8.928326] (-) TimerEvent: {}
[9.028616] (-) TimerEvent: {}
[9.128911] (-) TimerEvent: {}
[9.229178] (-) TimerEvent: {}
[9.329462] (-) TimerEvent: {}
[9.429761] (-) TimerEvent: {}
[9.530069] (-) TimerEvent: {}
[9.585897] (stm32_mavlink_interface) StdoutLine: {'line': b'[100%] \x1b[32m\x1b[1mLinking CXX executable mavlink_serial_node\x1b[0m\n'}
[9.630176] (-) TimerEvent: {}
[9.730473] (-) TimerEvent: {}
[9.830770] (-) TimerEvent: {}
[9.931118] (-) TimerEvent: {}
[10.031422] (-) TimerEvent: {}
[10.131717] (-) TimerEvent: {}
[10.232022] (-) TimerEvent: {}
[10.326357] (stm32_mavlink_interface) StdoutLine: {'line': b'[100%] Built target mavlink_serial_node\n'}
[10.332081] (-) TimerEvent: {}
[10.339010] (stm32_mavlink_interface) CommandEnded: {'returncode': 0}
[10.339713] (stm32_mavlink_interface) JobProgress: {'identifier': 'stm32_mavlink_interface', 'progress': 'install'}
[10.348826] (stm32_mavlink_interface) Command: {'cmd': ['/usr/bin/cmake', '--install', '/home/a/ws_moveit2/build/stm32_mavlink_interface'], 'cwd': '/home/a/ws_moveit2/build/stm32_mavlink_interface', 'env': OrderedDict([('GJS_DEBUG_TOPICS', 'JS ERROR;JS LOG'), ('LESSOPEN', '| /usr/bin/lesspipe %s'), ('USER', 'a'), ('XDG_SESSION_TYPE', 'wayland'), ('SHLVL', '1'), ('LD_LIBRARY_PATH', '/home/a/ws_moveit2/install/trac_ik_kinematics_plugin/lib:/home/a/ws_moveit2/install/trac_ik_lib/lib:/home/a/ws_moveit2/install/stm32_mavlink_interface/lib:/home/a/ws_moveit2/install/right_arm_ikfast_plugin/lib:/home/a/ws_moveit2/install/pilz_industrial_motion_planner_testutils/lib:/home/a/ws_moveit2/install/pilz_industrial_motion_planner/lib:/home/a/ws_moveit2/install/moveit_visual_tools/lib:/home/a/ws_moveit2/install/moveit_task_constructor_visualization/lib:/home/a/ws_moveit2/install/moveit_task_constructor_demo/lib:/home/a/ws_moveit2/install/moveit_task_constructor_capabilities/lib:/home/a/ws_moveit2/install/moveit_task_constructor_core/lib:/home/a/ws_moveit2/install/moveit_ros_control_interface/lib:/home/a/ws_moveit2/install/moveit_simple_controller_manager/lib:/home/a/ws_moveit2/install/moveit_setup_assistant/lib:/home/a/ws_moveit2/install/moveit_setup_srdf_plugins/lib:/home/a/ws_moveit2/install/moveit_setup_core_plugins/lib:/home/a/ws_moveit2/install/moveit_setup_controllers/lib:/home/a/ws_moveit2/install/moveit_setup_app_plugins/lib:/home/a/ws_moveit2/install/moveit_setup_framework/lib:/home/a/ws_moveit2/install/moveit_servo/lib:/home/a/ws_moveit2/install/moveit_ros_visualization/lib:/home/a/ws_moveit2/install/moveit_hybrid_planning/lib:/home/a/ws_moveit2/install/moveit_ros_planning_interface/lib:/home/a/ws_moveit2/install/moveit_ros_benchmarks/lib:/home/a/ws_moveit2/install/moveit_ros_warehouse/lib:/home/a/ws_moveit2/install/moveit_ros_robot_interaction/lib:/home/a/ws_moveit2/install/moveit_ros_perception/lib:/home/a/ws_moveit2/install/moveit_ros_move_group/lib:/home/a/ws_moveit2/install/moveit_planners_ompl/lib:/home/a/ws_moveit2/install/left_arm_ikfast_plugin/lib:/home/a/ws_moveit2/install/moveit_ros_planning/lib:/home/a/ws_moveit2/install/moveit_ros_occupancy_map_monitor/lib:/home/a/ws_moveit2/install/moveit_resources_prbt_ikfast_manipulator_plugin/lib:/home/a/ws_moveit2/install/moveit_planners_chomp/lib:/home/a/ws_moveit2/install/moveit_kinematics/lib:/home/a/ws_moveit2/install/moveit_chomp_optimizer_adapter/lib:/home/a/ws_moveit2/install/chomp_motion_planner/lib:/home/a/ws_moveit2/install/moveit_core/lib:/home/a/ws_moveit2/install/srdfdom/lib:/home/a/ws_moveit2/install/rviz_marker_tools/lib:/home/a/ws_moveit2/install/rosparam_shortcuts/lib:/home/a/ws_moveit2/install/realsense2_camera/lib:/home/a/ws_moveit2/install/realsense2_camera_msgs/lib:/home/a/ws_moveit2/install/moveit_task_constructor_msgs/lib:/home/a/ws_moveit2/install/dynamixel_sdk_custom_interfaces/lib:/home/a/ws_moveit2/install/dynamixel_controller/lib:/home/a/ws_moveit2/install/dynamixel_sdk/lib:/usr/lib/x86_64-linux-gnu/gazebo-11/plugins:/opt/ros/humble/opt/rviz_ogre_vendor/lib:/opt/ros/humble/lib/x86_64-linux-gnu:/opt/ros/humble/lib'), ('HOME', '/home/a'), ('DESKTOP_SESSION', 'ubuntu'), ('NVM_BIN', '/home/a/.nvm/versions/node/v22.18.0/bin'), ('NVM_INC', '/home/a/.nvm/versions/node/v22.18.0/include/node'), ('GIO_LAUNCHED_DESKTOP_FILE', '/usr/share/applications/terminator.desktop'), ('ROS_PYTHON_VERSION', '3'), ('GNOME_SHELL_SESSION_MODE', 'ubuntu'), ('GTK_MODULES', 'gail:atk-bridge'), ('MANAGERPID', '1213'), ('SYSTEMD_EXEC_PID', '1445'), ('DBUS_SESSION_BUS_ADDRESS', 'unix:path=/run/user/1000/bus'), ('COLORTERM', 'truecolor'), ('TERMINATOR_DBUS_NAME', 'net.tenshu.Terminator25ef4b219e3b005583550f2b0f9f990c3'), ('GIO_LAUNCHED_DESKTOP_FILE_PID', '3048'), ('NVM_DIR', '/home/a/.nvm'), ('IM_CONFIG_PHASE', '1'), ('WAYLAND_DISPLAY', 'wayland-0'), ('COLCON_PREFIX_PATH', '/home/a/ws_moveit2/install'), ('ROS_DISTRO', 'humble'), ('LOGNAME', 'a'), ('JOURNAL_STREAM', '8:3514'), ('_', '/usr/bin/colcon'), ('ROS_VERSION', '2'), ('XDG_SESSION_CLASS', 'user'), ('USERNAME', 'a'), ('TERM', 'xterm-256color'), ('GNOME_DESKTOP_SESSION_ID', 'this-is-deprecated'), ('ROS_LOCALHOST_ONLY', '0'), ('PATH', '/home/a/ws_moveit2/install/moveit_core/bin:/home/a/.nvm/versions/node/v22.18.0/bin:/opt/ros/humble/bin:/home/a/.local/bin:/usr/local/sbin:/usr/local/bin:/usr/sbin:/usr/bin:/sbin:/bin:/usr/games:/usr/local/games:/snap/bin:/snap/bin'), ('SESSION_MANAGER', 'local/a:@/tmp/.ICE-unix/1406,unix/a:/tmp/.ICE-unix/1406'), ('INVOCATION_ID', 'a100030f866a48708cf7905c543bcf13'), ('XDG_MENU_PREFIX', 'gnome-'), ('GNOME_SETUP_DISPLAY', ':1'), ('XDG_RUNTIME_DIR', '/run/user/1000'), ('DISPLAY', ':0'), ('TERMINATOR_DBUS_PATH', '/net/tenshu/Terminator2'), ('LANG', 'en_US.UTF-8'), ('XDG_CURRENT_DESKTOP', 'ubuntu:GNOME'), ('XMODIFIERS', '@im=ibus'), ('XDG_SESSION_DESKTOP', 'ubuntu'), ('XAUTHORITY', '/run/user/1000/.mutter-Xwaylandauth.4WBWC3'), ('LS_COLORS', 'rs=0:di=01;34:ln=01;36:mh=00:pi=40;33:so=01;35:do=01;35:bd=40;33;01:cd=40;33;01:or=40;31;01:mi=00:su=37;41:sg=30;43:ca=30;41:tw=30;42:ow=34;42:st=37;44:ex=01;32:*.tar=01;31:*.tgz=01;31:*.arc=01;31:*.arj=01;31:*.taz=01;31:*.lha=01;31:*.lz4=01;31:*.lzh=01;31:*.lzma=01;31:*.tlz=01;31:*.txz=01;31:*.tzo=01;31:*.t7z=01;31:*.zip=01;31:*.z=01;31:*.dz=01;31:*.gz=01;31:*.lrz=01;31:*.lz=01;31:*.lzo=01;31:*.xz=01;31:*.zst=01;31:*.tzst=01;31:*.bz2=01;31:*.bz=01;31:*.tbz=01;31:*.tbz2=01;31:*.tz=01;31:*.deb=01;31:*.rpm=01;31:*.jar=01;31:*.war=01;31:*.ear=01;31:*.sar=01;31:*.rar=01;31:*.alz=01;31:*.ace=01;31:*.zoo=01;31:*.cpio=01;31:*.7z=01;31:*.rz=01;31:*.cab=01;31:*.wim=01;31:*.swm=01;31:*.dwm=01;31:*.esd=01;31:*.jpg=01;35:*.jpeg=01;35:*.mjpg=01;35:*.mjpeg=01;35:*.gif=01;35:*.bmp=01;35:*.pbm=01;35:*.pgm=01;35:*.ppm=01;35:*.tga=01;35:*.xbm=01;35:*.xpm=01;35:*.tif=01;35:*.tiff=01;35:*.png=01;35:*.svg=01;35:*.svgz=01;35:*.mng=01;35:*.pcx=01;35:*.mov=01;35:*.mpg=01;35:*.mpeg=01;35:*.m2v=01;35:*.mkv=01;35:*.webm=01;35:*.webp=01;35:*.ogm=01;35:*.mp4=01;35:*.m4v=01;35:*.mp4v=01;35:*.vob=01;35:*.qt=01;35:*.nuv=01;35:*.wmv=01;35:*.asf=01;35:*.rm=01;35:*.rmvb=01;35:*.flc=01;35:*.avi=01;35:*.fli=01;35:*.flv=01;35:*.gl=01;35:*.dl=01;35:*.xcf=01;35:*.xwd=01;35:*.yuv=01;35:*.cgm=01;35:*.emf=01;35:*.ogv=01;35:*.ogx=01;35:*.aac=00;36:*.au=00;36:*.flac=00;36:*.m4a=00;36:*.mid=00;36:*.midi=00;36:*.mka=00;36:*.mp3=00;36:*.mpc=00;36:*.ogg=00;36:*.ra=00;36:*.wav=00;36:*.oga=00;36:*.opus=00;36:*.spx=00;36:*.xspf=00;36:'), ('SSH_AGENT_LAUNCHER', 'gnome-keyring'), ('SSH_AUTH_SOCK', '/run/user/1000/keyring/ssh'), ('AMENT_PREFIX_PATH', '/home/a/ws_moveit2/install/urdf_0816_description:/home/a/ws_moveit2/install/trac_ik:/home/a/ws_moveit2/install/robot_config:/home/a/ws_moveit2/install/trac_ik_kinematics_plugin:/home/a/ws_moveit2/install/trac_ik_lib:/home/a/ws_moveit2/install/mavlink_controller_client:/home/a/ws_moveit2/install/stm32_mavlink_interface:/home/a/ws_moveit2/install/right_arm_ikfast_plugin:/home/a/ws_moveit2/install/pilz_industrial_motion_planner_testutils:/home/a/ws_moveit2/install/moveit_runtime:/home/a/ws_moveit2/install/moveit2_tutorials:/home/a/ws_moveit2/install/moveit:/home/a/ws_moveit2/install/moveit_planners:/home/a/ws_moveit2/install/pilz_industrial_motion_planner:/home/a/ws_moveit2/install/mtc_tutorial:/home/a/ws_moveit2/install/hello_moveit:/home/a/ws_moveit2/install/moveit_visual_tools:/home/a/ws_moveit2/install/moveit_task_constructor_visualization:/home/a/ws_moveit2/install/moveit_task_constructor_demo:/home/a/ws_moveit2/install/moveit_task_constructor_capabilities:/home/a/ws_moveit2/install/moveit_task_constructor_core:/home/a/ws_moveit2/install/moveit_ros_control_interface:/home/a/ws_moveit2/install/moveit_plugins:/home/a/ws_moveit2/install/moveit_simple_controller_manager:/home/a/ws_moveit2/install/moveit_setup_assistant:/home/a/ws_moveit2/install/moveit_setup_srdf_plugins:/home/a/ws_moveit2/install/moveit_setup_core_plugins:/home/a/ws_moveit2/install/moveit_setup_controllers:/home/a/ws_moveit2/install/moveit_setup_app_plugins:/home/a/ws_moveit2/install/moveit_setup_framework:/home/a/ws_moveit2/install/moveit_servo:/home/a/ws_moveit2/install/moveit_ros:/home/a/ws_moveit2/install/moveit_ros_visualization:/home/a/ws_moveit2/install/moveit_hybrid_planning:/home/a/ws_moveit2/install/moveit_ros_planning_interface:/home/a/ws_moveit2/install/moveit_ros_benchmarks:/home/a/ws_moveit2/install/moveit_ros_warehouse:/home/a/ws_moveit2/install/moveit_ros_robot_interaction:/home/a/ws_moveit2/install/moveit_ros_perception:/home/a/ws_moveit2/install/moveit_resources_prbt_pg70_support:/home/a/ws_moveit2/install/moveit_resources_prbt_moveit_config:/home/a/ws_moveit2/install/moveit_ros_move_group:/home/a/ws_moveit2/install/moveit_planners_ompl:/home/a/ws_moveit2/install/left_arm_ikfast_plugin:/home/a/ws_moveit2/install/moveit_ros_planning:/home/a/ws_moveit2/install/moveit_ros_occupancy_map_monitor:/home/a/ws_moveit2/install/moveit_resources_prbt_ikfast_manipulator_plugin:/home/a/ws_moveit2/install/moveit_planners_chomp:/home/a/ws_moveit2/install/moveit_kinematics:/home/a/ws_moveit2/install/moveit_chomp_optimizer_adapter:/home/a/ws_moveit2/install/chomp_motion_planner:/home/a/ws_moveit2/install/moveit_core:/home/a/ws_moveit2/install/moveit_configs_utils:/home/a/ws_moveit2/install/srdfdom:/home/a/ws_moveit2/install/rviz_marker_tools:/home/a/ws_moveit2/install/rosparam_shortcuts:/home/a/ws_moveit2/install/ros_tcp_endpoint:/home/a/ws_moveit2/install/red_seiretu_description:/home/a/ws_moveit2/install/realsense2_ros_mqtt_bridge:/home/a/ws_moveit2/install/realsense2_description:/home/a/ws_moveit2/install/realsense2_camera:/home/a/ws_moveit2/install/realsense2_camera_msgs:/home/a/ws_moveit2/install/object_description:/home/a/ws_moveit2/install/moveit_task_constructor_msgs:/home/a/ws_moveit2/install/moveit_resources_prbt_support:/home/a/ws_moveit2/install/moveit_resources:/home/a/ws_moveit2/install/moveit_resources_pr2_description:/home/a/ws_moveit2/install/moveit_resources_panda_moveit_config:/home/a/ws_moveit2/install/moveit_resources_panda_description:/home/a/ws_moveit2/install/moveit_resources_fanuc_moveit_config:/home/a/ws_moveit2/install/moveit_resources_fanuc_description:/home/a/ws_moveit2/install/moveit_common:/home/a/ws_moveit2/install/mavlink_gui_tester:/home/a/ws_moveit2/install/launch_param_builder:/home/a/ws_moveit2/install/field_description_test:/home/a/ws_moveit2/install/field_description:/home/a/ws_moveit2/install/dynamixel_sdk_examples:/home/a/ws_moveit2/install/dynamixel_sdk_custom_interfaces:/home/a/ws_moveit2/install/dynamixel_controller_gui:/home/a/ws_moveit2/install/dynamixel_controller:/home/a/ws_moveit2/install/dynamixel_sdk:/home/a/ws_moveit2/install/dynamixel_controller_client:/home/a/ws_moveit2/install/d415_rgb_depth_3d:/home/a/ws_moveit2/install/catch_gazebo_ros2_control:/home/a/ws_moveit2/install/blue_seiretu_description:/home/a/ws_moveit2/install/0525_arm_description:/opt/ros/humble'), ('SHELL', '/bin/bash'), ('TERMINATOR_UUID', 'urn:uuid:a64a22d0-cde5-4baa-9a97-059ea5635fde'), ('QT_ACCESSIBILITY', '1'), ('GDMSESSION', 'ubuntu'), ('LESSCLOSE', '/usr/bin/lesspipe %s %s'), ('CMAKE_MODULE_PATH', '/home/a/ws_moveit2/install/moveit_task_constructor_core/share/moveit_task_constructor_core/cmake'), ('GJS_DEBUG_OUTPUT', 'stderr'), ('QT_IM_MODULE', 'ibus'), ('PWD', '/home/a/ws_moveit2/build/stm32_mavlink_interface'), ('LC_ALL', 'en_US.UTF-8'), ('XDG_CONFIG_DIRS', '/etc/xdg/xdg-ubuntu:/etc/xdg'), ('NVM_CD_FLAGS', ''), ('XDG_DATA_DIRS', '/usr/share/ubuntu:/home/a/.local/share/flatpak/exports/share:/var/lib/flatpak/exports/share:/usr/local/share/:/usr/share/:/var/lib/snapd/desktop'), ('PYTHONPATH', '/home/a/ws_moveit2/install/mavlink_controller_client/lib/python3.10/site-packages:/home/a/ws_moveit2/install/stm32_mavlink_interface/local/lib/python3.10/dist-packages:/home/a/ws_moveit2/install/moveit_task_constructor_core/local/lib/python3.10/dist-packages:/home/a/ws_moveit2/install/moveit_configs_utils/lib/python3.10/site-packages:/home/a/ws_moveit2/install/srdfdom/local/lib/python3.10/dist-packages:/home/a/ws_moveit2/install/ros_tcp_endpoint/lib/python3.10/site-packages:/home/a/ws_moveit2/install/realsense2_ros_mqtt_bridge/lib/python3.10/site-packages:/home/a/ws_moveit2/install/realsense2_camera_msgs/local/lib/python3.10/dist-packages:/home/a/ws_moveit2/install/moveit_task_constructor_msgs/local/lib/python3.10/dist-packages:/home/a/ws_moveit2/install/launch_param_builder/lib/python3.10/site-packages:/home/a/ws_moveit2/install/dynamixel_sdk_custom_interfaces/local/lib/python3.10/dist-packages:/home/a/ws_moveit2/install/dynamixel_controller_gui/lib/python3.10/site-packages:/home/a/ws_moveit2/install/dynamixel_controller/local/lib/python3.10/dist-packages:/home/a/ws_moveit2/install/dynamixel_controller_client/lib/python3.10/site-packages:/home/a/ws_moveit2/install/d415_rgb_depth_3d/lib/python3.10/site-packages:/opt/ros/humble/lib/python3.10/site-packages:/opt/ros/humble/local/lib/python3.10/dist-packages'), ('COLCON', '1'), ('VTE_VERSION', '6800'), ('CMAKE_PREFIX_PATH', '/home/a/ws_moveit2/install/urdf_0816_description:/home/a/ws_moveit2/install/trac_ik:/home/a/ws_moveit2/install/robot_config:/home/a/ws_moveit2/install/trac_ik_kinematics_plugin:/home/a/ws_moveit2/install/right_arm_ikfast_plugin:/home/a/ws_moveit2/install/pilz_industrial_motion_planner_testutils:/home/a/ws_moveit2/install/moveit_runtime:/home/a/ws_moveit2/install/moveit2_tutorials:/home/a/ws_moveit2/install/moveit:/home/a/ws_moveit2/install/moveit_planners:/home/a/ws_moveit2/install/pilz_industrial_motion_planner:/home/a/ws_moveit2/install/mtc_tutorial:/home/a/ws_moveit2/install/hello_moveit:/home/a/ws_moveit2/install/moveit_visual_tools:/home/a/ws_moveit2/install/moveit_task_constructor_visualization:/home/a/ws_moveit2/install/moveit_task_constructor_demo:/home/a/ws_moveit2/install/moveit_task_constructor_capabilities:/home/a/ws_moveit2/install/moveit_task_constructor_core:/home/a/ws_moveit2/install/moveit_ros_control_interface:/home/a/ws_moveit2/install/moveit_plugins:/home/a/ws_moveit2/install/moveit_simple_controller_manager:/home/a/ws_moveit2/install/moveit_setup_assistant:/home/a/ws_moveit2/install/moveit_setup_srdf_plugins:/home/a/ws_moveit2/install/moveit_setup_core_plugins:/home/a/ws_moveit2/install/moveit_setup_controllers:/home/a/ws_moveit2/install/moveit_setup_app_plugins:/home/a/ws_moveit2/install/moveit_setup_framework:/home/a/ws_moveit2/install/moveit_servo:/home/a/ws_moveit2/install/moveit_ros:/home/a/ws_moveit2/install/moveit_ros_visualization:/home/a/ws_moveit2/install/moveit_hybrid_planning:/home/a/ws_moveit2/install/moveit_ros_planning_interface:/home/a/ws_moveit2/install/moveit_ros_benchmarks:/home/a/ws_moveit2/install/moveit_ros_warehouse:/home/a/ws_moveit2/install/moveit_ros_robot_interaction:/home/a/ws_moveit2/install/moveit_ros_perception:/home/a/ws_moveit2/install/moveit_resources_prbt_pg70_support:/home/a/ws_moveit2/install/moveit_resources_prbt_moveit_config:/home/a/ws_moveit2/install/moveit_ros_move_group:/home/a/ws_moveit2/install/moveit_planners_ompl:/home/a/ws_moveit2/install/left_arm_ikfast_plugin:/home/a/ws_moveit2/install/moveit_ros_planning:/home/a/ws_moveit2/install/moveit_ros_occupancy_map_monitor:/home/a/ws_moveit2/install/moveit_resources_prbt_ikfast_manipulator_plugin:/home/a/ws_moveit2/install/moveit_planners_chomp:/home/a/ws_moveit2/install/moveit_kinematics:/home/a/ws_moveit2/install/moveit_chomp_optimizer_adapter:/home/a/ws_moveit2/install/chomp_motion_planner:/home/a/ws_moveit2/install/moveit_core:/home/a/ws_moveit2/install/rviz_marker_tools:/home/a/ws_moveit2/install/rosparam_shortcuts:/home/a/ws_moveit2/install/red_seiretu_description:/home/a/ws_moveit2/install/realsense2_description:/home/a/ws_moveit2/install/realsense2_camera:/home/a/ws_moveit2/install/object_description:/home/a/ws_moveit2/install/moveit_resources:/home/a/ws_moveit2/install/moveit_resources_panda_moveit_config:/home/a/ws_moveit2/install/moveit_resources_fanuc_moveit_config:/home/a/ws_moveit2/install/mavlink_gui_tester:/home/a/ws_moveit2/install/field_description_test:/home/a/ws_moveit2/install/field_description:/home/a/ws_moveit2/install/dynamixel_sdk_examples:/home/a/ws_moveit2/install/dynamixel_controller:/home/a/ws_moveit2/install/0525_arm_description:/home/a/ws_moveit2/install/trac_ik_lib:/home/a/ws_moveit2/install/mavlink_controller_client:/home/a/ws_moveit2/install/stm32_mavlink_interface:/home/a/ws_moveit2/install/moveit_configs_utils:/home/a/ws_moveit2/install/srdfdom:/home/a/ws_moveit2/install/ros_tcp_endpoint:/home/a/ws_moveit2/install/realsense2_ros_mqtt_bridge:/home/a/ws_moveit2/install/realsense2_camera_msgs:/home/a/ws_moveit2/install/moveit_task_constructor_msgs:/home/a/ws_moveit2/install/moveit_resources_prbt_support:/home/a/ws_moveit2/install/moveit_resources_pr2_description:/home/a/ws_moveit2/install/moveit_resources_panda_description:/home/a/ws_moveit2/install/moveit_resources_fanuc_description:/home/a/ws_moveit2/install/moveit_common:/home/a/ws_moveit2/install/launch_param_builder:/home/a/ws_moveit2/install/dynamixel_sdk_custom_interfaces:/home/a/ws_moveit2/install/dynamixel_controller_gui:/home/a/ws_moveit2/install/dynamixel_sdk:/home/a/ws_moveit2/install/dynamixel_controller_client:/home/a/ws_moveit2/install/d415_rgb_depth_3d:/home/a/ws_moveit2/install/catch_gazebo_ros2_control:/home/a/ws_moveit2/install/blue_seiretu_description:/opt/ros/humble')]), 'shell': False}
[10.357903] (stm32_mavlink_interface) StdoutLine: {'line': b'-- Install configuration: ""\n'}
[10.358131] (stm32_mavlink_interface) StdoutLine: {'line': b'-- Up-to-date: /home/a/ws_moveit2/install/stm32_mavlink_interface/share/ament_index/resource_index/rosidl_interfaces/stm32_mavlink_interface\n'}
[10.358323] (stm32_mavlink_interface) StdoutLine: {'line': b'-- Up-to-date: /home/a/ws_moveit2/install/stm32_mavlink_interface/include/stm32_mavlink_interface/stm32_mavlink_interface\n'}
[10.358483] (stm32_mavlink_interface) StdoutLine: {'line': b'-- Up-to-date: /home/a/ws_moveit2/install/stm32_mavlink_interface/include/stm32_mavlink_interface/stm32_mavlink_interface/msg\n'}
[10.358605] (stm32_mavlink_interface) StdoutLine: {'line': b'-- Up-to-date: /home/a/ws_moveit2/install/stm32_mavlink_interface/include/stm32_mavlink_interface/stm32_mavlink_interface/msg/robomaster_motor_command.h\n'}
[10.358712] (stm32_mavlink_interface) StdoutLine: {'line': b'-- Up-to-date: /home/a/ws_moveit2/install/stm32_mavlink_interface/include/stm32_mavlink_interface/stm32_mavlink_interface/msg/servo_command.h\n'}
[10.358810] (stm32_mavlink_interface) StdoutLine: {'line': b'-- Up-to-date: /home/a/ws_moveit2/install/stm32_mavlink_interface/include/stm32_mavlink_interface/stm32_mavlink_interface/msg/encoder_config.h\n'}
[10.358994] (stm32_mavlink_interface) StdoutLine: {'line': b'-- Up-to-date: /home/a/ws_moveit2/install/stm32_mavlink_interface/include/stm32_mavlink_interface/stm32_mavlink_interface/msg/rosidl_generator_c__visibility_control.h\n'}
[10.359082] (stm32_mavlink_interface) StdoutLine: {'line': b'-- Up-to-date: /home/a/ws_moveit2/install/stm32_mavlink_interface/include/stm32_mavlink_interface/stm32_mavlink_interface/msg/servo_state.h\n'}
[10.359155] (stm32_mavlink_interface) StdoutLine: {'line': b'-- Up-to-date: /home/a/ws_moveit2/install/stm32_mavlink_interface/include/stm32_mavlink_interface/stm32_mavlink_interface/msg/robomaster_motor_config.h\n'}
[10.359237] (stm32_mavlink_interface) StdoutLine: {'line': b'-- Up-to-date: /home/a/ws_moveit2/install/stm32_mavlink_interface/include/stm32_mavlink_interface/stm32_mavlink_interface/msg/detail\n'}
[10.359418] (stm32_mavlink_interface) StdoutLine: {'line': b'-- Up-to-date: /home/a/ws_moveit2/install/stm32_mavlink_interface/include/stm32_mavlink_interface/stm32_mavlink_interface/msg/detail/robomaster_motor_state__type_support.h\n'}
[10.359502] (stm32_mavlink_interface) StdoutLine: {'line': b'-- Up-to-date: /home/a/ws_moveit2/install/stm32_mavlink_interface/include/stm32_mavlink_interface/stm32_mavlink_interface/msg/detail/robomaster_motor_command__functions.c\n'}
[10.359693] (stm32_mavlink_interface) StdoutLine: {'line': b'-- Up-to-date: /home/a/ws_moveit2/install/stm32_mavlink_interface/include/stm32_mavlink_interface/stm32_mavlink_interface/msg/detail/encoder_config__functions.c\n'}
[10.359785] (stm32_mavlink_interface) StdoutLine: {'line': b'-- Up-to-date: /home/a/ws_moveit2/install/stm32_mavlink_interface/include/stm32_mavlink_interface/stm32_mavlink_interface/msg/detail/robomaster_motor_command__type_support.h\n'}
[10.359869] (stm32_mavlink_interface) StdoutLine: {'line': b'-- Up-to-date: /home/a/ws_moveit2/install/stm32_mavlink_interface/include/stm32_mavlink_interface/stm32_mavlink_interface/msg/detail/encoder_config__struct.h\n'}
[10.360357] (stm32_mavlink_interface) StdoutLine: {'line': b'-- Up-to-date: /home/a/ws_moveit2/install/stm32_mavlink_interface/include/stm32_mavlink_interface/stm32_mavlink_interface/msg/detail/encoder_config__functions.h\n'}
[10.360437] (stm32_mavlink_interface) StdoutLine: {'line': b'-- Up-to-date: /home/a/ws_moveit2/install/stm32_mavlink_interface/include/stm32_mavlink_interface/stm32_mavlink_interface/msg/detail/robomaster_motor_state__struct.h\n'}
[10.360505] (stm32_mavlink_interface) StdoutLine: {'line': b'-- Up-to-date: /home/a/ws_moveit2/install/stm32_mavlink_interface/include/stm32_mavlink_interface/stm32_mavlink_interface/msg/detail/servo_command__functions.h\n'}
[10.360568] (stm32_mavlink_interface) StdoutLine: {'line': b'-- Up-to-date: /home/a/ws_moveit2/install/stm32_mavlink_interface/include/stm32_mavlink_interface/stm32_mavlink_interface/msg/detail/servo_state__type_support.h\n'}
[10.360628] (stm32_mavlink_interface) StdoutLine: {'line': b'-- Up-to-date: /home/a/ws_moveit2/install/stm32_mavlink_interface/include/stm32_mavlink_interface/stm32_mavlink_interface/msg/detail/robomaster_motor_command__functions.h\n'}
[10.360688] (stm32_mavlink_interface) StdoutLine: {'line': b'-- Up-to-date: /home/a/ws_moveit2/install/stm32_mavlink_interface/include/stm32_mavlink_interface/stm32_mavlink_interface/msg/detail/servo_command__type_support.h\n'}
[10.360748] (stm32_mavlink_interface) StdoutLine: {'line': b'-- Up-to-date: /home/a/ws_moveit2/install/stm32_mavlink_interface/include/stm32_mavlink_interface/stm32_mavlink_interface/msg/detail/encoder_config__type_support.h\n'}
[10.360860] (stm32_mavlink_interface) StdoutLine: {'line': b'-- Up-to-date: /home/a/ws_moveit2/install/stm32_mavlink_interface/include/stm32_mavlink_interface/stm32_mavlink_interface/msg/detail/servo_command__struct.h\n'}
[10.360932] (stm32_mavlink_interface) StdoutLine: {'line': b'-- Up-to-date: /home/a/ws_moveit2/install/stm32_mavlink_interface/include/stm32_mavlink_interface/stm32_mavlink_interface/msg/detail/servo_state__functions.c\n'}
[10.360993] (stm32_mavlink_interface) StdoutLine: {'line': b'-- Up-to-date: /home/a/ws_moveit2/install/stm32_mavlink_interface/include/stm32_mavlink_interface/stm32_mavlink_interface/msg/detail/servo_state__struct.h\n'}
[10.361050] (stm32_mavlink_interface) StdoutLine: {'line': b'-- Up-to-date: /home/a/ws_moveit2/install/stm32_mavlink_interface/include/stm32_mavlink_interface/stm32_mavlink_interface/msg/detail/servo_command__functions.c\n'}
[10.361106] (stm32_mavlink_interface) StdoutLine: {'line': b'-- Up-to-date: /home/a/ws_moveit2/install/stm32_mavlink_interface/include/stm32_mavlink_interface/stm32_mavlink_interface/msg/detail/encoder_state__struct.h\n'}
[10.361163] (stm32_mavlink_interface) StdoutLine: {'line': b'-- Up-to-date: /home/a/ws_moveit2/install/stm32_mavlink_interface/include/stm32_mavlink_interface/stm32_mavlink_interface/msg/detail/robomaster_motor_state__functions.c\n'}
[10.361383] (stm32_mavlink_interface) StdoutLine: {'line': b'-- Up-to-date: /home/a/ws_moveit2/install/stm32_mavlink_interface/include/stm32_mavlink_interface/stm32_mavlink_interface/msg/detail/robomaster_motor_config__functions.h\n'}
[10.361438] (stm32_mavlink_interface) StdoutLine: {'line': b'-- Up-to-date: /home/a/ws_moveit2/install/stm32_mavlink_interface/include/stm32_mavlink_interface/stm32_mavlink_interface/msg/detail/robomaster_motor_config__functions.c\n'}
[10.361509] (stm32_mavlink_interface) StdoutLine: {'line': b'-- Up-to-date: /home/a/ws_moveit2/install/stm32_mavlink_interface/include/stm32_mavlink_interface/stm32_mavlink_interface/msg/detail/encoder_state__functions.c\n'}
[10.361567] (stm32_mavlink_interface) StdoutLine: {'line': b'-- Up-to-date: /home/a/ws_moveit2/install/stm32_mavlink_interface/include/stm32_mavlink_interface/stm32_mavlink_interface/msg/detail/robomaster_motor_config__struct.h\n'}
[10.361625] (stm32_mavlink_interface) StdoutLine: {'line': b'-- Up-to-date: /home/a/ws_moveit2/install/stm32_mavlink_interface/include/stm32_mavlink_interface/stm32_mavlink_interface/msg/detail/robomaster_motor_command__struct.h\n'}
[10.361684] (stm32_mavlink_interface) StdoutLine: {'line': b'-- Up-to-date: /home/a/ws_moveit2/install/stm32_mavlink_interface/include/stm32_mavlink_interface/stm32_mavlink_interface/msg/detail/robomaster_motor_config__type_support.h\n'}
[10.361741] (stm32_mavlink_interface) StdoutLine: {'line': b'-- Up-to-date: /home/a/ws_moveit2/install/stm32_mavlink_interface/include/stm32_mavlink_interface/stm32_mavlink_interface/msg/detail/encoder_state__functions.h\n'}
[10.361813] (stm32_mavlink_interface) StdoutLine: {'line': b'-- Up-to-date: /home/a/ws_moveit2/install/stm32_mavlink_interface/include/stm32_mavlink_interface/stm32_mavlink_interface/msg/detail/robomaster_motor_state__functions.h\n'}
[10.361871] (stm32_mavlink_interface) StdoutLine: {'line': b'-- Up-to-date: /home/a/ws_moveit2/install/stm32_mavlink_interface/include/stm32_mavlink_interface/stm32_mavlink_interface/msg/detail/servo_state__functions.h\n'}
[10.361937] (stm32_mavlink_interface) StdoutLine: {'line': b'-- Up-to-date: /home/a/ws_moveit2/install/stm32_mavlink_interface/include/stm32_mavlink_interface/stm32_mavlink_interface/msg/detail/encoder_state__type_support.h\n'}
[10.361995] (stm32_mavlink_interface) StdoutLine: {'line': b'-- Up-to-date: /home/a/ws_moveit2/install/stm32_mavlink_interface/include/stm32_mavlink_interface/stm32_mavlink_interface/msg/encoder_state.h\n'}
[10.362054] (stm32_mavlink_interface) StdoutLine: {'line': b'-- Up-to-date: /home/a/ws_moveit2/install/stm32_mavlink_interface/include/stm32_mavlink_interface/stm32_mavlink_interface/msg/robomaster_motor_state.h\n'}
[10.362111] (stm32_mavlink_interface) StdoutLine: {'line': b'-- Up-to-date: /home/a/ws_moveit2/install/stm32_mavlink_interface/include/stm32_mavlink_interface/stm32_mavlink_interface/srv\n'}
[10.362167] (stm32_mavlink_interface) StdoutLine: {'line': b'-- Up-to-date: /home/a/ws_moveit2/install/stm32_mavlink_interface/include/stm32_mavlink_interface/stm32_mavlink_interface/srv/set_robomaster_motor_config.h\n'}
[10.362226] (stm32_mavlink_interface) StdoutLine: {'line': b'-- Up-to-date: /home/a/ws_moveit2/install/stm32_mavlink_interface/include/stm32_mavlink_interface/stm32_mavlink_interface/srv/set_encoder_config.h\n'}
[10.362281] (stm32_mavlink_interface) StdoutLine: {'line': b'-- Up-to-date: /home/a/ws_moveit2/install/stm32_mavlink_interface/include/stm32_mavlink_interface/stm32_mavlink_interface/srv/detail\n'}
[10.362337] (stm32_mavlink_interface) StdoutLine: {'line': b'-- Up-to-date: /home/a/ws_moveit2/install/stm32_mavlink_interface/include/stm32_mavlink_interface/stm32_mavlink_interface/srv/detail/get_robomaster_motor_config__functions.h\n'}
[10.362394] (stm32_mavlink_interface) StdoutLine: {'line': b'-- Up-to-date: /home/a/ws_moveit2/install/stm32_mavlink_interface/include/stm32_mavlink_interface/stm32_mavlink_interface/srv/detail/get_robomaster_motor_config__struct.h\n'}
[10.362483] (stm32_mavlink_interface) StdoutLine: {'line': b'-- Up-to-date: /home/a/ws_moveit2/install/stm32_mavlink_interface/include/stm32_mavlink_interface/stm32_mavlink_interface/srv/detail/set_encoder_config__struct.h\n'}
[10.362539] (stm32_mavlink_interface) StdoutLine: {'line': b'-- Up-to-date: /home/a/ws_moveit2/install/stm32_mavlink_interface/include/stm32_mavlink_interface/stm32_mavlink_interface/srv/detail/set_robomaster_motor_config__struct.h\n'}
[10.362673] (stm32_mavlink_interface) StdoutLine: {'line': b'-- Up-to-date: /home/a/ws_moveit2/install/stm32_mavlink_interface/include/stm32_mavlink_interface/stm32_mavlink_interface/srv/detail/set_robomaster_motor_config__functions.c\n'}
[10.362730] (stm32_mavlink_interface) StdoutLine: {'line': b'-- Up-to-date: /home/a/ws_moveit2/install/stm32_mavlink_interface/include/stm32_mavlink_interface/stm32_mavlink_interface/srv/detail/get_robomaster_motor_config__functions.c\n'}
[10.362765] (stm32_mavlink_interface) StdoutLine: {'line': b'-- Up-to-date: /home/a/ws_moveit2/install/stm32_mavlink_interface/include/stm32_mavlink_interface/stm32_mavlink_interface/srv/detail/set_robomaster_motor_config__type_support.h\n'}
[10.362801] (stm32_mavlink_interface) StdoutLine: {'line': b'-- Up-to-date: /home/a/ws_moveit2/install/stm32_mavlink_interface/include/stm32_mavlink_interface/stm32_mavlink_interface/srv/detail/set_servo_config__struct.h\n'}
[10.362837] (stm32_mavlink_interface) StdoutLine: {'line': b'-- Up-to-date: /home/a/ws_moveit2/install/stm32_mavlink_interface/include/stm32_mavlink_interface/stm32_mavlink_interface/srv/detail/set_servo_config__functions.c\n'}
[10.362916] (stm32_mavlink_interface) StdoutLine: {'line': b'-- Up-to-date: /home/a/ws_moveit2/install/stm32_mavlink_interface/include/stm32_mavlink_interface/stm32_mavlink_interface/srv/detail/set_robomaster_motor_config__functions.h\n'}
[10.362952] (stm32_mavlink_interface) StdoutLine: {'line': b'-- Up-to-date: /home/a/ws_moveit2/install/stm32_mavlink_interface/include/stm32_mavlink_interface/stm32_mavlink_interface/srv/detail/set_encoder_config__functions.h\n'}
[10.362985] (stm32_mavlink_interface) StdoutLine: {'line': b'-- Up-to-date: /home/a/ws_moveit2/install/stm32_mavlink_interface/include/stm32_mavlink_interface/stm32_mavlink_interface/srv/detail/set_encoder_config__type_support.h\n'}
[10.363019] (stm32_mavlink_interface) StdoutLine: {'line': b'-- Up-to-date: /home/a/ws_moveit2/install/stm32_mavlink_interface/include/stm32_mavlink_interface/stm32_mavlink_interface/srv/detail/set_servo_config__functions.h\n'}
[10.363052] (stm32_mavlink_interface) StdoutLine: {'line': b'-- Up-to-date: /home/a/ws_moveit2/install/stm32_mavlink_interface/include/stm32_mavlink_interface/stm32_mavlink_interface/srv/detail/get_robomaster_motor_config__type_support.h\n'}
[10.363085] (stm32_mavlink_interface) StdoutLine: {'line': b'-- Up-to-date: /home/a/ws_moveit2/install/stm32_mavlink_interface/include/stm32_mavlink_interface/stm32_mavlink_interface/srv/detail/set_servo_config__type_support.h\n'}
[10.363119] (stm32_mavlink_interface) StdoutLine: {'line': b'-- Up-to-date: /home/a/ws_moveit2/install/stm32_mavlink_interface/include/stm32_mavlink_interface/stm32_mavlink_interface/srv/detail/set_encoder_config__functions.c\n'}
[10.363152] (stm32_mavlink_interface) StdoutLine: {'line': b'-- Up-to-date: /home/a/ws_moveit2/install/stm32_mavlink_interface/include/stm32_mavlink_interface/stm32_mavlink_interface/srv/get_robomaster_motor_config.h\n'}
[10.363184] (stm32_mavlink_interface) StdoutLine: {'line': b'-- Up-to-date: /home/a/ws_moveit2/install/stm32_mavlink_interface/include/stm32_mavlink_interface/stm32_mavlink_interface/srv/set_servo_config.h\n'}
[10.363216] (stm32_mavlink_interface) StdoutLine: {'line': b'-- Up-to-date: /home/a/ws_moveit2/install/stm32_mavlink_interface/share/stm32_mavlink_interface/environment/library_path.sh\n'}
[10.363249] (stm32_mavlink_interface) StdoutLine: {'line': b'-- Installing: /home/a/ws_moveit2/install/stm32_mavlink_interface/share/stm32_mavlink_interface/environment/library_path.dsv\n'}
[10.363283] (stm32_mavlink_interface) StdoutLine: {'line': b'-- Up-to-date: /home/a/ws_moveit2/install/stm32_mavlink_interface/lib/libstm32_mavlink_interface__rosidl_generator_c.so\n'}
[10.363315] (stm32_mavlink_interface) StdoutLine: {'line': b'-- Up-to-date: /home/a/ws_moveit2/install/stm32_mavlink_interface/include/stm32_mavlink_interface/stm32_mavlink_interface\n'}
[10.363348] (stm32_mavlink_interface) StdoutLine: {'line': b'-- Up-to-date: /home/a/ws_moveit2/install/stm32_mavlink_interface/include/stm32_mavlink_interface/stm32_mavlink_interface/msg\n'}
[10.363381] (stm32_mavlink_interface) StdoutLine: {'line': b'-- Up-to-date: /home/a/ws_moveit2/install/stm32_mavlink_interface/include/stm32_mavlink_interface/stm32_mavlink_interface/msg/rosidl_typesupport_fastrtps_c__visibility_control.h\n'}
[10.363414] (stm32_mavlink_interface) StdoutLine: {'line': b'-- Up-to-date: /home/a/ws_moveit2/install/stm32_mavlink_interface/include/stm32_mavlink_interface/stm32_mavlink_interface/msg/detail\n'}
[10.363445] (stm32_mavlink_interface) StdoutLine: {'line': b'-- Up-to-date: /home/a/ws_moveit2/install/stm32_mavlink_interface/include/stm32_mavlink_interface/stm32_mavlink_interface/msg/detail/encoder_state__rosidl_typesupport_fastrtps_c.h\n'}
[10.363478] (stm32_mavlink_interface) StdoutLine: {'line': b'-- Up-to-date: /home/a/ws_moveit2/install/stm32_mavlink_interface/include/stm32_mavlink_interface/stm32_mavlink_interface/msg/detail/robomaster_motor_config__rosidl_typesupport_fastrtps_c.h\n'}
[10.363510] (stm32_mavlink_interface) StdoutLine: {'line': b'-- Up-to-date: /home/a/ws_moveit2/install/stm32_mavlink_interface/include/stm32_mavlink_interface/stm32_mavlink_interface/msg/detail/encoder_config__rosidl_typesupport_fastrtps_c.h\n'}
[10.363542] (stm32_mavlink_interface) StdoutLine: {'line': b'-- Up-to-date: /home/a/ws_moveit2/install/stm32_mavlink_interface/include/stm32_mavlink_interface/stm32_mavlink_interface/msg/detail/servo_command__rosidl_typesupport_fastrtps_c.h\n'}
[10.363576] (stm32_mavlink_interface) StdoutLine: {'line': b'-- Up-to-date: /home/a/ws_moveit2/install/stm32_mavlink_interface/include/stm32_mavlink_interface/stm32_mavlink_interface/msg/detail/robomaster_motor_state__rosidl_typesupport_fastrtps_c.h\n'}
[10.363608] (stm32_mavlink_interface) StdoutLine: {'line': b'-- Up-to-date: /home/a/ws_moveit2/install/stm32_mavlink_interface/include/stm32_mavlink_interface/stm32_mavlink_interface/msg/detail/robomaster_motor_command__rosidl_typesupport_fastrtps_c.h\n'}
[10.363641] (stm32_mavlink_interface) StdoutLine: {'line': b'-- Up-to-date: /home/a/ws_moveit2/install/stm32_mavlink_interface/include/stm32_mavlink_interface/stm32_mavlink_interface/msg/detail/servo_state__rosidl_typesupport_fastrtps_c.h\n'}
[10.363673] (stm32_mavlink_interface) StdoutLine: {'line': b'-- Up-to-date: /home/a/ws_moveit2/install/stm32_mavlink_interface/include/stm32_mavlink_interface/stm32_mavlink_interface/srv\n'}
[10.363705] (stm32_mavlink_interface) StdoutLine: {'line': b'-- Up-to-date: /home/a/ws_moveit2/install/stm32_mavlink_interface/include/stm32_mavlink_interface/stm32_mavlink_interface/srv/detail\n'}
[10.363737] (stm32_mavlink_interface) StdoutLine: {'line': b'-- Up-to-date: /home/a/ws_moveit2/install/stm32_mavlink_interface/include/stm32_mavlink_interface/stm32_mavlink_interface/srv/detail/set_encoder_config__rosidl_typesupport_fastrtps_c.h\n'}
[10.363771] (stm32_mavlink_interface) StdoutLine: {'line': b'-- Up-to-date: /home/a/ws_moveit2/install/stm32_mavlink_interface/include/stm32_mavlink_interface/stm32_mavlink_interface/srv/detail/set_servo_config__rosidl_typesupport_fastrtps_c.h\n'}
[10.363803] (stm32_mavlink_interface) StdoutLine: {'line': b'-- Up-to-date: /home/a/ws_moveit2/install/stm32_mavlink_interface/include/stm32_mavlink_interface/stm32_mavlink_interface/srv/detail/get_robomaster_motor_config__rosidl_typesupport_fastrtps_c.h\n'}
[10.363836] (stm32_mavlink_interface) StdoutLine: {'line': b'-- Up-to-date: /home/a/ws_moveit2/install/stm32_mavlink_interface/include/stm32_mavlink_interface/stm32_mavlink_interface/srv/detail/set_robomaster_motor_config__rosidl_typesupport_fastrtps_c.h\n'}
[10.363869] (stm32_mavlink_interface) StdoutLine: {'line': b'-- Installing: /home/a/ws_moveit2/install/stm32_mavlink_interface/lib/libstm32_mavlink_interface__rosidl_typesupport_fastrtps_c.so\n'}
[10.363908] (stm32_mavlink_interface) StdoutLine: {'line': b'-- Set runtime path of "/home/a/ws_moveit2/install/stm32_mavlink_interface/lib/libstm32_mavlink_interface__rosidl_typesupport_fastrtps_c.so" to ""\n'}
[10.363942] (stm32_mavlink_interface) StdoutLine: {'line': b'-- Up-to-date: /home/a/ws_moveit2/install/stm32_mavlink_interface/include/stm32_mavlink_interface/stm32_mavlink_interface\n'}
[10.363974] (stm32_mavlink_interface) StdoutLine: {'line': b'-- Up-to-date: /home/a/ws_moveit2/install/stm32_mavlink_interface/include/stm32_mavlink_interface/stm32_mavlink_interface/msg\n'}
[10.364005] (stm32_mavlink_interface) StdoutLine: {'line': b'-- Up-to-date: /home/a/ws_moveit2/install/stm32_mavlink_interface/include/stm32_mavlink_interface/stm32_mavlink_interface/msg/servo_command.hpp\n'}
[10.364037] (stm32_mavlink_interface) StdoutLine: {'line': b'-- Up-to-date: /home/a/ws_moveit2/install/stm32_mavlink_interface/include/stm32_mavlink_interface/stm32_mavlink_interface/msg/robomaster_motor_config.hpp\n'}
[10.364068] (stm32_mavlink_interface) StdoutLine: {'line': b'-- Up-to-date: /home/a/ws_moveit2/install/stm32_mavlink_interface/include/stm32_mavlink_interface/stm32_mavlink_interface/msg/encoder_config.hpp\n'}
[10.364100] (stm32_mavlink_interface) StdoutLine: {'line': b'-- Up-to-date: /home/a/ws_moveit2/install/stm32_mavlink_interface/include/stm32_mavlink_interface/stm32_mavlink_interface/msg/encoder_state.hpp\n'}
[10.364135] (stm32_mavlink_interface) StdoutLine: {'line': b'-- Up-to-date: /home/a/ws_moveit2/install/stm32_mavlink_interface/include/stm32_mavlink_interface/stm32_mavlink_interface/msg/robomaster_motor_state.hpp\n'}
[10.364168] (stm32_mavlink_interface) StdoutLine: {'line': b'-- Up-to-date: /home/a/ws_moveit2/install/stm32_mavlink_interface/include/stm32_mavlink_interface/stm32_mavlink_interface/msg/robomaster_motor_command.hpp\n'}
[10.364199] (stm32_mavlink_interface) StdoutLine: {'line': b'-- Up-to-date: /home/a/ws_moveit2/install/stm32_mavlink_interface/include/stm32_mavlink_interface/stm32_mavlink_interface/msg/servo_state.hpp\n'}
[10.364230] (stm32_mavlink_interface) StdoutLine: {'line': b'-- Up-to-date: /home/a/ws_moveit2/install/stm32_mavlink_interface/include/stm32_mavlink_interface/stm32_mavlink_interface/msg/rosidl_generator_cpp__visibility_control.hpp\n'}
[10.364263] (stm32_mavlink_interface) StdoutLine: {'line': b'-- Up-to-date: /home/a/ws_moveit2/install/stm32_mavlink_interface/include/stm32_mavlink_interface/stm32_mavlink_interface/msg/detail\n'}
[10.364296] (stm32_mavlink_interface) StdoutLine: {'line': b'-- Up-to-date: /home/a/ws_moveit2/install/stm32_mavlink_interface/include/stm32_mavlink_interface/stm32_mavlink_interface/msg/detail/encoder_state__type_support.hpp\n'}
[10.364327] (stm32_mavlink_interface) StdoutLine: {'line': b'-- Up-to-date: /home/a/ws_moveit2/install/stm32_mavlink_interface/include/stm32_mavlink_interface/stm32_mavlink_interface/msg/detail/robomaster_motor_state__traits.hpp\n'}
[10.364359] (stm32_mavlink_interface) StdoutLine: {'line': b'-- Up-to-date: /home/a/ws_moveit2/install/stm32_mavlink_interface/include/stm32_mavlink_interface/stm32_mavlink_interface/msg/detail/servo_state__struct.hpp\n'}
[10.364390] (stm32_mavlink_interface) StdoutLine: {'line': b'-- Up-to-date: /home/a/ws_moveit2/install/stm32_mavlink_interface/include/stm32_mavlink_interface/stm32_mavlink_interface/msg/detail/encoder_state__builder.hpp\n'}
[10.364422] (stm32_mavlink_interface) StdoutLine: {'line': b'-- Up-to-date: /home/a/ws_moveit2/install/stm32_mavlink_interface/include/stm32_mavlink_interface/stm32_mavlink_interface/msg/detail/robomaster_motor_config__type_support.hpp\n'}
[10.364455] (stm32_mavlink_interface) StdoutLine: {'line': b'-- Up-to-date: /home/a/ws_moveit2/install/stm32_mavlink_interface/include/stm32_mavlink_interface/stm32_mavlink_interface/msg/detail/servo_state__traits.hpp\n'}
[10.364490] (stm32_mavlink_interface) StdoutLine: {'line': b'-- Up-to-date: /home/a/ws_moveit2/install/stm32_mavlink_interface/include/stm32_mavlink_interface/stm32_mavlink_interface/msg/detail/robomaster_motor_config__traits.hpp\n'}
[10.364521] (stm32_mavlink_interface) StdoutLine: {'line': b'-- Up-to-date: /home/a/ws_moveit2/install/stm32_mavlink_interface/include/stm32_mavlink_interface/stm32_mavlink_interface/msg/detail/robomaster_motor_state__builder.hpp\n'}
[10.364554] (stm32_mavlink_interface) StdoutLine: {'line': b'-- Up-to-date: /home/a/ws_moveit2/install/stm32_mavlink_interface/include/stm32_mavlink_interface/stm32_mavlink_interface/msg/detail/robomaster_motor_command__struct.hpp\n'}
[10.364586] (stm32_mavlink_interface) StdoutLine: {'line': b'-- Up-to-date: /home/a/ws_moveit2/install/stm32_mavlink_interface/include/stm32_mavlink_interface/stm32_mavlink_interface/msg/detail/servo_command__struct.hpp\n'}
[10.364620] (stm32_mavlink_interface) StdoutLine: {'line': b'-- Up-to-date: /home/a/ws_moveit2/install/stm32_mavlink_interface/include/stm32_mavlink_interface/stm32_mavlink_interface/msg/detail/servo_state__type_support.hpp\n'}
[10.364650] (stm32_mavlink_interface) StdoutLine: {'line': b'-- Up-to-date: /home/a/ws_moveit2/install/stm32_mavlink_interface/include/stm32_mavlink_interface/stm32_mavlink_interface/msg/detail/encoder_state__struct.hpp\n'}
[10.364673] (stm32_mavlink_interface) StdoutLine: {'line': b'-- Up-to-date: /home/a/ws_moveit2/install/stm32_mavlink_interface/include/stm32_mavlink_interface/stm32_mavlink_interface/msg/detail/encoder_config__traits.hpp\n'}
[10.364698] (stm32_mavlink_interface) StdoutLine: {'line': b'-- Up-to-date: /home/a/ws_moveit2/install/stm32_mavlink_interface/include/stm32_mavlink_interface/stm32_mavlink_interface/msg/detail/encoder_config__builder.hpp\n'}
[10.364722] (stm32_mavlink_interface) StdoutLine: {'line': b'-- Up-to-date: /home/a/ws_moveit2/install/stm32_mavlink_interface/include/stm32_mavlink_interface/stm32_mavlink_interface/msg/detail/robomaster_motor_state__struct.hpp\n'}
[10.364746] (stm32_mavlink_interface) StdoutLine: {'line': b'-- Up-to-date: /home/a/ws_moveit2/install/stm32_mavlink_interface/include/stm32_mavlink_interface/stm32_mavlink_interface/msg/detail/servo_command__builder.hpp\n'}
[10.364769] (stm32_mavlink_interface) StdoutLine: {'line': b'-- Up-to-date: /home/a/ws_moveit2/install/stm32_mavlink_interface/include/stm32_mavlink_interface/stm32_mavlink_interface/msg/detail/encoder_state__traits.hpp\n'}
[10.364793] (stm32_mavlink_interface) StdoutLine: {'line': b'-- Up-to-date: /home/a/ws_moveit2/install/stm32_mavlink_interface/include/stm32_mavlink_interface/stm32_mavlink_interface/msg/detail/robomaster_motor_state__type_support.hpp\n'}
[10.364818] (stm32_mavlink_interface) StdoutLine: {'line': b'-- Up-to-date: /home/a/ws_moveit2/install/stm32_mavlink_interface/include/stm32_mavlink_interface/stm32_mavlink_interface/msg/detail/encoder_config__type_support.hpp\n'}
[10.364842] (stm32_mavlink_interface) StdoutLine: {'line': b'-- Up-to-date: /home/a/ws_moveit2/install/stm32_mavlink_interface/include/stm32_mavlink_interface/stm32_mavlink_interface/msg/detail/servo_command__traits.hpp\n'}
[10.364865] (stm32_mavlink_interface) StdoutLine: {'line': b'-- Up-to-date: /home/a/ws_moveit2/install/stm32_mavlink_interface/include/stm32_mavlink_interface/stm32_mavlink_interface/msg/detail/servo_state__builder.hpp\n'}
[10.364893] (stm32_mavlink_interface) StdoutLine: {'line': b'-- Up-to-date: /home/a/ws_moveit2/install/stm32_mavlink_interface/include/stm32_mavlink_interface/stm32_mavlink_interface/msg/detail/robomaster_motor_command__builder.hpp\n'}
[10.364918] (stm32_mavlink_interface) StdoutLine: {'line': b'-- Up-to-date: /home/a/ws_moveit2/install/stm32_mavlink_interface/include/stm32_mavlink_interface/stm32_mavlink_interface/msg/detail/robomaster_motor_command__traits.hpp\n'}
[10.364941] (stm32_mavlink_interface) StdoutLine: {'line': b'-- Up-to-date: /home/a/ws_moveit2/install/stm32_mavlink_interface/include/stm32_mavlink_interface/stm32_mavlink_interface/msg/detail/robomaster_motor_command__type_support.hpp\n'}
[10.364967] (stm32_mavlink_interface) StdoutLine: {'line': b'-- Up-to-date: /home/a/ws_moveit2/install/stm32_mavlink_interface/include/stm32_mavlink_interface/stm32_mavlink_interface/msg/detail/robomaster_motor_config__builder.hpp\n'}
[10.364991] (stm32_mavlink_interface) StdoutLine: {'line': b'-- Up-to-date: /home/a/ws_moveit2/install/stm32_mavlink_interface/include/stm32_mavlink_interface/stm32_mavlink_interface/msg/detail/robomaster_motor_config__struct.hpp\n'}
[10.365017] (stm32_mavlink_interface) StdoutLine: {'line': b'-- Up-to-date: /home/a/ws_moveit2/install/stm32_mavlink_interface/include/stm32_mavlink_interface/stm32_mavlink_interface/msg/detail/encoder_config__struct.hpp\n'}
[10.365041] (stm32_mavlink_interface) StdoutLine: {'line': b'-- Up-to-date: /home/a/ws_moveit2/install/stm32_mavlink_interface/include/stm32_mavlink_interface/stm32_mavlink_interface/msg/detail/servo_command__type_support.hpp\n'}
[10.365066] (stm32_mavlink_interface) StdoutLine: {'line': b'-- Up-to-date: /home/a/ws_moveit2/install/stm32_mavlink_interface/include/stm32_mavlink_interface/stm32_mavlink_interface/srv\n'}
[10.365090] (stm32_mavlink_interface) StdoutLine: {'line': b'-- Up-to-date: /home/a/ws_moveit2/install/stm32_mavlink_interface/include/stm32_mavlink_interface/stm32_mavlink_interface/srv/set_robomaster_motor_config.hpp\n'}
[10.365116] (stm32_mavlink_interface) StdoutLine: {'line': b'-- Up-to-date: /home/a/ws_moveit2/install/stm32_mavlink_interface/include/stm32_mavlink_interface/stm32_mavlink_interface/srv/set_encoder_config.hpp\n'}
[10.365140] (stm32_mavlink_interface) StdoutLine: {'line': b'-- Up-to-date: /home/a/ws_moveit2/install/stm32_mavlink_interface/include/stm32_mavlink_interface/stm32_mavlink_interface/srv/get_robomaster_motor_config.hpp\n'}
[10.365164] (stm32_mavlink_interface) StdoutLine: {'line': b'-- Up-to-date: /home/a/ws_moveit2/install/stm32_mavlink_interface/include/stm32_mavlink_interface/stm32_mavlink_interface/srv/detail\n'}
[10.365187] (stm32_mavlink_interface) StdoutLine: {'line': b'-- Up-to-date: /home/a/ws_moveit2/install/stm32_mavlink_interface/include/stm32_mavlink_interface/stm32_mavlink_interface/srv/detail/set_robomaster_motor_config__builder.hpp\n'}
[10.365211] (stm32_mavlink_interface) StdoutLine: {'line': b'-- Up-to-date: /home/a/ws_moveit2/install/stm32_mavlink_interface/include/stm32_mavlink_interface/stm32_mavlink_interface/srv/detail/set_servo_config__builder.hpp\n'}
[10.365236] (stm32_mavlink_interface) StdoutLine: {'line': b'-- Up-to-date: /home/a/ws_moveit2/install/stm32_mavlink_interface/include/stm32_mavlink_interface/stm32_mavlink_interface/srv/detail/set_servo_config__traits.hpp\n'}
[10.365261] (stm32_mavlink_interface) StdoutLine: {'line': b'-- Up-to-date: /home/a/ws_moveit2/install/stm32_mavlink_interface/include/stm32_mavlink_interface/stm32_mavlink_interface/srv/detail/set_encoder_config__type_support.hpp\n'}
[10.365286] (stm32_mavlink_interface) StdoutLine: {'line': b'-- Up-to-date: /home/a/ws_moveit2/install/stm32_mavlink_interface/include/stm32_mavlink_interface/stm32_mavlink_interface/srv/detail/get_robomaster_motor_config__struct.hpp\n'}
[10.365310] (stm32_mavlink_interface) StdoutLine: {'line': b'-- Up-to-date: /home/a/ws_moveit2/install/stm32_mavlink_interface/include/stm32_mavlink_interface/stm32_mavlink_interface/srv/detail/set_servo_config__type_support.hpp\n'}
[10.365334] (stm32_mavlink_interface) StdoutLine: {'line': b'-- Up-to-date: /home/a/ws_moveit2/install/stm32_mavlink_interface/include/stm32_mavlink_interface/stm32_mavlink_interface/srv/detail/set_encoder_config__traits.hpp\n'}
[10.365358] (stm32_mavlink_interface) StdoutLine: {'line': b'-- Up-to-date: /home/a/ws_moveit2/install/stm32_mavlink_interface/include/stm32_mavlink_interface/stm32_mavlink_interface/srv/detail/set_robomaster_motor_config__struct.hpp\n'}
[10.365382] (stm32_mavlink_interface) StdoutLine: {'line': b'-- Up-to-date: /home/a/ws_moveit2/install/stm32_mavlink_interface/include/stm32_mavlink_interface/stm32_mavlink_interface/srv/detail/set_servo_config__struct.hpp\n'}
[10.365407] (stm32_mavlink_interface) StdoutLine: {'line': b'-- Up-to-date: /home/a/ws_moveit2/install/stm32_mavlink_interface/include/stm32_mavlink_interface/stm32_mavlink_interface/srv/detail/get_robomaster_motor_config__type_support.hpp\n'}
[10.365431] (stm32_mavlink_interface) StdoutLine: {'line': b'-- Up-to-date: /home/a/ws_moveit2/install/stm32_mavlink_interface/include/stm32_mavlink_interface/stm32_mavlink_interface/srv/detail/get_robomaster_motor_config__builder.hpp\n'}
[10.365455] (stm32_mavlink_interface) StdoutLine: {'line': b'-- Up-to-date: /home/a/ws_moveit2/install/stm32_mavlink_interface/include/stm32_mavlink_interface/stm32_mavlink_interface/srv/detail/set_robomaster_motor_config__traits.hpp\n'}
[10.365479] (stm32_mavlink_interface) StdoutLine: {'line': b'-- Up-to-date: /home/a/ws_moveit2/install/stm32_mavlink_interface/include/stm32_mavlink_interface/stm32_mavlink_interface/srv/detail/set_encoder_config__builder.hpp\n'}
[10.365502] (stm32_mavlink_interface) StdoutLine: {'line': b'-- Up-to-date: /home/a/ws_moveit2/install/stm32_mavlink_interface/include/stm32_mavlink_interface/stm32_mavlink_interface/srv/detail/set_encoder_config__struct.hpp\n'}
[10.365526] (stm32_mavlink_interface) StdoutLine: {'line': b'-- Up-to-date: /home/a/ws_moveit2/install/stm32_mavlink_interface/include/stm32_mavlink_interface/stm32_mavlink_interface/srv/detail/get_robomaster_motor_config__traits.hpp\n'}
[10.365550] (stm32_mavlink_interface) StdoutLine: {'line': b'-- Up-to-date: /home/a/ws_moveit2/install/stm32_mavlink_interface/include/stm32_mavlink_interface/stm32_mavlink_interface/srv/detail/set_robomaster_motor_config__type_support.hpp\n'}
[10.365573] (stm32_mavlink_interface) StdoutLine: {'line': b'-- Up-to-date: /home/a/ws_moveit2/install/stm32_mavlink_interface/include/stm32_mavlink_interface/stm32_mavlink_interface/srv/set_servo_config.hpp\n'}
[10.365597] (stm32_mavlink_interface) StdoutLine: {'line': b'-- Up-to-date: /home/a/ws_moveit2/install/stm32_mavlink_interface/include/stm32_mavlink_interface/stm32_mavlink_interface\n'}
[10.365621] (stm32_mavlink_interface) StdoutLine: {'line': b'-- Up-to-date: /home/a/ws_moveit2/install/stm32_mavlink_interface/include/stm32_mavlink_interface/stm32_mavlink_interface/msg\n'}
[10.365645] (stm32_mavlink_interface) StdoutLine: {'line': b'-- Up-to-date: /home/a/ws_moveit2/install/stm32_mavlink_interface/include/stm32_mavlink_interface/stm32_mavlink_interface/msg/detail\n'}
[10.365670] (stm32_mavlink_interface) StdoutLine: {'line': b'-- Up-to-date: /home/a/ws_moveit2/install/stm32_mavlink_interface/include/stm32_mavlink_interface/stm32_mavlink_interface/msg/detail/robomaster_motor_command__rosidl_typesupport_fastrtps_cpp.hpp\n'}
[10.365695] (stm32_mavlink_interface) StdoutLine: {'line': b'-- Up-to-date: /home/a/ws_moveit2/install/stm32_mavlink_interface/include/stm32_mavlink_interface/stm32_mavlink_interface/msg/detail/encoder_state__rosidl_typesupport_fastrtps_cpp.hpp\n'}
[10.365721] (stm32_mavlink_interface) StdoutLine: {'line': b'-- Up-to-date: /home/a/ws_moveit2/install/stm32_mavlink_interface/include/stm32_mavlink_interface/stm32_mavlink_interface/msg/detail/encoder_config__rosidl_typesupport_fastrtps_cpp.hpp\n'}
[10.365746] (stm32_mavlink_interface) StdoutLine: {'line': b'-- Up-to-date: /home/a/ws_moveit2/install/stm32_mavlink_interface/include/stm32_mavlink_interface/stm32_mavlink_interface/msg/detail/robomaster_motor_config__rosidl_typesupport_fastrtps_cpp.hpp\n'}
[10.365770] (stm32_mavlink_interface) StdoutLine: {'line': b'-- Up-to-date: /home/a/ws_moveit2/install/stm32_mavlink_interface/include/stm32_mavlink_interface/stm32_mavlink_interface/msg/detail/robomaster_motor_state__rosidl_typesupport_fastrtps_cpp.hpp\n'}
[10.365795] (stm32_mavlink_interface) StdoutLine: {'line': b'-- Up-to-date: /home/a/ws_moveit2/install/stm32_mavlink_interface/include/stm32_mavlink_interface/stm32_mavlink_interface/msg/detail/servo_state__rosidl_typesupport_fastrtps_cpp.hpp\n'}
[10.365821] (stm32_mavlink_interface) StdoutLine: {'line': b'-- Up-to-date: /home/a/ws_moveit2/install/stm32_mavlink_interface/include/stm32_mavlink_interface/stm32_mavlink_interface/msg/detail/servo_command__rosidl_typesupport_fastrtps_cpp.hpp\n'}
[10.365851] (stm32_mavlink_interface) StdoutLine: {'line': b'-- Up-to-date: /home/a/ws_moveit2/install/stm32_mavlink_interface/include/stm32_mavlink_interface/stm32_mavlink_interface/msg/detail/dds_fastrtps\n'}
[10.365877] (stm32_mavlink_interface) StdoutLine: {'line': b'-- Up-to-date: /home/a/ws_moveit2/install/stm32_mavlink_interface/include/stm32_mavlink_interface/stm32_mavlink_interface/msg/rosidl_typesupport_fastrtps_cpp__visibility_control.h\n'}
[10.365903] (stm32_mavlink_interface) StdoutLine: {'line': b'-- Up-to-date: /home/a/ws_moveit2/install/stm32_mavlink_interface/include/stm32_mavlink_interface/stm32_mavlink_interface/srv\n'}
[10.365927] (stm32_mavlink_interface) StdoutLine: {'line': b'-- Up-to-date: /home/a/ws_moveit2/install/stm32_mavlink_interface/include/stm32_mavlink_interface/stm32_mavlink_interface/srv/detail\n'}
[10.365951] (stm32_mavlink_interface) StdoutLine: {'line': b'-- Up-to-date: /home/a/ws_moveit2/install/stm32_mavlink_interface/include/stm32_mavlink_interface/stm32_mavlink_interface/srv/detail/set_encoder_config__rosidl_typesupport_fastrtps_cpp.hpp\n'}
[10.365975] (stm32_mavlink_interface) StdoutLine: {'line': b'-- Up-to-date: /home/a/ws_moveit2/install/stm32_mavlink_interface/include/stm32_mavlink_interface/stm32_mavlink_interface/srv/detail/set_servo_config__rosidl_typesupport_fastrtps_cpp.hpp\n'}
[10.365999] (stm32_mavlink_interface) StdoutLine: {'line': b'-- Up-to-date: /home/a/ws_moveit2/install/stm32_mavlink_interface/include/stm32_mavlink_interface/stm32_mavlink_interface/srv/detail/set_robomaster_motor_config__rosidl_typesupport_fastrtps_cpp.hpp\n'}
[10.366023] (stm32_mavlink_interface) StdoutLine: {'line': b'-- Up-to-date: /home/a/ws_moveit2/install/stm32_mavlink_interface/include/stm32_mavlink_interface/stm32_mavlink_interface/srv/detail/get_robomaster_motor_config__rosidl_typesupport_fastrtps_cpp.hpp\n'}
[10.366047] (stm32_mavlink_interface) StdoutLine: {'line': b'-- Up-to-date: /home/a/ws_moveit2/install/stm32_mavlink_interface/include/stm32_mavlink_interface/stm32_mavlink_interface/srv/detail/dds_fastrtps\n'}
[10.366071] (stm32_mavlink_interface) StdoutLine: {'line': b'-- Installing: /home/a/ws_moveit2/install/stm32_mavlink_interface/lib/libstm32_mavlink_interface__rosidl_typesupport_fastrtps_cpp.so\n'}
[10.366095] (stm32_mavlink_interface) StdoutLine: {'line': b'-- Set runtime path of "/home/a/ws_moveit2/install/stm32_mavlink_interface/lib/libstm32_mavlink_interface__rosidl_typesupport_fastrtps_cpp.so" to ""\n'}
[10.366119] (stm32_mavlink_interface) StdoutLine: {'line': b'-- Up-to-date: /home/a/ws_moveit2/install/stm32_mavlink_interface/include/stm32_mavlink_interface/stm32_mavlink_interface\n'}
[10.366143] (stm32_mavlink_interface) StdoutLine: {'line': b'-- Up-to-date: /home/a/ws_moveit2/install/stm32_mavlink_interface/include/stm32_mavlink_interface/stm32_mavlink_interface/msg\n'}
[10.366166] (stm32_mavlink_interface) StdoutLine: {'line': b'-- Up-to-date: /home/a/ws_moveit2/install/stm32_mavlink_interface/include/stm32_mavlink_interface/stm32_mavlink_interface/msg/rosidl_typesupport_introspection_c__visibility_control.h\n'}
[10.366190] (stm32_mavlink_interface) StdoutLine: {'line': b'-- Up-to-date: /home/a/ws_moveit2/install/stm32_mavlink_interface/include/stm32_mavlink_interface/stm32_mavlink_interface/msg/detail\n'}
[10.366213] (stm32_mavlink_interface) StdoutLine: {'line': b'-- Up-to-date: /home/a/ws_moveit2/install/stm32_mavlink_interface/include/stm32_mavlink_interface/stm32_mavlink_interface/msg/detail/robomaster_motor_state__type_support.c\n'}
[10.366237] (stm32_mavlink_interface) StdoutLine: {'line': b'-- Up-to-date: /home/a/ws_moveit2/install/stm32_mavlink_interface/include/stm32_mavlink_interface/stm32_mavlink_interface/msg/detail/robomaster_motor_command__rosidl_typesupport_introspection_c.h\n'}
[10.366261] (stm32_mavlink_interface) StdoutLine: {'line': b'-- Up-to-date: /home/a/ws_moveit2/install/stm32_mavlink_interface/include/stm32_mavlink_interface/stm32_mavlink_interface/msg/detail/robomaster_motor_config__rosidl_typesupport_introspection_c.h\n'}
[10.366287] (stm32_mavlink_interface) StdoutLine: {'line': b'-- Up-to-date: /home/a/ws_moveit2/install/stm32_mavlink_interface/include/stm32_mavlink_interface/stm32_mavlink_interface/msg/detail/robomaster_motor_state__rosidl_typesupport_introspection_c.h\n'}
[10.366312] (stm32_mavlink_interface) StdoutLine: {'line': b'-- Up-to-date: /home/a/ws_moveit2/install/stm32_mavlink_interface/include/stm32_mavlink_interface/stm32_mavlink_interface/msg/detail/servo_state__rosidl_typesupport_introspection_c.h\n'}
[10.366335] (stm32_mavlink_interface) StdoutLine: {'line': b'-- Up-to-date: /home/a/ws_moveit2/install/stm32_mavlink_interface/include/stm32_mavlink_interface/stm32_mavlink_interface/msg/detail/encoder_state__type_support.c\n'}
[10.366359] (stm32_mavlink_interface) StdoutLine: {'line': b'-- Up-to-date: /home/a/ws_moveit2/install/stm32_mavlink_interface/include/stm32_mavlink_interface/stm32_mavlink_interface/msg/detail/servo_state__type_support.c\n'}
[10.366382] (stm32_mavlink_interface) StdoutLine: {'line': b'-- Up-to-date: /home/a/ws_moveit2/install/stm32_mavlink_interface/include/stm32_mavlink_interface/stm32_mavlink_interface/msg/detail/encoder_config__type_support.c\n'}
[10.366407] (stm32_mavlink_interface) StdoutLine: {'line': b'-- Up-to-date: /home/a/ws_moveit2/install/stm32_mavlink_interface/include/stm32_mavlink_interface/stm32_mavlink_interface/msg/detail/encoder_state__rosidl_typesupport_introspection_c.h\n'}
[10.366430] (stm32_mavlink_interface) StdoutLine: {'line': b'-- Up-to-date: /home/a/ws_moveit2/install/stm32_mavlink_interface/include/stm32_mavlink_interface/stm32_mavlink_interface/msg/detail/robomaster_motor_config__type_support.c\n'}
[10.366456] (stm32_mavlink_interface) StdoutLine: {'line': b'-- Up-to-date: /home/a/ws_moveit2/install/stm32_mavlink_interface/include/stm32_mavlink_interface/stm32_mavlink_interface/msg/detail/servo_command__type_support.c\n'}
[10.366479] (stm32_mavlink_interface) StdoutLine: {'line': b'-- Up-to-date: /home/a/ws_moveit2/install/stm32_mavlink_interface/include/stm32_mavlink_interface/stm32_mavlink_interface/msg/detail/encoder_config__rosidl_typesupport_introspection_c.h\n'}
[10.366502] (stm32_mavlink_interface) StdoutLine: {'line': b'-- Up-to-date: /home/a/ws_moveit2/install/stm32_mavlink_interface/include/stm32_mavlink_interface/stm32_mavlink_interface/msg/detail/servo_command__rosidl_typesupport_introspection_c.h\n'}
[10.366526] (stm32_mavlink_interface) StdoutLine: {'line': b'-- Up-to-date: /home/a/ws_moveit2/install/stm32_mavlink_interface/include/stm32_mavlink_interface/stm32_mavlink_interface/msg/detail/robomaster_motor_command__type_support.c\n'}
[10.366550] (stm32_mavlink_interface) StdoutLine: {'line': b'-- Up-to-date: /home/a/ws_moveit2/install/stm32_mavlink_interface/include/stm32_mavlink_interface/stm32_mavlink_interface/srv\n'}
[10.366573] (stm32_mavlink_interface) StdoutLine: {'line': b'-- Up-to-date: /home/a/ws_moveit2/install/stm32_mavlink_interface/include/stm32_mavlink_interface/stm32_mavlink_interface/srv/detail\n'}
[10.366597] (stm32_mavlink_interface) StdoutLine: {'line': b'-- Up-to-date: /home/a/ws_moveit2/install/stm32_mavlink_interface/include/stm32_mavlink_interface/stm32_mavlink_interface/srv/detail/get_robomaster_motor_config__type_support.c\n'}
[10.366620] (stm32_mavlink_interface) StdoutLine: {'line': b'-- Up-to-date: /home/a/ws_moveit2/install/stm32_mavlink_interface/include/stm32_mavlink_interface/stm32_mavlink_interface/srv/detail/set_robomaster_motor_config__type_support.c\n'}
[10.366644] (stm32_mavlink_interface) StdoutLine: {'line': b'-- Up-to-date: /home/a/ws_moveit2/install/stm32_mavlink_interface/include/stm32_mavlink_interface/stm32_mavlink_interface/srv/detail/get_robomaster_motor_config__rosidl_typesupport_introspection_c.h\n'}
[10.366669] (stm32_mavlink_interface) StdoutLine: {'line': b'-- Up-to-date: /home/a/ws_moveit2/install/stm32_mavlink_interface/include/stm32_mavlink_interface/stm32_mavlink_interface/srv/detail/set_servo_config__type_support.c\n'}
[10.366693] (stm32_mavlink_interface) StdoutLine: {'line': b'-- Up-to-date: /home/a/ws_moveit2/install/stm32_mavlink_interface/include/stm32_mavlink_interface/stm32_mavlink_interface/srv/detail/set_robomaster_motor_config__rosidl_typesupport_introspection_c.h\n'}
[10.366717] (stm32_mavlink_interface) StdoutLine: {'line': b'-- Up-to-date: /home/a/ws_moveit2/install/stm32_mavlink_interface/include/stm32_mavlink_interface/stm32_mavlink_interface/srv/detail/set_servo_config__rosidl_typesupport_introspection_c.h\n'}
[10.366741] (stm32_mavlink_interface) StdoutLine: {'line': b'-- Up-to-date: /home/a/ws_moveit2/install/stm32_mavlink_interface/include/stm32_mavlink_interface/stm32_mavlink_interface/srv/detail/set_encoder_config__rosidl_typesupport_introspection_c.h\n'}
[10.366765] (stm32_mavlink_interface) StdoutLine: {'line': b'-- Up-to-date: /home/a/ws_moveit2/install/stm32_mavlink_interface/include/stm32_mavlink_interface/stm32_mavlink_interface/srv/detail/set_encoder_config__type_support.c\n'}
[10.366788] (stm32_mavlink_interface) StdoutLine: {'line': b'-- Up-to-date: /home/a/ws_moveit2/install/stm32_mavlink_interface/lib/libstm32_mavlink_interface__rosidl_typesupport_introspection_c.so\n'}
[10.366812] (stm32_mavlink_interface) StdoutLine: {'line': b'-- Up-to-date: /home/a/ws_moveit2/install/stm32_mavlink_interface/lib/libstm32_mavlink_interface__rosidl_typesupport_c.so\n'}
[10.366834] (stm32_mavlink_interface) StdoutLine: {'line': b'-- Up-to-date: /home/a/ws_moveit2/install/stm32_mavlink_interface/include/stm32_mavlink_interface/stm32_mavlink_interface\n'}
[10.366858] (stm32_mavlink_interface) StdoutLine: {'line': b'-- Up-to-date: /home/a/ws_moveit2/install/stm32_mavlink_interface/include/stm32_mavlink_interface/stm32_mavlink_interface/msg\n'}
[10.366885] (stm32_mavlink_interface) StdoutLine: {'line': b'-- Up-to-date: /home/a/ws_moveit2/install/stm32_mavlink_interface/include/stm32_mavlink_interface/stm32_mavlink_interface/msg/detail\n'}
[10.366911] (stm32_mavlink_interface) StdoutLine: {'line': b'-- Up-to-date: /home/a/ws_moveit2/install/stm32_mavlink_interface/include/stm32_mavlink_interface/stm32_mavlink_interface/msg/detail/servo_state__rosidl_typesupport_introspection_cpp.hpp\n'}
[10.366935] (stm32_mavlink_interface) StdoutLine: {'line': b'-- Up-to-date: /home/a/ws_moveit2/install/stm32_mavlink_interface/include/stm32_mavlink_interface/stm32_mavlink_interface/msg/detail/encoder_config__type_support.cpp\n'}
[10.366958] (stm32_mavlink_interface) StdoutLine: {'line': b'-- Up-to-date: /home/a/ws_moveit2/install/stm32_mavlink_interface/include/stm32_mavlink_interface/stm32_mavlink_interface/msg/detail/robomaster_motor_command__type_support.cpp\n'}
[10.366984] (stm32_mavlink_interface) StdoutLine: {'line': b'-- Up-to-date: /home/a/ws_moveit2/install/stm32_mavlink_interface/include/stm32_mavlink_interface/stm32_mavlink_interface/msg/detail/servo_command__type_support.cpp\n'}
[10.367008] (stm32_mavlink_interface) StdoutLine: {'line': b'-- Up-to-date: /home/a/ws_moveit2/install/stm32_mavlink_interface/include/stm32_mavlink_interface/stm32_mavlink_interface/msg/detail/robomaster_motor_command__rosidl_typesupport_introspection_cpp.hpp\n'}
[10.367034] (stm32_mavlink_interface) StdoutLine: {'line': b'-- Up-to-date: /home/a/ws_moveit2/install/stm32_mavlink_interface/include/stm32_mavlink_interface/stm32_mavlink_interface/msg/detail/servo_state__type_support.cpp\n'}
[10.367057] (stm32_mavlink_interface) StdoutLine: {'line': b'-- Up-to-date: /home/a/ws_moveit2/install/stm32_mavlink_interface/include/stm32_mavlink_interface/stm32_mavlink_interface/msg/detail/robomaster_motor_config__type_support.cpp\n'}
[10.367081] (stm32_mavlink_interface) StdoutLine: {'line': b'-- Up-to-date: /home/a/ws_moveit2/install/stm32_mavlink_interface/include/stm32_mavlink_interface/stm32_mavlink_interface/msg/detail/robomaster_motor_config__rosidl_typesupport_introspection_cpp.hpp\n'}
[10.367105] (stm32_mavlink_interface) StdoutLine: {'line': b'-- Up-to-date: /home/a/ws_moveit2/install/stm32_mavlink_interface/include/stm32_mavlink_interface/stm32_mavlink_interface/msg/detail/servo_command__rosidl_typesupport_introspection_cpp.hpp\n'}
[10.367130] (stm32_mavlink_interface) StdoutLine: {'line': b'-- Up-to-date: /home/a/ws_moveit2/install/stm32_mavlink_interface/include/stm32_mavlink_interface/stm32_mavlink_interface/msg/detail/robomaster_motor_state__rosidl_typesupport_introspection_cpp.hpp\n'}
[10.367154] (stm32_mavlink_interface) StdoutLine: {'line': b'-- Up-to-date: /home/a/ws_moveit2/install/stm32_mavlink_interface/include/stm32_mavlink_interface/stm32_mavlink_interface/msg/detail/encoder_state__type_support.cpp\n'}
[10.367177] (stm32_mavlink_interface) StdoutLine: {'line': b'-- Up-to-date: /home/a/ws_moveit2/install/stm32_mavlink_interface/include/stm32_mavlink_interface/stm32_mavlink_interface/msg/detail/encoder_config__rosidl_typesupport_introspection_cpp.hpp\n'}
[10.367201] (stm32_mavlink_interface) StdoutLine: {'line': b'-- Up-to-date: /home/a/ws_moveit2/install/stm32_mavlink_interface/include/stm32_mavlink_interface/stm32_mavlink_interface/msg/detail/robomaster_motor_state__type_support.cpp\n'}
[10.367225] (stm32_mavlink_interface) StdoutLine: {'line': b'-- Up-to-date: /home/a/ws_moveit2/install/stm32_mavlink_interface/include/stm32_mavlink_interface/stm32_mavlink_interface/msg/detail/encoder_state__rosidl_typesupport_introspection_cpp.hpp\n'}
[10.367248] (stm32_mavlink_interface) StdoutLine: {'line': b'-- Up-to-date: /home/a/ws_moveit2/install/stm32_mavlink_interface/include/stm32_mavlink_interface/stm32_mavlink_interface/srv\n'}
[10.367271] (stm32_mavlink_interface) StdoutLine: {'line': b'-- Up-to-date: /home/a/ws_moveit2/install/stm32_mavlink_interface/include/stm32_mavlink_interface/stm32_mavlink_interface/srv/detail\n'}
[10.367295] (stm32_mavlink_interface) StdoutLine: {'line': b'-- Up-to-date: /home/a/ws_moveit2/install/stm32_mavlink_interface/include/stm32_mavlink_interface/stm32_mavlink_interface/srv/detail/set_robomaster_motor_config__rosidl_typesupport_introspection_cpp.hpp\n'}
[10.367319] (stm32_mavlink_interface) StdoutLine: {'line': b'-- Up-to-date: /home/a/ws_moveit2/install/stm32_mavlink_interface/include/stm32_mavlink_interface/stm32_mavlink_interface/srv/detail/set_encoder_config__rosidl_typesupport_introspection_cpp.hpp\n'}
[10.367343] (stm32_mavlink_interface) StdoutLine: {'line': b'-- Up-to-date: /home/a/ws_moveit2/install/stm32_mavlink_interface/include/stm32_mavlink_interface/stm32_mavlink_interface/srv/detail/set_servo_config__rosidl_typesupport_introspection_cpp.hpp\n'}
[10.367366] (stm32_mavlink_interface) StdoutLine: {'line': b'-- Up-to-date: /home/a/ws_moveit2/install/stm32_mavlink_interface/include/stm32_mavlink_interface/stm32_mavlink_interface/srv/detail/set_encoder_config__type_support.cpp\n'}
[10.367389] (stm32_mavlink_interface) StdoutLine: {'line': b'-- Up-to-date: /home/a/ws_moveit2/install/stm32_mavlink_interface/include/stm32_mavlink_interface/stm32_mavlink_interface/srv/detail/get_robomaster_motor_config__type_support.cpp\n'}
[10.367412] (stm32_mavlink_interface) StdoutLine: {'line': b'-- Up-to-date: /home/a/ws_moveit2/install/stm32_mavlink_interface/include/stm32_mavlink_interface/stm32_mavlink_interface/srv/detail/get_robomaster_motor_config__rosidl_typesupport_introspection_cpp.hpp\n'}
[10.367436] (stm32_mavlink_interface) StdoutLine: {'line': b'-- Up-to-date: /home/a/ws_moveit2/install/stm32_mavlink_interface/include/stm32_mavlink_interface/stm32_mavlink_interface/srv/detail/set_robomaster_motor_config__type_support.cpp\n'}
[10.367461] (stm32_mavlink_interface) StdoutLine: {'line': b'-- Up-to-date: /home/a/ws_moveit2/install/stm32_mavlink_interface/include/stm32_mavlink_interface/stm32_mavlink_interface/srv/detail/set_servo_config__type_support.cpp\n'}
[10.367486] (stm32_mavlink_interface) StdoutLine: {'line': b'-- Installing: /home/a/ws_moveit2/install/stm32_mavlink_interface/lib/libstm32_mavlink_interface__rosidl_typesupport_introspection_cpp.so\n'}
[10.367509] (stm32_mavlink_interface) StdoutLine: {'line': b'-- Set runtime path of "/home/a/ws_moveit2/install/stm32_mavlink_interface/lib/libstm32_mavlink_interface__rosidl_typesupport_introspection_cpp.so" to ""\n'}
[10.367535] (stm32_mavlink_interface) StdoutLine: {'line': b'-- Installing: /home/a/ws_moveit2/install/stm32_mavlink_interface/lib/libstm32_mavlink_interface__rosidl_typesupport_cpp.so\n'}
[10.367558] (stm32_mavlink_interface) StdoutLine: {'line': b'-- Set runtime path of "/home/a/ws_moveit2/install/stm32_mavlink_interface/lib/libstm32_mavlink_interface__rosidl_typesupport_cpp.so" to ""\n'}
[10.367582] (stm32_mavlink_interface) StdoutLine: {'line': b'-- Up-to-date: /home/a/ws_moveit2/install/stm32_mavlink_interface/share/stm32_mavlink_interface/environment/pythonpath.sh\n'}
[10.367607] (stm32_mavlink_interface) StdoutLine: {'line': b'-- Installing: /home/a/ws_moveit2/install/stm32_mavlink_interface/share/stm32_mavlink_interface/environment/pythonpath.dsv\n'}
[10.367631] (stm32_mavlink_interface) StdoutLine: {'line': b'-- Up-to-date: /home/a/ws_moveit2/install/stm32_mavlink_interface/local/lib/python3.10/dist-packages/stm32_mavlink_interface-1.0.0-py3.10.egg-info\n'}
[10.367656] (stm32_mavlink_interface) StdoutLine: {'line': b'-- Installing: /home/a/ws_moveit2/install/stm32_mavlink_interface/local/lib/python3.10/dist-packages/stm32_mavlink_interface-1.0.0-py3.10.egg-info/top_level.txt\n'}
[10.367679] (stm32_mavlink_interface) StdoutLine: {'line': b'-- Installing: /home/a/ws_moveit2/install/stm32_mavlink_interface/local/lib/python3.10/dist-packages/stm32_mavlink_interface-1.0.0-py3.10.egg-info/SOURCES.txt\n'}
[10.367702] (stm32_mavlink_interface) StdoutLine: {'line': b'-- Installing: /home/a/ws_moveit2/install/stm32_mavlink_interface/local/lib/python3.10/dist-packages/stm32_mavlink_interface-1.0.0-py3.10.egg-info/PKG-INFO\n'}
[10.367727] (stm32_mavlink_interface) StdoutLine: {'line': b'-- Installing: /home/a/ws_moveit2/install/stm32_mavlink_interface/local/lib/python3.10/dist-packages/stm32_mavlink_interface-1.0.0-py3.10.egg-info/dependency_links.txt\n'}
[10.367750] (stm32_mavlink_interface) StdoutLine: {'line': b'-- Up-to-date: /home/a/ws_moveit2/install/stm32_mavlink_interface/local/lib/python3.10/dist-packages/stm32_mavlink_interface\n'}
[10.367774] (stm32_mavlink_interface) StdoutLine: {'line': b'-- Up-to-date: /home/a/ws_moveit2/install/stm32_mavlink_interface/local/lib/python3.10/dist-packages/stm32_mavlink_interface/stm32_mavlink_interface_s__rosidl_typesupport_c.cpython-310-x86_64-linux-gnu.so\n'}
[10.367798] (stm32_mavlink_interface) StdoutLine: {'line': b'-- Up-to-date: /home/a/ws_moveit2/install/stm32_mavlink_interface/local/lib/python3.10/dist-packages/stm32_mavlink_interface/msg\n'}
[10.367822] (stm32_mavlink_interface) StdoutLine: {'line': b'-- Up-to-date: /home/a/ws_moveit2/install/stm32_mavlink_interface/local/lib/python3.10/dist-packages/stm32_mavlink_interface/msg/_servo_command_s.c\n'}
[10.367845] (stm32_mavlink_interface) StdoutLine: {'line': b'-- Up-to-date: /home/a/ws_moveit2/install/stm32_mavlink_interface/local/lib/python3.10/dist-packages/stm32_mavlink_interface/msg/_servo_command.py\n'}
[10.367870] (stm32_mavlink_interface) StdoutLine: {'line': b'-- Up-to-date: /home/a/ws_moveit2/install/stm32_mavlink_interface/local/lib/python3.10/dist-packages/stm32_mavlink_interface/msg/_servo_state_s.c\n'}
[10.367900] (stm32_mavlink_interface) StdoutLine: {'line': b'-- Up-to-date: /home/a/ws_moveit2/install/stm32_mavlink_interface/local/lib/python3.10/dist-packages/stm32_mavlink_interface/msg/_robomaster_motor_state.py\n'}
[10.367925] (stm32_mavlink_interface) StdoutLine: {'line': b'-- Up-to-date: /home/a/ws_moveit2/install/stm32_mavlink_interface/local/lib/python3.10/dist-packages/stm32_mavlink_interface/msg/_robomaster_motor_config_s.c\n'}
[10.367949] (stm32_mavlink_interface) StdoutLine: {'line': b'-- Up-to-date: /home/a/ws_moveit2/install/stm32_mavlink_interface/local/lib/python3.10/dist-packages/stm32_mavlink_interface/msg/_robomaster_motor_state_s.c\n'}
[10.367973] (stm32_mavlink_interface) StdoutLine: {'line': b'-- Up-to-date: /home/a/ws_moveit2/install/stm32_mavlink_interface/local/lib/python3.10/dist-packages/stm32_mavlink_interface/msg/_robomaster_motor_command_s.c\n'}
[10.367998] (stm32_mavlink_interface) StdoutLine: {'line': b'-- Up-to-date: /home/a/ws_moveit2/install/stm32_mavlink_interface/local/lib/python3.10/dist-packages/stm32_mavlink_interface/msg/_encoder_config.py\n'}
[10.368022] (stm32_mavlink_interface) StdoutLine: {'line': b'-- Up-to-date: /home/a/ws_moveit2/install/stm32_mavlink_interface/local/lib/python3.10/dist-packages/stm32_mavlink_interface/msg/__init__.py\n'}
[10.368046] (stm32_mavlink_interface) StdoutLine: {'line': b'-- Up-to-date: /home/a/ws_moveit2/install/stm32_mavlink_interface/local/lib/python3.10/dist-packages/stm32_mavlink_interface/msg/_robomaster_motor_config.py\n'}
[10.368069] (stm32_mavlink_interface) StdoutLine: {'line': b'-- Up-to-date: /home/a/ws_moveit2/install/stm32_mavlink_interface/local/lib/python3.10/dist-packages/stm32_mavlink_interface/msg/_servo_state.py\n'}
[10.368093] (stm32_mavlink_interface) StdoutLine: {'line': b'-- Up-to-date: /home/a/ws_moveit2/install/stm32_mavlink_interface/local/lib/python3.10/dist-packages/stm32_mavlink_interface/msg/_encoder_state.py\n'}
[10.368119] (stm32_mavlink_interface) StdoutLine: {'line': b'-- Up-to-date: /home/a/ws_moveit2/install/stm32_mavlink_interface/local/lib/python3.10/dist-packages/stm32_mavlink_interface/msg/_encoder_state_s.c\n'}
[10.368143] (stm32_mavlink_interface) StdoutLine: {'line': b'-- Up-to-date: /home/a/ws_moveit2/install/stm32_mavlink_interface/local/lib/python3.10/dist-packages/stm32_mavlink_interface/msg/_encoder_config_s.c\n'}
[10.368167] (stm32_mavlink_interface) StdoutLine: {'line': b'-- Up-to-date: /home/a/ws_moveit2/install/stm32_mavlink_interface/local/lib/python3.10/dist-packages/stm32_mavlink_interface/msg/_robomaster_motor_command.py\n'}
[10.368190] (stm32_mavlink_interface) StdoutLine: {'line': b'-- Up-to-date: /home/a/ws_moveit2/install/stm32_mavlink_interface/local/lib/python3.10/dist-packages/stm32_mavlink_interface/_stm32_mavlink_interface_s.ep.rosidl_typesupport_introspection_c.c\n'}
[10.368215] (stm32_mavlink_interface) StdoutLine: {'line': b'-- Up-to-date: /home/a/ws_moveit2/install/stm32_mavlink_interface/local/lib/python3.10/dist-packages/stm32_mavlink_interface/_stm32_mavlink_interface_s.ep.rosidl_typesupport_c.c\n'}
[10.368238] (stm32_mavlink_interface) StdoutLine: {'line': b'-- Up-to-date: /home/a/ws_moveit2/install/stm32_mavlink_interface/local/lib/python3.10/dist-packages/stm32_mavlink_interface/_stm32_mavlink_interface_s.ep.rosidl_typesupport_fastrtps_c.c\n'}
[10.368263] (stm32_mavlink_interface) StdoutLine: {'line': b'-- Installing: /home/a/ws_moveit2/install/stm32_mavlink_interface/local/lib/python3.10/dist-packages/stm32_mavlink_interface/__init__.py\n'}
[10.368287] (stm32_mavlink_interface) StdoutLine: {'line': b'-- Installing: /home/a/ws_moveit2/install/stm32_mavlink_interface/local/lib/python3.10/dist-packages/stm32_mavlink_interface/stm32_mavlink_interface_s__rosidl_typesupport_fastrtps_c.cpython-310-x86_64-linux-gnu.so\n'}
[10.368311] (stm32_mavlink_interface) StdoutLine: {'line': b'-- Up-to-date: /home/a/ws_moveit2/install/stm32_mavlink_interface/local/lib/python3.10/dist-packages/stm32_mavlink_interface/libstm32_mavlink_interface__rosidl_generator_py.so\n'}
[10.368334] (stm32_mavlink_interface) StdoutLine: {'line': b'-- Up-to-date: /home/a/ws_moveit2/install/stm32_mavlink_interface/local/lib/python3.10/dist-packages/stm32_mavlink_interface/srv\n'}
[10.368357] (stm32_mavlink_interface) StdoutLine: {'line': b'-- Up-to-date: /home/a/ws_moveit2/install/stm32_mavlink_interface/local/lib/python3.10/dist-packages/stm32_mavlink_interface/srv/_set_encoder_config.py\n'}
[10.368381] (stm32_mavlink_interface) StdoutLine: {'line': b'-- Up-to-date: /home/a/ws_moveit2/install/stm32_mavlink_interface/local/lib/python3.10/dist-packages/stm32_mavlink_interface/srv/_set_servo_config.py\n'}
[10.368406] (stm32_mavlink_interface) StdoutLine: {'line': b'-- Up-to-date: /home/a/ws_moveit2/install/stm32_mavlink_interface/local/lib/python3.10/dist-packages/stm32_mavlink_interface/srv/_get_robomaster_motor_config.py\n'}
[10.368432] (stm32_mavlink_interface) StdoutLine: {'line': b'-- Up-to-date: /home/a/ws_moveit2/install/stm32_mavlink_interface/local/lib/python3.10/dist-packages/stm32_mavlink_interface/srv/_set_robomaster_motor_config.py\n'}
[10.368456] (stm32_mavlink_interface) StdoutLine: {'line': b'-- Up-to-date: /home/a/ws_moveit2/install/stm32_mavlink_interface/local/lib/python3.10/dist-packages/stm32_mavlink_interface/srv/_get_robomaster_motor_config_s.c\n'}
[10.368479] (stm32_mavlink_interface) StdoutLine: {'line': b'-- Up-to-date: /home/a/ws_moveit2/install/stm32_mavlink_interface/local/lib/python3.10/dist-packages/stm32_mavlink_interface/srv/_set_robomaster_motor_config_s.c\n'}
[10.368502] (stm32_mavlink_interface) StdoutLine: {'line': b'-- Up-to-date: /home/a/ws_moveit2/install/stm32_mavlink_interface/local/lib/python3.10/dist-packages/stm32_mavlink_interface/srv/__init__.py\n'}
[10.368526] (stm32_mavlink_interface) StdoutLine: {'line': b'-- Up-to-date: /home/a/ws_moveit2/install/stm32_mavlink_interface/local/lib/python3.10/dist-packages/stm32_mavlink_interface/srv/_set_servo_config_s.c\n'}
[10.368549] (stm32_mavlink_interface) StdoutLine: {'line': b'-- Up-to-date: /home/a/ws_moveit2/install/stm32_mavlink_interface/local/lib/python3.10/dist-packages/stm32_mavlink_interface/srv/_set_encoder_config_s.c\n'}
[10.368572] (stm32_mavlink_interface) StdoutLine: {'line': b'-- Up-to-date: /home/a/ws_moveit2/install/stm32_mavlink_interface/local/lib/python3.10/dist-packages/stm32_mavlink_interface/stm32_mavlink_interface_s__rosidl_typesupport_introspection_c.cpython-310-x86_64-linux-gnu.so\n'}
[10.388666] (stm32_mavlink_interface) StdoutLine: {'line': b"Listing '/home/a/ws_moveit2/install/stm32_mavlink_interface/local/lib/python3.10/dist-packages/stm32_mavlink_interface'...\n"}
[10.388784] (stm32_mavlink_interface) StdoutLine: {'line': b"Compiling '/home/a/ws_moveit2/install/stm32_mavlink_interface/local/lib/python3.10/dist-packages/stm32_mavlink_interface/__init__.py'...\n"}
[10.388813] (stm32_mavlink_interface) StdoutLine: {'line': b"Listing '/home/a/ws_moveit2/install/stm32_mavlink_interface/local/lib/python3.10/dist-packages/stm32_mavlink_interface/msg'...\n"}
[10.388840] (stm32_mavlink_interface) StdoutLine: {'line': b"Listing '/home/a/ws_moveit2/install/stm32_mavlink_interface/local/lib/python3.10/dist-packages/stm32_mavlink_interface/srv'...\n"}
[10.391373] (stm32_mavlink_interface) StdoutLine: {'line': b'-- Installing: /home/a/ws_moveit2/install/stm32_mavlink_interface/local/lib/python3.10/dist-packages/stm32_mavlink_interface/stm32_mavlink_interface_s__rosidl_typesupport_fastrtps_c.cpython-310-x86_64-linux-gnu.so\n'}
[10.391556] (stm32_mavlink_interface) StdoutLine: {'line': b'-- Set runtime path of "/home/a/ws_moveit2/install/stm32_mavlink_interface/local/lib/python3.10/dist-packages/stm32_mavlink_interface/stm32_mavlink_interface_s__rosidl_typesupport_fastrtps_c.cpython-310-x86_64-linux-gnu.so" to ""\n'}
[10.391592] (stm32_mavlink_interface) StdoutLine: {'line': b'-- Up-to-date: /home/a/ws_moveit2/install/stm32_mavlink_interface/local/lib/python3.10/dist-packages/stm32_mavlink_interface/stm32_mavlink_interface_s__rosidl_typesupport_introspection_c.cpython-310-x86_64-linux-gnu.so\n'}
[10.391786] (stm32_mavlink_interface) StdoutLine: {'line': b'-- Up-to-date: /home/a/ws_moveit2/install/stm32_mavlink_interface/local/lib/python3.10/dist-packages/stm32_mavlink_interface/stm32_mavlink_interface_s__rosidl_typesupport_c.cpython-310-x86_64-linux-gnu.so\n'}
[10.391966] (stm32_mavlink_interface) StdoutLine: {'line': b'-- Up-to-date: /home/a/ws_moveit2/install/stm32_mavlink_interface/lib/libstm32_mavlink_interface__rosidl_generator_py.so\n'}
[10.392237] (stm32_mavlink_interface) StdoutLine: {'line': b'-- Up-to-date: /home/a/ws_moveit2/install/stm32_mavlink_interface/share/stm32_mavlink_interface/msg/ServoCommand.idl\n'}
[10.392269] (stm32_mavlink_interface) StdoutLine: {'line': b'-- Up-to-date: /home/a/ws_moveit2/install/stm32_mavlink_interface/share/stm32_mavlink_interface/msg/ServoState.idl\n'}
[10.392303] (stm32_mavlink_interface) StdoutLine: {'line': b'-- Up-to-date: /home/a/ws_moveit2/install/stm32_mavlink_interface/share/stm32_mavlink_interface/msg/EncoderState.idl\n'}
[10.392332] (stm32_mavlink_interface) StdoutLine: {'line': b'-- Up-to-date: /home/a/ws_moveit2/install/stm32_mavlink_interface/share/stm32_mavlink_interface/msg/EncoderConfig.idl\n'}
[10.392363] (stm32_mavlink_interface) StdoutLine: {'line': b'-- Up-to-date: /home/a/ws_moveit2/install/stm32_mavlink_interface/share/stm32_mavlink_interface/msg/RobomasterMotorCommand.idl\n'}
[10.392392] (stm32_mavlink_interface) StdoutLine: {'line': b'-- Up-to-date: /home/a/ws_moveit2/install/stm32_mavlink_interface/share/stm32_mavlink_interface/msg/RobomasterMotorState.idl\n'}
[10.392461] (stm32_mavlink_interface) StdoutLine: {'line': b'-- Up-to-date: /home/a/ws_moveit2/install/stm32_mavlink_interface/share/stm32_mavlink_interface/msg/RobomasterMotorConfig.idl\n'}
[10.392491] (stm32_mavlink_interface) StdoutLine: {'line': b'-- Up-to-date: /home/a/ws_moveit2/install/stm32_mavlink_interface/share/stm32_mavlink_interface/srv/SetServoConfig.idl\n'}
[10.392519] (stm32_mavlink_interface) StdoutLine: {'line': b'-- Up-to-date: /home/a/ws_moveit2/install/stm32_mavlink_interface/share/stm32_mavlink_interface/srv/SetEncoderConfig.idl\n'}
[10.392547] (stm32_mavlink_interface) StdoutLine: {'line': b'-- Up-to-date: /home/a/ws_moveit2/install/stm32_mavlink_interface/share/stm32_mavlink_interface/srv/SetRobomasterMotorConfig.idl\n'}
[10.392575] (stm32_mavlink_interface) StdoutLine: {'line': b'-- Up-to-date: /home/a/ws_moveit2/install/stm32_mavlink_interface/share/stm32_mavlink_interface/srv/GetRobomasterMotorConfig.idl\n'}
[10.392603] (stm32_mavlink_interface) StdoutLine: {'line': b'-- Up-to-date: /home/a/ws_moveit2/install/stm32_mavlink_interface/share/stm32_mavlink_interface/msg/ServoCommand.msg\n'}
[10.392655] (stm32_mavlink_interface) StdoutLine: {'line': b'-- Up-to-date: /home/a/ws_moveit2/install/stm32_mavlink_interface/share/stm32_mavlink_interface/msg/ServoState.msg\n'}
[10.392687] (stm32_mavlink_interface) StdoutLine: {'line': b'-- Up-to-date: /home/a/ws_moveit2/install/stm32_mavlink_interface/share/stm32_mavlink_interface/msg/EncoderState.msg\n'}
[10.392719] (stm32_mavlink_interface) StdoutLine: {'line': b'-- Up-to-date: /home/a/ws_moveit2/install/stm32_mavlink_interface/share/stm32_mavlink_interface/msg/EncoderConfig.msg\n'}
[10.392750] (stm32_mavlink_interface) StdoutLine: {'line': b'-- Up-to-date: /home/a/ws_moveit2/install/stm32_mavlink_interface/share/stm32_mavlink_interface/msg/RobomasterMotorCommand.msg\n'}
[10.392781] (stm32_mavlink_interface) StdoutLine: {'line': b'-- Up-to-date: /home/a/ws_moveit2/install/stm32_mavlink_interface/share/stm32_mavlink_interface/msg/RobomasterMotorState.msg\n'}
[10.392812] (stm32_mavlink_interface) StdoutLine: {'line': b'-- Up-to-date: /home/a/ws_moveit2/install/stm32_mavlink_interface/share/stm32_mavlink_interface/msg/RobomasterMotorConfig.msg\n'}
[10.392844] (stm32_mavlink_interface) StdoutLine: {'line': b'-- Up-to-date: /home/a/ws_moveit2/install/stm32_mavlink_interface/share/stm32_mavlink_interface/srv/SetServoConfig.srv\n'}
[10.392879] (stm32_mavlink_interface) StdoutLine: {'line': b'-- Up-to-date: /home/a/ws_moveit2/install/stm32_mavlink_interface/share/stm32_mavlink_interface/srv/SetServoConfig_Request.msg\n'}
[10.392932] (stm32_mavlink_interface) StdoutLine: {'line': b'-- Up-to-date: /home/a/ws_moveit2/install/stm32_mavlink_interface/share/stm32_mavlink_interface/srv/SetServoConfig_Response.msg\n'}
[10.392963] (stm32_mavlink_interface) StdoutLine: {'line': b'-- Up-to-date: /home/a/ws_moveit2/install/stm32_mavlink_interface/share/stm32_mavlink_interface/srv/SetEncoderConfig.srv\n'}
[10.392995] (stm32_mavlink_interface) StdoutLine: {'line': b'-- Up-to-date: /home/a/ws_moveit2/install/stm32_mavlink_interface/share/stm32_mavlink_interface/srv/SetEncoderConfig_Request.msg\n'}
[10.393027] (stm32_mavlink_interface) StdoutLine: {'line': b'-- Up-to-date: /home/a/ws_moveit2/install/stm32_mavlink_interface/share/stm32_mavlink_interface/srv/SetEncoderConfig_Response.msg\n'}
[10.393067] (stm32_mavlink_interface) StdoutLine: {'line': b'-- Up-to-date: /home/a/ws_moveit2/install/stm32_mavlink_interface/share/stm32_mavlink_interface/srv/SetRobomasterMotorConfig.srv\n'}
[10.393096] (stm32_mavlink_interface) StdoutLine: {'line': b'-- Up-to-date: /home/a/ws_moveit2/install/stm32_mavlink_interface/share/stm32_mavlink_interface/srv/SetRobomasterMotorConfig_Request.msg\n'}
[10.393124] (stm32_mavlink_interface) StdoutLine: {'line': b'-- Up-to-date: /home/a/ws_moveit2/install/stm32_mavlink_interface/share/stm32_mavlink_interface/srv/SetRobomasterMotorConfig_Response.msg\n'}
[10.393152] (stm32_mavlink_interface) StdoutLine: {'line': b'-- Up-to-date: /home/a/ws_moveit2/install/stm32_mavlink_interface/share/stm32_mavlink_interface/srv/GetRobomasterMotorConfig.srv\n'}
[10.393180] (stm32_mavlink_interface) StdoutLine: {'line': b'-- Up-to-date: /home/a/ws_moveit2/install/stm32_mavlink_interface/share/stm32_mavlink_interface/srv/GetRobomasterMotorConfig_Request.msg\n'}
[10.393206] (stm32_mavlink_interface) StdoutLine: {'line': b'-- Up-to-date: /home/a/ws_moveit2/install/stm32_mavlink_interface/share/stm32_mavlink_interface/srv/GetRobomasterMotorConfig_Response.msg\n'}
[10.393234] (stm32_mavlink_interface) StdoutLine: {'line': b'-- Installing: /home/a/ws_moveit2/install/stm32_mavlink_interface/lib/stm32_mavlink_interface/mavlink_serial_node\n'}
[10.397073] (stm32_mavlink_interface) StdoutLine: {'line': b'-- Set runtime path of "/home/a/ws_moveit2/install/stm32_mavlink_interface/lib/stm32_mavlink_interface/mavlink_serial_node" to ""\n'}
[10.397152] (stm32_mavlink_interface) StdoutLine: {'line': b'-- Up-to-date: /home/a/ws_moveit2/install/stm32_mavlink_interface/share/stm32_mavlink_interface/launch\n'}
[10.397182] (stm32_mavlink_interface) StdoutLine: {'line': b'-- Installing: /home/a/ws_moveit2/install/stm32_mavlink_interface/share/stm32_mavlink_interface/launch/stm32_interface.launch.py\n'}
[10.397228] (stm32_mavlink_interface) StdoutLine: {'line': b'-- Up-to-date: /home/a/ws_moveit2/install/stm32_mavlink_interface/share/stm32_mavlink_interface/config\n'}
[10.397272] (stm32_mavlink_interface) StdoutLine: {'line': b'-- Installing: /home/a/ws_moveit2/install/stm32_mavlink_interface/share/stm32_mavlink_interface/config/serial_config.yaml\n'}
[10.397301] (stm32_mavlink_interface) StdoutLine: {'line': b'-- Up-to-date: /home/a/ws_moveit2/install/stm32_mavlink_interface/include\n'}
[10.397329] (stm32_mavlink_interface) StdoutLine: {'line': b'-- Up-to-date: /home/a/ws_moveit2/install/stm32_mavlink_interface/include/mavlink\n'}
[10.397370] (stm32_mavlink_interface) StdoutLine: {'line': b'-- Up-to-date: /home/a/ws_moveit2/install/stm32_mavlink_interface/include/mavlink/c_library_v2\n'}
[10.397430] (stm32_mavlink_interface) StdoutLine: {'line': b'-- Up-to-date: /home/a/ws_moveit2/install/stm32_mavlink_interface/include/mavlink/c_library_v2/protocol.h\n'}
[10.397456] (stm32_mavlink_interface) StdoutLine: {'line': b'-- Up-to-date: /home/a/ws_moveit2/install/stm32_mavlink_interface/include/mavlink/c_library_v2/mavlink_helpers.h\n'}
[10.397483] (stm32_mavlink_interface) StdoutLine: {'line': b'-- Up-to-date: /home/a/ws_moveit2/install/stm32_mavlink_interface/include/mavlink/c_library_v2/checksum.h\n'}
[10.397511] (stm32_mavlink_interface) StdoutLine: {'line': b'-- Up-to-date: /home/a/ws_moveit2/install/stm32_mavlink_interface/include/mavlink/c_library_v2/paparazzi\n'}
[10.397547] (stm32_mavlink_interface) StdoutLine: {'line': b'-- Up-to-date: /home/a/ws_moveit2/install/stm32_mavlink_interface/include/mavlink/c_library_v2/paparazzi/mavlink_msg_script_count.h\n'}
[10.397574] (stm32_mavlink_interface) StdoutLine: {'line': b'-- Up-to-date: /home/a/ws_moveit2/install/stm32_mavlink_interface/include/mavlink/c_library_v2/paparazzi/mavlink_msg_script_item.h\n'}
[10.397601] (stm32_mavlink_interface) StdoutLine: {'line': b'-- Up-to-date: /home/a/ws_moveit2/install/stm32_mavlink_interface/include/mavlink/c_library_v2/paparazzi/mavlink_msg_script_request_list.h\n'}
[10.397648] (stm32_mavlink_interface) StdoutLine: {'line': b'-- Up-to-date: /home/a/ws_moveit2/install/stm32_mavlink_interface/include/mavlink/c_library_v2/paparazzi/paparazzi.h\n'}
[10.397699] (stm32_mavlink_interface) StdoutLine: {'line': b'-- Up-to-date: /home/a/ws_moveit2/install/stm32_mavlink_interface/include/mavlink/c_library_v2/paparazzi/version.h\n'}
[10.397726] (stm32_mavlink_interface) StdoutLine: {'line': b'-- Up-to-date: /home/a/ws_moveit2/install/stm32_mavlink_interface/include/mavlink/c_library_v2/paparazzi/mavlink_msg_script_request.h\n'}
[10.397754] (stm32_mavlink_interface) StdoutLine: {'line': b'-- Up-to-date: /home/a/ws_moveit2/install/stm32_mavlink_interface/include/mavlink/c_library_v2/paparazzi/mavlink_msg_script_current.h\n'}
[10.397780] (stm32_mavlink_interface) StdoutLine: {'line': b'-- Up-to-date: /home/a/ws_moveit2/install/stm32_mavlink_interface/include/mavlink/c_library_v2/paparazzi/testsuite.h\n'}
[10.397807] (stm32_mavlink_interface) StdoutLine: {'line': b'-- Up-to-date: /home/a/ws_moveit2/install/stm32_mavlink_interface/include/mavlink/c_library_v2/paparazzi/mavlink.h\n'}
[10.397833] (stm32_mavlink_interface) StdoutLine: {'line': b'-- Up-to-date: /home/a/ws_moveit2/install/stm32_mavlink_interface/include/mavlink/c_library_v2/common\n'}
[10.397860] (stm32_mavlink_interface) StdoutLine: {'line': b'-- Up-to-date: /home/a/ws_moveit2/install/stm32_mavlink_interface/include/mavlink/c_library_v2/common/mavlink_msg_v2_extension.h\n'}
[10.397892] (stm32_mavlink_interface) StdoutLine: {'line': b'-- Up-to-date: /home/a/ws_moveit2/install/stm32_mavlink_interface/include/mavlink/c_library_v2/common/mavlink_msg_logging_data.h\n'}
[10.397938] (stm32_mavlink_interface) StdoutLine: {'line': b'-- Up-to-date: /home/a/ws_moveit2/install/stm32_mavlink_interface/include/mavlink/c_library_v2/common/mavlink_msg_hil_gps.h\n'}
[10.397966] (stm32_mavlink_interface) StdoutLine: {'line': b'-- Up-to-date: /home/a/ws_moveit2/install/stm32_mavlink_interface/include/mavlink/c_library_v2/common/mavlink_msg_resource_request.h\n'}
[10.398044] (stm32_mavlink_interface) StdoutLine: {'line': b'-- Up-to-date: /home/a/ws_moveit2/install/stm32_mavlink_interface/include/mavlink/c_library_v2/common/mavlink_msg_local_position_ned.h\n'}
[10.398072] (stm32_mavlink_interface) StdoutLine: {'line': b'-- Up-to-date: /home/a/ws_moveit2/install/stm32_mavlink_interface/include/mavlink/c_library_v2/common/mavlink_msg_generator_status.h\n'}
[10.398123] (stm32_mavlink_interface) StdoutLine: {'line': b'-- Up-to-date: /home/a/ws_moveit2/install/stm32_mavlink_interface/include/mavlink/c_library_v2/common/mavlink_msg_named_value_float.h\n'}
[10.398151] (stm32_mavlink_interface) StdoutLine: {'line': b'-- Up-to-date: /home/a/ws_moveit2/install/stm32_mavlink_interface/include/mavlink/c_library_v2/common/mavlink_msg_command_ack.h\n'}
[10.398178] (stm32_mavlink_interface) StdoutLine: {'line': b'-- Up-to-date: /home/a/ws_moveit2/install/stm32_mavlink_interface/include/mavlink/c_library_v2/common/mavlink_msg_log_request_end.h\n'}
[10.398225] (stm32_mavlink_interface) StdoutLine: {'line': b'-- Up-to-date: /home/a/ws_moveit2/install/stm32_mavlink_interface/include/mavlink/c_library_v2/common/mavlink_msg_change_operator_control.h\n'}
[10.398253] (stm32_mavlink_interface) StdoutLine: {'line': b'-- Up-to-date: /home/a/ws_moveit2/install/stm32_mavlink_interface/include/mavlink/c_library_v2/common/mavlink_msg_encapsulated_data.h\n'}
[10.398279] (stm32_mavlink_interface) StdoutLine: {'line': b'-- Up-to-date: /home/a/ws_moveit2/install/stm32_mavlink_interface/include/mavlink/c_library_v2/common/mavlink_msg_current_event_sequence.h\n'}
[10.398329] (stm32_mavlink_interface) StdoutLine: {'line': b'-- Up-to-date: /home/a/ws_moveit2/install/stm32_mavlink_interface/include/mavlink/c_library_v2/common/mavlink_msg_available_modes.h\n'}
[10.398357] (stm32_mavlink_interface) StdoutLine: {'line': b'-- Up-to-date: /home/a/ws_moveit2/install/stm32_mavlink_interface/include/mavlink/c_library_v2/common/mavlink_msg_set_gps_global_origin.h\n'}
[10.398407] (stm32_mavlink_interface) StdoutLine: {'line': b'-- Up-to-date: /home/a/ws_moveit2/install/stm32_mavlink_interface/include/mavlink/c_library_v2/common/mavlink_msg_param_set.h\n'}
[10.398688] (stm32_mavlink_interface) StdoutLine: {'line': b'-- Up-to-date: /home/a/ws_moveit2/install/stm32_mavlink_interface/include/mavlink/c_library_v2/common/mavlink_msg_rc_channels_raw.h\n'}
[10.398895] (stm32_mavlink_interface) StdoutLine: {'line': b'-- Up-to-date: /home/a/ws_moveit2/install/stm32_mavlink_interface/include/mavlink/c_library_v2/common/mavlink_msg_auth_key.h\n'}
[10.399055] (stm32_mavlink_interface) StdoutLine: {'line': b'-- Up-to-date: /home/a/ws_moveit2/install/stm32_mavlink_interface/include/mavlink/c_library_v2/common/mavlink_msg_manual_control.h\n'}
[10.399228] (stm32_mavlink_interface) StdoutLine: {'line': b'-- Up-to-date: /home/a/ws_moveit2/install/stm32_mavlink_interface/include/mavlink/c_library_v2/common/mavlink_msg_setup_signing.h\n'}
[10.399377] (stm32_mavlink_interface) StdoutLine: {'line': b'-- Up-to-date: /home/a/ws_moveit2/install/stm32_mavlink_interface/include/mavlink/c_library_v2/common/mavlink_msg_request_data_stream.h\n'}
[10.399514] (stm32_mavlink_interface) StdoutLine: {'line': b'-- Up-to-date: /home/a/ws_moveit2/install/stm32_mavlink_interface/include/mavlink/c_library_v2/common/mavlink_msg_mission_set_current.h\n'}
[10.399669] (stm32_mavlink_interface) StdoutLine: {'line': b'-- Up-to-date: /home/a/ws_moveit2/install/stm32_mavlink_interface/include/mavlink/c_library_v2/common/mavlink_msg_command_cancel.h\n'}
[10.399751] (stm32_mavlink_interface) StdoutLine: {'line': b'-- Up-to-date: /home/a/ws_moveit2/install/stm32_mavlink_interface/include/mavlink/c_library_v2/common/mavlink_msg_mission_request_partial_list.h\n'}
[10.399824] (stm32_mavlink_interface) StdoutLine: {'line': b'-- Up-to-date: /home/a/ws_moveit2/install/stm32_mavlink_interface/include/mavlink/c_library_v2/common/mavlink_msg_component_metadata.h\n'}
[10.399924] (stm32_mavlink_interface) StdoutLine: {'line': b'-- Up-to-date: /home/a/ws_moveit2/install/stm32_mavlink_interface/include/mavlink/c_library_v2/common/mavlink_msg_terrain_check.h\n'}
[10.400004] (stm32_mavlink_interface) StdoutLine: {'line': b'-- Up-to-date: /home/a/ws_moveit2/install/stm32_mavlink_interface/include/mavlink/c_library_v2/common/mavlink_msg_open_drone_id_operator_id.h\n'}
[10.400084] (stm32_mavlink_interface) StdoutLine: {'line': b'-- Up-to-date: /home/a/ws_moveit2/install/stm32_mavlink_interface/include/mavlink/c_library_v2/common/mavlink_msg_gimbal_manager_status.h\n'}
[10.400131] (stm32_mavlink_interface) StdoutLine: {'line': b'-- Up-to-date: /home/a/ws_moveit2/install/stm32_mavlink_interface/include/mavlink/c_library_v2/common/mavlink_msg_raw_pressure.h\n'}
[10.400192] (stm32_mavlink_interface) StdoutLine: {'line': b'-- Up-to-date: /home/a/ws_moveit2/install/stm32_mavlink_interface/include/mavlink/c_library_v2/common/mavlink_msg_response_event_error.h\n'}
[10.400245] (stm32_mavlink_interface) StdoutLine: {'line': b'-- Up-to-date: /home/a/ws_moveit2/install/stm32_mavlink_interface/include/mavlink/c_library_v2/common/mavlink_msg_can_frame.h\n'}
[10.400304] (stm32_mavlink_interface) StdoutLine: {'line': b'-- Up-to-date: /home/a/ws_moveit2/install/stm32_mavlink_interface/include/mavlink/c_library_v2/common/mavlink_msg_log_entry.h\n'}
[10.400493] (stm32_mavlink_interface) StdoutLine: {'line': b'-- Up-to-date: /home/a/ws_moveit2/install/stm32_mavlink_interface/include/mavlink/c_library_v2/common/mavlink_msg_follow_target.h\n'}
[10.400536] (stm32_mavlink_interface) StdoutLine: {'line': b'-- Up-to-date: /home/a/ws_moveit2/install/stm32_mavlink_interface/include/mavlink/c_library_v2/common/mavlink_msg_camera_fov_status.h\n'}
[10.400577] (stm32_mavlink_interface) StdoutLine: {'line': b'-- Up-to-date: /home/a/ws_moveit2/install/stm32_mavlink_interface/include/mavlink/c_library_v2/common/mavlink_msg_log_data.h\n'}
[10.400645] (stm32_mavlink_interface) StdoutLine: {'line': b'-- Up-to-date: /home/a/ws_moveit2/install/stm32_mavlink_interface/include/mavlink/c_library_v2/common/mavlink_msg_autopilot_state_for_gimbal_device.h\n'}
[10.401082] (stm32_mavlink_interface) StdoutLine: {'line': b'-- Up-to-date: /home/a/ws_moveit2/install/stm32_mavlink_interface/include/mavlink/c_library_v2/common/mavlink_msg_open_drone_id_authentication.h\n'}
[10.401228] (stm32_mavlink_interface) StdoutLine: {'line': b'-- Up-to-date: /home/a/ws_moveit2/install/stm32_mavlink_interface/include/mavlink/c_library_v2/common/mavlink_msg_gps2_raw.h\n'}
[10.401276] (stm32_mavlink_interface) StdoutLine: {'line': b'-- Up-to-date: /home/a/ws_moveit2/install/stm32_mavlink_interface/include/mavlink/c_library_v2/common/mavlink_msg_battery_info.h\n'}
[10.401309] (stm32_mavlink_interface) StdoutLine: {'line': b'-- Up-to-date: /home/a/ws_moveit2/install/stm32_mavlink_interface/include/mavlink/c_library_v2/common/mavlink_msg_can_filter_modify.h\n'}
[10.401340] (stm32_mavlink_interface) StdoutLine: {'line': b'-- Up-to-date: /home/a/ws_moveit2/install/stm32_mavlink_interface/include/mavlink/c_library_v2/common/mavlink_msg_hil_state_quaternion.h\n'}
[10.401442] (stm32_mavlink_interface) StdoutLine: {'line': b'-- Up-to-date: /home/a/ws_moveit2/install/stm32_mavlink_interface/include/mavlink/c_library_v2/common/mavlink_msg_trajectory_representation_bezier.h\n'}
[10.401474] (stm32_mavlink_interface) StdoutLine: {'line': b'-- Up-to-date: /home/a/ws_moveit2/install/stm32_mavlink_interface/include/mavlink/c_library_v2/common/mavlink_msg_open_drone_id_arm_status.h\n'}
[10.401503] (stm32_mavlink_interface) StdoutLine: {'line': b'-- Up-to-date: /home/a/ws_moveit2/install/stm32_mavlink_interface/include/mavlink/c_library_v2/common/mavlink_msg_open_drone_id_system.h\n'}
[10.401779] (stm32_mavlink_interface) StdoutLine: {'line': b'-- Up-to-date: /home/a/ws_moveit2/install/stm32_mavlink_interface/include/mavlink/c_library_v2/common/mavlink_msg_log_request_data.h\n'}
[10.401814] (stm32_mavlink_interface) StdoutLine: {'line': b'-- Up-to-date: /home/a/ws_moveit2/install/stm32_mavlink_interface/include/mavlink/c_library_v2/common/mavlink_msg_storage_information.h\n'}
[10.401844] (stm32_mavlink_interface) StdoutLine: {'line': b'-- Up-to-date: /home/a/ws_moveit2/install/stm32_mavlink_interface/include/mavlink/c_library_v2/common/mavlink_msg_open_drone_id_location.h\n'}
[10.401962] (stm32_mavlink_interface) StdoutLine: {'line': b'-- Up-to-date: /home/a/ws_moveit2/install/stm32_mavlink_interface/include/mavlink/c_library_v2/common/mavlink_msg_wind_cov.h\n'}
[10.401995] (stm32_mavlink_interface) StdoutLine: {'line': b'-- Up-to-date: /home/a/ws_moveit2/install/stm32_mavlink_interface/include/mavlink/c_library_v2/common/mavlink_msg_set_position_target_global_int.h\n'}
[10.402133] (stm32_mavlink_interface) StdoutLine: {'line': b'-- Up-to-date: /home/a/ws_moveit2/install/stm32_mavlink_interface/include/mavlink/c_library_v2/common/mavlink_msg_flight_information.h\n'}
[10.402230] (stm32_mavlink_interface) StdoutLine: {'line': b'-- Up-to-date: /home/a/ws_moveit2/install/stm32_mavlink_interface/include/mavlink/c_library_v2/common/mavlink_msg_named_value_int.h\n'}
[10.402259] (stm32_mavlink_interface) StdoutLine: {'line': b'-- Up-to-date: /home/a/ws_moveit2/install/stm32_mavlink_interface/include/mavlink/c_library_v2/common/mavlink_msg_nav_controller_output.h\n'}
[10.402288] (stm32_mavlink_interface) StdoutLine: {'line': b'-- Up-to-date: /home/a/ws_moveit2/install/stm32_mavlink_interface/include/mavlink/c_library_v2/common/mavlink_msg_isbd_link_status.h\n'}
[10.402341] (stm32_mavlink_interface) StdoutLine: {'line': b'-- Up-to-date: /home/a/ws_moveit2/install/stm32_mavlink_interface/include/mavlink/c_library_v2/common/mavlink_msg_scaled_imu.h\n'}
[10.402388] (stm32_mavlink_interface) StdoutLine: {'line': b'-- Up-to-date: /home/a/ws_moveit2/install/stm32_mavlink_interface/include/mavlink/c_library_v2/common/mavlink_msg_set_position_target_local_ned.h\n'}
[10.402414] (stm32_mavlink_interface) StdoutLine: {'line': b'-- Up-to-date: /home/a/ws_moveit2/install/stm32_mavlink_interface/include/mavlink/c_library_v2/common/mavlink_msg_data_transmission_handshake.h\n'}
[10.402439] (stm32_mavlink_interface) StdoutLine: {'line': b'-- Up-to-date: /home/a/ws_moveit2/install/stm32_mavlink_interface/include/mavlink/c_library_v2/common/mavlink_msg_camera_image_captured.h\n'}
[10.402468] (stm32_mavlink_interface) StdoutLine: {'line': b'-- Up-to-date: /home/a/ws_moveit2/install/stm32_mavlink_interface/include/mavlink/c_library_v2/common/mavlink_msg_mission_ack.h\n'}
[10.402493] (stm32_mavlink_interface) StdoutLine: {'line': b'-- Up-to-date: /home/a/ws_moveit2/install/stm32_mavlink_interface/include/mavlink/c_library_v2/common/mavlink_msg_hygrometer_sensor.h\n'}
[10.402535] (stm32_mavlink_interface) StdoutLine: {'line': b'-- Up-to-date: /home/a/ws_moveit2/install/stm32_mavlink_interface/include/mavlink/c_library_v2/common/mavlink_msg_esc_info.h\n'}
[10.402560] (stm32_mavlink_interface) StdoutLine: {'line': b'-- Up-to-date: /home/a/ws_moveit2/install/stm32_mavlink_interface/include/mavlink/c_library_v2/common/mavlink_msg_attitude_quaternion_cov.h\n'}
[10.402602] (stm32_mavlink_interface) StdoutLine: {'line': b'-- Up-to-date: /home/a/ws_moveit2/install/stm32_mavlink_interface/include/mavlink/c_library_v2/common/mavlink_msg_link_node_status.h\n'}
[10.402626] (stm32_mavlink_interface) StdoutLine: {'line': b'-- Up-to-date: /home/a/ws_moveit2/install/stm32_mavlink_interface/include/mavlink/c_library_v2/common/mavlink_msg_sys_status.h\n'}
[10.402666] (stm32_mavlink_interface) StdoutLine: {'line': b'-- Up-to-date: /home/a/ws_moveit2/install/stm32_mavlink_interface/include/mavlink/c_library_v2/common/mavlink_msg_mission_item.h\n'}
[10.402692] (stm32_mavlink_interface) StdoutLine: {'line': b'-- Up-to-date: /home/a/ws_moveit2/install/stm32_mavlink_interface/include/mavlink/c_library_v2/common/mavlink_msg_supported_tunes.h\n'}
[10.402734] (stm32_mavlink_interface) StdoutLine: {'line': b'-- Up-to-date: /home/a/ws_moveit2/install/stm32_mavlink_interface/include/mavlink/c_library_v2/common/mavlink_msg_gimbal_device_attitude_status.h\n'}
[10.402759] (stm32_mavlink_interface) StdoutLine: {'line': b'-- Up-to-date: /home/a/ws_moveit2/install/stm32_mavlink_interface/include/mavlink/c_library_v2/common/mavlink_msg_open_drone_id_message_pack.h\n'}
[10.402783] (stm32_mavlink_interface) StdoutLine: {'line': b'-- Up-to-date: /home/a/ws_moveit2/install/stm32_mavlink_interface/include/mavlink/c_library_v2/common/mavlink_msg_terrain_report.h\n'}
[10.402824] (stm32_mavlink_interface) StdoutLine: {'line': b'-- Up-to-date: /home/a/ws_moveit2/install/stm32_mavlink_interface/include/mavlink/c_library_v2/common/mavlink_msg_estimator_status.h\n'}
[10.402850] (stm32_mavlink_interface) StdoutLine: {'line': b'-- Up-to-date: /home/a/ws_moveit2/install/stm32_mavlink_interface/include/mavlink/c_library_v2/common/mavlink_msg_rc_channels.h\n'}
[10.402881] (stm32_mavlink_interface) StdoutLine: {'line': b'-- Up-to-date: /home/a/ws_moveit2/install/stm32_mavlink_interface/include/mavlink/c_library_v2/common/mavlink_msg_hil_rc_inputs_raw.h\n'}
[10.402913] (stm32_mavlink_interface) StdoutLine: {'line': b'-- Up-to-date: /home/a/ws_moveit2/install/stm32_mavlink_interface/include/mavlink/c_library_v2/common/mavlink_msg_param_ext_ack.h\n'}
[10.402955] (stm32_mavlink_interface) StdoutLine: {'line': b'-- Up-to-date: /home/a/ws_moveit2/install/stm32_mavlink_interface/include/mavlink/c_library_v2/common/mavlink_msg_global_position_int_cov.h\n'}
[10.402983] (stm32_mavlink_interface) StdoutLine: {'line': b'-- Up-to-date: /home/a/ws_moveit2/install/stm32_mavlink_interface/include/mavlink/c_library_v2/common/mavlink_msg_actuator_output_status.h\n'}
[10.403024] (stm32_mavlink_interface) StdoutLine: {'line': b'-- Up-to-date: /home/a/ws_moveit2/install/stm32_mavlink_interface/include/mavlink/c_library_v2/common/mavlink_msg_gps_inject_data.h\n'}
[10.403065] (stm32_mavlink_interface) StdoutLine: {'line': b'-- Up-to-date: /home/a/ws_moveit2/install/stm32_mavlink_interface/include/mavlink/c_library_v2/common/mavlink_msg_log_request_list.h\n'}
[10.403105] (stm32_mavlink_interface) StdoutLine: {'line': b'-- Up-to-date: /home/a/ws_moveit2/install/stm32_mavlink_interface/include/mavlink/c_library_v2/common/mavlink_msg_ping.h\n'}
[10.403146] (stm32_mavlink_interface) StdoutLine: {'line': b'-- Up-to-date: /home/a/ws_moveit2/install/stm32_mavlink_interface/include/mavlink/c_library_v2/common/mavlink_msg_command_long.h\n'}
[10.403173] (stm32_mavlink_interface) StdoutLine: {'line': b'-- Up-to-date: /home/a/ws_moveit2/install/stm32_mavlink_interface/include/mavlink/c_library_v2/common/mavlink_msg_system_time.h\n'}
[10.403197] (stm32_mavlink_interface) StdoutLine: {'line': b'-- Up-to-date: /home/a/ws_moveit2/install/stm32_mavlink_interface/include/mavlink/c_library_v2/common/mavlink_msg_memory_vect.h\n'}
[10.403225] (stm32_mavlink_interface) StdoutLine: {'line': b'-- Up-to-date: /home/a/ws_moveit2/install/stm32_mavlink_interface/include/mavlink/c_library_v2/common/mavlink_msg_event.h\n'}
[10.403252] (stm32_mavlink_interface) StdoutLine: {'line': b'-- Up-to-date: /home/a/ws_moveit2/install/stm32_mavlink_interface/include/mavlink/c_library_v2/common/mavlink_msg_scaled_imu2.h\n'}
[10.403279] (stm32_mavlink_interface) StdoutLine: {'line': b'-- Up-to-date: /home/a/ws_moveit2/install/stm32_mavlink_interface/include/mavlink/c_library_v2/common/mavlink_msg_gps_rtk.h\n'}
[10.403308] (stm32_mavlink_interface) StdoutLine: {'line': b'-- Up-to-date: /home/a/ws_moveit2/install/stm32_mavlink_interface/include/mavlink/c_library_v2/common/mavlink_msg_camera_thermal_range.h\n'}
[10.403350] (stm32_mavlink_interface) StdoutLine: {'line': b'-- Up-to-date: /home/a/ws_moveit2/install/stm32_mavlink_interface/include/mavlink/c_library_v2/common/mavlink_msg_high_latency.h\n'}
[10.403378] (stm32_mavlink_interface) StdoutLine: {'line': b'-- Up-to-date: /home/a/ws_moveit2/install/stm32_mavlink_interface/include/mavlink/c_library_v2/common/mavlink_msg_manual_setpoint.h\n'}
[10.403419] (stm32_mavlink_interface) StdoutLine: {'line': b'-- Up-to-date: /home/a/ws_moveit2/install/stm32_mavlink_interface/include/mavlink/c_library_v2/common/mavlink_msg_open_drone_id_self_id.h\n'}
[10.403447] (stm32_mavlink_interface) StdoutLine: {'line': b'-- Up-to-date: /home/a/ws_moveit2/install/stm32_mavlink_interface/include/mavlink/c_library_v2/common/mavlink_msg_global_vision_position_estimate.h\n'}
[10.403490] (stm32_mavlink_interface) StdoutLine: {'line': b'-- Up-to-date: /home/a/ws_moveit2/install/stm32_mavlink_interface/include/mavlink/c_library_v2/common/mavlink_msg_trajectory_representation_waypoints.h\n'}
[10.403533] (stm32_mavlink_interface) StdoutLine: {'line': b'-- Up-to-date: /home/a/ws_moveit2/install/stm32_mavlink_interface/include/mavlink/c_library_v2/common/mavlink_msg_rc_channels_override.h\n'}
[10.403575] (stm32_mavlink_interface) StdoutLine: {'line': b'-- Up-to-date: /home/a/ws_moveit2/install/stm32_mavlink_interface/include/mavlink/c_library_v2/common/mavlink_msg_camera_trigger.h\n'}
[10.403603] (stm32_mavlink_interface) StdoutLine: {'line': b'-- Up-to-date: /home/a/ws_moveit2/install/stm32_mavlink_interface/include/mavlink/c_library_v2/common/mavlink_msg_component_information.h\n'}
[10.403644] (stm32_mavlink_interface) StdoutLine: {'line': b'-- Up-to-date: /home/a/ws_moveit2/install/stm32_mavlink_interface/include/mavlink/c_library_v2/common/mavlink_msg_scaled_pressure3.h\n'}
[10.403671] (stm32_mavlink_interface) StdoutLine: {'line': b'-- Up-to-date: /home/a/ws_moveit2/install/stm32_mavlink_interface/include/mavlink/c_library_v2/common/mavlink_msg_gps_global_origin.h\n'}
[10.403698] (stm32_mavlink_interface) StdoutLine: {'line': b'-- Up-to-date: /home/a/ws_moveit2/install/stm32_mavlink_interface/include/mavlink/c_library_v2/common/mavlink_msg_set_actuator_control_target.h\n'}
[10.403736] (stm32_mavlink_interface) StdoutLine: {'line': b'-- Up-to-date: /home/a/ws_moveit2/install/stm32_mavlink_interface/include/mavlink/c_library_v2/common/mavlink_msg_cellular_status.h\n'}
[10.403764] (stm32_mavlink_interface) StdoutLine: {'line': b'-- Up-to-date: /home/a/ws_moveit2/install/stm32_mavlink_interface/include/mavlink/c_library_v2/common/mavlink_msg_time_estimate_to_target.h\n'}
[10.403791] (stm32_mavlink_interface) StdoutLine: {'line': b'-- Up-to-date: /home/a/ws_moveit2/install/stm32_mavlink_interface/include/mavlink/c_library_v2/common/mavlink_msg_logging_ack.h\n'}
[10.403820] (stm32_mavlink_interface) StdoutLine: {'line': b'-- Up-to-date: /home/a/ws_moveit2/install/stm32_mavlink_interface/include/mavlink/c_library_v2/common/mavlink_msg_wheel_distance.h\n'}
[10.403847] (stm32_mavlink_interface) StdoutLine: {'line': b'-- Up-to-date: /home/a/ws_moveit2/install/stm32_mavlink_interface/include/mavlink/c_library_v2/common/mavlink_msg_terrain_data.h\n'}
[10.403889] (stm32_mavlink_interface) StdoutLine: {'line': b'-- Up-to-date: /home/a/ws_moveit2/install/stm32_mavlink_interface/include/mavlink/c_library_v2/common/mavlink_msg_obstacle_distance.h\n'}
[10.403919] (stm32_mavlink_interface) StdoutLine: {'line': b'-- Up-to-date: /home/a/ws_moveit2/install/stm32_mavlink_interface/include/mavlink/c_library_v2/common/mavlink_msg_sim_state.h\n'}
[10.403948] (stm32_mavlink_interface) StdoutLine: {'line': b'-- Up-to-date: /home/a/ws_moveit2/install/stm32_mavlink_interface/include/mavlink/c_library_v2/common/mavlink_msg_utm_global_position.h\n'}
[10.403976] (stm32_mavlink_interface) StdoutLine: {'line': b'-- Up-to-date: /home/a/ws_moveit2/install/stm32_mavlink_interface/include/mavlink/c_library_v2/common/mavlink_msg_current_mode.h\n'}
[10.404003] (stm32_mavlink_interface) StdoutLine: {'line': b'-- Up-to-date: /home/a/ws_moveit2/install/stm32_mavlink_interface/include/mavlink/c_library_v2/common/mavlink_msg_set_home_position.h\n'}
[10.404030] (stm32_mavlink_interface) StdoutLine: {'line': b'-- Up-to-date: /home/a/ws_moveit2/install/stm32_mavlink_interface/include/mavlink/c_library_v2/common/mavlink_msg_scaled_imu3.h\n'}
[10.404056] (stm32_mavlink_interface) StdoutLine: {'line': b'-- Up-to-date: /home/a/ws_moveit2/install/stm32_mavlink_interface/include/mavlink/c_library_v2/common/mavlink_msg_rc_channels_scaled.h\n'}
[10.404084] (stm32_mavlink_interface) StdoutLine: {'line': b'-- Up-to-date: /home/a/ws_moveit2/install/stm32_mavlink_interface/include/mavlink/c_library_v2/common/mavlink_msg_mission_item_int.h\n'}
[10.404110] (stm32_mavlink_interface) StdoutLine: {'line': b'-- Up-to-date: /home/a/ws_moveit2/install/stm32_mavlink_interface/include/mavlink/c_library_v2/common/mavlink_msg_param_ext_request_list.h\n'}
[10.404138] (stm32_mavlink_interface) StdoutLine: {'line': b'-- Up-to-date: /home/a/ws_moveit2/install/stm32_mavlink_interface/include/mavlink/c_library_v2/common/mavlink_msg_att_pos_mocap.h\n'}
[10.404164] (stm32_mavlink_interface) StdoutLine: {'line': b'-- Up-to-date: /home/a/ws_moveit2/install/stm32_mavlink_interface/include/mavlink/c_library_v2/common/version.h\n'}
[10.404203] (stm32_mavlink_interface) StdoutLine: {'line': b'-- Up-to-date: /home/a/ws_moveit2/install/stm32_mavlink_interface/include/mavlink/c_library_v2/common/mavlink_msg_camera_capture_status.h\n'}
[10.404231] (stm32_mavlink_interface) StdoutLine: {'line': b'-- Up-to-date: /home/a/ws_moveit2/install/stm32_mavlink_interface/include/mavlink/c_library_v2/common/mavlink_msg_serial_control.h\n'}
[10.404258] (stm32_mavlink_interface) StdoutLine: {'line': b'-- Up-to-date: /home/a/ws_moveit2/install/stm32_mavlink_interface/include/mavlink/c_library_v2/common/mavlink_msg_camera_tracking_geo_status.h\n'}
[10.404285] (stm32_mavlink_interface) StdoutLine: {'line': b'-- Up-to-date: /home/a/ws_moveit2/install/stm32_mavlink_interface/include/mavlink/c_library_v2/common/mavlink_msg_mission_request_int.h\n'}
[10.404334] (stm32_mavlink_interface) StdoutLine: {'line': b'-- Up-to-date: /home/a/ws_moveit2/install/stm32_mavlink_interface/include/mavlink/c_library_v2/common/mavlink_msg_open_drone_id_system_update.h\n'}
[10.404363] (stm32_mavlink_interface) StdoutLine: {'line': b'-- Up-to-date: /home/a/ws_moveit2/install/stm32_mavlink_interface/include/mavlink/c_library_v2/common/mavlink_msg_fence_status.h\n'}
[10.404404] (stm32_mavlink_interface) StdoutLine: {'line': b'-- Up-to-date: /home/a/ws_moveit2/install/stm32_mavlink_interface/include/mavlink/c_library_v2/common/mavlink_msg_fuel_status.h\n'}
[10.404433] (stm32_mavlink_interface) StdoutLine: {'line': b'-- Up-to-date: /home/a/ws_moveit2/install/stm32_mavlink_interface/include/mavlink/c_library_v2/common/mavlink_msg_gps_input.h\n'}
[10.404462] (stm32_mavlink_interface) StdoutLine: {'line': b'-- Up-to-date: /home/a/ws_moveit2/install/stm32_mavlink_interface/include/mavlink/c_library_v2/common/mavlink_msg_gimbal_manager_information.h\n'}
[10.404489] (stm32_mavlink_interface) StdoutLine: {'line': b'-- Up-to-date: /home/a/ws_moveit2/install/stm32_mavlink_interface/include/mavlink/c_library_v2/common/mavlink_msg_camera_settings.h\n'}
[10.404516] (stm32_mavlink_interface) StdoutLine: {'line': b'-- Up-to-date: /home/a/ws_moveit2/install/stm32_mavlink_interface/include/mavlink/c_library_v2/common/mavlink_msg_param_value.h\n'}
[10.404543] (stm32_mavlink_interface) StdoutLine: {'line': b'-- Up-to-date: /home/a/ws_moveit2/install/stm32_mavlink_interface/include/mavlink/c_library_v2/common/mavlink_msg_video_stream_status.h\n'}
[10.404570] (stm32_mavlink_interface) StdoutLine: {'line': b'-- Up-to-date: /home/a/ws_moveit2/install/stm32_mavlink_interface/include/mavlink/c_library_v2/common/mavlink_msg_actuator_control_target.h\n'}
[10.404597] (stm32_mavlink_interface) StdoutLine: {'line': b'-- Up-to-date: /home/a/ws_moveit2/install/stm32_mavlink_interface/include/mavlink/c_library_v2/common/mavlink_msg_data_stream.h\n'}
[10.404624] (stm32_mavlink_interface) StdoutLine: {'line': b'-- Up-to-date: /home/a/ws_moveit2/install/stm32_mavlink_interface/include/mavlink/c_library_v2/common/mavlink_msg_wifi_config_ap.h\n'}
[10.404651] (stm32_mavlink_interface) StdoutLine: {'line': b'-- Up-to-date: /home/a/ws_moveit2/install/stm32_mavlink_interface/include/mavlink/c_library_v2/common/mavlink_msg_power_status.h\n'}
[10.404678] (stm32_mavlink_interface) StdoutLine: {'line': b'-- Up-to-date: /home/a/ws_moveit2/install/stm32_mavlink_interface/include/mavlink/c_library_v2/common/mavlink_msg_mount_orientation.h\n'}
[10.404705] (stm32_mavlink_interface) StdoutLine: {'line': b'-- Up-to-date: /home/a/ws_moveit2/install/stm32_mavlink_interface/include/mavlink/c_library_v2/common/mavlink_msg_mission_count.h\n'}
[10.404732] (stm32_mavlink_interface) StdoutLine: {'line': b'-- Up-to-date: /home/a/ws_moveit2/install/stm32_mavlink_interface/include/mavlink/c_library_v2/common/mavlink_msg_vicon_position_estimate.h\n'}
[10.404758] (stm32_mavlink_interface) StdoutLine: {'line': b'-- Up-to-date: /home/a/ws_moveit2/install/stm32_mavlink_interface/include/mavlink/c_library_v2/common/mavlink_msg_command_int.h\n'}
[10.404784] (stm32_mavlink_interface) StdoutLine: {'line': b'-- Up-to-date: /home/a/ws_moveit2/install/stm32_mavlink_interface/include/mavlink/c_library_v2/common/mavlink_msg_mission_current.h\n'}
[10.404811] (stm32_mavlink_interface) StdoutLine: {'line': b'-- Up-to-date: /home/a/ws_moveit2/install/stm32_mavlink_interface/include/mavlink/c_library_v2/common/mavlink_msg_uavcan_node_status.h\n'}
[10.404838] (stm32_mavlink_interface) StdoutLine: {'line': b'-- Up-to-date: /home/a/ws_moveit2/install/stm32_mavlink_interface/include/mavlink/c_library_v2/common/mavlink_msg_home_position.h\n'}
[10.404865] (stm32_mavlink_interface) StdoutLine: {'line': b'-- Up-to-date: /home/a/ws_moveit2/install/stm32_mavlink_interface/include/mavlink/c_library_v2/common/mavlink_msg_debug_vect.h\n'}
[10.404895] (stm32_mavlink_interface) StdoutLine: {'line': b'-- Up-to-date: /home/a/ws_moveit2/install/stm32_mavlink_interface/include/mavlink/c_library_v2/common/mavlink_msg_set_attitude_target.h\n'}
[10.404922] (stm32_mavlink_interface) StdoutLine: {'line': b'-- Up-to-date: /home/a/ws_moveit2/install/stm32_mavlink_interface/include/mavlink/c_library_v2/common/mavlink_msg_open_drone_id_basic_id.h\n'}
[10.404949] (stm32_mavlink_interface) StdoutLine: {'line': b'-- Up-to-date: /home/a/ws_moveit2/install/stm32_mavlink_interface/include/mavlink/c_library_v2/common/mavlink_msg_button_change.h\n'}
[10.404975] (stm32_mavlink_interface) StdoutLine: {'line': b'-- Up-to-date: /home/a/ws_moveit2/install/stm32_mavlink_interface/include/mavlink/c_library_v2/common/mavlink_msg_high_latency2.h\n'}
[10.405002] (stm32_mavlink_interface) StdoutLine: {'line': b'-- Up-to-date: /home/a/ws_moveit2/install/stm32_mavlink_interface/include/mavlink/c_library_v2/common/mavlink_msg_gps2_rtk.h\n'}
[10.405033] (stm32_mavlink_interface) StdoutLine: {'line': b'-- Up-to-date: /home/a/ws_moveit2/install/stm32_mavlink_interface/include/mavlink/c_library_v2/common/mavlink_msg_logging_data_acked.h\n'}
[10.405059] (stm32_mavlink_interface) StdoutLine: {'line': b'-- Up-to-date: /home/a/ws_moveit2/install/stm32_mavlink_interface/include/mavlink/c_library_v2/common/mavlink_msg_set_mode.h\n'}
[10.405098] (stm32_mavlink_interface) StdoutLine: {'line': b'-- Up-to-date: /home/a/ws_moveit2/install/stm32_mavlink_interface/include/mavlink/c_library_v2/common/mavlink_msg_gimbal_manager_set_manual_control.h\n'}
[10.405126] (stm32_mavlink_interface) StdoutLine: {'line': b'-- Up-to-date: /home/a/ws_moveit2/install/stm32_mavlink_interface/include/mavlink/c_library_v2/common/mavlink_msg_attitude.h\n'}
[10.405153] (stm32_mavlink_interface) StdoutLine: {'line': b'-- Up-to-date: /home/a/ws_moveit2/install/stm32_mavlink_interface/include/mavlink/c_library_v2/common/mavlink_msg_illuminator_status.h\n'}
[10.405180] (stm32_mavlink_interface) StdoutLine: {'line': b'-- Up-to-date: /home/a/ws_moveit2/install/stm32_mavlink_interface/include/mavlink/c_library_v2/common/mavlink_msg_raw_rpm.h\n'}
[10.405209] (stm32_mavlink_interface) StdoutLine: {'line': b'-- Up-to-date: /home/a/ws_moveit2/install/stm32_mavlink_interface/include/mavlink/c_library_v2/common/mavlink_msg_optical_flow_rad.h\n'}
[10.405236] (stm32_mavlink_interface) StdoutLine: {'line': b'-- Up-to-date: /home/a/ws_moveit2/install/stm32_mavlink_interface/include/mavlink/c_library_v2/common/mavlink_msg_esc_status.h\n'}
[10.405263] (stm32_mavlink_interface) StdoutLine: {'line': b'-- Up-to-date: /home/a/ws_moveit2/install/stm32_mavlink_interface/include/mavlink/c_library_v2/common/mavlink_msg_position_target_local_ned.h\n'}
[10.405290] (stm32_mavlink_interface) StdoutLine: {'line': b'-- Up-to-date: /home/a/ws_moveit2/install/stm32_mavlink_interface/include/mavlink/c_library_v2/common/mavlink_msg_gps_rtcm_data.h\n'}
[10.405317] (stm32_mavlink_interface) StdoutLine: {'line': b'-- Up-to-date: /home/a/ws_moveit2/install/stm32_mavlink_interface/include/mavlink/c_library_v2/common/mavlink_msg_available_modes_monitor.h\n'}
[10.405345] (stm32_mavlink_interface) StdoutLine: {'line': b'-- Up-to-date: /home/a/ws_moveit2/install/stm32_mavlink_interface/include/mavlink/c_library_v2/common/mavlink_msg_local_position_ned_system_global_offset.h\n'}
[10.405371] (stm32_mavlink_interface) StdoutLine: {'line': b'-- Up-to-date: /home/a/ws_moveit2/install/stm32_mavlink_interface/include/mavlink/c_library_v2/common/mavlink_msg_attitude_target.h\n'}
[10.405399] (stm32_mavlink_interface) StdoutLine: {'line': b'-- Up-to-date: /home/a/ws_moveit2/install/stm32_mavlink_interface/include/mavlink/c_library_v2/common/mavlink_msg_canfd_frame.h\n'}
[10.405426] (stm32_mavlink_interface) StdoutLine: {'line': b'-- Up-to-date: /home/a/ws_moveit2/install/stm32_mavlink_interface/include/mavlink/c_library_v2/common/mavlink_msg_hil_actuator_controls.h\n'}
[10.405453] (stm32_mavlink_interface) StdoutLine: {'line': b'-- Up-to-date: /home/a/ws_moveit2/install/stm32_mavlink_interface/include/mavlink/c_library_v2/common/mavlink_msg_adsb_vehicle.h\n'}
[10.405480] (stm32_mavlink_interface) StdoutLine: {'line': b'-- Up-to-date: /home/a/ws_moveit2/install/stm32_mavlink_interface/include/mavlink/c_library_v2/common/mavlink_msg_position_target_global_int.h\n'}
[10.405533] (stm32_mavlink_interface) StdoutLine: {'line': b'-- Up-to-date: /home/a/ws_moveit2/install/stm32_mavlink_interface/include/mavlink/c_library_v2/common/mavlink_msg_vision_speed_estimate.h\n'}
[10.405558] (stm32_mavlink_interface) StdoutLine: {'line': b'-- Up-to-date: /home/a/ws_moveit2/install/stm32_mavlink_interface/include/mavlink/c_library_v2/common/mavlink_msg_distance_sensor.h\n'}
[10.405582] (stm32_mavlink_interface) StdoutLine: {'line': b'-- Up-to-date: /home/a/ws_moveit2/install/stm32_mavlink_interface/include/mavlink/c_library_v2/common/mavlink_msg_attitude_quaternion.h\n'}
[10.405608] (stm32_mavlink_interface) StdoutLine: {'line': b'-- Up-to-date: /home/a/ws_moveit2/install/stm32_mavlink_interface/include/mavlink/c_library_v2/common/mavlink_msg_mission_request_list.h\n'}
[10.405631] (stm32_mavlink_interface) StdoutLine: {'line': b'-- Up-to-date: /home/a/ws_moveit2/install/stm32_mavlink_interface/include/mavlink/c_library_v2/common/mavlink_msg_collision.h\n'}
[10.405654] (stm32_mavlink_interface) StdoutLine: {'line': b'-- Up-to-date: /home/a/ws_moveit2/install/stm32_mavlink_interface/include/mavlink/c_library_v2/common/mavlink_msg_cellular_config.h\n'}
[10.405680] (stm32_mavlink_interface) StdoutLine: {'line': b'-- Up-to-date: /home/a/ws_moveit2/install/stm32_mavlink_interface/include/mavlink/c_library_v2/common/mavlink_msg_altitude.h\n'}
[10.405703] (stm32_mavlink_interface) StdoutLine: {'line': b'-- Up-to-date: /home/a/ws_moveit2/install/stm32_mavlink_interface/include/mavlink/c_library_v2/common/mavlink_msg_mission_request.h\n'}
[10.405727] (stm32_mavlink_interface) StdoutLine: {'line': b'-- Up-to-date: /home/a/ws_moveit2/install/stm32_mavlink_interface/include/mavlink/c_library_v2/common/mavlink_msg_servo_output_raw.h\n'}
[10.405751] (stm32_mavlink_interface) StdoutLine: {'line': b'-- Up-to-date: /home/a/ws_moveit2/install/stm32_mavlink_interface/include/mavlink/c_library_v2/common/mavlink_msg_onboard_computer_status.h\n'}
[10.405775] (stm32_mavlink_interface) StdoutLine: {'line': b'-- Up-to-date: /home/a/ws_moveit2/install/stm32_mavlink_interface/include/mavlink/c_library_v2/common/mavlink_msg_log_erase.h\n'}
[10.405798] (stm32_mavlink_interface) StdoutLine: {'line': b'-- Up-to-date: /home/a/ws_moveit2/install/stm32_mavlink_interface/include/mavlink/c_library_v2/common/mavlink_msg_control_system_state.h\n'}
[10.405822] (stm32_mavlink_interface) StdoutLine: {'line': b'-- Up-to-date: /home/a/ws_moveit2/install/stm32_mavlink_interface/include/mavlink/c_library_v2/common/mavlink_msg_radio_status.h\n'}
[10.405847] (stm32_mavlink_interface) StdoutLine: {'line': b'-- Up-to-date: /home/a/ws_moveit2/install/stm32_mavlink_interface/include/mavlink/c_library_v2/common/mavlink_msg_hil_controls.h\n'}
[10.405871] (stm32_mavlink_interface) StdoutLine: {'line': b'-- Up-to-date: /home/a/ws_moveit2/install/stm32_mavlink_interface/include/mavlink/c_library_v2/common/mavlink_msg_highres_imu.h\n'}
[10.405900] (stm32_mavlink_interface) StdoutLine: {'line': b'-- Up-to-date: /home/a/ws_moveit2/install/stm32_mavlink_interface/include/mavlink/c_library_v2/common/mavlink_msg_odometry.h\n'}
[10.405924] (stm32_mavlink_interface) StdoutLine: {'line': b'-- Up-to-date: /home/a/ws_moveit2/install/stm32_mavlink_interface/include/mavlink/c_library_v2/common/testsuite.h\n'}
[10.405948] (stm32_mavlink_interface) StdoutLine: {'line': b'-- Up-to-date: /home/a/ws_moveit2/install/stm32_mavlink_interface/include/mavlink/c_library_v2/common/mavlink_msg_file_transfer_protocol.h\n'}
[10.405973] (stm32_mavlink_interface) StdoutLine: {'line': b'-- Up-to-date: /home/a/ws_moveit2/install/stm32_mavlink_interface/include/mavlink/c_library_v2/common/mavlink_msg_uavcan_node_info.h\n'}
[10.405997] (stm32_mavlink_interface) StdoutLine: {'line': b'-- Up-to-date: /home/a/ws_moveit2/install/stm32_mavlink_interface/include/mavlink/c_library_v2/common/mavlink_msg_gimbal_device_set_attitude.h\n'}
[10.406020] (stm32_mavlink_interface) StdoutLine: {'line': b'-- Up-to-date: /home/a/ws_moveit2/install/stm32_mavlink_interface/include/mavlink/c_library_v2/common/mavlink_msg_hil_sensor.h\n'}
[10.406044] (stm32_mavlink_interface) StdoutLine: {'line': b'-- Up-to-date: /home/a/ws_moveit2/install/stm32_mavlink_interface/include/mavlink/c_library_v2/common/mavlink_msg_efi_status.h\n'}
[10.406068] (stm32_mavlink_interface) StdoutLine: {'line': b'-- Up-to-date: /home/a/ws_moveit2/install/stm32_mavlink_interface/include/mavlink/c_library_v2/common/mavlink_msg_debug_float_array.h\n'}
[10.406092] (stm32_mavlink_interface) StdoutLine: {'line': b'-- Up-to-date: /home/a/ws_moveit2/install/stm32_mavlink_interface/include/mavlink/c_library_v2/common/mavlink_msg_scaled_pressure.h\n'}
[10.406116] (stm32_mavlink_interface) StdoutLine: {'line': b'-- Up-to-date: /home/a/ws_moveit2/install/stm32_mavlink_interface/include/mavlink/c_library_v2/common/mavlink_msg_timesync.h\n'}
[10.406141] (stm32_mavlink_interface) StdoutLine: {'line': b'-- Up-to-date: /home/a/ws_moveit2/install/stm32_mavlink_interface/include/mavlink/c_library_v2/common/mavlink_msg_camera_information.h\n'}
[10.406165] (stm32_mavlink_interface) StdoutLine: {'line': b'-- Up-to-date: /home/a/ws_moveit2/install/stm32_mavlink_interface/include/mavlink/c_library_v2/common/mavlink_msg_param_map_rc.h\n'}
[10.406190] (stm32_mavlink_interface) StdoutLine: {'line': b'-- Up-to-date: /home/a/ws_moveit2/install/stm32_mavlink_interface/include/mavlink/c_library_v2/common/mavlink_msg_global_position_int.h\n'}
[10.406248] (stm32_mavlink_interface) StdoutLine: {'line': b'-- Up-to-date: /home/a/ws_moveit2/install/stm32_mavlink_interface/include/mavlink/c_library_v2/common/mavlink_msg_gps_status.h\n'}
[10.406276] (stm32_mavlink_interface) StdoutLine: {'line': b'-- Up-to-date: /home/a/ws_moveit2/install/stm32_mavlink_interface/include/mavlink/c_library_v2/common/mavlink_msg_mission_clear_all.h\n'}
[10.406304] (stm32_mavlink_interface) StdoutLine: {'line': b'-- Up-to-date: /home/a/ws_moveit2/install/stm32_mavlink_interface/include/mavlink/c_library_v2/common/mavlink_msg_optical_flow.h\n'}
[10.406331] (stm32_mavlink_interface) StdoutLine: {'line': b'-- Up-to-date: /home/a/ws_moveit2/install/stm32_mavlink_interface/include/mavlink/c_library_v2/common/mavlink_msg_vision_position_estimate.h\n'}
[10.406358] (stm32_mavlink_interface) StdoutLine: {'line': b'-- Up-to-date: /home/a/ws_moveit2/install/stm32_mavlink_interface/include/mavlink/c_library_v2/common/mavlink_msg_mag_cal_report.h\n'}
[10.406384] (stm32_mavlink_interface) StdoutLine: {'line': b'-- Up-to-date: /home/a/ws_moveit2/install/stm32_mavlink_interface/include/mavlink/c_library_v2/common/mavlink_msg_play_tune_v2.h\n'}
[10.406410] (stm32_mavlink_interface) StdoutLine: {'line': b'-- Up-to-date: /home/a/ws_moveit2/install/stm32_mavlink_interface/include/mavlink/c_library_v2/common/mavlink_msg_smart_battery_info.h\n'}
[10.406437] (stm32_mavlink_interface) StdoutLine: {'line': b'-- Up-to-date: /home/a/ws_moveit2/install/stm32_mavlink_interface/include/mavlink/c_library_v2/common/mavlink_msg_param_request_list.h\n'}
[10.406463] (stm32_mavlink_interface) StdoutLine: {'line': b'-- Up-to-date: /home/a/ws_moveit2/install/stm32_mavlink_interface/include/mavlink/c_library_v2/common/mavlink.h\n'}
[10.406554] (stm32_mavlink_interface) StdoutLine: {'line': b'-- Up-to-date: /home/a/ws_moveit2/install/stm32_mavlink_interface/include/mavlink/c_library_v2/common/mavlink_msg_vfr_hud.h\n'}
[10.406586] (stm32_mavlink_interface) StdoutLine: {'line': b'-- Up-to-date: /home/a/ws_moveit2/install/stm32_mavlink_interface/include/mavlink/c_library_v2/common/mavlink_msg_play_tune.h\n'}
[10.406615] (stm32_mavlink_interface) StdoutLine: {'line': b'-- Up-to-date: /home/a/ws_moveit2/install/stm32_mavlink_interface/include/mavlink/c_library_v2/common/mavlink_msg_statustext.h\n'}
[10.406645] (stm32_mavlink_interface) StdoutLine: {'line': b'-- Up-to-date: /home/a/ws_moveit2/install/stm32_mavlink_interface/include/mavlink/c_library_v2/common/mavlink_msg_winch_status.h\n'}
[10.406674] (stm32_mavlink_interface) StdoutLine: {'line': b'-- Up-to-date: /home/a/ws_moveit2/install/stm32_mavlink_interface/include/mavlink/c_library_v2/common/mavlink_msg_param_ext_request_read.h\n'}
[10.406702] (stm32_mavlink_interface) StdoutLine: {'line': b'-- Up-to-date: /home/a/ws_moveit2/install/stm32_mavlink_interface/include/mavlink/c_library_v2/common/mavlink_msg_safety_set_allowed_area.h\n'}
[10.406730] (stm32_mavlink_interface) StdoutLine: {'line': b'-- Up-to-date: /home/a/ws_moveit2/install/stm32_mavlink_interface/include/mavlink/c_library_v2/common/mavlink_msg_tunnel.h\n'}
[10.406758] (stm32_mavlink_interface) StdoutLine: {'line': b'-- Up-to-date: /home/a/ws_moveit2/install/stm32_mavlink_interface/include/mavlink/c_library_v2/common/mavlink_msg_raw_imu.h\n'}
[10.406789] (stm32_mavlink_interface) StdoutLine: {'line': b'-- Up-to-date: /home/a/ws_moveit2/install/stm32_mavlink_interface/include/mavlink/c_library_v2/common/mavlink_msg_param_ext_value.h\n'}
[10.406817] (stm32_mavlink_interface) StdoutLine: {'line': b'-- Up-to-date: /home/a/ws_moveit2/install/stm32_mavlink_interface/include/mavlink/c_library_v2/common/mavlink_msg_orbit_execution_status.h\n'}
[10.406845] (stm32_mavlink_interface) StdoutLine: {'line': b'-- Up-to-date: /home/a/ws_moveit2/install/stm32_mavlink_interface/include/mavlink/c_library_v2/common/mavlink_msg_request_event.h\n'}
[10.406875] (stm32_mavlink_interface) StdoutLine: {'line': b'-- Up-to-date: /home/a/ws_moveit2/install/stm32_mavlink_interface/include/mavlink/c_library_v2/common/mavlink_msg_gimbal_manager_set_pitchyaw.h\n'}
[10.406905] (stm32_mavlink_interface) StdoutLine: {'line': b'-- Up-to-date: /home/a/ws_moveit2/install/stm32_mavlink_interface/include/mavlink/c_library_v2/common/mavlink_msg_mission_item_reached.h\n'}
[10.406933] (stm32_mavlink_interface) StdoutLine: {'line': b'-- Up-to-date: /home/a/ws_moveit2/install/stm32_mavlink_interface/include/mavlink/c_library_v2/common/mavlink_msg_hil_state.h\n'}
[10.406961] (stm32_mavlink_interface) StdoutLine: {'line': b'-- Up-to-date: /home/a/ws_moveit2/install/stm32_mavlink_interface/include/mavlink/c_library_v2/common/mavlink_msg_mission_write_partial_list.h\n'}
[10.406988] (stm32_mavlink_interface) StdoutLine: {'line': b'-- Up-to-date: /home/a/ws_moveit2/install/stm32_mavlink_interface/include/mavlink/c_library_v2/common/mavlink_msg_param_request_read.h\n'}
[10.407015] (stm32_mavlink_interface) StdoutLine: {'line': b'-- Up-to-date: /home/a/ws_moveit2/install/stm32_mavlink_interface/include/mavlink/c_library_v2/common/mavlink_msg_gimbal_manager_set_attitude.h\n'}
[10.407042] (stm32_mavlink_interface) StdoutLine: {'line': b'-- Up-to-date: /home/a/ws_moveit2/install/stm32_mavlink_interface/include/mavlink/c_library_v2/common/mavlink_msg_component_information_basic.h\n'}
[10.407069] (stm32_mavlink_interface) StdoutLine: {'line': b'-- Up-to-date: /home/a/ws_moveit2/install/stm32_mavlink_interface/include/mavlink/c_library_v2/common/mavlink_msg_scaled_pressure2.h\n'}
[10.407096] (stm32_mavlink_interface) StdoutLine: {'line': b'-- Up-to-date: /home/a/ws_moveit2/install/stm32_mavlink_interface/include/mavlink/c_library_v2/common/mavlink_msg_ais_vessel.h\n'}
[10.407124] (stm32_mavlink_interface) StdoutLine: {'line': b'-- Up-to-date: /home/a/ws_moveit2/install/stm32_mavlink_interface/include/mavlink/c_library_v2/common/mavlink_msg_video_stream_information.h\n'}
[10.407152] (stm32_mavlink_interface) StdoutLine: {'line': b'-- Up-to-date: /home/a/ws_moveit2/install/stm32_mavlink_interface/include/mavlink/c_library_v2/common/mavlink_msg_gimbal_device_information.h\n'}
[10.407179] (stm32_mavlink_interface) StdoutLine: {'line': b'-- Up-to-date: /home/a/ws_moveit2/install/stm32_mavlink_interface/include/mavlink/c_library_v2/common/mavlink_msg_hil_optical_flow.h\n'}
[10.407206] (stm32_mavlink_interface) StdoutLine: {'line': b'-- Up-to-date: /home/a/ws_moveit2/install/stm32_mavlink_interface/include/mavlink/c_library_v2/common/mavlink_msg_change_operator_control_ack.h\n'}
[10.407233] (stm32_mavlink_interface) StdoutLine: {'line': b'-- Up-to-date: /home/a/ws_moveit2/install/stm32_mavlink_interface/include/mavlink/c_library_v2/common/mavlink_msg_terrain_request.h\n'}
[10.407260] (stm32_mavlink_interface) StdoutLine: {'line': b'-- Up-to-date: /home/a/ws_moveit2/install/stm32_mavlink_interface/include/mavlink/c_library_v2/common/mavlink_msg_param_ext_set.h\n'}
[10.407287] (stm32_mavlink_interface) StdoutLine: {'line': b'-- Up-to-date: /home/a/ws_moveit2/install/stm32_mavlink_interface/include/mavlink/c_library_v2/common/mavlink_msg_message_interval.h\n'}
[10.407315] (stm32_mavlink_interface) StdoutLine: {'line': b'-- Up-to-date: /home/a/ws_moveit2/install/stm32_mavlink_interface/include/mavlink/c_library_v2/common/mavlink_msg_local_position_ned_cov.h\n'}
[10.407357] (stm32_mavlink_interface) StdoutLine: {'line': b'-- Up-to-date: /home/a/ws_moveit2/install/stm32_mavlink_interface/include/mavlink/c_library_v2/common/mavlink_msg_camera_tracking_image_status.h\n'}
[10.407386] (stm32_mavlink_interface) StdoutLine: {'line': b'-- Up-to-date: /home/a/ws_moveit2/install/stm32_mavlink_interface/include/mavlink/c_library_v2/common/mavlink_msg_battery_status.h\n'}
[10.407412] (stm32_mavlink_interface) StdoutLine: {'line': b'-- Up-to-date: /home/a/ws_moveit2/install/stm32_mavlink_interface/include/mavlink/c_library_v2/common/common.h\n'}
[10.407442] (stm32_mavlink_interface) StdoutLine: {'line': b'-- Up-to-date: /home/a/ws_moveit2/install/stm32_mavlink_interface/include/mavlink/c_library_v2/common/mavlink_msg_extended_sys_state.h\n'}
[10.407470] (stm32_mavlink_interface) StdoutLine: {'line': b'-- Up-to-date: /home/a/ws_moveit2/install/stm32_mavlink_interface/include/mavlink/c_library_v2/common/mavlink_msg_gps_raw_int.h\n'}
[10.407498] (stm32_mavlink_interface) StdoutLine: {'line': b'-- Up-to-date: /home/a/ws_moveit2/install/stm32_mavlink_interface/include/mavlink/c_library_v2/common/mavlink_msg_debug.h\n'}
[10.407526] (stm32_mavlink_interface) StdoutLine: {'line': b'-- Up-to-date: /home/a/ws_moveit2/install/stm32_mavlink_interface/include/mavlink/c_library_v2/common/mavlink_msg_landing_target.h\n'}
[10.407554] (stm32_mavlink_interface) StdoutLine: {'line': b'-- Up-to-date: /home/a/ws_moveit2/install/stm32_mavlink_interface/include/mavlink/c_library_v2/common/mavlink_msg_vibration.h\n'}
[10.407581] (stm32_mavlink_interface) StdoutLine: {'line': b'-- Up-to-date: /home/a/ws_moveit2/install/stm32_mavlink_interface/include/mavlink/c_library_v2/common/mavlink_msg_safety_allowed_area.h\n'}
[10.407609] (stm32_mavlink_interface) StdoutLine: {'line': b'-- Up-to-date: /home/a/ws_moveit2/install/stm32_mavlink_interface/include/mavlink/c_library_v2/matrixpilot\n'}
[10.407638] (stm32_mavlink_interface) StdoutLine: {'line': b'-- Up-to-date: /home/a/ws_moveit2/install/stm32_mavlink_interface/include/mavlink/c_library_v2/matrixpilot/mavlink_msg_serial_udb_extra_f20.h\n'}
[10.407667] (stm32_mavlink_interface) StdoutLine: {'line': b'-- Up-to-date: /home/a/ws_moveit2/install/stm32_mavlink_interface/include/mavlink/c_library_v2/matrixpilot/mavlink_msg_serial_udb_extra_f7.h\n'}
[10.407694] (stm32_mavlink_interface) StdoutLine: {'line': b'-- Up-to-date: /home/a/ws_moveit2/install/stm32_mavlink_interface/include/mavlink/c_library_v2/matrixpilot/matrixpilot.h\n'}
[10.407723] (stm32_mavlink_interface) StdoutLine: {'line': b'-- Up-to-date: /home/a/ws_moveit2/install/stm32_mavlink_interface/include/mavlink/c_library_v2/matrixpilot/mavlink_msg_serial_udb_extra_f5.h\n'}
[10.407750] (stm32_mavlink_interface) StdoutLine: {'line': b'-- Up-to-date: /home/a/ws_moveit2/install/stm32_mavlink_interface/include/mavlink/c_library_v2/matrixpilot/mavlink_msg_serial_udb_extra_f4.h\n'}
[10.407778] (stm32_mavlink_interface) StdoutLine: {'line': b'-- Up-to-date: /home/a/ws_moveit2/install/stm32_mavlink_interface/include/mavlink/c_library_v2/matrixpilot/mavlink_msg_flexifunction_buffer_function_ack.h\n'}
[10.407805] (stm32_mavlink_interface) StdoutLine: {'line': b'-- Up-to-date: /home/a/ws_moveit2/install/stm32_mavlink_interface/include/mavlink/c_library_v2/matrixpilot/mavlink_msg_flexifunction_directory.h\n'}
[10.407833] (stm32_mavlink_interface) StdoutLine: {'line': b'-- Up-to-date: /home/a/ws_moveit2/install/stm32_mavlink_interface/include/mavlink/c_library_v2/matrixpilot/mavlink_msg_serial_udb_extra_f18.h\n'}
[10.407860] (stm32_mavlink_interface) StdoutLine: {'line': b'-- Up-to-date: /home/a/ws_moveit2/install/stm32_mavlink_interface/include/mavlink/c_library_v2/matrixpilot/mavlink_msg_flexifunction_read_req.h\n'}
[10.407891] (stm32_mavlink_interface) StdoutLine: {'line': b'-- Up-to-date: /home/a/ws_moveit2/install/stm32_mavlink_interface/include/mavlink/c_library_v2/matrixpilot/mavlink_msg_flexifunction_directory_ack.h\n'}
[10.407921] (stm32_mavlink_interface) StdoutLine: {'line': b'-- Up-to-date: /home/a/ws_moveit2/install/stm32_mavlink_interface/include/mavlink/c_library_v2/matrixpilot/mavlink_msg_serial_udb_extra_f6.h\n'}
[10.407950] (stm32_mavlink_interface) StdoutLine: {'line': b'-- Up-to-date: /home/a/ws_moveit2/install/stm32_mavlink_interface/include/mavlink/c_library_v2/matrixpilot/mavlink_msg_serial_udb_extra_f21.h\n'}
[10.407979] (stm32_mavlink_interface) StdoutLine: {'line': b'-- Up-to-date: /home/a/ws_moveit2/install/stm32_mavlink_interface/include/mavlink/c_library_v2/matrixpilot/version.h\n'}
[10.408005] (stm32_mavlink_interface) StdoutLine: {'line': b'-- Up-to-date: /home/a/ws_moveit2/install/stm32_mavlink_interface/include/mavlink/c_library_v2/matrixpilot/mavlink_msg_serial_udb_extra_f14.h\n'}
[10.408032] (stm32_mavlink_interface) StdoutLine: {'line': b'-- Up-to-date: /home/a/ws_moveit2/install/stm32_mavlink_interface/include/mavlink/c_library_v2/matrixpilot/mavlink_msg_serial_udb_extra_f13.h\n'}
[10.408058] (stm32_mavlink_interface) StdoutLine: {'line': b'-- Up-to-date: /home/a/ws_moveit2/install/stm32_mavlink_interface/include/mavlink/c_library_v2/matrixpilot/mavlink_msg_serial_udb_extra_f2_b.h\n'}
[10.408084] (stm32_mavlink_interface) StdoutLine: {'line': b'-- Up-to-date: /home/a/ws_moveit2/install/stm32_mavlink_interface/include/mavlink/c_library_v2/matrixpilot/mavlink_msg_serial_udb_extra_f8.h\n'}
[10.408111] (stm32_mavlink_interface) StdoutLine: {'line': b'-- Up-to-date: /home/a/ws_moveit2/install/stm32_mavlink_interface/include/mavlink/c_library_v2/matrixpilot/mavlink_msg_flexifunction_command_ack.h\n'}
[10.408213] (stm32_mavlink_interface) StdoutLine: {'line': b'-- Up-to-date: /home/a/ws_moveit2/install/stm32_mavlink_interface/include/mavlink/c_library_v2/matrixpilot/mavlink_msg_serial_udb_extra_f16.h\n'}
[10.408264] (stm32_mavlink_interface) StdoutLine: {'line': b'-- Up-to-date: /home/a/ws_moveit2/install/stm32_mavlink_interface/include/mavlink/c_library_v2/matrixpilot/mavlink_msg_serial_udb_extra_f2_a.h\n'}
[10.408291] (stm32_mavlink_interface) StdoutLine: {'line': b'-- Up-to-date: /home/a/ws_moveit2/install/stm32_mavlink_interface/include/mavlink/c_library_v2/matrixpilot/mavlink_msg_serial_udb_extra_f19.h\n'}
[10.408318] (stm32_mavlink_interface) StdoutLine: {'line': b'-- Up-to-date: /home/a/ws_moveit2/install/stm32_mavlink_interface/include/mavlink/c_library_v2/matrixpilot/mavlink_msg_flexifunction_command.h\n'}
[10.408345] (stm32_mavlink_interface) StdoutLine: {'line': b'-- Up-to-date: /home/a/ws_moveit2/install/stm32_mavlink_interface/include/mavlink/c_library_v2/matrixpilot/mavlink_msg_serial_udb_extra_f15.h\n'}
[10.408375] (stm32_mavlink_interface) StdoutLine: {'line': b'-- Up-to-date: /home/a/ws_moveit2/install/stm32_mavlink_interface/include/mavlink/c_library_v2/matrixpilot/testsuite.h\n'}
[10.408401] (stm32_mavlink_interface) StdoutLine: {'line': b'-- Up-to-date: /home/a/ws_moveit2/install/stm32_mavlink_interface/include/mavlink/c_library_v2/matrixpilot/mavlink_msg_altitudes.h\n'}
[10.408427] (stm32_mavlink_interface) StdoutLine: {'line': b'-- Up-to-date: /home/a/ws_moveit2/install/stm32_mavlink_interface/include/mavlink/c_library_v2/matrixpilot/mavlink.h\n'}
[10.408454] (stm32_mavlink_interface) StdoutLine: {'line': b'-- Up-to-date: /home/a/ws_moveit2/install/stm32_mavlink_interface/include/mavlink/c_library_v2/matrixpilot/mavlink_msg_flexifunction_buffer_function.h\n'}
[10.408481] (stm32_mavlink_interface) StdoutLine: {'line': b'-- Up-to-date: /home/a/ws_moveit2/install/stm32_mavlink_interface/include/mavlink/c_library_v2/matrixpilot/mavlink_msg_flexifunction_set.h\n'}
[10.408574] (stm32_mavlink_interface) StdoutLine: {'line': b'-- Up-to-date: /home/a/ws_moveit2/install/stm32_mavlink_interface/include/mavlink/c_library_v2/matrixpilot/mavlink_msg_serial_udb_extra_f17.h\n'}
[10.408603] (stm32_mavlink_interface) StdoutLine: {'line': b'-- Up-to-date: /home/a/ws_moveit2/install/stm32_mavlink_interface/include/mavlink/c_library_v2/matrixpilot/mavlink_msg_serial_udb_extra_f22.h\n'}
[10.408633] (stm32_mavlink_interface) StdoutLine: {'line': b'-- Up-to-date: /home/a/ws_moveit2/install/stm32_mavlink_interface/include/mavlink/c_library_v2/matrixpilot/mavlink_msg_airspeeds.h\n'}
[10.408662] (stm32_mavlink_interface) StdoutLine: {'line': b'-- Up-to-date: /home/a/ws_moveit2/install/stm32_mavlink_interface/include/mavlink/c_library_v2/AVSSUAS\n'}
[10.408726] (stm32_mavlink_interface) StdoutLine: {'line': b'-- Up-to-date: /home/a/ws_moveit2/install/stm32_mavlink_interface/include/mavlink/c_library_v2/AVSSUAS/mavlink_msg_avss_drone_position.h\n'}
[10.408756] (stm32_mavlink_interface) StdoutLine: {'line': b'-- Up-to-date: /home/a/ws_moveit2/install/stm32_mavlink_interface/include/mavlink/c_library_v2/AVSSUAS/mavlink_msg_avss_drone_imu.h\n'}
[10.408785] (stm32_mavlink_interface) StdoutLine: {'line': b'-- Up-to-date: /home/a/ws_moveit2/install/stm32_mavlink_interface/include/mavlink/c_library_v2/AVSSUAS/version.h\n'}
[10.408812] (stm32_mavlink_interface) StdoutLine: {'line': b'-- Up-to-date: /home/a/ws_moveit2/install/stm32_mavlink_interface/include/mavlink/c_library_v2/AVSSUAS/AVSSUAS.h\n'}
[10.408839] (stm32_mavlink_interface) StdoutLine: {'line': b'-- Up-to-date: /home/a/ws_moveit2/install/stm32_mavlink_interface/include/mavlink/c_library_v2/AVSSUAS/mavlink_msg_avss_prs_sys_status.h\n'}
[10.408866] (stm32_mavlink_interface) StdoutLine: {'line': b'-- Up-to-date: /home/a/ws_moveit2/install/stm32_mavlink_interface/include/mavlink/c_library_v2/AVSSUAS/testsuite.h\n'}
[10.408898] (stm32_mavlink_interface) StdoutLine: {'line': b'-- Up-to-date: /home/a/ws_moveit2/install/stm32_mavlink_interface/include/mavlink/c_library_v2/AVSSUAS/mavlink_msg_avss_drone_operation_mode.h\n'}
[10.408927] (stm32_mavlink_interface) StdoutLine: {'line': b'-- Up-to-date: /home/a/ws_moveit2/install/stm32_mavlink_interface/include/mavlink/c_library_v2/AVSSUAS/mavlink.h\n'}
[10.408955] (stm32_mavlink_interface) StdoutLine: {'line': b'-- Up-to-date: /home/a/ws_moveit2/install/stm32_mavlink_interface/include/mavlink/c_library_v2/cubepilot\n'}
[10.408982] (stm32_mavlink_interface) StdoutLine: {'line': b'-- Up-to-date: /home/a/ws_moveit2/install/stm32_mavlink_interface/include/mavlink/c_library_v2/cubepilot/mavlink_msg_cubepilot_firmware_update_start.h\n'}
[10.409012] (stm32_mavlink_interface) StdoutLine: {'line': b'-- Up-to-date: /home/a/ws_moveit2/install/stm32_mavlink_interface/include/mavlink/c_library_v2/cubepilot/cubepilot.h\n'}
[10.409038] (stm32_mavlink_interface) StdoutLine: {'line': b'-- Up-to-date: /home/a/ws_moveit2/install/stm32_mavlink_interface/include/mavlink/c_library_v2/cubepilot/version.h\n'}
[10.409064] (stm32_mavlink_interface) StdoutLine: {'line': b'-- Up-to-date: /home/a/ws_moveit2/install/stm32_mavlink_interface/include/mavlink/c_library_v2/cubepilot/mavlink_msg_cubepilot_raw_rc.h\n'}
[10.409092] (stm32_mavlink_interface) StdoutLine: {'line': b'-- Up-to-date: /home/a/ws_moveit2/install/stm32_mavlink_interface/include/mavlink/c_library_v2/cubepilot/mavlink_msg_cubepilot_firmware_update_resp.h\n'}
[10.409119] (stm32_mavlink_interface) StdoutLine: {'line': b'-- Up-to-date: /home/a/ws_moveit2/install/stm32_mavlink_interface/include/mavlink/c_library_v2/cubepilot/mavlink_msg_herelink_video_stream_information.h\n'}
[10.409146] (stm32_mavlink_interface) StdoutLine: {'line': b'-- Up-to-date: /home/a/ws_moveit2/install/stm32_mavlink_interface/include/mavlink/c_library_v2/cubepilot/testsuite.h\n'}
[10.409174] (stm32_mavlink_interface) StdoutLine: {'line': b'-- Up-to-date: /home/a/ws_moveit2/install/stm32_mavlink_interface/include/mavlink/c_library_v2/cubepilot/mavlink.h\n'}
[10.409200] (stm32_mavlink_interface) StdoutLine: {'line': b'-- Up-to-date: /home/a/ws_moveit2/install/stm32_mavlink_interface/include/mavlink/c_library_v2/cubepilot/mavlink_msg_herelink_telem.h\n'}
[10.409226] (stm32_mavlink_interface) StdoutLine: {'line': b'-- Up-to-date: /home/a/ws_moveit2/install/stm32_mavlink_interface/include/mavlink/c_library_v2/mavlink_sha256.h\n'}
[10.409253] (stm32_mavlink_interface) StdoutLine: {'line': b'-- Up-to-date: /home/a/ws_moveit2/install/stm32_mavlink_interface/include/mavlink/c_library_v2/icarous\n'}
[10.409279] (stm32_mavlink_interface) StdoutLine: {'line': b'-- Up-to-date: /home/a/ws_moveit2/install/stm32_mavlink_interface/include/mavlink/c_library_v2/icarous/version.h\n'}
[10.409307] (stm32_mavlink_interface) StdoutLine: {'line': b'-- Up-to-date: /home/a/ws_moveit2/install/stm32_mavlink_interface/include/mavlink/c_library_v2/icarous/mavlink_msg_icarous_heartbeat.h\n'}
[10.409334] (stm32_mavlink_interface) StdoutLine: {'line': b'-- Up-to-date: /home/a/ws_moveit2/install/stm32_mavlink_interface/include/mavlink/c_library_v2/icarous/icarous.h\n'}
[10.409396] (stm32_mavlink_interface) StdoutLine: {'line': b'-- Up-to-date: /home/a/ws_moveit2/install/stm32_mavlink_interface/include/mavlink/c_library_v2/icarous/mavlink_msg_icarous_kinematic_bands.h\n'}
[10.409426] (stm32_mavlink_interface) StdoutLine: {'line': b'-- Up-to-date: /home/a/ws_moveit2/install/stm32_mavlink_interface/include/mavlink/c_library_v2/icarous/testsuite.h\n'}
[10.409453] (stm32_mavlink_interface) StdoutLine: {'line': b'-- Up-to-date: /home/a/ws_moveit2/install/stm32_mavlink_interface/include/mavlink/c_library_v2/icarous/mavlink.h\n'}
[10.409481] (stm32_mavlink_interface) StdoutLine: {'line': b'-- Up-to-date: /home/a/ws_moveit2/install/stm32_mavlink_interface/include/mavlink/c_library_v2/minimal\n'}
[10.409508] (stm32_mavlink_interface) StdoutLine: {'line': b'-- Up-to-date: /home/a/ws_moveit2/install/stm32_mavlink_interface/include/mavlink/c_library_v2/minimal/minimal.h\n'}
[10.409534] (stm32_mavlink_interface) StdoutLine: {'line': b'-- Up-to-date: /home/a/ws_moveit2/install/stm32_mavlink_interface/include/mavlink/c_library_v2/minimal/version.h\n'}
[10.409561] (stm32_mavlink_interface) StdoutLine: {'line': b'-- Up-to-date: /home/a/ws_moveit2/install/stm32_mavlink_interface/include/mavlink/c_library_v2/minimal/testsuite.h\n'}
[10.409587] (stm32_mavlink_interface) StdoutLine: {'line': b'-- Up-to-date: /home/a/ws_moveit2/install/stm32_mavlink_interface/include/mavlink/c_library_v2/minimal/mavlink.h\n'}
[10.409615] (stm32_mavlink_interface) StdoutLine: {'line': b'-- Up-to-date: /home/a/ws_moveit2/install/stm32_mavlink_interface/include/mavlink/c_library_v2/minimal/mavlink_msg_protocol_version.h\n'}
[10.409642] (stm32_mavlink_interface) StdoutLine: {'line': b'-- Up-to-date: /home/a/ws_moveit2/install/stm32_mavlink_interface/include/mavlink/c_library_v2/minimal/mavlink_msg_heartbeat.h\n'}
[10.409709] (stm32_mavlink_interface) StdoutLine: {'line': b'-- Up-to-date: /home/a/ws_moveit2/install/stm32_mavlink_interface/include/mavlink/c_library_v2/ASLUAV\n'}
[10.410158] (stm32_mavlink_interface) StdoutLine: {'line': b'-- Up-to-date: /home/a/ws_moveit2/install/stm32_mavlink_interface/include/mavlink/c_library_v2/ASLUAV/mavlink_msg_gsm_link_status.h\n'}
[10.410202] (stm32_mavlink_interface) StdoutLine: {'line': b'-- Up-to-date: /home/a/ws_moveit2/install/stm32_mavlink_interface/include/mavlink/c_library_v2/ASLUAV/mavlink_msg_sens_power.h\n'}
[10.410234] (stm32_mavlink_interface) StdoutLine: {'line': b'-- Up-to-date: /home/a/ws_moveit2/install/stm32_mavlink_interface/include/mavlink/c_library_v2/ASLUAV/ASLUAV.h\n'}
[10.410265] (stm32_mavlink_interface) StdoutLine: {'line': b'-- Up-to-date: /home/a/ws_moveit2/install/stm32_mavlink_interface/include/mavlink/c_library_v2/ASLUAV/mavlink_msg_sensor_airflow_angles.h\n'}
[10.410296] (stm32_mavlink_interface) StdoutLine: {'line': b'-- Up-to-date: /home/a/ws_moveit2/install/stm32_mavlink_interface/include/mavlink/c_library_v2/ASLUAV/mavlink_msg_satcom_link_status.h\n'}
[10.410325] (stm32_mavlink_interface) StdoutLine: {'line': b'-- Up-to-date: /home/a/ws_moveit2/install/stm32_mavlink_interface/include/mavlink/c_library_v2/ASLUAV/mavlink_msg_fw_soaring_data.h\n'}
[10.410355] (stm32_mavlink_interface) StdoutLine: {'line': b'-- Up-to-date: /home/a/ws_moveit2/install/stm32_mavlink_interface/include/mavlink/c_library_v2/ASLUAV/mavlink_msg_sens_power_board.h\n'}
[10.410389] (stm32_mavlink_interface) StdoutLine: {'line': b'-- Up-to-date: /home/a/ws_moveit2/install/stm32_mavlink_interface/include/mavlink/c_library_v2/ASLUAV/mavlink_msg_sens_batmon.h\n'}
[10.410419] (stm32_mavlink_interface) StdoutLine: {'line': b'-- Up-to-date: /home/a/ws_moveit2/install/stm32_mavlink_interface/include/mavlink/c_library_v2/ASLUAV/mavlink_msg_aslctrl_data.h\n'}
[10.410453] (stm32_mavlink_interface) StdoutLine: {'line': b'-- Up-to-date: /home/a/ws_moveit2/install/stm32_mavlink_interface/include/mavlink/c_library_v2/ASLUAV/version.h\n'}
[10.410483] (stm32_mavlink_interface) StdoutLine: {'line': b'-- Up-to-date: /home/a/ws_moveit2/install/stm32_mavlink_interface/include/mavlink/c_library_v2/ASLUAV/mavlink_msg_command_long_stamped.h\n'}
[10.410514] (stm32_mavlink_interface) StdoutLine: {'line': b'-- Up-to-date: /home/a/ws_moveit2/install/stm32_mavlink_interface/include/mavlink/c_library_v2/ASLUAV/mavlink_msg_sens_atmos.h\n'}
[10.410556] (stm32_mavlink_interface) StdoutLine: {'line': b'-- Up-to-date: /home/a/ws_moveit2/install/stm32_mavlink_interface/include/mavlink/c_library_v2/ASLUAV/mavlink_msg_aslctrl_debug.h\n'}
[10.410590] (stm32_mavlink_interface) StdoutLine: {'line': b'-- Up-to-date: /home/a/ws_moveit2/install/stm32_mavlink_interface/include/mavlink/c_library_v2/ASLUAV/testsuite.h\n'}
[10.410620] (stm32_mavlink_interface) StdoutLine: {'line': b'-- Up-to-date: /home/a/ws_moveit2/install/stm32_mavlink_interface/include/mavlink/c_library_v2/ASLUAV/mavlink_msg_asluav_status.h\n'}
[10.410649] (stm32_mavlink_interface) StdoutLine: {'line': b'-- Up-to-date: /home/a/ws_moveit2/install/stm32_mavlink_interface/include/mavlink/c_library_v2/ASLUAV/mavlink_msg_ekf_ext.h\n'}
[10.410736] (stm32_mavlink_interface) StdoutLine: {'line': b'-- Up-to-date: /home/a/ws_moveit2/install/stm32_mavlink_interface/include/mavlink/c_library_v2/ASLUAV/mavlink_msg_sensorpod_status.h\n'}
[10.410768] (stm32_mavlink_interface) StdoutLine: {'line': b'-- Up-to-date: /home/a/ws_moveit2/install/stm32_mavlink_interface/include/mavlink/c_library_v2/ASLUAV/mavlink.h\n'}
[10.410797] (stm32_mavlink_interface) StdoutLine: {'line': b'-- Up-to-date: /home/a/ws_moveit2/install/stm32_mavlink_interface/include/mavlink/c_library_v2/ASLUAV/mavlink_msg_asl_obctrl.h\n'}
[10.410827] (stm32_mavlink_interface) StdoutLine: {'line': b'-- Up-to-date: /home/a/ws_moveit2/install/stm32_mavlink_interface/include/mavlink/c_library_v2/ASLUAV/mavlink_msg_sens_mppt.h\n'}
[10.410855] (stm32_mavlink_interface) StdoutLine: {'line': b'-- Up-to-date: /home/a/ws_moveit2/install/stm32_mavlink_interface/include/mavlink/c_library_v2/ASLUAV/mavlink_msg_command_int_stamped.h\n'}
[10.410890] (stm32_mavlink_interface) StdoutLine: {'line': b'-- Up-to-date: /home/a/ws_moveit2/install/stm32_mavlink_interface/include/mavlink/c_library_v2/mavlink_types.h\n'}
[10.410921] (stm32_mavlink_interface) StdoutLine: {'line': b'-- Up-to-date: /home/a/ws_moveit2/install/stm32_mavlink_interface/include/mavlink/c_library_v2/csAirLink\n'}
[10.410951] (stm32_mavlink_interface) StdoutLine: {'line': b'-- Up-to-date: /home/a/ws_moveit2/install/stm32_mavlink_interface/include/mavlink/c_library_v2/csAirLink/csAirLink.h\n'}
[10.410979] (stm32_mavlink_interface) StdoutLine: {'line': b'-- Up-to-date: /home/a/ws_moveit2/install/stm32_mavlink_interface/include/mavlink/c_library_v2/csAirLink/mavlink_msg_airlink_auth_response.h\n'}
[10.411007] (stm32_mavlink_interface) StdoutLine: {'line': b'-- Up-to-date: /home/a/ws_moveit2/install/stm32_mavlink_interface/include/mavlink/c_library_v2/csAirLink/version.h\n'}
[10.411035] (stm32_mavlink_interface) StdoutLine: {'line': b'-- Up-to-date: /home/a/ws_moveit2/install/stm32_mavlink_interface/include/mavlink/c_library_v2/csAirLink/testsuite.h\n'}
[10.411063] (stm32_mavlink_interface) StdoutLine: {'line': b'-- Up-to-date: /home/a/ws_moveit2/install/stm32_mavlink_interface/include/mavlink/c_library_v2/csAirLink/mavlink.h\n'}
[10.411091] (stm32_mavlink_interface) StdoutLine: {'line': b'-- Up-to-date: /home/a/ws_moveit2/install/stm32_mavlink_interface/include/mavlink/c_library_v2/csAirLink/mavlink_msg_airlink_auth.h\n'}
[10.411119] (stm32_mavlink_interface) StdoutLine: {'line': b'-- Up-to-date: /home/a/ws_moveit2/install/stm32_mavlink_interface/include/mavlink/c_library_v2/marsh\n'}
[10.411189] (stm32_mavlink_interface) StdoutLine: {'line': b'-- Up-to-date: /home/a/ws_moveit2/install/stm32_mavlink_interface/include/mavlink/c_library_v2/marsh/mavlink_msg_eye_tracking_data.h\n'}
[10.411220] (stm32_mavlink_interface) StdoutLine: {'line': b'-- Up-to-date: /home/a/ws_moveit2/install/stm32_mavlink_interface/include/mavlink/c_library_v2/marsh/mavlink_msg_control_loading_axis.h\n'}
[10.411249] (stm32_mavlink_interface) StdoutLine: {'line': b'-- Up-to-date: /home/a/ws_moveit2/install/stm32_mavlink_interface/include/mavlink/c_library_v2/marsh/mavlink_msg_rexroth_motion_platform.h\n'}
[10.411277] (stm32_mavlink_interface) StdoutLine: {'line': b'-- Up-to-date: /home/a/ws_moveit2/install/stm32_mavlink_interface/include/mavlink/c_library_v2/marsh/mavlink_msg_motion_cue_extra.h\n'}
[10.411306] (stm32_mavlink_interface) StdoutLine: {'line': b'-- Up-to-date: /home/a/ws_moveit2/install/stm32_mavlink_interface/include/mavlink/c_library_v2/marsh/mavlink_msg_motion_platform_state.h\n'}
[10.411334] (stm32_mavlink_interface) StdoutLine: {'line': b'-- Up-to-date: /home/a/ws_moveit2/install/stm32_mavlink_interface/include/mavlink/c_library_v2/marsh/marsh.h\n'}
[10.411363] (stm32_mavlink_interface) StdoutLine: {'line': b'-- Up-to-date: /home/a/ws_moveit2/install/stm32_mavlink_interface/include/mavlink/c_library_v2/marsh/version.h\n'}
[10.411390] (stm32_mavlink_interface) StdoutLine: {'line': b'-- Up-to-date: /home/a/ws_moveit2/install/stm32_mavlink_interface/include/mavlink/c_library_v2/marsh/testsuite.h\n'}
[10.411419] (stm32_mavlink_interface) StdoutLine: {'line': b'-- Up-to-date: /home/a/ws_moveit2/install/stm32_mavlink_interface/include/mavlink/c_library_v2/marsh/mavlink.h\n'}
[10.411447] (stm32_mavlink_interface) StdoutLine: {'line': b'-- Up-to-date: /home/a/ws_moveit2/install/stm32_mavlink_interface/include/mavlink/c_library_v2/python_array_test\n'}
[10.411475] (stm32_mavlink_interface) StdoutLine: {'line': b'-- Up-to-date: /home/a/ws_moveit2/install/stm32_mavlink_interface/include/mavlink/c_library_v2/python_array_test/mavlink_msg_array_test_1.h\n'}
[10.411503] (stm32_mavlink_interface) StdoutLine: {'line': b'-- Up-to-date: /home/a/ws_moveit2/install/stm32_mavlink_interface/include/mavlink/c_library_v2/python_array_test/mavlink_msg_array_test_0.h\n'}
[10.411531] (stm32_mavlink_interface) StdoutLine: {'line': b'-- Up-to-date: /home/a/ws_moveit2/install/stm32_mavlink_interface/include/mavlink/c_library_v2/python_array_test/mavlink_msg_array_test_6.h\n'}
[10.411558] (stm32_mavlink_interface) StdoutLine: {'line': b'-- Up-to-date: /home/a/ws_moveit2/install/stm32_mavlink_interface/include/mavlink/c_library_v2/python_array_test/mavlink_msg_array_test_8.h\n'}
[10.411587] (stm32_mavlink_interface) StdoutLine: {'line': b'-- Up-to-date: /home/a/ws_moveit2/install/stm32_mavlink_interface/include/mavlink/c_library_v2/python_array_test/mavlink_msg_array_test_7.h\n'}
[10.411614] (stm32_mavlink_interface) StdoutLine: {'line': b'-- Up-to-date: /home/a/ws_moveit2/install/stm32_mavlink_interface/include/mavlink/c_library_v2/python_array_test/version.h\n'}
[10.411642] (stm32_mavlink_interface) StdoutLine: {'line': b'-- Up-to-date: /home/a/ws_moveit2/install/stm32_mavlink_interface/include/mavlink/c_library_v2/python_array_test/mavlink_msg_array_test_4.h\n'}
[10.411671] (stm32_mavlink_interface) StdoutLine: {'line': b'-- Up-to-date: /home/a/ws_moveit2/install/stm32_mavlink_interface/include/mavlink/c_library_v2/python_array_test/testsuite.h\n'}
[10.411698] (stm32_mavlink_interface) StdoutLine: {'line': b'-- Up-to-date: /home/a/ws_moveit2/install/stm32_mavlink_interface/include/mavlink/c_library_v2/python_array_test/mavlink_msg_array_test_5.h\n'}
[10.411726] (stm32_mavlink_interface) StdoutLine: {'line': b'-- Up-to-date: /home/a/ws_moveit2/install/stm32_mavlink_interface/include/mavlink/c_library_v2/python_array_test/mavlink.h\n'}
[10.411754] (stm32_mavlink_interface) StdoutLine: {'line': b'-- Up-to-date: /home/a/ws_moveit2/install/stm32_mavlink_interface/include/mavlink/c_library_v2/python_array_test/python_array_test.h\n'}
[10.411784] (stm32_mavlink_interface) StdoutLine: {'line': b'-- Up-to-date: /home/a/ws_moveit2/install/stm32_mavlink_interface/include/mavlink/c_library_v2/python_array_test/mavlink_msg_array_test_3.h\n'}
[10.411812] (stm32_mavlink_interface) StdoutLine: {'line': b'-- Up-to-date: /home/a/ws_moveit2/install/stm32_mavlink_interface/include/mavlink/c_library_v2/loweheiser\n'}
[10.411849] (stm32_mavlink_interface) StdoutLine: {'line': b'-- Up-to-date: /home/a/ws_moveit2/install/stm32_mavlink_interface/include/mavlink/c_library_v2/loweheiser/loweheiser.h\n'}
[10.411883] (stm32_mavlink_interface) StdoutLine: {'line': b'-- Up-to-date: /home/a/ws_moveit2/install/stm32_mavlink_interface/include/mavlink/c_library_v2/loweheiser/version.h\n'}
[10.411916] (stm32_mavlink_interface) StdoutLine: {'line': b'-- Up-to-date: /home/a/ws_moveit2/install/stm32_mavlink_interface/include/mavlink/c_library_v2/loweheiser/testsuite.h\n'}
[10.411945] (stm32_mavlink_interface) StdoutLine: {'line': b'-- Up-to-date: /home/a/ws_moveit2/install/stm32_mavlink_interface/include/mavlink/c_library_v2/loweheiser/mavlink_msg_loweheiser_gov_efi.h\n'}
[10.411973] (stm32_mavlink_interface) StdoutLine: {'line': b'-- Up-to-date: /home/a/ws_moveit2/install/stm32_mavlink_interface/include/mavlink/c_library_v2/loweheiser/mavlink.h\n'}
[10.412001] (stm32_mavlink_interface) StdoutLine: {'line': b'-- Up-to-date: /home/a/ws_moveit2/install/stm32_mavlink_interface/include/mavlink/c_library_v2/message_definitions\n'}
[10.412029] (stm32_mavlink_interface) StdoutLine: {'line': b'-- Up-to-date: /home/a/ws_moveit2/install/stm32_mavlink_interface/include/mavlink/c_library_v2/message_definitions/development.xml\n'}
[10.412058] (stm32_mavlink_interface) StdoutLine: {'line': b'-- Up-to-date: /home/a/ws_moveit2/install/stm32_mavlink_interface/include/mavlink/c_library_v2/message_definitions/cubepilot.xml\n'}
[10.412086] (stm32_mavlink_interface) StdoutLine: {'line': b'-- Up-to-date: /home/a/ws_moveit2/install/stm32_mavlink_interface/include/mavlink/c_library_v2/message_definitions/AVSSUAS.xml\n'}
[10.412237] (stm32_mavlink_interface) StdoutLine: {'line': b'-- Up-to-date: /home/a/ws_moveit2/install/stm32_mavlink_interface/include/mavlink/c_library_v2/message_definitions/icarous.xml\n'}
[10.412269] (stm32_mavlink_interface) StdoutLine: {'line': b'-- Up-to-date: /home/a/ws_moveit2/install/stm32_mavlink_interface/include/mavlink/c_library_v2/message_definitions/marsh.xml\n'}
[10.412299] (stm32_mavlink_interface) StdoutLine: {'line': b'-- Up-to-date: /home/a/ws_moveit2/install/stm32_mavlink_interface/include/mavlink/c_library_v2/message_definitions/all.xml\n'}
[10.412329] (stm32_mavlink_interface) StdoutLine: {'line': b'-- Up-to-date: /home/a/ws_moveit2/install/stm32_mavlink_interface/include/mavlink/c_library_v2/message_definitions/paparazzi.xml\n'}
[10.412358] (stm32_mavlink_interface) StdoutLine: {'line': b'-- Up-to-date: /home/a/ws_moveit2/install/stm32_mavlink_interface/include/mavlink/c_library_v2/message_definitions/ualberta.xml\n'}
[10.412388] (stm32_mavlink_interface) StdoutLine: {'line': b'-- Up-to-date: /home/a/ws_moveit2/install/stm32_mavlink_interface/include/mavlink/c_library_v2/message_definitions/ardupilotmega.xml\n'}
[10.412416] (stm32_mavlink_interface) StdoutLine: {'line': b'-- Up-to-date: /home/a/ws_moveit2/install/stm32_mavlink_interface/include/mavlink/c_library_v2/message_definitions/test.xml\n'}
[10.412444] (stm32_mavlink_interface) StdoutLine: {'line': b'-- Up-to-date: /home/a/ws_moveit2/install/stm32_mavlink_interface/include/mavlink/c_library_v2/message_definitions/matrixpilot.xml\n'}
[10.412474] (stm32_mavlink_interface) StdoutLine: {'line': b'-- Up-to-date: /home/a/ws_moveit2/install/stm32_mavlink_interface/include/mavlink/c_library_v2/message_definitions/common.xml\n'}
[10.412503] (stm32_mavlink_interface) StdoutLine: {'line': b'-- Up-to-date: /home/a/ws_moveit2/install/stm32_mavlink_interface/include/mavlink/c_library_v2/message_definitions/python_array_test.xml\n'}
[10.412532] (stm32_mavlink_interface) StdoutLine: {'line': b'-- Up-to-date: /home/a/ws_moveit2/install/stm32_mavlink_interface/include/mavlink/c_library_v2/message_definitions/ASLUAV.xml\n'}
[10.412574] (stm32_mavlink_interface) StdoutLine: {'line': b'-- Up-to-date: /home/a/ws_moveit2/install/stm32_mavlink_interface/include/mavlink/c_library_v2/message_definitions/csAirLink.xml\n'}
[10.412603] (stm32_mavlink_interface) StdoutLine: {'line': b'-- Up-to-date: /home/a/ws_moveit2/install/stm32_mavlink_interface/include/mavlink/c_library_v2/message_definitions/storm32.xml\n'}
[10.412632] (stm32_mavlink_interface) StdoutLine: {'line': b'-- Up-to-date: /home/a/ws_moveit2/install/stm32_mavlink_interface/include/mavlink/c_library_v2/message_definitions/loweheiser.xml\n'}
[10.412660] (stm32_mavlink_interface) StdoutLine: {'line': b'-- Up-to-date: /home/a/ws_moveit2/install/stm32_mavlink_interface/include/mavlink/c_library_v2/message_definitions/standard.xml\n'}
[10.412688] (stm32_mavlink_interface) StdoutLine: {'line': b'-- Up-to-date: /home/a/ws_moveit2/install/stm32_mavlink_interface/include/mavlink/c_library_v2/message_definitions/uAvionix.xml\n'}
[10.412717] (stm32_mavlink_interface) StdoutLine: {'line': b'-- Up-to-date: /home/a/ws_moveit2/install/stm32_mavlink_interface/include/mavlink/c_library_v2/message_definitions/minimal.xml\n'}
[10.412817] (stm32_mavlink_interface) StdoutLine: {'line': b'-- Up-to-date: /home/a/ws_moveit2/install/stm32_mavlink_interface/include/mavlink/c_library_v2/all\n'}
[10.412848] (stm32_mavlink_interface) StdoutLine: {'line': b'-- Up-to-date: /home/a/ws_moveit2/install/stm32_mavlink_interface/include/mavlink/c_library_v2/all/all.h\n'}
[10.413112] (stm32_mavlink_interface) StdoutLine: {'line': b'-- Up-to-date: /home/a/ws_moveit2/install/stm32_mavlink_interface/include/mavlink/c_library_v2/all/version.h\n'}
[10.413189] (stm32_mavlink_interface) StdoutLine: {'line': b'-- Up-to-date: /home/a/ws_moveit2/install/stm32_mavlink_interface/include/mavlink/c_library_v2/all/testsuite.h\n'}
[10.413239] (stm32_mavlink_interface) StdoutLine: {'line': b'-- Up-to-date: /home/a/ws_moveit2/install/stm32_mavlink_interface/include/mavlink/c_library_v2/all/mavlink.h\n'}
[10.413320] (stm32_mavlink_interface) StdoutLine: {'line': b'-- Up-to-date: /home/a/ws_moveit2/install/stm32_mavlink_interface/include/mavlink/c_library_v2/mavlink_conversions.h\n'}
[10.413368] (stm32_mavlink_interface) StdoutLine: {'line': b'-- Up-to-date: /home/a/ws_moveit2/install/stm32_mavlink_interface/include/mavlink/c_library_v2/ualberta\n'}
[10.413411] (stm32_mavlink_interface) StdoutLine: {'line': b'-- Up-to-date: /home/a/ws_moveit2/install/stm32_mavlink_interface/include/mavlink/c_library_v2/ualberta/ualberta.h\n'}
[10.413452] (stm32_mavlink_interface) StdoutLine: {'line': b'-- Up-to-date: /home/a/ws_moveit2/install/stm32_mavlink_interface/include/mavlink/c_library_v2/ualberta/mavlink_msg_nav_filter_bias.h\n'}
[10.413497] (stm32_mavlink_interface) StdoutLine: {'line': b'-- Up-to-date: /home/a/ws_moveit2/install/stm32_mavlink_interface/include/mavlink/c_library_v2/ualberta/mavlink_msg_radio_calibration.h\n'}
[10.413538] (stm32_mavlink_interface) StdoutLine: {'line': b'-- Up-to-date: /home/a/ws_moveit2/install/stm32_mavlink_interface/include/mavlink/c_library_v2/ualberta/version.h\n'}
[10.413579] (stm32_mavlink_interface) StdoutLine: {'line': b'-- Up-to-date: /home/a/ws_moveit2/install/stm32_mavlink_interface/include/mavlink/c_library_v2/ualberta/mavlink_msg_ualberta_sys_status.h\n'}
[10.413620] (stm32_mavlink_interface) StdoutLine: {'line': b'-- Up-to-date: /home/a/ws_moveit2/install/stm32_mavlink_interface/include/mavlink/c_library_v2/ualberta/testsuite.h\n'}
[10.413660] (stm32_mavlink_interface) StdoutLine: {'line': b'-- Up-to-date: /home/a/ws_moveit2/install/stm32_mavlink_interface/include/mavlink/c_library_v2/ualberta/mavlink.h\n'}
[10.413701] (stm32_mavlink_interface) StdoutLine: {'line': b'-- Up-to-date: /home/a/ws_moveit2/install/stm32_mavlink_interface/include/mavlink/c_library_v2/test\n'}
[10.413741] (stm32_mavlink_interface) StdoutLine: {'line': b'-- Up-to-date: /home/a/ws_moveit2/install/stm32_mavlink_interface/include/mavlink/c_library_v2/test/mavlink_msg_test_types.h\n'}
[10.413784] (stm32_mavlink_interface) StdoutLine: {'line': b'-- Up-to-date: /home/a/ws_moveit2/install/stm32_mavlink_interface/include/mavlink/c_library_v2/test/test.h\n'}
[10.413840] (stm32_mavlink_interface) StdoutLine: {'line': b'-- Up-to-date: /home/a/ws_moveit2/install/stm32_mavlink_interface/include/mavlink/c_library_v2/test/version.h\n'}
[10.413928] (stm32_mavlink_interface) StdoutLine: {'line': b'-- Up-to-date: /home/a/ws_moveit2/install/stm32_mavlink_interface/include/mavlink/c_library_v2/test/testsuite.h\n'}
[10.414007] (stm32_mavlink_interface) StdoutLine: {'line': b'-- Up-to-date: /home/a/ws_moveit2/install/stm32_mavlink_interface/include/mavlink/c_library_v2/test/mavlink.h\n'}
[10.414070] (stm32_mavlink_interface) StdoutLine: {'line': b'-- Up-to-date: /home/a/ws_moveit2/install/stm32_mavlink_interface/include/mavlink/c_library_v2/storm32\n'}
[10.414126] (stm32_mavlink_interface) StdoutLine: {'line': b'-- Up-to-date: /home/a/ws_moveit2/install/stm32_mavlink_interface/include/mavlink/c_library_v2/storm32/mavlink_msg_mlrs_radio_link_flow_control.h\n'}
[10.414231] (stm32_mavlink_interface) StdoutLine: {'line': b'-- Up-to-date: /home/a/ws_moveit2/install/stm32_mavlink_interface/include/mavlink/c_library_v2/storm32/mavlink_msg_storm32_gimbal_manager_control_pitchyaw.h\n'}
[10.414294] (stm32_mavlink_interface) StdoutLine: {'line': b'-- Up-to-date: /home/a/ws_moveit2/install/stm32_mavlink_interface/include/mavlink/c_library_v2/storm32/mavlink_msg_storm32_gimbal_manager_control.h\n'}
[10.414355] (stm32_mavlink_interface) StdoutLine: {'line': b'-- Up-to-date: /home/a/ws_moveit2/install/stm32_mavlink_interface/include/mavlink/c_library_v2/storm32/mavlink_msg_qshot_status.h\n'}
[10.414416] (stm32_mavlink_interface) StdoutLine: {'line': b'-- Up-to-date: /home/a/ws_moveit2/install/stm32_mavlink_interface/include/mavlink/c_library_v2/storm32/storm32.h\n'}
[10.414475] (stm32_mavlink_interface) StdoutLine: {'line': b'-- Up-to-date: /home/a/ws_moveit2/install/stm32_mavlink_interface/include/mavlink/c_library_v2/storm32/version.h\n'}
[10.414535] (stm32_mavlink_interface) StdoutLine: {'line': b'-- Up-to-date: /home/a/ws_moveit2/install/stm32_mavlink_interface/include/mavlink/c_library_v2/storm32/mavlink_msg_mlrs_radio_link_information.h\n'}
[10.414594] (stm32_mavlink_interface) StdoutLine: {'line': b'-- Up-to-date: /home/a/ws_moveit2/install/stm32_mavlink_interface/include/mavlink/c_library_v2/storm32/mavlink_msg_storm32_gimbal_manager_status.h\n'}
[10.414653] (stm32_mavlink_interface) StdoutLine: {'line': b'-- Up-to-date: /home/a/ws_moveit2/install/stm32_mavlink_interface/include/mavlink/c_library_v2/storm32/mavlink_msg_storm32_gimbal_manager_information.h\n'}
[10.414716] (stm32_mavlink_interface) StdoutLine: {'line': b'-- Up-to-date: /home/a/ws_moveit2/install/stm32_mavlink_interface/include/mavlink/c_library_v2/storm32/mavlink_msg_param_value_array.h\n'}
[10.414814] (stm32_mavlink_interface) StdoutLine: {'line': b'-- Up-to-date: /home/a/ws_moveit2/install/stm32_mavlink_interface/include/mavlink/c_library_v2/storm32/mavlink_msg_storm32_gimbal_manager_correct_roll.h\n'}
[10.414915] (stm32_mavlink_interface) StdoutLine: {'line': b'-- Up-to-date: /home/a/ws_moveit2/install/stm32_mavlink_interface/include/mavlink/c_library_v2/storm32/testsuite.h\n'}
[10.414988] (stm32_mavlink_interface) StdoutLine: {'line': b'-- Up-to-date: /home/a/ws_moveit2/install/stm32_mavlink_interface/include/mavlink/c_library_v2/storm32/mavlink_msg_frsky_passthrough_array.h\n'}
[10.415025] (stm32_mavlink_interface) StdoutLine: {'line': b'-- Up-to-date: /home/a/ws_moveit2/install/stm32_mavlink_interface/include/mavlink/c_library_v2/storm32/mavlink_msg_autopilot_state_for_gimbal_device_ext.h\n'}
[10.415059] (stm32_mavlink_interface) StdoutLine: {'line': b'-- Up-to-date: /home/a/ws_moveit2/install/stm32_mavlink_interface/include/mavlink/c_library_v2/storm32/mavlink_msg_mlrs_radio_link_stats.h\n'}
[10.415089] (stm32_mavlink_interface) StdoutLine: {'line': b'-- Up-to-date: /home/a/ws_moveit2/install/stm32_mavlink_interface/include/mavlink/c_library_v2/storm32/mavlink.h\n'}
[10.415120] (stm32_mavlink_interface) StdoutLine: {'line': b'-- Up-to-date: /home/a/ws_moveit2/install/stm32_mavlink_interface/include/mavlink/c_library_v2/mavlink_get_info.h\n'}
[10.415149] (stm32_mavlink_interface) StdoutLine: {'line': b'-- Up-to-date: /home/a/ws_moveit2/install/stm32_mavlink_interface/include/mavlink/c_library_v2/standard\n'}
[10.415178] (stm32_mavlink_interface) StdoutLine: {'line': b'-- Up-to-date: /home/a/ws_moveit2/install/stm32_mavlink_interface/include/mavlink/c_library_v2/standard/version.h\n'}
[10.415205] (stm32_mavlink_interface) StdoutLine: {'line': b'-- Up-to-date: /home/a/ws_moveit2/install/stm32_mavlink_interface/include/mavlink/c_library_v2/standard/mavlink_msg_autopilot_version.h\n'}
[10.415233] (stm32_mavlink_interface) StdoutLine: {'line': b'-- Up-to-date: /home/a/ws_moveit2/install/stm32_mavlink_interface/include/mavlink/c_library_v2/standard/testsuite.h\n'}
[10.415262] (stm32_mavlink_interface) StdoutLine: {'line': b'-- Up-to-date: /home/a/ws_moveit2/install/stm32_mavlink_interface/include/mavlink/c_library_v2/standard/standard.h\n'}
[10.415289] (stm32_mavlink_interface) StdoutLine: {'line': b'-- Up-to-date: /home/a/ws_moveit2/install/stm32_mavlink_interface/include/mavlink/c_library_v2/standard/mavlink.h\n'}
[10.415315] (stm32_mavlink_interface) StdoutLine: {'line': b'-- Up-to-date: /home/a/ws_moveit2/install/stm32_mavlink_interface/include/mavlink/c_library_v2/ardupilotmega\n'}
[10.415342] (stm32_mavlink_interface) StdoutLine: {'line': b'-- Up-to-date: /home/a/ws_moveit2/install/stm32_mavlink_interface/include/mavlink/c_library_v2/ardupilotmega/mavlink_msg_gopro_heartbeat.h\n'}
[10.415370] (stm32_mavlink_interface) StdoutLine: {'line': b'-- Up-to-date: /home/a/ws_moveit2/install/stm32_mavlink_interface/include/mavlink/c_library_v2/ardupilotmega/mavlink_msg_mag_cal_progress.h\n'}
[10.415396] (stm32_mavlink_interface) StdoutLine: {'line': b'-- Up-to-date: /home/a/ws_moveit2/install/stm32_mavlink_interface/include/mavlink/c_library_v2/ardupilotmega/mavlink_msg_wind.h\n'}
[10.415422] (stm32_mavlink_interface) StdoutLine: {'line': b'-- Up-to-date: /home/a/ws_moveit2/install/stm32_mavlink_interface/include/mavlink/c_library_v2/ardupilotmega/mavlink_msg_set_mag_offsets.h\n'}
[10.415450] (stm32_mavlink_interface) StdoutLine: {'line': b'-- Up-to-date: /home/a/ws_moveit2/install/stm32_mavlink_interface/include/mavlink/c_library_v2/ardupilotmega/mavlink_msg_gimbal_report.h\n'}
[10.415477] (stm32_mavlink_interface) StdoutLine: {'line': b'-- Up-to-date: /home/a/ws_moveit2/install/stm32_mavlink_interface/include/mavlink/c_library_v2/ardupilotmega/mavlink_msg_mount_status.h\n'}
[10.415514] (stm32_mavlink_interface) StdoutLine: {'line': b'-- Up-to-date: /home/a/ws_moveit2/install/stm32_mavlink_interface/include/mavlink/c_library_v2/ardupilotmega/mavlink_msg_device_op_read_reply.h\n'}
[10.415541] (stm32_mavlink_interface) StdoutLine: {'line': b'-- Up-to-date: /home/a/ws_moveit2/install/stm32_mavlink_interface/include/mavlink/c_library_v2/ardupilotmega/mavlink_msg_ahrs3.h\n'}
[10.415567] (stm32_mavlink_interface) StdoutLine: {'line': b'-- Up-to-date: /home/a/ws_moveit2/install/stm32_mavlink_interface/include/mavlink/c_library_v2/ardupilotmega/mavlink_msg_esc_telemetry_5_to_8.h\n'}
[10.415593] (stm32_mavlink_interface) StdoutLine: {'line': b'-- Up-to-date: /home/a/ws_moveit2/install/stm32_mavlink_interface/include/mavlink/c_library_v2/ardupilotmega/mavlink_msg_ahrs.h\n'}
[10.415619] (stm32_mavlink_interface) StdoutLine: {'line': b'-- Up-to-date: /home/a/ws_moveit2/install/stm32_mavlink_interface/include/mavlink/c_library_v2/ardupilotmega/mavlink_msg_rally_point.h\n'}
[10.415646] (stm32_mavlink_interface) StdoutLine: {'line': b'-- Up-to-date: /home/a/ws_moveit2/install/stm32_mavlink_interface/include/mavlink/c_library_v2/ardupilotmega/mavlink_msg_obstacle_distance_3d.h\n'}
[10.415672] (stm32_mavlink_interface) StdoutLine: {'line': b'-- Up-to-date: /home/a/ws_moveit2/install/stm32_mavlink_interface/include/mavlink/c_library_v2/ardupilotmega/mavlink_msg_fence_point.h\n'}
[10.415819] (stm32_mavlink_interface) StdoutLine: {'line': b'-- Up-to-date: /home/a/ws_moveit2/install/stm32_mavlink_interface/include/mavlink/c_library_v2/ardupilotmega/mavlink_msg_esc_telemetry_9_to_12.h\n'}
[10.415847] (stm32_mavlink_interface) StdoutLine: {'line': b'-- Up-to-date: /home/a/ws_moveit2/install/stm32_mavlink_interface/include/mavlink/c_library_v2/ardupilotmega/mavlink_msg_gopro_set_response.h\n'}
[10.415878] (stm32_mavlink_interface) StdoutLine: {'line': b'-- Up-to-date: /home/a/ws_moveit2/install/stm32_mavlink_interface/include/mavlink/c_library_v2/ardupilotmega/mavlink_msg_osd_param_show_config_reply.h\n'}
[10.415909] (stm32_mavlink_interface) StdoutLine: {'line': b'-- Up-to-date: /home/a/ws_moveit2/install/stm32_mavlink_interface/include/mavlink/c_library_v2/ardupilotmega/mavlink_msg_esc_telemetry_25_to_28.h\n'}
[10.415937] (stm32_mavlink_interface) StdoutLine: {'line': b'-- Up-to-date: /home/a/ws_moveit2/install/stm32_mavlink_interface/include/mavlink/c_library_v2/ardupilotmega/mavlink_msg_water_depth.h\n'}
[10.415964] (stm32_mavlink_interface) StdoutLine: {'line': b'-- Up-to-date: /home/a/ws_moveit2/install/stm32_mavlink_interface/include/mavlink/c_library_v2/ardupilotmega/mavlink_msg_ap_adc.h\n'}
[10.415992] (stm32_mavlink_interface) StdoutLine: {'line': b'-- Up-to-date: /home/a/ws_moveit2/install/stm32_mavlink_interface/include/mavlink/c_library_v2/ardupilotmega/mavlink_msg_autopilot_version_request.h\n'}
[10.416020] (stm32_mavlink_interface) StdoutLine: {'line': b'-- Up-to-date: /home/a/ws_moveit2/install/stm32_mavlink_interface/include/mavlink/c_library_v2/ardupilotmega/mavlink_msg_led_control.h\n'}
[10.416048] (stm32_mavlink_interface) StdoutLine: {'line': b'-- Up-to-date: /home/a/ws_moveit2/install/stm32_mavlink_interface/include/mavlink/c_library_v2/ardupilotmega/mavlink_msg_camera_feedback.h\n'}
[10.416074] (stm32_mavlink_interface) StdoutLine: {'line': b'-- Up-to-date: /home/a/ws_moveit2/install/stm32_mavlink_interface/include/mavlink/c_library_v2/ardupilotmega/mavlink_msg_sensor_offsets.h\n'}
[10.416101] (stm32_mavlink_interface) StdoutLine: {'line': b'-- Up-to-date: /home/a/ws_moveit2/install/stm32_mavlink_interface/include/mavlink/c_library_v2/ardupilotmega/mavlink_msg_rally_fetch_point.h\n'}
[10.416125] (stm32_mavlink_interface) StdoutLine: {'line': b'-- Up-to-date: /home/a/ws_moveit2/install/stm32_mavlink_interface/include/mavlink/c_library_v2/ardupilotmega/mavlink_msg_limits_status.h\n'}
[10.416361] (stm32_mavlink_interface) StdoutLine: {'line': b'-- Up-to-date: /home/a/ws_moveit2/install/stm32_mavlink_interface/include/mavlink/c_library_v2/ardupilotmega/mavlink_msg_fence_fetch_point.h\n'}
[10.416409] (stm32_mavlink_interface) StdoutLine: {'line': b'-- Up-to-date: /home/a/ws_moveit2/install/stm32_mavlink_interface/include/mavlink/c_library_v2/ardupilotmega/mavlink_msg_data32.h\n'}
[10.416461] (stm32_mavlink_interface) StdoutLine: {'line': b'-- Up-to-date: /home/a/ws_moveit2/install/stm32_mavlink_interface/include/mavlink/c_library_v2/ardupilotmega/mavlink_msg_mount_configure.h\n'}
[10.416502] (stm32_mavlink_interface) StdoutLine: {'line': b'-- Up-to-date: /home/a/ws_moveit2/install/stm32_mavlink_interface/include/mavlink/c_library_v2/ardupilotmega/mavlink_msg_gopro_get_response.h\n'}
[10.416541] (stm32_mavlink_interface) StdoutLine: {'line': b'-- Up-to-date: /home/a/ws_moveit2/install/stm32_mavlink_interface/include/mavlink/c_library_v2/ardupilotmega/mavlink_msg_data16.h\n'}
[10.416580] (stm32_mavlink_interface) StdoutLine: {'line': b'-- Up-to-date: /home/a/ws_moveit2/install/stm32_mavlink_interface/include/mavlink/c_library_v2/ardupilotmega/mavlink_msg_camera_status.h\n'}
[10.416619] (stm32_mavlink_interface) StdoutLine: {'line': b'-- Up-to-date: /home/a/ws_moveit2/install/stm32_mavlink_interface/include/mavlink/c_library_v2/ardupilotmega/mavlink_msg_secure_command.h\n'}
[10.416658] (stm32_mavlink_interface) StdoutLine: {'line': b'-- Up-to-date: /home/a/ws_moveit2/install/stm32_mavlink_interface/include/mavlink/c_library_v2/ardupilotmega/version.h\n'}
[10.416751] (stm32_mavlink_interface) StdoutLine: {'line': b'-- Up-to-date: /home/a/ws_moveit2/install/stm32_mavlink_interface/include/mavlink/c_library_v2/ardupilotmega/mavlink_msg_meminfo.h\n'}
[10.416793] (stm32_mavlink_interface) StdoutLine: {'line': b'-- Up-to-date: /home/a/ws_moveit2/install/stm32_mavlink_interface/include/mavlink/c_library_v2/ardupilotmega/mavlink_msg_deepstall.h\n'}
[10.416833] (stm32_mavlink_interface) StdoutLine: {'line': b'-- Up-to-date: /home/a/ws_moveit2/install/stm32_mavlink_interface/include/mavlink/c_library_v2/ardupilotmega/ardupilotmega.h\n'}
[10.416871] (stm32_mavlink_interface) StdoutLine: {'line': b'-- Up-to-date: /home/a/ws_moveit2/install/stm32_mavlink_interface/include/mavlink/c_library_v2/ardupilotmega/mavlink_msg_compassmot_status.h\n'}
[10.416992] (stm32_mavlink_interface) StdoutLine: {'line': b'-- Up-to-date: /home/a/ws_moveit2/install/stm32_mavlink_interface/include/mavlink/c_library_v2/ardupilotmega/mavlink_msg_rpm.h\n'}
[10.417103] (stm32_mavlink_interface) StdoutLine: {'line': b'-- Up-to-date: /home/a/ws_moveit2/install/stm32_mavlink_interface/include/mavlink/c_library_v2/ardupilotmega/mavlink_msg_gopro_get_request.h\n'}
[10.417172] (stm32_mavlink_interface) StdoutLine: {'line': b'-- Up-to-date: /home/a/ws_moveit2/install/stm32_mavlink_interface/include/mavlink/c_library_v2/ardupilotmega/mavlink_msg_vision_position_delta.h\n'}
[10.417234] (stm32_mavlink_interface) StdoutLine: {'line': b'-- Up-to-date: /home/a/ws_moveit2/install/stm32_mavlink_interface/include/mavlink/c_library_v2/ardupilotmega/mavlink_msg_osd_param_show_config.h\n'}
[10.417295] (stm32_mavlink_interface) StdoutLine: {'line': b'-- Up-to-date: /home/a/ws_moveit2/install/stm32_mavlink_interface/include/mavlink/c_library_v2/ardupilotmega/mavlink_msg_remote_log_block_status.h\n'}
[10.417354] (stm32_mavlink_interface) StdoutLine: {'line': b'-- Up-to-date: /home/a/ws_moveit2/install/stm32_mavlink_interface/include/mavlink/c_library_v2/ardupilotmega/mavlink_msg_esc_telemetry_17_to_20.h\n'}
[10.417412] (stm32_mavlink_interface) StdoutLine: {'line': b'-- Up-to-date: /home/a/ws_moveit2/install/stm32_mavlink_interface/include/mavlink/c_library_v2/ardupilotmega/mavlink_msg_rangefinder.h\n'}
[10.417471] (stm32_mavlink_interface) StdoutLine: {'line': b'-- Up-to-date: /home/a/ws_moveit2/install/stm32_mavlink_interface/include/mavlink/c_library_v2/ardupilotmega/mavlink_msg_hwstatus.h\n'}
[10.417529] (stm32_mavlink_interface) StdoutLine: {'line': b'-- Up-to-date: /home/a/ws_moveit2/install/stm32_mavlink_interface/include/mavlink/c_library_v2/ardupilotmega/mavlink_msg_gimbal_torque_cmd_report.h\n'}
[10.417596] (stm32_mavlink_interface) StdoutLine: {'line': b'-- Up-to-date: /home/a/ws_moveit2/install/stm32_mavlink_interface/include/mavlink/c_library_v2/ardupilotmega/mavlink_msg_device_op_write_reply.h\n'}
[10.417653] (stm32_mavlink_interface) StdoutLine: {'line': b'-- Up-to-date: /home/a/ws_moveit2/install/stm32_mavlink_interface/include/mavlink/c_library_v2/ardupilotmega/mavlink_msg_aoa_ssa.h\n'}
[10.417708] (stm32_mavlink_interface) StdoutLine: {'line': b'-- Up-to-date: /home/a/ws_moveit2/install/stm32_mavlink_interface/include/mavlink/c_library_v2/ardupilotmega/mavlink_msg_data96.h\n'}
[10.417755] (stm32_mavlink_interface) StdoutLine: {'line': b'-- Up-to-date: /home/a/ws_moveit2/install/stm32_mavlink_interface/include/mavlink/c_library_v2/ardupilotmega/mavlink_msg_battery2.h\n'}
[10.417799] (stm32_mavlink_interface) StdoutLine: {'line': b'-- Up-to-date: /home/a/ws_moveit2/install/stm32_mavlink_interface/include/mavlink/c_library_v2/ardupilotmega/mavlink_msg_ahrs2.h\n'}
[10.417845] (stm32_mavlink_interface) StdoutLine: {'line': b'-- Up-to-date: /home/a/ws_moveit2/install/stm32_mavlink_interface/include/mavlink/c_library_v2/ardupilotmega/mavlink_msg_esc_telemetry_29_to_32.h\n'}
[10.417898] (stm32_mavlink_interface) StdoutLine: {'line': b'-- Up-to-date: /home/a/ws_moveit2/install/stm32_mavlink_interface/include/mavlink/c_library_v2/ardupilotmega/mavlink_msg_adap_tuning.h\n'}
[10.417981] (stm32_mavlink_interface) StdoutLine: {'line': b'-- Up-to-date: /home/a/ws_moveit2/install/stm32_mavlink_interface/include/mavlink/c_library_v2/ardupilotmega/mavlink_msg_mount_control.h\n'}
[10.418038] (stm32_mavlink_interface) StdoutLine: {'line': b'-- Up-to-date: /home/a/ws_moveit2/install/stm32_mavlink_interface/include/mavlink/c_library_v2/ardupilotmega/mavlink_msg_device_op_read.h\n'}
[10.418085] (stm32_mavlink_interface) StdoutLine: {'line': b'-- Up-to-date: /home/a/ws_moveit2/install/stm32_mavlink_interface/include/mavlink/c_library_v2/ardupilotmega/mavlink_msg_digicam_control.h\n'}
[10.418130] (stm32_mavlink_interface) StdoutLine: {'line': b'-- Up-to-date: /home/a/ws_moveit2/install/stm32_mavlink_interface/include/mavlink/c_library_v2/ardupilotmega/testsuite.h\n'}
[10.418179] (stm32_mavlink_interface) StdoutLine: {'line': b'-- Up-to-date: /home/a/ws_moveit2/install/stm32_mavlink_interface/include/mavlink/c_library_v2/ardupilotmega/mavlink_msg_esc_telemetry_13_to_16.h\n'}
[10.418223] (stm32_mavlink_interface) StdoutLine: {'line': b'-- Up-to-date: /home/a/ws_moveit2/install/stm32_mavlink_interface/include/mavlink/c_library_v2/ardupilotmega/mavlink_msg_osd_param_config_reply.h\n'}
[10.418267] (stm32_mavlink_interface) StdoutLine: {'line': b'-- Up-to-date: /home/a/ws_moveit2/install/stm32_mavlink_interface/include/mavlink/c_library_v2/ardupilotmega/mavlink_msg_ekf_status_report.h\n'}
[10.418311] (stm32_mavlink_interface) StdoutLine: {'line': b'-- Up-to-date: /home/a/ws_moveit2/install/stm32_mavlink_interface/include/mavlink/c_library_v2/ardupilotmega/mavlink_msg_secure_command_reply.h\n'}
[10.418356] (stm32_mavlink_interface) StdoutLine: {'line': b'-- Up-to-date: /home/a/ws_moveit2/install/stm32_mavlink_interface/include/mavlink/c_library_v2/ardupilotmega/mavlink_msg_digicam_configure.h\n'}
[10.418401] (stm32_mavlink_interface) StdoutLine: {'line': b'-- Up-to-date: /home/a/ws_moveit2/install/stm32_mavlink_interface/include/mavlink/c_library_v2/ardupilotmega/mavlink_msg_simstate.h\n'}
[10.418444] (stm32_mavlink_interface) StdoutLine: {'line': b'-- Up-to-date: /home/a/ws_moveit2/install/stm32_mavlink_interface/include/mavlink/c_library_v2/ardupilotmega/mavlink_msg_pid_tuning.h\n'}
[10.418489] (stm32_mavlink_interface) StdoutLine: {'line': b'-- Up-to-date: /home/a/ws_moveit2/install/stm32_mavlink_interface/include/mavlink/c_library_v2/ardupilotmega/mavlink.h\n'}
[10.418575] (stm32_mavlink_interface) StdoutLine: {'line': b'-- Up-to-date: /home/a/ws_moveit2/install/stm32_mavlink_interface/include/mavlink/c_library_v2/ardupilotmega/mavlink_msg_device_op_write.h\n'}
[10.418621] (stm32_mavlink_interface) StdoutLine: {'line': b'-- Up-to-date: /home/a/ws_moveit2/install/stm32_mavlink_interface/include/mavlink/c_library_v2/ardupilotmega/mavlink_msg_esc_telemetry_21_to_24.h\n'}
[10.418666] (stm32_mavlink_interface) StdoutLine: {'line': b'-- Up-to-date: /home/a/ws_moveit2/install/stm32_mavlink_interface/include/mavlink/c_library_v2/ardupilotmega/mavlink_msg_mcu_status.h\n'}
[10.418711] (stm32_mavlink_interface) StdoutLine: {'line': b'-- Up-to-date: /home/a/ws_moveit2/install/stm32_mavlink_interface/include/mavlink/c_library_v2/ardupilotmega/mavlink_msg_gopro_set_request.h\n'}
[10.418757] (stm32_mavlink_interface) StdoutLine: {'line': b'-- Up-to-date: /home/a/ws_moveit2/install/stm32_mavlink_interface/include/mavlink/c_library_v2/ardupilotmega/mavlink_msg_esc_telemetry_1_to_4.h\n'}
[10.418800] (stm32_mavlink_interface) StdoutLine: {'line': b'-- Up-to-date: /home/a/ws_moveit2/install/stm32_mavlink_interface/include/mavlink/c_library_v2/ardupilotmega/mavlink_msg_osd_param_config.h\n'}
[10.418843] (stm32_mavlink_interface) StdoutLine: {'line': b'-- Up-to-date: /home/a/ws_moveit2/install/stm32_mavlink_interface/include/mavlink/c_library_v2/ardupilotmega/mavlink_msg_gimbal_control.h\n'}
[10.418893] (stm32_mavlink_interface) StdoutLine: {'line': b'-- Up-to-date: /home/a/ws_moveit2/install/stm32_mavlink_interface/include/mavlink/c_library_v2/ardupilotmega/mavlink_msg_data64.h\n'}
[10.418989] (stm32_mavlink_interface) StdoutLine: {'line': b'-- Up-to-date: /home/a/ws_moveit2/install/stm32_mavlink_interface/include/mavlink/c_library_v2/ardupilotmega/mavlink_msg_radio.h\n'}
[10.419042] (stm32_mavlink_interface) StdoutLine: {'line': b'-- Up-to-date: /home/a/ws_moveit2/install/stm32_mavlink_interface/include/mavlink/c_library_v2/ardupilotmega/mavlink_msg_remote_log_data_block.h\n'}
[10.419091] (stm32_mavlink_interface) StdoutLine: {'line': b'-- Up-to-date: /home/a/ws_moveit2/install/stm32_mavlink_interface/include/mavlink/c_library_v2/ardupilotmega/mavlink_msg_airspeed_autocal.h\n'}
[10.419139] (stm32_mavlink_interface) StdoutLine: {'line': b'-- Up-to-date: /home/a/ws_moveit2/install/stm32_mavlink_interface/include/mavlink/c_library_v2/uAvionix\n'}
[10.419186] (stm32_mavlink_interface) StdoutLine: {'line': b'-- Up-to-date: /home/a/ws_moveit2/install/stm32_mavlink_interface/include/mavlink/c_library_v2/uAvionix/mavlink_msg_uavionix_adsb_transceiver_health_report.h\n'}
[10.419232] (stm32_mavlink_interface) StdoutLine: {'line': b'-- Up-to-date: /home/a/ws_moveit2/install/stm32_mavlink_interface/include/mavlink/c_library_v2/uAvionix/mavlink_msg_uavionix_adsb_out_cfg_registration.h\n'}
[10.419278] (stm32_mavlink_interface) StdoutLine: {'line': b'-- Up-to-date: /home/a/ws_moveit2/install/stm32_mavlink_interface/include/mavlink/c_library_v2/uAvionix/mavlink_msg_uavionix_adsb_out_status.h\n'}
[10.419322] (stm32_mavlink_interface) StdoutLine: {'line': b'-- Up-to-date: /home/a/ws_moveit2/install/stm32_mavlink_interface/include/mavlink/c_library_v2/uAvionix/version.h\n'}
[10.419367] (stm32_mavlink_interface) StdoutLine: {'line': b'-- Up-to-date: /home/a/ws_moveit2/install/stm32_mavlink_interface/include/mavlink/c_library_v2/uAvionix/mavlink_msg_uavionix_adsb_out_cfg_flightid.h\n'}
[10.419412] (stm32_mavlink_interface) StdoutLine: {'line': b'-- Up-to-date: /home/a/ws_moveit2/install/stm32_mavlink_interface/include/mavlink/c_library_v2/uAvionix/mavlink_msg_uavionix_adsb_out_cfg.h\n'}
[10.419456] (stm32_mavlink_interface) StdoutLine: {'line': b'-- Up-to-date: /home/a/ws_moveit2/install/stm32_mavlink_interface/include/mavlink/c_library_v2/uAvionix/testsuite.h\n'}
[10.419500] (stm32_mavlink_interface) StdoutLine: {'line': b'-- Up-to-date: /home/a/ws_moveit2/install/stm32_mavlink_interface/include/mavlink/c_library_v2/uAvionix/mavlink_msg_uavionix_adsb_get.h\n'}
[10.419553] (stm32_mavlink_interface) StdoutLine: {'line': b'-- Up-to-date: /home/a/ws_moveit2/install/stm32_mavlink_interface/include/mavlink/c_library_v2/uAvionix/mavlink_msg_uavionix_adsb_out_dynamic.h\n'}
[10.419605] (stm32_mavlink_interface) StdoutLine: {'line': b'-- Up-to-date: /home/a/ws_moveit2/install/stm32_mavlink_interface/include/mavlink/c_library_v2/uAvionix/mavlink.h\n'}
[10.419743] (stm32_mavlink_interface) StdoutLine: {'line': b'-- Up-to-date: /home/a/ws_moveit2/install/stm32_mavlink_interface/include/mavlink/c_library_v2/uAvionix/mavlink_msg_uavionix_adsb_out_control.h\n'}
[10.419793] (stm32_mavlink_interface) StdoutLine: {'line': b'-- Up-to-date: /home/a/ws_moveit2/install/stm32_mavlink_interface/include/mavlink/c_library_v2/uAvionix/uAvionix.h\n'}
[10.419821] (stm32_mavlink_interface) StdoutLine: {'line': b'-- Up-to-date: /home/a/ws_moveit2/install/stm32_mavlink_interface/include/mavlink/c_library_v2/development\n'}
[10.419849] (stm32_mavlink_interface) StdoutLine: {'line': b'-- Up-to-date: /home/a/ws_moveit2/install/stm32_mavlink_interface/include/mavlink/c_library_v2/development/development.h\n'}
[10.419881] (stm32_mavlink_interface) StdoutLine: {'line': b'-- Up-to-date: /home/a/ws_moveit2/install/stm32_mavlink_interface/include/mavlink/c_library_v2/development/mavlink_msg_battery_status_v2.h\n'}
[10.419912] (stm32_mavlink_interface) StdoutLine: {'line': b'-- Up-to-date: /home/a/ws_moveit2/install/stm32_mavlink_interface/include/mavlink/c_library_v2/development/mavlink_msg_control_status.h\n'}
[10.419939] (stm32_mavlink_interface) StdoutLine: {'line': b'-- Up-to-date: /home/a/ws_moveit2/install/stm32_mavlink_interface/include/mavlink/c_library_v2/development/mavlink_msg_gnss_integrity.h\n'}
[10.419969] (stm32_mavlink_interface) StdoutLine: {'line': b'-- Up-to-date: /home/a/ws_moveit2/install/stm32_mavlink_interface/include/mavlink/c_library_v2/development/mavlink_msg_airspeed.h\n'}
[10.420001] (stm32_mavlink_interface) StdoutLine: {'line': b'-- Up-to-date: /home/a/ws_moveit2/install/stm32_mavlink_interface/include/mavlink/c_library_v2/development/mavlink_msg_global_position.h\n'}
[10.420028] (stm32_mavlink_interface) StdoutLine: {'line': b'-- Up-to-date: /home/a/ws_moveit2/install/stm32_mavlink_interface/include/mavlink/c_library_v2/development/version.h\n'}
[10.420054] (stm32_mavlink_interface) StdoutLine: {'line': b'-- Up-to-date: /home/a/ws_moveit2/install/stm32_mavlink_interface/include/mavlink/c_library_v2/development/mavlink_msg_velocity_limits.h\n'}
[10.420080] (stm32_mavlink_interface) StdoutLine: {'line': b'-- Up-to-date: /home/a/ws_moveit2/install/stm32_mavlink_interface/include/mavlink/c_library_v2/development/mavlink_msg_target_absolute.h\n'}
[10.420106] (stm32_mavlink_interface) StdoutLine: {'line': b'-- Up-to-date: /home/a/ws_moveit2/install/stm32_mavlink_interface/include/mavlink/c_library_v2/development/mavlink_msg_target_relative.h\n'}
[10.420132] (stm32_mavlink_interface) StdoutLine: {'line': b'-- Up-to-date: /home/a/ws_moveit2/install/stm32_mavlink_interface/include/mavlink/c_library_v2/development/testsuite.h\n'}
[10.420158] (stm32_mavlink_interface) StdoutLine: {'line': b'-- Up-to-date: /home/a/ws_moveit2/install/stm32_mavlink_interface/include/mavlink/c_library_v2/development/mavlink_msg_figure_eight_execution_status.h\n'}
[10.420183] (stm32_mavlink_interface) StdoutLine: {'line': b'-- Up-to-date: /home/a/ws_moveit2/install/stm32_mavlink_interface/include/mavlink/c_library_v2/development/mavlink_msg_radio_rc_channels.h\n'}
[10.420225] (stm32_mavlink_interface) StdoutLine: {'line': b'-- Up-to-date: /home/a/ws_moveit2/install/stm32_mavlink_interface/include/mavlink/c_library_v2/development/mavlink_msg_set_velocity_limits.h\n'}
[10.420251] (stm32_mavlink_interface) StdoutLine: {'line': b'-- Up-to-date: /home/a/ws_moveit2/install/stm32_mavlink_interface/include/mavlink/c_library_v2/development/mavlink_msg_group_start.h\n'}
[10.420313] (stm32_mavlink_interface) StdoutLine: {'line': b'-- Up-to-date: /home/a/ws_moveit2/install/stm32_mavlink_interface/include/mavlink/c_library_v2/development/mavlink.h\n'}
[10.420341] (stm32_mavlink_interface) StdoutLine: {'line': b'-- Up-to-date: /home/a/ws_moveit2/install/stm32_mavlink_interface/include/mavlink/c_library_v2/development/mavlink_msg_group_end.h\n'}
[10.420368] (stm32_mavlink_interface) StdoutLine: {'line': b'-- Up-to-date: /home/a/ws_moveit2/install/stm32_mavlink_interface/include/mavlink/c_library_v2/.git\n'}
[10.420398] (stm32_mavlink_interface) StdoutLine: {'line': b'-- Up-to-date: /home/a/ws_moveit2/install/stm32_mavlink_interface/include/mavlink/c_library_v2/.git/branches\n'}
[10.420425] (stm32_mavlink_interface) StdoutLine: {'line': b'-- Up-to-date: /home/a/ws_moveit2/install/stm32_mavlink_interface/include/mavlink/c_library_v2/.git/hooks\n'}
[10.420452] (stm32_mavlink_interface) StdoutLine: {'line': b'-- Up-to-date: /home/a/ws_moveit2/install/stm32_mavlink_interface/include/mavlink/c_library_v2/.git/hooks/pre-receive.sample\n'}
[10.420485] (stm32_mavlink_interface) StdoutLine: {'line': b'-- Up-to-date: /home/a/ws_moveit2/install/stm32_mavlink_interface/include/mavlink/c_library_v2/.git/hooks/post-update.sample\n'}
[10.420512] (stm32_mavlink_interface) StdoutLine: {'line': b'-- Up-to-date: /home/a/ws_moveit2/install/stm32_mavlink_interface/include/mavlink/c_library_v2/.git/hooks/pre-rebase.sample\n'}
[10.420539] (stm32_mavlink_interface) StdoutLine: {'line': b'-- Up-to-date: /home/a/ws_moveit2/install/stm32_mavlink_interface/include/mavlink/c_library_v2/.git/hooks/applypatch-msg.sample\n'}
[10.420565] (stm32_mavlink_interface) StdoutLine: {'line': b'-- Up-to-date: /home/a/ws_moveit2/install/stm32_mavlink_interface/include/mavlink/c_library_v2/.git/hooks/commit-msg.sample\n'}
[10.420592] (stm32_mavlink_interface) StdoutLine: {'line': b'-- Up-to-date: /home/a/ws_moveit2/install/stm32_mavlink_interface/include/mavlink/c_library_v2/.git/hooks/update.sample\n'}
[10.420622] (stm32_mavlink_interface) StdoutLine: {'line': b'-- Up-to-date: /home/a/ws_moveit2/install/stm32_mavlink_interface/include/mavlink/c_library_v2/.git/hooks/prepare-commit-msg.sample\n'}
[10.420648] (stm32_mavlink_interface) StdoutLine: {'line': b'-- Up-to-date: /home/a/ws_moveit2/install/stm32_mavlink_interface/include/mavlink/c_library_v2/.git/hooks/push-to-checkout.sample\n'}
[10.420675] (stm32_mavlink_interface) StdoutLine: {'line': b'-- Up-to-date: /home/a/ws_moveit2/install/stm32_mavlink_interface/include/mavlink/c_library_v2/.git/hooks/pre-commit.sample\n'}
[10.420841] (stm32_mavlink_interface) StdoutLine: {'line': b'-- Up-to-date: /home/a/ws_moveit2/install/stm32_mavlink_interface/include/mavlink/c_library_v2/.git/hooks/pre-merge-commit.sample\n'}
[10.420937] (stm32_mavlink_interface) StdoutLine: {'line': b'-- Up-to-date: /home/a/ws_moveit2/install/stm32_mavlink_interface/include/mavlink/c_library_v2/.git/hooks/pre-push.sample\n'}
[10.420978] (stm32_mavlink_interface) StdoutLine: {'line': b'-- Up-to-date: /home/a/ws_moveit2/install/stm32_mavlink_interface/include/mavlink/c_library_v2/.git/hooks/fsmonitor-watchman.sample\n'}
[10.421008] (stm32_mavlink_interface) StdoutLine: {'line': b'-- Up-to-date: /home/a/ws_moveit2/install/stm32_mavlink_interface/include/mavlink/c_library_v2/.git/hooks/pre-applypatch.sample\n'}
[10.421036] (stm32_mavlink_interface) StdoutLine: {'line': b'-- Up-to-date: /home/a/ws_moveit2/install/stm32_mavlink_interface/include/mavlink/c_library_v2/.git/packed-refs\n'}
[10.421064] (stm32_mavlink_interface) StdoutLine: {'line': b'-- Up-to-date: /home/a/ws_moveit2/install/stm32_mavlink_interface/include/mavlink/c_library_v2/.git/refs\n'}
[10.421090] (stm32_mavlink_interface) StdoutLine: {'line': b'-- Up-to-date: /home/a/ws_moveit2/install/stm32_mavlink_interface/include/mavlink/c_library_v2/.git/refs/remotes\n'}
[10.421118] (stm32_mavlink_interface) StdoutLine: {'line': b'-- Up-to-date: /home/a/ws_moveit2/install/stm32_mavlink_interface/include/mavlink/c_library_v2/.git/refs/remotes/origin\n'}
[10.421392] (stm32_mavlink_interface) StdoutLine: {'line': b'-- Up-to-date: /home/a/ws_moveit2/install/stm32_mavlink_interface/include/mavlink/c_library_v2/.git/refs/remotes/origin/HEAD\n'}
[10.421424] (stm32_mavlink_interface) StdoutLine: {'line': b'-- Up-to-date: /home/a/ws_moveit2/install/stm32_mavlink_interface/include/mavlink/c_library_v2/.git/refs/heads\n'}
[10.421540] (stm32_mavlink_interface) StdoutLine: {'line': b'-- Up-to-date: /home/a/ws_moveit2/install/stm32_mavlink_interface/include/mavlink/c_library_v2/.git/refs/heads/master\n'}
[10.421586] (stm32_mavlink_interface) StdoutLine: {'line': b'-- Up-to-date: /home/a/ws_moveit2/install/stm32_mavlink_interface/include/mavlink/c_library_v2/.git/refs/tags\n'}
[10.421639] (stm32_mavlink_interface) StdoutLine: {'line': b'-- Up-to-date: /home/a/ws_moveit2/install/stm32_mavlink_interface/include/mavlink/c_library_v2/.git/config\n'}
[10.421669] (stm32_mavlink_interface) StdoutLine: {'line': b'-- Up-to-date: /home/a/ws_moveit2/install/stm32_mavlink_interface/include/mavlink/c_library_v2/.git/info\n'}
[10.421696] (stm32_mavlink_interface) StdoutLine: {'line': b'-- Up-to-date: /home/a/ws_moveit2/install/stm32_mavlink_interface/include/mavlink/c_library_v2/.git/info/exclude\n'}
[10.421726] (stm32_mavlink_interface) StdoutLine: {'line': b'-- Up-to-date: /home/a/ws_moveit2/install/stm32_mavlink_interface/include/mavlink/c_library_v2/.git/index\n'}
[10.421753] (stm32_mavlink_interface) StdoutLine: {'line': b'-- Up-to-date: /home/a/ws_moveit2/install/stm32_mavlink_interface/include/mavlink/c_library_v2/.git/logs\n'}
[10.421778] (stm32_mavlink_interface) StdoutLine: {'line': b'-- Up-to-date: /home/a/ws_moveit2/install/stm32_mavlink_interface/include/mavlink/c_library_v2/.git/logs/refs\n'}
[10.421805] (stm32_mavlink_interface) StdoutLine: {'line': b'-- Up-to-date: /home/a/ws_moveit2/install/stm32_mavlink_interface/include/mavlink/c_library_v2/.git/logs/refs/remotes\n'}
[10.421833] (stm32_mavlink_interface) StdoutLine: {'line': b'-- Up-to-date: /home/a/ws_moveit2/install/stm32_mavlink_interface/include/mavlink/c_library_v2/.git/logs/refs/remotes/origin\n'}
[10.421861] (stm32_mavlink_interface) StdoutLine: {'line': b'-- Up-to-date: /home/a/ws_moveit2/install/stm32_mavlink_interface/include/mavlink/c_library_v2/.git/logs/refs/remotes/origin/HEAD\n'}
[10.421895] (stm32_mavlink_interface) StdoutLine: {'line': b'-- Up-to-date: /home/a/ws_moveit2/install/stm32_mavlink_interface/include/mavlink/c_library_v2/.git/logs/refs/heads\n'}
[10.421943] (stm32_mavlink_interface) StdoutLine: {'line': b'-- Up-to-date: /home/a/ws_moveit2/install/stm32_mavlink_interface/include/mavlink/c_library_v2/.git/logs/refs/heads/master\n'}
[10.421972] (stm32_mavlink_interface) StdoutLine: {'line': b'-- Up-to-date: /home/a/ws_moveit2/install/stm32_mavlink_interface/include/mavlink/c_library_v2/.git/logs/HEAD\n'}
[10.421998] (stm32_mavlink_interface) StdoutLine: {'line': b'-- Up-to-date: /home/a/ws_moveit2/install/stm32_mavlink_interface/include/mavlink/c_library_v2/.git/HEAD\n'}
[10.422071] (stm32_mavlink_interface) StdoutLine: {'line': b'-- Up-to-date: /home/a/ws_moveit2/install/stm32_mavlink_interface/include/mavlink/c_library_v2/.git/objects\n'}
[10.422222] (stm32_mavlink_interface) StdoutLine: {'line': b'-- Up-to-date: /home/a/ws_moveit2/install/stm32_mavlink_interface/include/mavlink/c_library_v2/.git/objects/info\n'}
[10.422291] (stm32_mavlink_interface) StdoutLine: {'line': b'-- Up-to-date: /home/a/ws_moveit2/install/stm32_mavlink_interface/include/mavlink/c_library_v2/.git/objects/pack\n'}
[10.422352] (stm32_mavlink_interface) StdoutLine: {'line': b'-- Up-to-date: /home/a/ws_moveit2/install/stm32_mavlink_interface/include/mavlink/c_library_v2/.git/objects/pack/pack-885579ba7db053fdc05595b6629040fabfb627f7.idx\n'}
[10.422412] (stm32_mavlink_interface) StdoutLine: {'line': b'-- Up-to-date: /home/a/ws_moveit2/install/stm32_mavlink_interface/include/mavlink/c_library_v2/.git/objects/pack/pack-885579ba7db053fdc05595b6629040fabfb627f7.pack\n'}
[10.422472] (stm32_mavlink_interface) StdoutLine: {'line': b'-- Up-to-date: /home/a/ws_moveit2/install/stm32_mavlink_interface/include/mavlink/c_library_v2/.git/description\n'}
[10.422528] (stm32_mavlink_interface) StdoutLine: {'line': b'-- Up-to-date: /home/a/ws_moveit2/install/stm32_mavlink_interface/include/stm32_mavlink_interface\n'}
[10.422584] (stm32_mavlink_interface) StdoutLine: {'line': b'-- Up-to-date: /home/a/ws_moveit2/install/stm32_mavlink_interface/include/stm32_mavlink_interface/servo_controller.hpp\n'}
[10.422640] (stm32_mavlink_interface) StdoutLine: {'line': b'-- Up-to-date: /home/a/ws_moveit2/install/stm32_mavlink_interface/include/stm32_mavlink_interface/encoder_interface.hpp\n'}
[10.422695] (stm32_mavlink_interface) StdoutLine: {'line': b'-- Up-to-date: /home/a/ws_moveit2/install/stm32_mavlink_interface/include/stm32_mavlink_interface/mavlink_serial_node.hpp\n'}
[10.422779] (stm32_mavlink_interface) StdoutLine: {'line': b'-- Up-to-date: /home/a/ws_moveit2/install/stm32_mavlink_interface/include/stm32_mavlink_interface/robomaster_controller.hpp\n'}
[10.422838] (stm32_mavlink_interface) StdoutLine: {'line': b'-- Up-to-date: /home/a/ws_moveit2/install/stm32_mavlink_interface/include/stm32_mavlink_interface/robomaster\n'}
[10.422937] (stm32_mavlink_interface) StdoutLine: {'line': b'-- Up-to-date: /home/a/ws_moveit2/install/stm32_mavlink_interface/include/stm32_mavlink_interface/robomaster/RoboMasterController.hpp\n'}
[10.423034] (stm32_mavlink_interface) StdoutLine: {'line': b'-- Installing: /home/a/ws_moveit2/install/stm32_mavlink_interface/include/stm32_mavlink_interface/robomaster/RoboMasterMotor.hpp\n'}
[10.423093] (stm32_mavlink_interface) StdoutLine: {'line': b'-- Installing: /home/a/ws_moveit2/install/stm32_mavlink_interface/include/stm32_mavlink_interface/robomaster/RoboMasterCANManager.hpp\n'}
[10.423150] (stm32_mavlink_interface) StdoutLine: {'line': b'-- Installing: /home/a/ws_moveit2/install/stm32_mavlink_interface/include/stm32_mavlink_interface/robomaster/MAVLinkRoboMasterController.hpp\n'}
[10.423216] (stm32_mavlink_interface) StdoutLine: {'line': b'-- Up-to-date: /home/a/ws_moveit2/install/stm32_mavlink_interface/share/ament_index/resource_index/package_run_dependencies/stm32_mavlink_interface\n'}
[10.423277] (stm32_mavlink_interface) StdoutLine: {'line': b'-- Up-to-date: /home/a/ws_moveit2/install/stm32_mavlink_interface/share/ament_index/resource_index/parent_prefix_path/stm32_mavlink_interface\n'}
[10.423336] (stm32_mavlink_interface) StdoutLine: {'line': b'-- Up-to-date: /home/a/ws_moveit2/install/stm32_mavlink_interface/share/stm32_mavlink_interface/environment/ament_prefix_path.sh\n'}
[10.423393] (stm32_mavlink_interface) StdoutLine: {'line': b'-- Installing: /home/a/ws_moveit2/install/stm32_mavlink_interface/share/stm32_mavlink_interface/environment/ament_prefix_path.dsv\n'}
[10.423451] (stm32_mavlink_interface) StdoutLine: {'line': b'-- Up-to-date: /home/a/ws_moveit2/install/stm32_mavlink_interface/share/stm32_mavlink_interface/environment/path.sh\n'}
[10.423518] (stm32_mavlink_interface) StdoutLine: {'line': b'-- Installing: /home/a/ws_moveit2/install/stm32_mavlink_interface/share/stm32_mavlink_interface/environment/path.dsv\n'}
[10.423575] (stm32_mavlink_interface) StdoutLine: {'line': b'-- Up-to-date: /home/a/ws_moveit2/install/stm32_mavlink_interface/share/stm32_mavlink_interface/local_setup.bash\n'}
[10.423633] (stm32_mavlink_interface) StdoutLine: {'line': b'-- Up-to-date: /home/a/ws_moveit2/install/stm32_mavlink_interface/share/stm32_mavlink_interface/local_setup.sh\n'}
[10.423688] (stm32_mavlink_interface) StdoutLine: {'line': b'-- Up-to-date: /home/a/ws_moveit2/install/stm32_mavlink_interface/share/stm32_mavlink_interface/local_setup.zsh\n'}
[10.423742] (stm32_mavlink_interface) StdoutLine: {'line': b'-- Installing: /home/a/ws_moveit2/install/stm32_mavlink_interface/share/stm32_mavlink_interface/local_setup.dsv\n'}
[10.423796] (stm32_mavlink_interface) StdoutLine: {'line': b'-- Installing: /home/a/ws_moveit2/install/stm32_mavlink_interface/share/stm32_mavlink_interface/package.dsv\n'}
[10.423849] (stm32_mavlink_interface) StdoutLine: {'line': b'-- Up-to-date: /home/a/ws_moveit2/install/stm32_mavlink_interface/share/ament_index/resource_index/packages/stm32_mavlink_interface\n'}
[10.424017] (stm32_mavlink_interface) StdoutLine: {'line': b'-- Up-to-date: /home/a/ws_moveit2/install/stm32_mavlink_interface/share/stm32_mavlink_interface/cmake/export_stm32_mavlink_interface__rosidl_generator_cExport.cmake\n'}
[10.424080] (stm32_mavlink_interface) StdoutLine: {'line': b'-- Up-to-date: /home/a/ws_moveit2/install/stm32_mavlink_interface/share/stm32_mavlink_interface/cmake/export_stm32_mavlink_interface__rosidl_generator_cExport-noconfig.cmake\n'}
[10.424141] (stm32_mavlink_interface) StdoutLine: {'line': b'-- Up-to-date: /home/a/ws_moveit2/install/stm32_mavlink_interface/share/stm32_mavlink_interface/cmake/export_stm32_mavlink_interface__rosidl_typesupport_fastrtps_cExport.cmake\n'}
[10.424198] (stm32_mavlink_interface) StdoutLine: {'line': b'-- Up-to-date: /home/a/ws_moveit2/install/stm32_mavlink_interface/share/stm32_mavlink_interface/cmake/export_stm32_mavlink_interface__rosidl_typesupport_fastrtps_cExport-noconfig.cmake\n'}
[10.424257] (stm32_mavlink_interface) StdoutLine: {'line': b'-- Up-to-date: /home/a/ws_moveit2/install/stm32_mavlink_interface/share/stm32_mavlink_interface/cmake/export_stm32_mavlink_interface__rosidl_generator_cppExport.cmake\n'}
[10.424312] (stm32_mavlink_interface) StdoutLine: {'line': b'-- Up-to-date: /home/a/ws_moveit2/install/stm32_mavlink_interface/share/stm32_mavlink_interface/cmake/export_stm32_mavlink_interface__rosidl_typesupport_fastrtps_cppExport.cmake\n'}
[10.424364] (stm32_mavlink_interface) StdoutLine: {'line': b'-- Up-to-date: /home/a/ws_moveit2/install/stm32_mavlink_interface/share/stm32_mavlink_interface/cmake/export_stm32_mavlink_interface__rosidl_typesupport_fastrtps_cppExport-noconfig.cmake\n'}
[10.424417] (stm32_mavlink_interface) StdoutLine: {'line': b'-- Up-to-date: /home/a/ws_moveit2/install/stm32_mavlink_interface/share/stm32_mavlink_interface/cmake/stm32_mavlink_interface__rosidl_typesupport_introspection_cExport.cmake\n'}
[10.424495] (stm32_mavlink_interface) StdoutLine: {'line': b'-- Up-to-date: /home/a/ws_moveit2/install/stm32_mavlink_interface/share/stm32_mavlink_interface/cmake/stm32_mavlink_interface__rosidl_typesupport_introspection_cExport-noconfig.cmake\n'}
[10.424550] (stm32_mavlink_interface) StdoutLine: {'line': b'-- Up-to-date: /home/a/ws_moveit2/install/stm32_mavlink_interface/share/stm32_mavlink_interface/cmake/stm32_mavlink_interface__rosidl_typesupport_cExport.cmake\n'}
[10.424604] (stm32_mavlink_interface) StdoutLine: {'line': b'-- Up-to-date: /home/a/ws_moveit2/install/stm32_mavlink_interface/share/stm32_mavlink_interface/cmake/stm32_mavlink_interface__rosidl_typesupport_cExport-noconfig.cmake\n'}
[10.424675] (stm32_mavlink_interface) StdoutLine: {'line': b'-- Up-to-date: /home/a/ws_moveit2/install/stm32_mavlink_interface/share/stm32_mavlink_interface/cmake/stm32_mavlink_interface__rosidl_typesupport_introspection_cppExport.cmake\n'}
[10.424731] (stm32_mavlink_interface) StdoutLine: {'line': b'-- Up-to-date: /home/a/ws_moveit2/install/stm32_mavlink_interface/share/stm32_mavlink_interface/cmake/stm32_mavlink_interface__rosidl_typesupport_introspection_cppExport-noconfig.cmake\n'}
[10.424784] (stm32_mavlink_interface) StdoutLine: {'line': b'-- Up-to-date: /home/a/ws_moveit2/install/stm32_mavlink_interface/share/stm32_mavlink_interface/cmake/stm32_mavlink_interface__rosidl_typesupport_cppExport.cmake\n'}
[10.424839] (stm32_mavlink_interface) StdoutLine: {'line': b'-- Up-to-date: /home/a/ws_moveit2/install/stm32_mavlink_interface/share/stm32_mavlink_interface/cmake/stm32_mavlink_interface__rosidl_typesupport_cppExport-noconfig.cmake\n'}
[10.424963] (stm32_mavlink_interface) StdoutLine: {'line': b'-- Up-to-date: /home/a/ws_moveit2/install/stm32_mavlink_interface/share/stm32_mavlink_interface/cmake/export_stm32_mavlink_interface__rosidl_generator_pyExport.cmake\n'}
[10.425032] (stm32_mavlink_interface) StdoutLine: {'line': b'-- Up-to-date: /home/a/ws_moveit2/install/stm32_mavlink_interface/share/stm32_mavlink_interface/cmake/export_stm32_mavlink_interface__rosidl_generator_pyExport-noconfig.cmake\n'}
[10.425108] (stm32_mavlink_interface) StdoutLine: {'line': b'-- Up-to-date: /home/a/ws_moveit2/install/stm32_mavlink_interface/share/stm32_mavlink_interface/cmake/rosidl_cmake-extras.cmake\n'}
[10.425170] (stm32_mavlink_interface) StdoutLine: {'line': b'-- Up-to-date: /home/a/ws_moveit2/install/stm32_mavlink_interface/share/stm32_mavlink_interface/cmake/ament_cmake_export_dependencies-extras.cmake\n'}
[10.425223] (stm32_mavlink_interface) StdoutLine: {'line': b'-- Up-to-date: /home/a/ws_moveit2/install/stm32_mavlink_interface/share/stm32_mavlink_interface/cmake/ament_cmake_export_include_directories-extras.cmake\n'}
[10.425276] (stm32_mavlink_interface) StdoutLine: {'line': b'-- Up-to-date: /home/a/ws_moveit2/install/stm32_mavlink_interface/share/stm32_mavlink_interface/cmake/ament_cmake_export_libraries-extras.cmake\n'}
[10.425329] (stm32_mavlink_interface) StdoutLine: {'line': b'-- Up-to-date: /home/a/ws_moveit2/install/stm32_mavlink_interface/share/stm32_mavlink_interface/cmake/ament_cmake_export_targets-extras.cmake\n'}
[10.425382] (stm32_mavlink_interface) StdoutLine: {'line': b'-- Up-to-date: /home/a/ws_moveit2/install/stm32_mavlink_interface/share/stm32_mavlink_interface/cmake/rosidl_cmake_export_typesupport_targets-extras.cmake\n'}
[10.425434] (stm32_mavlink_interface) StdoutLine: {'line': b'-- Up-to-date: /home/a/ws_moveit2/install/stm32_mavlink_interface/share/stm32_mavlink_interface/cmake/rosidl_cmake_export_typesupport_libraries-extras.cmake\n'}
[10.425487] (stm32_mavlink_interface) StdoutLine: {'line': b'-- Up-to-date: /home/a/ws_moveit2/install/stm32_mavlink_interface/share/stm32_mavlink_interface/cmake/stm32_mavlink_interfaceConfig.cmake\n'}
[10.425539] (stm32_mavlink_interface) StdoutLine: {'line': b'-- Up-to-date: /home/a/ws_moveit2/install/stm32_mavlink_interface/share/stm32_mavlink_interface/cmake/stm32_mavlink_interfaceConfig-version.cmake\n'}
[10.425605] (stm32_mavlink_interface) StdoutLine: {'line': b'-- Up-to-date: /home/a/ws_moveit2/install/stm32_mavlink_interface/share/stm32_mavlink_interface/package.xml\n'}
[10.425662] (stm32_mavlink_interface) CommandEnded: {'returncode': 0}
[10.432215] (-) TimerEvent: {}
[10.435150] (stm32_mavlink_interface) JobEnded: {'identifier': 'stm32_mavlink_interface', 'rc': 0}
[10.435527] (-) EventReactorShutdown: {}
