[0.000000] (-) TimerEvent: {}
[0.000214] (-) JobUnselected: {'identifier': 'MAVLink_f446re'}
[0.000254] (-) JobUnselected: {'identifier': 'blue_seiretu_description'}
[0.000284] (-) JobUnselected: {'identifier': 'catch_gazebo_ros2_control'}
[0.000426] (-) JobUnselected: {'identifier': 'chomp_motion_planner'}
[0.000454] (-) JobUnselected: {'identifier': 'd415_rgb_depth_3d'}
[0.000488] (-) JobUnselected: {'identifier': 'dynamixel_controller'}
[0.000513] (-) JobUnselected: {'identifier': 'dynamixel_controller_client'}
[0.000619] (-) JobUnselected: {'identifier': 'dynamixel_controller_gui'}
[0.000646] (-) JobUnselected: {'identifier': 'dynamixel_sdk'}
[0.000681] (-) JobUnselected: {'identifier': 'dynamixel_sdk_custom_interfaces'}
[0.000707] (-) JobUnselected: {'identifier': 'dynamixel_sdk_examples'}
[0.000924] (-) JobUnselected: {'identifier': 'field_description'}
[0.000975] (-) JobUnselected: {'identifier': 'hello_moveit'}
[0.001020] (-) JobUnselected: {'identifier': 'launch_param_builder'}
[0.001081] (-) JobUnselected: {'identifier': 'mavlink_controller_client'}
[0.001109] (-) JobUnselected: {'identifier': 'mavlink_gui_tester'}
[0.001160] (-) JobUnselected: {'identifier': 'moveit'}
[0.001199] (-) JobUnselected: {'identifier': 'moveit2_tutorials'}
[0.001227] (-) JobUnselected: {'identifier': 'moveit_chomp_optimizer_adapter'}
[0.001253] (-) JobUnselected: {'identifier': 'moveit_common'}
[0.001277] (-) JobUnselected: {'identifier': 'moveit_configs_utils'}
[0.001312] (-) JobUnselected: {'identifier': 'moveit_core'}
[0.001336] (-) JobUnselected: {'identifier': 'moveit_hybrid_planning'}
[0.001388] (-) JobUnselected: {'identifier': 'moveit_kinematics'}
[0.001413] (-) JobUnselected: {'identifier': 'moveit_planners'}
[0.001442] (-) JobUnselected: {'identifier': 'moveit_planners_chomp'}
[0.001467] (-) JobUnselected: {'identifier': 'moveit_planners_ompl'}
[0.001491] (-) JobUnselected: {'identifier': 'moveit_plugins'}
[0.001549] (-) JobUnselected: {'identifier': 'moveit_resources'}
[0.001575] (-) JobUnselected: {'identifier': 'moveit_resources_fanuc_description'}
[0.001600] (-) JobUnselected: {'identifier': 'moveit_resources_fanuc_moveit_config'}
[0.001625] (-) JobUnselected: {'identifier': 'moveit_resources_panda_description'}
[0.001650] (-) JobUnselected: {'identifier': 'moveit_resources_panda_moveit_config'}
[0.001674] (-) JobUnselected: {'identifier': 'moveit_resources_pr2_description'}
[0.001698] (-) JobUnselected: {'identifier': 'moveit_resources_prbt_ikfast_manipulator_plugin'}
[0.001722] (-) JobUnselected: {'identifier': 'moveit_resources_prbt_moveit_config'}
[0.001776] (-) JobUnselected: {'identifier': 'moveit_resources_prbt_pg70_support'}
[0.001803] (-) JobUnselected: {'identifier': 'moveit_resources_prbt_support'}
[0.001835] (-) JobUnselected: {'identifier': 'moveit_ros'}
[0.001945] (-) JobUnselected: {'identifier': 'moveit_ros_benchmarks'}
[0.001983] (-) JobUnselected: {'identifier': 'moveit_ros_control_interface'}
[0.002028] (-) JobUnselected: {'identifier': 'moveit_ros_move_group'}
[0.002066] (-) JobUnselected: {'identifier': 'moveit_ros_occupancy_map_monitor'}
[0.002106] (-) JobUnselected: {'identifier': 'moveit_ros_perception'}
[0.002143] (-) JobUnselected: {'identifier': 'moveit_ros_planning'}
[0.002181] (-) JobUnselected: {'identifier': 'moveit_ros_planning_interface'}
[0.002219] (-) JobUnselected: {'identifier': 'moveit_ros_robot_interaction'}
[0.002258] (-) JobUnselected: {'identifier': 'moveit_ros_visualization'}
[0.002297] (-) JobUnselected: {'identifier': 'moveit_ros_warehouse'}
[0.002340] (-) JobUnselected: {'identifier': 'moveit_runtime'}
[0.002391] (-) JobUnselected: {'identifier': 'moveit_servo'}
[0.002416] (-) JobUnselected: {'identifier': 'moveit_setup_app_plugins'}
[0.002450] (-) JobUnselected: {'identifier': 'moveit_setup_assistant'}
[0.002475] (-) JobUnselected: {'identifier': 'moveit_setup_controllers'}
[0.002525] (-) JobUnselected: {'identifier': 'moveit_setup_core_plugins'}
[0.002562] (-) JobUnselected: {'identifier': 'moveit_setup_framework'}
[0.002589] (-) JobUnselected: {'identifier': 'moveit_setup_srdf_plugins'}
[0.002651] (-) JobUnselected: {'identifier': 'moveit_simple_controller_manager'}
[0.002687] (-) JobUnselected: {'identifier': 'moveit_task_constructor_capabilities'}
[0.002738] (-) JobUnselected: {'identifier': 'moveit_task_constructor_core'}
[0.002757] (-) JobUnselected: {'identifier': 'moveit_task_constructor_demo'}
[0.002774] (-) JobUnselected: {'identifier': 'moveit_task_constructor_msgs'}
[0.002792] (-) JobUnselected: {'identifier': 'moveit_task_constructor_visualization'}
[0.002811] (-) JobUnselected: {'identifier': 'moveit_visual_tools'}
[0.002828] (-) JobUnselected: {'identifier': 'mtc_tutorial'}
[0.002845] (-) JobUnselected: {'identifier': 'object_description'}
[0.002864] (-) JobUnselected: {'identifier': 'pilz_industrial_motion_planner'}
[0.002880] (-) JobUnselected: {'identifier': 'pilz_industrial_motion_planner_testutils'}
[0.002897] (-) JobUnselected: {'identifier': 'realsense2_camera'}
[0.002914] (-) JobUnselected: {'identifier': 'realsense2_camera_msgs'}
[0.002933] (-) JobUnselected: {'identifier': 'realsense2_description'}
[0.002950] (-) JobUnselected: {'identifier': 'realsense2_ros_mqtt_bridge'}
[0.002967] (-) JobUnselected: {'identifier': 'red_seiretu_description'}
[0.002983] (-) JobUnselected: {'identifier': 'robot_config'}
[0.003000] (-) JobUnselected: {'identifier': 'rogilink_flex'}
[0.003420] (-) JobUnselected: {'identifier': 'rogilink_flex_example_py'}
[0.003465] (-) JobUnselected: {'identifier': 'rogilink_flex_gui'}
[0.003503] (-) JobUnselected: {'identifier': 'rogilink_flex_lib'}
[0.003524] (-) JobUnselected: {'identifier': 'ros_tcp_endpoint'}
[0.003543] (-) JobUnselected: {'identifier': 'rosparam_shortcuts'}
[0.003561] (-) JobUnselected: {'identifier': 'rviz_marker_tools'}
[0.003579] (-) JobUnselected: {'identifier': 'srdfdom'}
[0.003598] (-) JobUnselected: {'identifier': 'stm32_mavlink_interface'}
[0.003618] (-) JobUnselected: {'identifier': 'trac_ik'}
[0.003636] (-) JobUnselected: {'identifier': 'trac_ik_kinematics_plugin'}
[0.003655] (-) JobUnselected: {'identifier': 'trac_ik_lib'}
[0.003674] (-) JobUnselected: {'identifier': 'urdf_0816_description'}
[0.003696] (rogilink_flex_interfaces) JobQueued: {'identifier': 'rogilink_flex_interfaces', 'dependencies': OrderedDict()}
[0.003721] (rogilink_flex_interfaces) JobStarted: {'identifier': 'rogilink_flex_interfaces'}
[0.012541] (rogilink_flex_interfaces) JobProgress: {'identifier': 'rogilink_flex_interfaces', 'progress': 'cmake'}
[0.013202] (rogilink_flex_interfaces) Command: {'cmd': ['/usr/bin/cmake', '/home/a/ws_moveit2/src/rogilinkFlex-ros2/rogilink_flex_interfaces', '-DCMAKE_INSTALL_PREFIX=/home/a/ws_moveit2/install/rogilink_flex_interfaces'], 'cwd': '/home/a/ws_moveit2/build/rogilink_flex_interfaces', 'env': OrderedDict([('GJS_DEBUG_TOPICS', 'JS ERROR;JS LOG'), ('LESSOPEN', '| /usr/bin/lesspipe %s'), ('USER', 'a'), ('XDG_SESSION_TYPE', 'wayland'), ('SHLVL', '1'), ('LD_LIBRARY_PATH', '/home/a/ws_moveit2/install/trac_ik_kinematics_plugin/lib:/home/a/ws_moveit2/install/trac_ik_lib/lib:/home/a/ws_moveit2/install/stm32_mavlink_interface/lib:/home/a/ws_moveit2/install/right_arm_ikfast_plugin/lib:/home/a/ws_moveit2/install/pilz_industrial_motion_planner_testutils/lib:/home/a/ws_moveit2/install/pilz_industrial_motion_planner/lib:/home/a/ws_moveit2/install/moveit_visual_tools/lib:/home/a/ws_moveit2/install/moveit_task_constructor_visualization/lib:/home/a/ws_moveit2/install/moveit_task_constructor_demo/lib:/home/a/ws_moveit2/install/moveit_task_constructor_capabilities/lib:/home/a/ws_moveit2/install/moveit_task_constructor_core/lib:/home/a/ws_moveit2/install/moveit_ros_control_interface/lib:/home/a/ws_moveit2/install/moveit_simple_controller_manager/lib:/home/a/ws_moveit2/install/moveit_setup_assistant/lib:/home/a/ws_moveit2/install/moveit_setup_srdf_plugins/lib:/home/a/ws_moveit2/install/moveit_setup_core_plugins/lib:/home/a/ws_moveit2/install/moveit_setup_controllers/lib:/home/a/ws_moveit2/install/moveit_setup_app_plugins/lib:/home/a/ws_moveit2/install/moveit_setup_framework/lib:/home/a/ws_moveit2/install/moveit_servo/lib:/home/a/ws_moveit2/install/moveit_ros_visualization/lib:/home/a/ws_moveit2/install/moveit_hybrid_planning/lib:/home/a/ws_moveit2/install/moveit_ros_planning_interface/lib:/home/a/ws_moveit2/install/moveit_ros_benchmarks/lib:/home/a/ws_moveit2/install/moveit_ros_warehouse/lib:/home/a/ws_moveit2/install/moveit_ros_robot_interaction/lib:/home/a/ws_moveit2/install/moveit_ros_perception/lib:/home/a/ws_moveit2/install/moveit_ros_move_group/lib:/home/a/ws_moveit2/install/moveit_planners_ompl/lib:/home/a/ws_moveit2/install/left_arm_ikfast_plugin/lib:/home/a/ws_moveit2/install/moveit_ros_planning/lib:/home/a/ws_moveit2/install/moveit_ros_occupancy_map_monitor/lib:/home/a/ws_moveit2/install/moveit_resources_prbt_ikfast_manipulator_plugin/lib:/home/a/ws_moveit2/install/moveit_planners_chomp/lib:/home/a/ws_moveit2/install/moveit_kinematics/lib:/home/a/ws_moveit2/install/moveit_chomp_optimizer_adapter/lib:/home/a/ws_moveit2/install/chomp_motion_planner/lib:/home/a/ws_moveit2/install/moveit_core/lib:/home/a/ws_moveit2/install/srdfdom/lib:/home/a/ws_moveit2/install/rviz_marker_tools/lib:/home/a/ws_moveit2/install/rosparam_shortcuts/lib:/home/a/ws_moveit2/install/realsense2_camera/lib:/home/a/ws_moveit2/install/realsense2_camera_msgs/lib:/home/a/ws_moveit2/install/moveit_task_constructor_msgs/lib:/home/a/ws_moveit2/install/dynamixel_sdk_custom_interfaces/lib:/home/a/ws_moveit2/install/dynamixel_controller/lib:/home/a/ws_moveit2/install/dynamixel_sdk/lib:/usr/lib/x86_64-linux-gnu/gazebo-11/plugins:/opt/ros/humble/opt/rviz_ogre_vendor/lib:/opt/ros/humble/lib/x86_64-linux-gnu:/opt/ros/humble/lib'), ('HOME', '/home/a'), ('OLDPWD', '/home/a/ws_moveit2/src/MAVLink'), ('DESKTOP_SESSION', 'ubuntu'), ('NVM_BIN', '/home/a/.nvm/versions/node/v22.18.0/bin'), ('NVM_INC', '/home/a/.nvm/versions/node/v22.18.0/include/node'), ('GIO_LAUNCHED_DESKTOP_FILE', '/usr/share/applications/terminator.desktop'), ('ROS_PYTHON_VERSION', '3'), ('GNOME_SHELL_SESSION_MODE', 'ubuntu'), ('GTK_MODULES', 'gail:atk-bridge'), ('MANAGERPID', '1213'), ('SYSTEMD_EXEC_PID', '1445'), ('DBUS_SESSION_BUS_ADDRESS', 'unix:path=/run/user/1000/bus'), ('COLORTERM', 'truecolor'), ('TERMINATOR_DBUS_NAME', 'net.tenshu.Terminator25ef4b219e3b005583550f2b0f9f990c3'), ('GIO_LAUNCHED_DESKTOP_FILE_PID', '3048'), ('NVM_DIR', '/home/a/.nvm'), ('IM_CONFIG_PHASE', '1'), ('WAYLAND_DISPLAY', 'wayland-0'), ('COLCON_PREFIX_PATH', '/home/a/ws_moveit2/install'), ('ROS_DISTRO', 'humble'), ('LOGNAME', 'a'), ('JOURNAL_STREAM', '8:3514'), ('_', '/usr/bin/colcon'), ('ROS_VERSION', '2'), ('XDG_SESSION_CLASS', 'user'), ('USERNAME', 'a'), ('TERM', 'xterm-256color'), ('GNOME_DESKTOP_SESSION_ID', 'this-is-deprecated'), ('ROS_LOCALHOST_ONLY', '0'), ('PATH', '/home/a/ws_moveit2/install/moveit_core/bin:/home/a/.nvm/versions/node/v22.18.0/bin:/opt/ros/humble/bin:/home/a/.local/bin:/usr/local/sbin:/usr/local/bin:/usr/sbin:/usr/bin:/sbin:/bin:/usr/games:/usr/local/games:/snap/bin:/snap/bin'), ('SESSION_MANAGER', 'local/a:@/tmp/.ICE-unix/1406,unix/a:/tmp/.ICE-unix/1406'), ('INVOCATION_ID', 'a100030f866a48708cf7905c543bcf13'), ('XDG_MENU_PREFIX', 'gnome-'), ('GNOME_SETUP_DISPLAY', ':1'), ('XDG_RUNTIME_DIR', '/run/user/1000'), ('DISPLAY', ':0'), ('TERMINATOR_DBUS_PATH', '/net/tenshu/Terminator2'), ('LANG', 'en_US.UTF-8'), ('XDG_CURRENT_DESKTOP', 'ubuntu:GNOME'), ('XMODIFIERS', '@im=ibus'), ('XDG_SESSION_DESKTOP', 'ubuntu'), ('XAUTHORITY', '/run/user/1000/.mutter-Xwaylandauth.4WBWC3'), ('LS_COLORS', 'rs=0:di=01;34:ln=01;36:mh=00:pi=40;33:so=01;35:do=01;35:bd=40;33;01:cd=40;33;01:or=40;31;01:mi=00:su=37;41:sg=30;43:ca=30;41:tw=30;42:ow=34;42:st=37;44:ex=01;32:*.tar=01;31:*.tgz=01;31:*.arc=01;31:*.arj=01;31:*.taz=01;31:*.lha=01;31:*.lz4=01;31:*.lzh=01;31:*.lzma=01;31:*.tlz=01;31:*.txz=01;31:*.tzo=01;31:*.t7z=01;31:*.zip=01;31:*.z=01;31:*.dz=01;31:*.gz=01;31:*.lrz=01;31:*.lz=01;31:*.lzo=01;31:*.xz=01;31:*.zst=01;31:*.tzst=01;31:*.bz2=01;31:*.bz=01;31:*.tbz=01;31:*.tbz2=01;31:*.tz=01;31:*.deb=01;31:*.rpm=01;31:*.jar=01;31:*.war=01;31:*.ear=01;31:*.sar=01;31:*.rar=01;31:*.alz=01;31:*.ace=01;31:*.zoo=01;31:*.cpio=01;31:*.7z=01;31:*.rz=01;31:*.cab=01;31:*.wim=01;31:*.swm=01;31:*.dwm=01;31:*.esd=01;31:*.jpg=01;35:*.jpeg=01;35:*.mjpg=01;35:*.mjpeg=01;35:*.gif=01;35:*.bmp=01;35:*.pbm=01;35:*.pgm=01;35:*.ppm=01;35:*.tga=01;35:*.xbm=01;35:*.xpm=01;35:*.tif=01;35:*.tiff=01;35:*.png=01;35:*.svg=01;35:*.svgz=01;35:*.mng=01;35:*.pcx=01;35:*.mov=01;35:*.mpg=01;35:*.mpeg=01;35:*.m2v=01;35:*.mkv=01;35:*.webm=01;35:*.webp=01;35:*.ogm=01;35:*.mp4=01;35:*.m4v=01;35:*.mp4v=01;35:*.vob=01;35:*.qt=01;35:*.nuv=01;35:*.wmv=01;35:*.asf=01;35:*.rm=01;35:*.rmvb=01;35:*.flc=01;35:*.avi=01;35:*.fli=01;35:*.flv=01;35:*.gl=01;35:*.dl=01;35:*.xcf=01;35:*.xwd=01;35:*.yuv=01;35:*.cgm=01;35:*.emf=01;35:*.ogv=01;35:*.ogx=01;35:*.aac=00;36:*.au=00;36:*.flac=00;36:*.m4a=00;36:*.mid=00;36:*.midi=00;36:*.mka=00;36:*.mp3=00;36:*.mpc=00;36:*.ogg=00;36:*.ra=00;36:*.wav=00;36:*.oga=00;36:*.opus=00;36:*.spx=00;36:*.xspf=00;36:'), ('SSH_AGENT_LAUNCHER', 'gnome-keyring'), ('SSH_AUTH_SOCK', '/run/user/1000/keyring/ssh'), ('AMENT_PREFIX_PATH', '/home/a/ws_moveit2/install/urdf_0816_description:/home/a/ws_moveit2/install/trac_ik:/home/a/ws_moveit2/install/robot_config:/home/a/ws_moveit2/install/trac_ik_kinematics_plugin:/home/a/ws_moveit2/install/trac_ik_lib:/home/a/ws_moveit2/install/mavlink_controller_client:/home/a/ws_moveit2/install/stm32_mavlink_interface:/home/a/ws_moveit2/install/right_arm_ikfast_plugin:/home/a/ws_moveit2/install/pilz_industrial_motion_planner_testutils:/home/a/ws_moveit2/install/moveit_runtime:/home/a/ws_moveit2/install/moveit2_tutorials:/home/a/ws_moveit2/install/moveit:/home/a/ws_moveit2/install/moveit_planners:/home/a/ws_moveit2/install/pilz_industrial_motion_planner:/home/a/ws_moveit2/install/mtc_tutorial:/home/a/ws_moveit2/install/hello_moveit:/home/a/ws_moveit2/install/moveit_visual_tools:/home/a/ws_moveit2/install/moveit_task_constructor_visualization:/home/a/ws_moveit2/install/moveit_task_constructor_demo:/home/a/ws_moveit2/install/moveit_task_constructor_capabilities:/home/a/ws_moveit2/install/moveit_task_constructor_core:/home/a/ws_moveit2/install/moveit_ros_control_interface:/home/a/ws_moveit2/install/moveit_plugins:/home/a/ws_moveit2/install/moveit_simple_controller_manager:/home/a/ws_moveit2/install/moveit_setup_assistant:/home/a/ws_moveit2/install/moveit_setup_srdf_plugins:/home/a/ws_moveit2/install/moveit_setup_core_plugins:/home/a/ws_moveit2/install/moveit_setup_controllers:/home/a/ws_moveit2/install/moveit_setup_app_plugins:/home/a/ws_moveit2/install/moveit_setup_framework:/home/a/ws_moveit2/install/moveit_servo:/home/a/ws_moveit2/install/moveit_ros:/home/a/ws_moveit2/install/moveit_ros_visualization:/home/a/ws_moveit2/install/moveit_hybrid_planning:/home/a/ws_moveit2/install/moveit_ros_planning_interface:/home/a/ws_moveit2/install/moveit_ros_benchmarks:/home/a/ws_moveit2/install/moveit_ros_warehouse:/home/a/ws_moveit2/install/moveit_ros_robot_interaction:/home/a/ws_moveit2/install/moveit_ros_perception:/home/a/ws_moveit2/install/moveit_resources_prbt_pg70_support:/home/a/ws_moveit2/install/moveit_resources_prbt_moveit_config:/home/a/ws_moveit2/install/moveit_ros_move_group:/home/a/ws_moveit2/install/moveit_planners_ompl:/home/a/ws_moveit2/install/left_arm_ikfast_plugin:/home/a/ws_moveit2/install/moveit_ros_planning:/home/a/ws_moveit2/install/moveit_ros_occupancy_map_monitor:/home/a/ws_moveit2/install/moveit_resources_prbt_ikfast_manipulator_plugin:/home/a/ws_moveit2/install/moveit_planners_chomp:/home/a/ws_moveit2/install/moveit_kinematics:/home/a/ws_moveit2/install/moveit_chomp_optimizer_adapter:/home/a/ws_moveit2/install/chomp_motion_planner:/home/a/ws_moveit2/install/moveit_core:/home/a/ws_moveit2/install/moveit_configs_utils:/home/a/ws_moveit2/install/srdfdom:/home/a/ws_moveit2/install/rviz_marker_tools:/home/a/ws_moveit2/install/rosparam_shortcuts:/home/a/ws_moveit2/install/ros_tcp_endpoint:/home/a/ws_moveit2/install/red_seiretu_description:/home/a/ws_moveit2/install/realsense2_ros_mqtt_bridge:/home/a/ws_moveit2/install/realsense2_description:/home/a/ws_moveit2/install/realsense2_camera:/home/a/ws_moveit2/install/realsense2_camera_msgs:/home/a/ws_moveit2/install/object_description:/home/a/ws_moveit2/install/moveit_task_constructor_msgs:/home/a/ws_moveit2/install/moveit_resources_prbt_support:/home/a/ws_moveit2/install/moveit_resources:/home/a/ws_moveit2/install/moveit_resources_pr2_description:/home/a/ws_moveit2/install/moveit_resources_panda_moveit_config:/home/a/ws_moveit2/install/moveit_resources_panda_description:/home/a/ws_moveit2/install/moveit_resources_fanuc_moveit_config:/home/a/ws_moveit2/install/moveit_resources_fanuc_description:/home/a/ws_moveit2/install/moveit_common:/home/a/ws_moveit2/install/mavlink_gui_tester:/home/a/ws_moveit2/install/launch_param_builder:/home/a/ws_moveit2/install/field_description_test:/home/a/ws_moveit2/install/field_description:/home/a/ws_moveit2/install/dynamixel_sdk_examples:/home/a/ws_moveit2/install/dynamixel_sdk_custom_interfaces:/home/a/ws_moveit2/install/dynamixel_controller_gui:/home/a/ws_moveit2/install/dynamixel_controller:/home/a/ws_moveit2/install/dynamixel_sdk:/home/a/ws_moveit2/install/dynamixel_controller_client:/home/a/ws_moveit2/install/d415_rgb_depth_3d:/home/a/ws_moveit2/install/catch_gazebo_ros2_control:/home/a/ws_moveit2/install/blue_seiretu_description:/home/a/ws_moveit2/install/0525_arm_description:/opt/ros/humble'), ('SHELL', '/bin/bash'), ('TERMINATOR_UUID', 'urn:uuid:a64a22d0-cde5-4baa-9a97-059ea5635fde'), ('QT_ACCESSIBILITY', '1'), ('GDMSESSION', 'ubuntu'), ('LESSCLOSE', '/usr/bin/lesspipe %s %s'), ('CMAKE_MODULE_PATH', '/home/a/ws_moveit2/install/moveit_task_constructor_core/share/moveit_task_constructor_core/cmake'), ('GJS_DEBUG_OUTPUT', 'stderr'), ('QT_IM_MODULE', 'ibus'), ('PWD', '/home/a/ws_moveit2/build/rogilink_flex_interfaces'), ('LC_ALL', 'en_US.UTF-8'), ('XDG_CONFIG_DIRS', '/etc/xdg/xdg-ubuntu:/etc/xdg'), ('NVM_CD_FLAGS', ''), ('XDG_DATA_DIRS', '/usr/share/ubuntu:/home/a/.local/share/flatpak/exports/share:/var/lib/flatpak/exports/share:/usr/local/share/:/usr/share/:/var/lib/snapd/desktop'), ('PYTHONPATH', '/home/a/ws_moveit2/install/mavlink_controller_client/lib/python3.10/site-packages:/home/a/ws_moveit2/install/stm32_mavlink_interface/local/lib/python3.10/dist-packages:/home/a/ws_moveit2/install/moveit_task_constructor_core/local/lib/python3.10/dist-packages:/home/a/ws_moveit2/install/moveit_configs_utils/lib/python3.10/site-packages:/home/a/ws_moveit2/install/srdfdom/local/lib/python3.10/dist-packages:/home/a/ws_moveit2/install/ros_tcp_endpoint/lib/python3.10/site-packages:/home/a/ws_moveit2/install/realsense2_ros_mqtt_bridge/lib/python3.10/site-packages:/home/a/ws_moveit2/install/realsense2_camera_msgs/local/lib/python3.10/dist-packages:/home/a/ws_moveit2/install/moveit_task_constructor_msgs/local/lib/python3.10/dist-packages:/home/a/ws_moveit2/install/launch_param_builder/lib/python3.10/site-packages:/home/a/ws_moveit2/install/dynamixel_sdk_custom_interfaces/local/lib/python3.10/dist-packages:/home/a/ws_moveit2/install/dynamixel_controller_gui/lib/python3.10/site-packages:/home/a/ws_moveit2/install/dynamixel_controller/local/lib/python3.10/dist-packages:/home/a/ws_moveit2/install/dynamixel_controller_client/lib/python3.10/site-packages:/home/a/ws_moveit2/install/d415_rgb_depth_3d/lib/python3.10/site-packages:/opt/ros/humble/lib/python3.10/site-packages:/opt/ros/humble/local/lib/python3.10/dist-packages'), ('COLCON', '1'), ('VTE_VERSION', '6800'), ('CMAKE_PREFIX_PATH', '/home/a/ws_moveit2/install/stm32_mavlink_interface:/home/a/ws_moveit2/install/urdf_0816_description:/home/a/ws_moveit2/install/trac_ik:/home/a/ws_moveit2/install/robot_config:/home/a/ws_moveit2/install/trac_ik_kinematics_plugin:/home/a/ws_moveit2/install/right_arm_ikfast_plugin:/home/a/ws_moveit2/install/pilz_industrial_motion_planner_testutils:/home/a/ws_moveit2/install/moveit_runtime:/home/a/ws_moveit2/install/moveit2_tutorials:/home/a/ws_moveit2/install/moveit:/home/a/ws_moveit2/install/moveit_planners:/home/a/ws_moveit2/install/pilz_industrial_motion_planner:/home/a/ws_moveit2/install/mtc_tutorial:/home/a/ws_moveit2/install/hello_moveit:/home/a/ws_moveit2/install/moveit_visual_tools:/home/a/ws_moveit2/install/moveit_task_constructor_visualization:/home/a/ws_moveit2/install/moveit_task_constructor_demo:/home/a/ws_moveit2/install/moveit_task_constructor_capabilities:/home/a/ws_moveit2/install/moveit_task_constructor_core:/home/a/ws_moveit2/install/moveit_ros_control_interface:/home/a/ws_moveit2/install/moveit_plugins:/home/a/ws_moveit2/install/moveit_simple_controller_manager:/home/a/ws_moveit2/install/moveit_setup_assistant:/home/a/ws_moveit2/install/moveit_setup_srdf_plugins:/home/a/ws_moveit2/install/moveit_setup_core_plugins:/home/a/ws_moveit2/install/moveit_setup_controllers:/home/a/ws_moveit2/install/moveit_setup_app_plugins:/home/a/ws_moveit2/install/moveit_setup_framework:/home/a/ws_moveit2/install/moveit_servo:/home/a/ws_moveit2/install/moveit_ros:/home/a/ws_moveit2/install/moveit_ros_visualization:/home/a/ws_moveit2/install/moveit_hybrid_planning:/home/a/ws_moveit2/install/moveit_ros_planning_interface:/home/a/ws_moveit2/install/moveit_ros_benchmarks:/home/a/ws_moveit2/install/moveit_ros_warehouse:/home/a/ws_moveit2/install/moveit_ros_robot_interaction:/home/a/ws_moveit2/install/moveit_ros_perception:/home/a/ws_moveit2/install/moveit_resources_prbt_pg70_support:/home/a/ws_moveit2/install/moveit_resources_prbt_moveit_config:/home/a/ws_moveit2/install/moveit_ros_move_group:/home/a/ws_moveit2/install/moveit_planners_ompl:/home/a/ws_moveit2/install/left_arm_ikfast_plugin:/home/a/ws_moveit2/install/moveit_ros_planning:/home/a/ws_moveit2/install/moveit_ros_occupancy_map_monitor:/home/a/ws_moveit2/install/moveit_resources_prbt_ikfast_manipulator_plugin:/home/a/ws_moveit2/install/moveit_planners_chomp:/home/a/ws_moveit2/install/moveit_kinematics:/home/a/ws_moveit2/install/moveit_chomp_optimizer_adapter:/home/a/ws_moveit2/install/chomp_motion_planner:/home/a/ws_moveit2/install/moveit_core:/home/a/ws_moveit2/install/rviz_marker_tools:/home/a/ws_moveit2/install/rosparam_shortcuts:/home/a/ws_moveit2/install/red_seiretu_description:/home/a/ws_moveit2/install/realsense2_description:/home/a/ws_moveit2/install/realsense2_camera:/home/a/ws_moveit2/install/object_description:/home/a/ws_moveit2/install/moveit_resources:/home/a/ws_moveit2/install/moveit_resources_panda_moveit_config:/home/a/ws_moveit2/install/moveit_resources_fanuc_moveit_config:/home/a/ws_moveit2/install/mavlink_gui_tester:/home/a/ws_moveit2/install/field_description_test:/home/a/ws_moveit2/install/field_description:/home/a/ws_moveit2/install/dynamixel_sdk_examples:/home/a/ws_moveit2/install/dynamixel_controller:/home/a/ws_moveit2/install/0525_arm_description:/home/a/ws_moveit2/install/trac_ik_lib:/home/a/ws_moveit2/install/mavlink_controller_client:/home/a/ws_moveit2/install/moveit_configs_utils:/home/a/ws_moveit2/install/srdfdom:/home/a/ws_moveit2/install/ros_tcp_endpoint:/home/a/ws_moveit2/install/realsense2_ros_mqtt_bridge:/home/a/ws_moveit2/install/realsense2_camera_msgs:/home/a/ws_moveit2/install/moveit_task_constructor_msgs:/home/a/ws_moveit2/install/moveit_resources_prbt_support:/home/a/ws_moveit2/install/moveit_resources_pr2_description:/home/a/ws_moveit2/install/moveit_resources_panda_description:/home/a/ws_moveit2/install/moveit_resources_fanuc_description:/home/a/ws_moveit2/install/moveit_common:/home/a/ws_moveit2/install/launch_param_builder:/home/a/ws_moveit2/install/dynamixel_sdk_custom_interfaces:/home/a/ws_moveit2/install/dynamixel_controller_gui:/home/a/ws_moveit2/install/dynamixel_sdk:/home/a/ws_moveit2/install/dynamixel_controller_client:/home/a/ws_moveit2/install/d415_rgb_depth_3d:/home/a/ws_moveit2/install/catch_gazebo_ros2_control:/home/a/ws_moveit2/install/blue_seiretu_description:/opt/ros/humble')]), 'shell': False}
[0.075094] (rogilink_flex_interfaces) StdoutLine: {'line': b'-- The C compiler identification is GNU 11.4.0\n'}
[0.099289] (-) TimerEvent: {}
[0.115869] (rogilink_flex_interfaces) StdoutLine: {'line': b'-- The CXX compiler identification is GNU 11.4.0\n'}
[0.121050] (rogilink_flex_interfaces) StdoutLine: {'line': b'-- Detecting C compiler ABI info\n'}
[0.186382] (rogilink_flex_interfaces) StdoutLine: {'line': b'-- Detecting C compiler ABI info - done\n'}
[0.190861] (rogilink_flex_interfaces) StdoutLine: {'line': b'-- Check for working C compiler: /usr/bin/cc - skipped\n'}
[0.190988] (rogilink_flex_interfaces) StdoutLine: {'line': b'-- Detecting C compile features\n'}
[0.191217] (rogilink_flex_interfaces) StdoutLine: {'line': b'-- Detecting C compile features - done\n'}
[0.192860] (rogilink_flex_interfaces) StdoutLine: {'line': b'-- Detecting CXX compiler ABI info\n'}
[0.199344] (-) TimerEvent: {}
[0.263755] (rogilink_flex_interfaces) StdoutLine: {'line': b'-- Detecting CXX compiler ABI info - done\n'}
[0.270702] (rogilink_flex_interfaces) StdoutLine: {'line': b'-- Check for working CXX compiler: /usr/bin/c++ - skipped\n'}
[0.270862] (rogilink_flex_interfaces) StdoutLine: {'line': b'-- Detecting CXX compile features\n'}
[0.271132] (rogilink_flex_interfaces) StdoutLine: {'line': b'-- Detecting CXX compile features - done\n'}
[0.275325] (rogilink_flex_interfaces) StdoutLine: {'line': b'-- Found ament_cmake: 1.3.12 (/opt/ros/humble/share/ament_cmake/cmake)\n'}
[0.299440] (-) TimerEvent: {}
[0.399678] (-) TimerEvent: {}
[0.404985] (rogilink_flex_interfaces) StdoutLine: {'line': b'-- Found Python3: /usr/bin/python3 (found version "3.10.12") found components: Interpreter \n'}
[0.499779] (-) TimerEvent: {}
[0.508846] (rogilink_flex_interfaces) StdoutLine: {'line': b'-- Found rosidl_default_generators: 1.2.0 (/opt/ros/humble/share/rosidl_default_generators/cmake)\n'}
[0.521171] (rogilink_flex_interfaces) StdoutLine: {'line': b'-- Using all available rosidl_typesupport_c: rosidl_typesupport_fastrtps_c;rosidl_typesupport_introspection_c\n'}
[0.533412] (rogilink_flex_interfaces) StdoutLine: {'line': b'-- Found rosidl_adapter: 3.1.7 (/opt/ros/humble/share/rosidl_adapter/cmake)\n'}
[0.587370] (rogilink_flex_interfaces) StdoutLine: {'line': b'-- Using all available rosidl_typesupport_cpp: rosidl_typesupport_fastrtps_cpp;rosidl_typesupport_introspection_cpp\n'}
[0.599854] (-) TimerEvent: {}
[0.700064] (-) TimerEvent: {}
[0.800320] (-) TimerEvent: {}
[0.816699] (rogilink_flex_interfaces) StdoutLine: {'line': b'-- Found ament_cmake_ros: 0.10.0 (/opt/ros/humble/share/ament_cmake_ros/cmake)\n'}
[0.900502] (-) TimerEvent: {}
[0.963080] (rogilink_flex_interfaces) StdoutLine: {'line': b'-- Using all available rosidl_typesupport_c: rosidl_typesupport_fastrtps_c;rosidl_typesupport_introspection_c\n'}
[1.000608] (-) TimerEvent: {}
[1.100910] (-) TimerEvent: {}
[1.154879] (rogilink_flex_interfaces) StdoutLine: {'line': b'-- Using all available rosidl_typesupport_cpp: rosidl_typesupport_fastrtps_cpp;rosidl_typesupport_introspection_cpp\n'}
[1.173014] (rogilink_flex_interfaces) StdoutLine: {'line': b'-- Found PythonInterp: /usr/bin/python3 (found suitable version "3.10.12", minimum required is "3.6") \n'}
[1.177151] (rogilink_flex_interfaces) StdoutLine: {'line': b'-- Found python_cmake_module: 0.10.0 (/opt/ros/humble/share/python_cmake_module/cmake)\n'}
[1.198700] (rogilink_flex_interfaces) StdoutLine: {'line': b'-- Found PythonLibs: /usr/lib/x86_64-linux-gnu/libpython3.10.so (found suitable version "3.10.12", minimum required is "3.5") \n'}
[1.198895] (rogilink_flex_interfaces) StdoutLine: {'line': b'-- Using PYTHON_EXECUTABLE: /usr/bin/python3\n'}
[1.199014] (rogilink_flex_interfaces) StdoutLine: {'line': b'-- Using PYTHON_INCLUDE_DIRS: /usr/include/python3.10\n'}
[1.199175] (rogilink_flex_interfaces) StdoutLine: {'line': b'-- Using PYTHON_LIBRARIES: /usr/lib/x86_64-linux-gnu/libpython3.10.so\n'}
[1.200961] (-) TimerEvent: {}
[1.215265] (rogilink_flex_interfaces) StdoutLine: {'line': b'-- Found PythonExtra: .so  \n'}
[1.266555] (rogilink_flex_interfaces) StdoutLine: {'line': b'-- Found ament_lint_auto: 0.12.14 (/opt/ros/humble/share/ament_lint_auto/cmake)\n'}
[1.297612] (rogilink_flex_interfaces) StdoutLine: {'line': b"-- Added test 'lint_cmake' to check CMake code style\n"}
[1.298718] (rogilink_flex_interfaces) StdoutLine: {'line': b"-- Added test 'xmllint' to check XML markup files\n"}
[1.301021] (rogilink_flex_interfaces) StdoutLine: {'line': b'-- Configuring done\n'}
[1.301104] (-) TimerEvent: {}
[1.316828] (rogilink_flex_interfaces) StdoutLine: {'line': b'-- Generating done\n'}
[1.322659] (rogilink_flex_interfaces) StdoutLine: {'line': b'-- Build files have been written to: /home/a/ws_moveit2/build/rogilink_flex_interfaces\n'}
[1.327306] (rogilink_flex_interfaces) CommandEnded: {'returncode': 0}
[1.328239] (rogilink_flex_interfaces) JobProgress: {'identifier': 'rogilink_flex_interfaces', 'progress': 'build'}
[1.330537] (rogilink_flex_interfaces) Command: {'cmd': ['/usr/bin/cmake', '--build', '/home/a/ws_moveit2/build/rogilink_flex_interfaces', '--', '-j22', '-l22'], 'cwd': '/home/a/ws_moveit2/build/rogilink_flex_interfaces', 'env': OrderedDict([('GJS_DEBUG_TOPICS', 'JS ERROR;JS LOG'), ('LESSOPEN', '| /usr/bin/lesspipe %s'), ('USER', 'a'), ('XDG_SESSION_TYPE', 'wayland'), ('SHLVL', '1'), ('LD_LIBRARY_PATH', '/home/a/ws_moveit2/install/trac_ik_kinematics_plugin/lib:/home/a/ws_moveit2/install/trac_ik_lib/lib:/home/a/ws_moveit2/install/stm32_mavlink_interface/lib:/home/a/ws_moveit2/install/right_arm_ikfast_plugin/lib:/home/a/ws_moveit2/install/pilz_industrial_motion_planner_testutils/lib:/home/a/ws_moveit2/install/pilz_industrial_motion_planner/lib:/home/a/ws_moveit2/install/moveit_visual_tools/lib:/home/a/ws_moveit2/install/moveit_task_constructor_visualization/lib:/home/a/ws_moveit2/install/moveit_task_constructor_demo/lib:/home/a/ws_moveit2/install/moveit_task_constructor_capabilities/lib:/home/a/ws_moveit2/install/moveit_task_constructor_core/lib:/home/a/ws_moveit2/install/moveit_ros_control_interface/lib:/home/a/ws_moveit2/install/moveit_simple_controller_manager/lib:/home/a/ws_moveit2/install/moveit_setup_assistant/lib:/home/a/ws_moveit2/install/moveit_setup_srdf_plugins/lib:/home/a/ws_moveit2/install/moveit_setup_core_plugins/lib:/home/a/ws_moveit2/install/moveit_setup_controllers/lib:/home/a/ws_moveit2/install/moveit_setup_app_plugins/lib:/home/a/ws_moveit2/install/moveit_setup_framework/lib:/home/a/ws_moveit2/install/moveit_servo/lib:/home/a/ws_moveit2/install/moveit_ros_visualization/lib:/home/a/ws_moveit2/install/moveit_hybrid_planning/lib:/home/a/ws_moveit2/install/moveit_ros_planning_interface/lib:/home/a/ws_moveit2/install/moveit_ros_benchmarks/lib:/home/a/ws_moveit2/install/moveit_ros_warehouse/lib:/home/a/ws_moveit2/install/moveit_ros_robot_interaction/lib:/home/a/ws_moveit2/install/moveit_ros_perception/lib:/home/a/ws_moveit2/install/moveit_ros_move_group/lib:/home/a/ws_moveit2/install/moveit_planners_ompl/lib:/home/a/ws_moveit2/install/left_arm_ikfast_plugin/lib:/home/a/ws_moveit2/install/moveit_ros_planning/lib:/home/a/ws_moveit2/install/moveit_ros_occupancy_map_monitor/lib:/home/a/ws_moveit2/install/moveit_resources_prbt_ikfast_manipulator_plugin/lib:/home/a/ws_moveit2/install/moveit_planners_chomp/lib:/home/a/ws_moveit2/install/moveit_kinematics/lib:/home/a/ws_moveit2/install/moveit_chomp_optimizer_adapter/lib:/home/a/ws_moveit2/install/chomp_motion_planner/lib:/home/a/ws_moveit2/install/moveit_core/lib:/home/a/ws_moveit2/install/srdfdom/lib:/home/a/ws_moveit2/install/rviz_marker_tools/lib:/home/a/ws_moveit2/install/rosparam_shortcuts/lib:/home/a/ws_moveit2/install/realsense2_camera/lib:/home/a/ws_moveit2/install/realsense2_camera_msgs/lib:/home/a/ws_moveit2/install/moveit_task_constructor_msgs/lib:/home/a/ws_moveit2/install/dynamixel_sdk_custom_interfaces/lib:/home/a/ws_moveit2/install/dynamixel_controller/lib:/home/a/ws_moveit2/install/dynamixel_sdk/lib:/usr/lib/x86_64-linux-gnu/gazebo-11/plugins:/opt/ros/humble/opt/rviz_ogre_vendor/lib:/opt/ros/humble/lib/x86_64-linux-gnu:/opt/ros/humble/lib'), ('HOME', '/home/a'), ('OLDPWD', '/home/a/ws_moveit2/src/MAVLink'), ('DESKTOP_SESSION', 'ubuntu'), ('NVM_BIN', '/home/a/.nvm/versions/node/v22.18.0/bin'), ('NVM_INC', '/home/a/.nvm/versions/node/v22.18.0/include/node'), ('GIO_LAUNCHED_DESKTOP_FILE', '/usr/share/applications/terminator.desktop'), ('ROS_PYTHON_VERSION', '3'), ('GNOME_SHELL_SESSION_MODE', 'ubuntu'), ('GTK_MODULES', 'gail:atk-bridge'), ('MANAGERPID', '1213'), ('SYSTEMD_EXEC_PID', '1445'), ('DBUS_SESSION_BUS_ADDRESS', 'unix:path=/run/user/1000/bus'), ('COLORTERM', 'truecolor'), ('TERMINATOR_DBUS_NAME', 'net.tenshu.Terminator25ef4b219e3b005583550f2b0f9f990c3'), ('GIO_LAUNCHED_DESKTOP_FILE_PID', '3048'), ('NVM_DIR', '/home/a/.nvm'), ('IM_CONFIG_PHASE', '1'), ('WAYLAND_DISPLAY', 'wayland-0'), ('COLCON_PREFIX_PATH', '/home/a/ws_moveit2/install'), ('ROS_DISTRO', 'humble'), ('LOGNAME', 'a'), ('JOURNAL_STREAM', '8:3514'), ('_', '/usr/bin/colcon'), ('ROS_VERSION', '2'), ('XDG_SESSION_CLASS', 'user'), ('USERNAME', 'a'), ('TERM', 'xterm-256color'), ('GNOME_DESKTOP_SESSION_ID', 'this-is-deprecated'), ('ROS_LOCALHOST_ONLY', '0'), ('PATH', '/home/a/ws_moveit2/install/moveit_core/bin:/home/a/.nvm/versions/node/v22.18.0/bin:/opt/ros/humble/bin:/home/a/.local/bin:/usr/local/sbin:/usr/local/bin:/usr/sbin:/usr/bin:/sbin:/bin:/usr/games:/usr/local/games:/snap/bin:/snap/bin'), ('SESSION_MANAGER', 'local/a:@/tmp/.ICE-unix/1406,unix/a:/tmp/.ICE-unix/1406'), ('INVOCATION_ID', 'a100030f866a48708cf7905c543bcf13'), ('XDG_MENU_PREFIX', 'gnome-'), ('GNOME_SETUP_DISPLAY', ':1'), ('XDG_RUNTIME_DIR', '/run/user/1000'), ('DISPLAY', ':0'), ('TERMINATOR_DBUS_PATH', '/net/tenshu/Terminator2'), ('LANG', 'en_US.UTF-8'), ('XDG_CURRENT_DESKTOP', 'ubuntu:GNOME'), ('XMODIFIERS', '@im=ibus'), ('XDG_SESSION_DESKTOP', 'ubuntu'), ('XAUTHORITY', '/run/user/1000/.mutter-Xwaylandauth.4WBWC3'), ('LS_COLORS', 'rs=0:di=01;34:ln=01;36:mh=00:pi=40;33:so=01;35:do=01;35:bd=40;33;01:cd=40;33;01:or=40;31;01:mi=00:su=37;41:sg=30;43:ca=30;41:tw=30;42:ow=34;42:st=37;44:ex=01;32:*.tar=01;31:*.tgz=01;31:*.arc=01;31:*.arj=01;31:*.taz=01;31:*.lha=01;31:*.lz4=01;31:*.lzh=01;31:*.lzma=01;31:*.tlz=01;31:*.txz=01;31:*.tzo=01;31:*.t7z=01;31:*.zip=01;31:*.z=01;31:*.dz=01;31:*.gz=01;31:*.lrz=01;31:*.lz=01;31:*.lzo=01;31:*.xz=01;31:*.zst=01;31:*.tzst=01;31:*.bz2=01;31:*.bz=01;31:*.tbz=01;31:*.tbz2=01;31:*.tz=01;31:*.deb=01;31:*.rpm=01;31:*.jar=01;31:*.war=01;31:*.ear=01;31:*.sar=01;31:*.rar=01;31:*.alz=01;31:*.ace=01;31:*.zoo=01;31:*.cpio=01;31:*.7z=01;31:*.rz=01;31:*.cab=01;31:*.wim=01;31:*.swm=01;31:*.dwm=01;31:*.esd=01;31:*.jpg=01;35:*.jpeg=01;35:*.mjpg=01;35:*.mjpeg=01;35:*.gif=01;35:*.bmp=01;35:*.pbm=01;35:*.pgm=01;35:*.ppm=01;35:*.tga=01;35:*.xbm=01;35:*.xpm=01;35:*.tif=01;35:*.tiff=01;35:*.png=01;35:*.svg=01;35:*.svgz=01;35:*.mng=01;35:*.pcx=01;35:*.mov=01;35:*.mpg=01;35:*.mpeg=01;35:*.m2v=01;35:*.mkv=01;35:*.webm=01;35:*.webp=01;35:*.ogm=01;35:*.mp4=01;35:*.m4v=01;35:*.mp4v=01;35:*.vob=01;35:*.qt=01;35:*.nuv=01;35:*.wmv=01;35:*.asf=01;35:*.rm=01;35:*.rmvb=01;35:*.flc=01;35:*.avi=01;35:*.fli=01;35:*.flv=01;35:*.gl=01;35:*.dl=01;35:*.xcf=01;35:*.xwd=01;35:*.yuv=01;35:*.cgm=01;35:*.emf=01;35:*.ogv=01;35:*.ogx=01;35:*.aac=00;36:*.au=00;36:*.flac=00;36:*.m4a=00;36:*.mid=00;36:*.midi=00;36:*.mka=00;36:*.mp3=00;36:*.mpc=00;36:*.ogg=00;36:*.ra=00;36:*.wav=00;36:*.oga=00;36:*.opus=00;36:*.spx=00;36:*.xspf=00;36:'), ('SSH_AGENT_LAUNCHER', 'gnome-keyring'), ('SSH_AUTH_SOCK', '/run/user/1000/keyring/ssh'), ('AMENT_PREFIX_PATH', '/home/a/ws_moveit2/install/urdf_0816_description:/home/a/ws_moveit2/install/trac_ik:/home/a/ws_moveit2/install/robot_config:/home/a/ws_moveit2/install/trac_ik_kinematics_plugin:/home/a/ws_moveit2/install/trac_ik_lib:/home/a/ws_moveit2/install/mavlink_controller_client:/home/a/ws_moveit2/install/stm32_mavlink_interface:/home/a/ws_moveit2/install/right_arm_ikfast_plugin:/home/a/ws_moveit2/install/pilz_industrial_motion_planner_testutils:/home/a/ws_moveit2/install/moveit_runtime:/home/a/ws_moveit2/install/moveit2_tutorials:/home/a/ws_moveit2/install/moveit:/home/a/ws_moveit2/install/moveit_planners:/home/a/ws_moveit2/install/pilz_industrial_motion_planner:/home/a/ws_moveit2/install/mtc_tutorial:/home/a/ws_moveit2/install/hello_moveit:/home/a/ws_moveit2/install/moveit_visual_tools:/home/a/ws_moveit2/install/moveit_task_constructor_visualization:/home/a/ws_moveit2/install/moveit_task_constructor_demo:/home/a/ws_moveit2/install/moveit_task_constructor_capabilities:/home/a/ws_moveit2/install/moveit_task_constructor_core:/home/a/ws_moveit2/install/moveit_ros_control_interface:/home/a/ws_moveit2/install/moveit_plugins:/home/a/ws_moveit2/install/moveit_simple_controller_manager:/home/a/ws_moveit2/install/moveit_setup_assistant:/home/a/ws_moveit2/install/moveit_setup_srdf_plugins:/home/a/ws_moveit2/install/moveit_setup_core_plugins:/home/a/ws_moveit2/install/moveit_setup_controllers:/home/a/ws_moveit2/install/moveit_setup_app_plugins:/home/a/ws_moveit2/install/moveit_setup_framework:/home/a/ws_moveit2/install/moveit_servo:/home/a/ws_moveit2/install/moveit_ros:/home/a/ws_moveit2/install/moveit_ros_visualization:/home/a/ws_moveit2/install/moveit_hybrid_planning:/home/a/ws_moveit2/install/moveit_ros_planning_interface:/home/a/ws_moveit2/install/moveit_ros_benchmarks:/home/a/ws_moveit2/install/moveit_ros_warehouse:/home/a/ws_moveit2/install/moveit_ros_robot_interaction:/home/a/ws_moveit2/install/moveit_ros_perception:/home/a/ws_moveit2/install/moveit_resources_prbt_pg70_support:/home/a/ws_moveit2/install/moveit_resources_prbt_moveit_config:/home/a/ws_moveit2/install/moveit_ros_move_group:/home/a/ws_moveit2/install/moveit_planners_ompl:/home/a/ws_moveit2/install/left_arm_ikfast_plugin:/home/a/ws_moveit2/install/moveit_ros_planning:/home/a/ws_moveit2/install/moveit_ros_occupancy_map_monitor:/home/a/ws_moveit2/install/moveit_resources_prbt_ikfast_manipulator_plugin:/home/a/ws_moveit2/install/moveit_planners_chomp:/home/a/ws_moveit2/install/moveit_kinematics:/home/a/ws_moveit2/install/moveit_chomp_optimizer_adapter:/home/a/ws_moveit2/install/chomp_motion_planner:/home/a/ws_moveit2/install/moveit_core:/home/a/ws_moveit2/install/moveit_configs_utils:/home/a/ws_moveit2/install/srdfdom:/home/a/ws_moveit2/install/rviz_marker_tools:/home/a/ws_moveit2/install/rosparam_shortcuts:/home/a/ws_moveit2/install/ros_tcp_endpoint:/home/a/ws_moveit2/install/red_seiretu_description:/home/a/ws_moveit2/install/realsense2_ros_mqtt_bridge:/home/a/ws_moveit2/install/realsense2_description:/home/a/ws_moveit2/install/realsense2_camera:/home/a/ws_moveit2/install/realsense2_camera_msgs:/home/a/ws_moveit2/install/object_description:/home/a/ws_moveit2/install/moveit_task_constructor_msgs:/home/a/ws_moveit2/install/moveit_resources_prbt_support:/home/a/ws_moveit2/install/moveit_resources:/home/a/ws_moveit2/install/moveit_resources_pr2_description:/home/a/ws_moveit2/install/moveit_resources_panda_moveit_config:/home/a/ws_moveit2/install/moveit_resources_panda_description:/home/a/ws_moveit2/install/moveit_resources_fanuc_moveit_config:/home/a/ws_moveit2/install/moveit_resources_fanuc_description:/home/a/ws_moveit2/install/moveit_common:/home/a/ws_moveit2/install/mavlink_gui_tester:/home/a/ws_moveit2/install/launch_param_builder:/home/a/ws_moveit2/install/field_description_test:/home/a/ws_moveit2/install/field_description:/home/a/ws_moveit2/install/dynamixel_sdk_examples:/home/a/ws_moveit2/install/dynamixel_sdk_custom_interfaces:/home/a/ws_moveit2/install/dynamixel_controller_gui:/home/a/ws_moveit2/install/dynamixel_controller:/home/a/ws_moveit2/install/dynamixel_sdk:/home/a/ws_moveit2/install/dynamixel_controller_client:/home/a/ws_moveit2/install/d415_rgb_depth_3d:/home/a/ws_moveit2/install/catch_gazebo_ros2_control:/home/a/ws_moveit2/install/blue_seiretu_description:/home/a/ws_moveit2/install/0525_arm_description:/opt/ros/humble'), ('SHELL', '/bin/bash'), ('TERMINATOR_UUID', 'urn:uuid:a64a22d0-cde5-4baa-9a97-059ea5635fde'), ('QT_ACCESSIBILITY', '1'), ('GDMSESSION', 'ubuntu'), ('LESSCLOSE', '/usr/bin/lesspipe %s %s'), ('CMAKE_MODULE_PATH', '/home/a/ws_moveit2/install/moveit_task_constructor_core/share/moveit_task_constructor_core/cmake'), ('GJS_DEBUG_OUTPUT', 'stderr'), ('QT_IM_MODULE', 'ibus'), ('PWD', '/home/a/ws_moveit2/build/rogilink_flex_interfaces'), ('LC_ALL', 'en_US.UTF-8'), ('XDG_CONFIG_DIRS', '/etc/xdg/xdg-ubuntu:/etc/xdg'), ('NVM_CD_FLAGS', ''), ('XDG_DATA_DIRS', '/usr/share/ubuntu:/home/a/.local/share/flatpak/exports/share:/var/lib/flatpak/exports/share:/usr/local/share/:/usr/share/:/var/lib/snapd/desktop'), ('PYTHONPATH', '/home/a/ws_moveit2/install/mavlink_controller_client/lib/python3.10/site-packages:/home/a/ws_moveit2/install/stm32_mavlink_interface/local/lib/python3.10/dist-packages:/home/a/ws_moveit2/install/moveit_task_constructor_core/local/lib/python3.10/dist-packages:/home/a/ws_moveit2/install/moveit_configs_utils/lib/python3.10/site-packages:/home/a/ws_moveit2/install/srdfdom/local/lib/python3.10/dist-packages:/home/a/ws_moveit2/install/ros_tcp_endpoint/lib/python3.10/site-packages:/home/a/ws_moveit2/install/realsense2_ros_mqtt_bridge/lib/python3.10/site-packages:/home/a/ws_moveit2/install/realsense2_camera_msgs/local/lib/python3.10/dist-packages:/home/a/ws_moveit2/install/moveit_task_constructor_msgs/local/lib/python3.10/dist-packages:/home/a/ws_moveit2/install/launch_param_builder/lib/python3.10/site-packages:/home/a/ws_moveit2/install/dynamixel_sdk_custom_interfaces/local/lib/python3.10/dist-packages:/home/a/ws_moveit2/install/dynamixel_controller_gui/lib/python3.10/site-packages:/home/a/ws_moveit2/install/dynamixel_controller/local/lib/python3.10/dist-packages:/home/a/ws_moveit2/install/dynamixel_controller_client/lib/python3.10/site-packages:/home/a/ws_moveit2/install/d415_rgb_depth_3d/lib/python3.10/site-packages:/opt/ros/humble/lib/python3.10/site-packages:/opt/ros/humble/local/lib/python3.10/dist-packages'), ('COLCON', '1'), ('VTE_VERSION', '6800'), ('CMAKE_PREFIX_PATH', '/home/a/ws_moveit2/install/stm32_mavlink_interface:/home/a/ws_moveit2/install/urdf_0816_description:/home/a/ws_moveit2/install/trac_ik:/home/a/ws_moveit2/install/robot_config:/home/a/ws_moveit2/install/trac_ik_kinematics_plugin:/home/a/ws_moveit2/install/right_arm_ikfast_plugin:/home/a/ws_moveit2/install/pilz_industrial_motion_planner_testutils:/home/a/ws_moveit2/install/moveit_runtime:/home/a/ws_moveit2/install/moveit2_tutorials:/home/a/ws_moveit2/install/moveit:/home/a/ws_moveit2/install/moveit_planners:/home/a/ws_moveit2/install/pilz_industrial_motion_planner:/home/a/ws_moveit2/install/mtc_tutorial:/home/a/ws_moveit2/install/hello_moveit:/home/a/ws_moveit2/install/moveit_visual_tools:/home/a/ws_moveit2/install/moveit_task_constructor_visualization:/home/a/ws_moveit2/install/moveit_task_constructor_demo:/home/a/ws_moveit2/install/moveit_task_constructor_capabilities:/home/a/ws_moveit2/install/moveit_task_constructor_core:/home/a/ws_moveit2/install/moveit_ros_control_interface:/home/a/ws_moveit2/install/moveit_plugins:/home/a/ws_moveit2/install/moveit_simple_controller_manager:/home/a/ws_moveit2/install/moveit_setup_assistant:/home/a/ws_moveit2/install/moveit_setup_srdf_plugins:/home/a/ws_moveit2/install/moveit_setup_core_plugins:/home/a/ws_moveit2/install/moveit_setup_controllers:/home/a/ws_moveit2/install/moveit_setup_app_plugins:/home/a/ws_moveit2/install/moveit_setup_framework:/home/a/ws_moveit2/install/moveit_servo:/home/a/ws_moveit2/install/moveit_ros:/home/a/ws_moveit2/install/moveit_ros_visualization:/home/a/ws_moveit2/install/moveit_hybrid_planning:/home/a/ws_moveit2/install/moveit_ros_planning_interface:/home/a/ws_moveit2/install/moveit_ros_benchmarks:/home/a/ws_moveit2/install/moveit_ros_warehouse:/home/a/ws_moveit2/install/moveit_ros_robot_interaction:/home/a/ws_moveit2/install/moveit_ros_perception:/home/a/ws_moveit2/install/moveit_resources_prbt_pg70_support:/home/a/ws_moveit2/install/moveit_resources_prbt_moveit_config:/home/a/ws_moveit2/install/moveit_ros_move_group:/home/a/ws_moveit2/install/moveit_planners_ompl:/home/a/ws_moveit2/install/left_arm_ikfast_plugin:/home/a/ws_moveit2/install/moveit_ros_planning:/home/a/ws_moveit2/install/moveit_ros_occupancy_map_monitor:/home/a/ws_moveit2/install/moveit_resources_prbt_ikfast_manipulator_plugin:/home/a/ws_moveit2/install/moveit_planners_chomp:/home/a/ws_moveit2/install/moveit_kinematics:/home/a/ws_moveit2/install/moveit_chomp_optimizer_adapter:/home/a/ws_moveit2/install/chomp_motion_planner:/home/a/ws_moveit2/install/moveit_core:/home/a/ws_moveit2/install/rviz_marker_tools:/home/a/ws_moveit2/install/rosparam_shortcuts:/home/a/ws_moveit2/install/red_seiretu_description:/home/a/ws_moveit2/install/realsense2_description:/home/a/ws_moveit2/install/realsense2_camera:/home/a/ws_moveit2/install/object_description:/home/a/ws_moveit2/install/moveit_resources:/home/a/ws_moveit2/install/moveit_resources_panda_moveit_config:/home/a/ws_moveit2/install/moveit_resources_fanuc_moveit_config:/home/a/ws_moveit2/install/mavlink_gui_tester:/home/a/ws_moveit2/install/field_description_test:/home/a/ws_moveit2/install/field_description:/home/a/ws_moveit2/install/dynamixel_sdk_examples:/home/a/ws_moveit2/install/dynamixel_controller:/home/a/ws_moveit2/install/0525_arm_description:/home/a/ws_moveit2/install/trac_ik_lib:/home/a/ws_moveit2/install/mavlink_controller_client:/home/a/ws_moveit2/install/moveit_configs_utils:/home/a/ws_moveit2/install/srdfdom:/home/a/ws_moveit2/install/ros_tcp_endpoint:/home/a/ws_moveit2/install/realsense2_ros_mqtt_bridge:/home/a/ws_moveit2/install/realsense2_camera_msgs:/home/a/ws_moveit2/install/moveit_task_constructor_msgs:/home/a/ws_moveit2/install/moveit_resources_prbt_support:/home/a/ws_moveit2/install/moveit_resources_pr2_description:/home/a/ws_moveit2/install/moveit_resources_panda_description:/home/a/ws_moveit2/install/moveit_resources_fanuc_description:/home/a/ws_moveit2/install/moveit_common:/home/a/ws_moveit2/install/launch_param_builder:/home/a/ws_moveit2/install/dynamixel_sdk_custom_interfaces:/home/a/ws_moveit2/install/dynamixel_controller_gui:/home/a/ws_moveit2/install/dynamixel_sdk:/home/a/ws_moveit2/install/dynamixel_controller_client:/home/a/ws_moveit2/install/d415_rgb_depth_3d:/home/a/ws_moveit2/install/catch_gazebo_ros2_control:/home/a/ws_moveit2/install/blue_seiretu_description:/opt/ros/humble')]), 'shell': False}
[1.375767] (rogilink_flex_interfaces) StdoutLine: {'line': b'[  2%] \x1b[34m\x1b[1mGenerating C code for ROS interfaces\x1b[0m\n'}
[1.384877] (rogilink_flex_interfaces) StdoutLine: {'line': b'[  4%] \x1b[34m\x1b[1mGenerating C++ code for ROS interfaces\x1b[0m\n'}
[1.391142] (rogilink_flex_interfaces) StdoutLine: {'line': b'[  4%] Built target ament_cmake_python_copy_rogilink_flex_interfaces\n'}
[1.401175] (-) TimerEvent: {}
[1.501388] (-) TimerEvent: {}
[1.558995] (rogilink_flex_interfaces) StdoutLine: {'line': b'running egg_info\n'}
[1.559311] (rogilink_flex_interfaces) StdoutLine: {'line': b'creating rogilink_flex_interfaces.egg-info\n'}
[1.559381] (rogilink_flex_interfaces) StdoutLine: {'line': b'writing rogilink_flex_interfaces.egg-info/PKG-INFO\n'}
[1.559415] (rogilink_flex_interfaces) StdoutLine: {'line': b'writing dependency_links to rogilink_flex_interfaces.egg-info/dependency_links.txt\n'}
[1.559448] (rogilink_flex_interfaces) StdoutLine: {'line': b'writing top-level names to rogilink_flex_interfaces.egg-info/top_level.txt\n'}
[1.559511] (rogilink_flex_interfaces) StdoutLine: {'line': b"writing manifest file 'rogilink_flex_interfaces.egg-info/SOURCES.txt'\n"}
[1.560670] (rogilink_flex_interfaces) StdoutLine: {'line': b"reading manifest file 'rogilink_flex_interfaces.egg-info/SOURCES.txt'\n"}
[1.560866] (rogilink_flex_interfaces) StdoutLine: {'line': b"writing manifest file 'rogilink_flex_interfaces.egg-info/SOURCES.txt'\n"}
[1.581013] (rogilink_flex_interfaces) StdoutLine: {'line': b'[  4%] Built target ament_cmake_python_build_rogilink_flex_interfaces_egg\n'}
[1.601442] (-) TimerEvent: {}
[1.650908] (rogilink_flex_interfaces) StdoutLine: {'line': b'[  6%] \x1b[32mBuilding C object CMakeFiles/rogilink_flex_interfaces__rosidl_generator_c.dir/rosidl_generator_c/rogilink_flex_interfaces/msg/detail/frame__functions.c.o\x1b[0m\n'}
[1.652789] (rogilink_flex_interfaces) StdoutLine: {'line': b'[  8%] \x1b[32mBuilding C object CMakeFiles/rogilink_flex_interfaces__rosidl_generator_c.dir/rosidl_generator_c/rogilink_flex_interfaces/srv/detail/is_connected__functions.c.o\x1b[0m\n'}
[1.652880] (rogilink_flex_interfaces) StdoutLine: {'line': b'[ 10%] \x1b[32mBuilding C object CMakeFiles/rogilink_flex_interfaces__rosidl_generator_c.dir/rosidl_generator_c/rogilink_flex_interfaces/srv/detail/get_config__functions.c.o\x1b[0m\n'}
[1.652966] (rogilink_flex_interfaces) StdoutLine: {'line': b'[ 10%] Built target rogilink_flex_interfaces__cpp\n'}
[1.661385] (rogilink_flex_interfaces) StdoutLine: {'line': b'[ 12%] \x1b[34m\x1b[1mGenerating C++ introspection for ROS interfaces\x1b[0m\n'}
[1.662176] (rogilink_flex_interfaces) StdoutLine: {'line': b'[ 14%] \x1b[34m\x1b[1mGenerating C++ type support dispatch for ROS interfaces\x1b[0m\n'}
[1.664956] (rogilink_flex_interfaces) StdoutLine: {'line': b'[ 17%] \x1b[34m\x1b[1mGenerating C++ type support for eProsima Fast-RTPS\x1b[0m\n'}
[1.701512] (rogilink_flex_interfaces) StdoutLine: {'line': b'[ 19%] \x1b[32m\x1b[1mLinking C shared library librogilink_flex_interfaces__rosidl_generator_c.so\x1b[0m\n'}
[1.701720] (-) TimerEvent: {}
[1.740714] (rogilink_flex_interfaces) StdoutLine: {'line': b'[ 19%] Built target rogilink_flex_interfaces__rosidl_generator_c\n'}
[1.752916] (rogilink_flex_interfaces) StdoutLine: {'line': b'[ 23%] \x1b[34m\x1b[1mGenerating C introspection for ROS interfaces\x1b[0m\n'}
[1.753062] (rogilink_flex_interfaces) StdoutLine: {'line': b'[ 23%] \x1b[34m\x1b[1mGenerating C type support dispatch for ROS interfaces\x1b[0m\n'}
[1.754052] (rogilink_flex_interfaces) StdoutLine: {'line': b'[ 25%] \x1b[34m\x1b[1mGenerating C type support for eProsima Fast-RTPS\x1b[0m\n'}
[1.801832] (-) TimerEvent: {}
[1.902064] (-) TimerEvent: {}
[1.905338] (rogilink_flex_interfaces) StdoutLine: {'line': b'[ 31%] \x1b[32mBuilding CXX object CMakeFiles/rogilink_flex_interfaces__rosidl_typesupport_introspection_cpp.dir/rosidl_typesupport_introspection_cpp/rogilink_flex_interfaces/srv/detail/get_config__type_support.cpp.o\x1b[0m\n'}
[1.905526] (rogilink_flex_interfaces) StdoutLine: {'line': b'[ 31%] \x1b[32mBuilding CXX object CMakeFiles/rogilink_flex_interfaces__rosidl_typesupport_introspection_cpp.dir/rosidl_typesupport_introspection_cpp/rogilink_flex_interfaces/srv/detail/is_connected__type_support.cpp.o\x1b[0m\n'}
[1.905609] (rogilink_flex_interfaces) StdoutLine: {'line': b'[ 31%] \x1b[32mBuilding CXX object CMakeFiles/rogilink_flex_interfaces__rosidl_typesupport_fastrtps_cpp.dir/rosidl_typesupport_fastrtps_cpp/rogilink_flex_interfaces/msg/detail/dds_fastrtps/frame__type_support.cpp.o\x1b[0m\n'}
[1.907848] (rogilink_flex_interfaces) StdoutLine: {'line': b'[ 34%] \x1b[32mBuilding CXX object CMakeFiles/rogilink_flex_interfaces__rosidl_typesupport_fastrtps_cpp.dir/rosidl_typesupport_fastrtps_cpp/rogilink_flex_interfaces/srv/detail/dds_fastrtps/get_config__type_support.cpp.o\x1b[0m\n'}
[1.908393] (rogilink_flex_interfaces) StdoutLine: {'line': b'[ 36%] \x1b[32mBuilding CXX object CMakeFiles/rogilink_flex_interfaces__rosidl_typesupport_cpp.dir/rosidl_typesupport_cpp/rogilink_flex_interfaces/msg/frame__type_support.cpp.o\x1b[0m\n'}
[1.908611] (rogilink_flex_interfaces) StdoutLine: {'line': b'[ 38%] \x1b[32mBuilding CXX object CMakeFiles/rogilink_flex_interfaces__rosidl_typesupport_cpp.dir/rosidl_typesupport_cpp/rogilink_flex_interfaces/srv/get_config__type_support.cpp.o\x1b[0m\n'}
[1.908718] (rogilink_flex_interfaces) StdoutLine: {'line': b'[ 40%] \x1b[32mBuilding CXX object CMakeFiles/rogilink_flex_interfaces__rosidl_typesupport_introspection_cpp.dir/rosidl_typesupport_introspection_cpp/rogilink_flex_interfaces/msg/detail/frame__type_support.cpp.o\x1b[0m\n'}
[1.908812] (rogilink_flex_interfaces) StdoutLine: {'line': b'[ 44%] \x1b[32mBuilding CXX object CMakeFiles/rogilink_flex_interfaces__rosidl_typesupport_cpp.dir/rosidl_typesupport_cpp/rogilink_flex_interfaces/srv/is_connected__type_support.cpp.o\x1b[0m\n'}
[1.908894] (rogilink_flex_interfaces) StdoutLine: {'line': b'[ 44%] \x1b[32mBuilding CXX object CMakeFiles/rogilink_flex_interfaces__rosidl_typesupport_fastrtps_cpp.dir/rosidl_typesupport_fastrtps_cpp/rogilink_flex_interfaces/srv/detail/dds_fastrtps/is_connected__type_support.cpp.o\x1b[0m\n'}
[1.944574] (rogilink_flex_interfaces) StdoutLine: {'line': b'[ 46%] \x1b[32mBuilding CXX object CMakeFiles/rogilink_flex_interfaces__rosidl_typesupport_c.dir/rosidl_typesupport_c/rogilink_flex_interfaces/msg/frame__type_support.cpp.o\x1b[0m\n'}
[1.949014] (rogilink_flex_interfaces) StdoutLine: {'line': b'[ 48%] \x1b[32mBuilding CXX object CMakeFiles/rogilink_flex_interfaces__rosidl_typesupport_c.dir/rosidl_typesupport_c/rogilink_flex_interfaces/srv/is_connected__type_support.cpp.o\x1b[0m\n'}
[1.949550] (rogilink_flex_interfaces) StdoutLine: {'line': b'[ 51%] \x1b[32mBuilding CXX object CMakeFiles/rogilink_flex_interfaces__rosidl_typesupport_c.dir/rosidl_typesupport_c/rogilink_flex_interfaces/srv/get_config__type_support.cpp.o\x1b[0m\n'}
[1.981511] (rogilink_flex_interfaces) StdoutLine: {'line': b'[ 53%] \x1b[32m\x1b[1mLinking CXX shared library librogilink_flex_interfaces__rosidl_typesupport_c.so\x1b[0m\n'}
[2.002175] (-) TimerEvent: {}
[2.018008] (rogilink_flex_interfaces) StdoutLine: {'line': b'[ 53%] Built target rogilink_flex_interfaces__rosidl_typesupport_c\n'}
[2.059054] (rogilink_flex_interfaces) StdoutLine: {'line': b'[ 55%] \x1b[32mBuilding C object CMakeFiles/rogilink_flex_interfaces__rosidl_typesupport_introspection_c.dir/rosidl_typesupport_introspection_c/rogilink_flex_interfaces/srv/detail/get_config__type_support.c.o\x1b[0m\n'}
[2.062659] (rogilink_flex_interfaces) StdoutLine: {'line': b'[ 57%] \x1b[32mBuilding C object CMakeFiles/rogilink_flex_interfaces__rosidl_typesupport_introspection_c.dir/rosidl_typesupport_introspection_c/rogilink_flex_interfaces/msg/detail/frame__type_support.c.o\x1b[0m\n'}
[2.062884] (rogilink_flex_interfaces) StdoutLine: {'line': b'[ 59%] \x1b[32mBuilding CXX object CMakeFiles/rogilink_flex_interfaces__rosidl_typesupport_fastrtps_c.dir/rosidl_typesupport_fastrtps_c/rogilink_flex_interfaces/srv/detail/get_config__type_support_c.cpp.o\x1b[0m\n'}
[2.063952] (rogilink_flex_interfaces) StdoutLine: {'line': b'[ 61%] \x1b[32mBuilding CXX object CMakeFiles/rogilink_flex_interfaces__rosidl_typesupport_fastrtps_c.dir/rosidl_typesupport_fastrtps_c/rogilink_flex_interfaces/msg/detail/frame__type_support_c.cpp.o\x1b[0m\n'}
[2.065562] (rogilink_flex_interfaces) StdoutLine: {'line': b'[ 63%] \x1b[32mBuilding C object CMakeFiles/rogilink_flex_interfaces__rosidl_typesupport_introspection_c.dir/rosidl_typesupport_introspection_c/rogilink_flex_interfaces/srv/detail/is_connected__type_support.c.o\x1b[0m\n'}
[2.068358] (rogilink_flex_interfaces) StdoutLine: {'line': b'[ 65%] \x1b[32mBuilding CXX object CMakeFiles/rogilink_flex_interfaces__rosidl_typesupport_fastrtps_c.dir/rosidl_typesupport_fastrtps_c/rogilink_flex_interfaces/srv/detail/is_connected__type_support_c.cpp.o\x1b[0m\n'}
[2.096153] (rogilink_flex_interfaces) StdoutLine: {'line': b'[ 68%] \x1b[32m\x1b[1mLinking C shared library librogilink_flex_interfaces__rosidl_typesupport_introspection_c.so\x1b[0m\n'}
[2.102297] (-) TimerEvent: {}
[2.134912] (rogilink_flex_interfaces) StdoutLine: {'line': b'[ 68%] Built target rogilink_flex_interfaces__rosidl_typesupport_introspection_c\n'}
[2.202417] (-) TimerEvent: {}
[2.207036] (rogilink_flex_interfaces) StdoutLine: {'line': b'[ 70%] \x1b[32m\x1b[1mLinking CXX shared library librogilink_flex_interfaces__rosidl_typesupport_cpp.so\x1b[0m\n'}
[2.243513] (rogilink_flex_interfaces) StdoutLine: {'line': b'[ 70%] Built target rogilink_flex_interfaces__rosidl_typesupport_cpp\n'}
[2.272437] (rogilink_flex_interfaces) StdoutLine: {'line': b'[ 72%] \x1b[32m\x1b[1mLinking CXX shared library librogilink_flex_interfaces__rosidl_typesupport_fastrtps_cpp.so\x1b[0m\n'}
[2.287875] (rogilink_flex_interfaces) StdoutLine: {'line': b'[ 74%] \x1b[32m\x1b[1mLinking CXX shared library librogilink_flex_interfaces__rosidl_typesupport_introspection_cpp.so\x1b[0m\n'}
[2.302531] (-) TimerEvent: {}
[2.331943] (rogilink_flex_interfaces) StdoutLine: {'line': b'[ 74%] Built target rogilink_flex_interfaces__rosidl_typesupport_fastrtps_cpp\n'}
[2.339571] (rogilink_flex_interfaces) StdoutLine: {'line': b'[ 74%] Built target rogilink_flex_interfaces__rosidl_typesupport_introspection_cpp\n'}
[2.355496] (rogilink_flex_interfaces) StdoutLine: {'line': b'[ 76%] \x1b[32m\x1b[1mLinking CXX shared library librogilink_flex_interfaces__rosidl_typesupport_fastrtps_c.so\x1b[0m\n'}
[2.402654] (-) TimerEvent: {}
[2.410195] (rogilink_flex_interfaces) StdoutLine: {'line': b'[ 76%] Built target rogilink_flex_interfaces__rosidl_typesupport_fastrtps_c\n'}
[2.435589] (rogilink_flex_interfaces) StdoutLine: {'line': b'[ 76%] Built target rogilink_flex_interfaces\n'}
[2.458327] (rogilink_flex_interfaces) StdoutLine: {'line': b'[ 78%] \x1b[34m\x1b[1mGenerating Python code for ROS interfaces\x1b[0m\n'}
[2.502796] (-) TimerEvent: {}
[2.603186] (-) TimerEvent: {}
[2.703444] (-) TimerEvent: {}
[2.803702] (-) TimerEvent: {}
[2.848365] (rogilink_flex_interfaces) StdoutLine: {'line': b'[ 78%] Built target rogilink_flex_interfaces__py\n'}
[2.869475] (rogilink_flex_interfaces) StdoutLine: {'line': b'[ 80%] \x1b[32mBuilding C object CMakeFiles/rogilink_flex_interfaces__rosidl_generator_py.dir/rosidl_generator_py/rogilink_flex_interfaces/srv/_get_config_s.c.o\x1b[0m\n'}
[2.871283] (rogilink_flex_interfaces) StdoutLine: {'line': b'[ 85%] \x1b[32mBuilding C object CMakeFiles/rogilink_flex_interfaces__rosidl_generator_py.dir/rosidl_generator_py/rogilink_flex_interfaces/msg/_frame_s.c.o\x1b[0m\n'}
[2.871455] (rogilink_flex_interfaces) StdoutLine: {'line': b'[ 85%] \x1b[32mBuilding C object CMakeFiles/rogilink_flex_interfaces__rosidl_generator_py.dir/rosidl_generator_py/rogilink_flex_interfaces/srv/_is_connected_s.c.o\x1b[0m\n'}
[2.903817] (-) TimerEvent: {}
[2.950979] (rogilink_flex_interfaces) StdoutLine: {'line': b'[ 87%] \x1b[32m\x1b[1mLinking C shared library rosidl_generator_py/rogilink_flex_interfaces/librogilink_flex_interfaces__rosidl_generator_py.so\x1b[0m\n'}
[2.983993] (rogilink_flex_interfaces) StdoutLine: {'line': b'[ 87%] Built target rogilink_flex_interfaces__rosidl_generator_py\n'}
[3.003917] (-) TimerEvent: {}
[3.005927] (rogilink_flex_interfaces) StdoutLine: {'line': b'[ 89%] \x1b[32mBuilding C object CMakeFiles/rogilink_flex_interfaces__rosidl_typesupport_c__pyext.dir/rosidl_generator_py/rogilink_flex_interfaces/_rogilink_flex_interfaces_s.ep.rosidl_typesupport_c.c.o\x1b[0m\n'}
[3.007562] (rogilink_flex_interfaces) StdoutLine: {'line': b'[ 91%] \x1b[32mBuilding C object CMakeFiles/rogilink_flex_interfaces__rosidl_typesupport_fastrtps_c__pyext.dir/rosidl_generator_py/rogilink_flex_interfaces/_rogilink_flex_interfaces_s.ep.rosidl_typesupport_fastrtps_c.c.o\x1b[0m\n'}
[3.008276] (rogilink_flex_interfaces) StdoutLine: {'line': b'[ 93%] \x1b[32mBuilding C object CMakeFiles/rogilink_flex_interfaces__rosidl_typesupport_introspection_c__pyext.dir/rosidl_generator_py/rogilink_flex_interfaces/_rogilink_flex_interfaces_s.ep.rosidl_typesupport_introspection_c.c.o\x1b[0m\n'}
[3.074058] (rogilink_flex_interfaces) StdoutLine: {'line': b'[ 95%] \x1b[32m\x1b[1mLinking C shared library rosidl_generator_py/rogilink_flex_interfaces/rogilink_flex_interfaces_s__rosidl_typesupport_c.cpython-310-x86_64-linux-gnu.so\x1b[0m\n'}
[3.079099] (rogilink_flex_interfaces) StdoutLine: {'line': b'[ 97%] \x1b[32m\x1b[1mLinking C shared library rosidl_generator_py/rogilink_flex_interfaces/rogilink_flex_interfaces_s__rosidl_typesupport_introspection_c.cpython-310-x86_64-linux-gnu.so\x1b[0m\n'}
[3.079397] (rogilink_flex_interfaces) StdoutLine: {'line': b'[100%] \x1b[32m\x1b[1mLinking C shared library rosidl_generator_py/rogilink_flex_interfaces/rogilink_flex_interfaces_s__rosidl_typesupport_fastrtps_c.cpython-310-x86_64-linux-gnu.so\x1b[0m\n'}
[3.099673] (rogilink_flex_interfaces) StdoutLine: {'line': b'[100%] Built target rogilink_flex_interfaces__rosidl_typesupport_c__pyext\n'}
[3.103984] (-) TimerEvent: {}
[3.113561] (rogilink_flex_interfaces) StdoutLine: {'line': b'[100%] Built target rogilink_flex_interfaces__rosidl_typesupport_fastrtps_c__pyext\n'}
[3.115164] (rogilink_flex_interfaces) StdoutLine: {'line': b'[100%] Built target rogilink_flex_interfaces__rosidl_typesupport_introspection_c__pyext\n'}
[3.125168] (rogilink_flex_interfaces) CommandEnded: {'returncode': 0}
[3.125782] (rogilink_flex_interfaces) JobProgress: {'identifier': 'rogilink_flex_interfaces', 'progress': 'install'}
[3.132889] (rogilink_flex_interfaces) Command: {'cmd': ['/usr/bin/cmake', '--install', '/home/a/ws_moveit2/build/rogilink_flex_interfaces'], 'cwd': '/home/a/ws_moveit2/build/rogilink_flex_interfaces', 'env': OrderedDict([('GJS_DEBUG_TOPICS', 'JS ERROR;JS LOG'), ('LESSOPEN', '| /usr/bin/lesspipe %s'), ('USER', 'a'), ('XDG_SESSION_TYPE', 'wayland'), ('SHLVL', '1'), ('LD_LIBRARY_PATH', '/home/a/ws_moveit2/install/trac_ik_kinematics_plugin/lib:/home/a/ws_moveit2/install/trac_ik_lib/lib:/home/a/ws_moveit2/install/stm32_mavlink_interface/lib:/home/a/ws_moveit2/install/right_arm_ikfast_plugin/lib:/home/a/ws_moveit2/install/pilz_industrial_motion_planner_testutils/lib:/home/a/ws_moveit2/install/pilz_industrial_motion_planner/lib:/home/a/ws_moveit2/install/moveit_visual_tools/lib:/home/a/ws_moveit2/install/moveit_task_constructor_visualization/lib:/home/a/ws_moveit2/install/moveit_task_constructor_demo/lib:/home/a/ws_moveit2/install/moveit_task_constructor_capabilities/lib:/home/a/ws_moveit2/install/moveit_task_constructor_core/lib:/home/a/ws_moveit2/install/moveit_ros_control_interface/lib:/home/a/ws_moveit2/install/moveit_simple_controller_manager/lib:/home/a/ws_moveit2/install/moveit_setup_assistant/lib:/home/a/ws_moveit2/install/moveit_setup_srdf_plugins/lib:/home/a/ws_moveit2/install/moveit_setup_core_plugins/lib:/home/a/ws_moveit2/install/moveit_setup_controllers/lib:/home/a/ws_moveit2/install/moveit_setup_app_plugins/lib:/home/a/ws_moveit2/install/moveit_setup_framework/lib:/home/a/ws_moveit2/install/moveit_servo/lib:/home/a/ws_moveit2/install/moveit_ros_visualization/lib:/home/a/ws_moveit2/install/moveit_hybrid_planning/lib:/home/a/ws_moveit2/install/moveit_ros_planning_interface/lib:/home/a/ws_moveit2/install/moveit_ros_benchmarks/lib:/home/a/ws_moveit2/install/moveit_ros_warehouse/lib:/home/a/ws_moveit2/install/moveit_ros_robot_interaction/lib:/home/a/ws_moveit2/install/moveit_ros_perception/lib:/home/a/ws_moveit2/install/moveit_ros_move_group/lib:/home/a/ws_moveit2/install/moveit_planners_ompl/lib:/home/a/ws_moveit2/install/left_arm_ikfast_plugin/lib:/home/a/ws_moveit2/install/moveit_ros_planning/lib:/home/a/ws_moveit2/install/moveit_ros_occupancy_map_monitor/lib:/home/a/ws_moveit2/install/moveit_resources_prbt_ikfast_manipulator_plugin/lib:/home/a/ws_moveit2/install/moveit_planners_chomp/lib:/home/a/ws_moveit2/install/moveit_kinematics/lib:/home/a/ws_moveit2/install/moveit_chomp_optimizer_adapter/lib:/home/a/ws_moveit2/install/chomp_motion_planner/lib:/home/a/ws_moveit2/install/moveit_core/lib:/home/a/ws_moveit2/install/srdfdom/lib:/home/a/ws_moveit2/install/rviz_marker_tools/lib:/home/a/ws_moveit2/install/rosparam_shortcuts/lib:/home/a/ws_moveit2/install/realsense2_camera/lib:/home/a/ws_moveit2/install/realsense2_camera_msgs/lib:/home/a/ws_moveit2/install/moveit_task_constructor_msgs/lib:/home/a/ws_moveit2/install/dynamixel_sdk_custom_interfaces/lib:/home/a/ws_moveit2/install/dynamixel_controller/lib:/home/a/ws_moveit2/install/dynamixel_sdk/lib:/usr/lib/x86_64-linux-gnu/gazebo-11/plugins:/opt/ros/humble/opt/rviz_ogre_vendor/lib:/opt/ros/humble/lib/x86_64-linux-gnu:/opt/ros/humble/lib'), ('HOME', '/home/a'), ('OLDPWD', '/home/a/ws_moveit2/src/MAVLink'), ('DESKTOP_SESSION', 'ubuntu'), ('NVM_BIN', '/home/a/.nvm/versions/node/v22.18.0/bin'), ('NVM_INC', '/home/a/.nvm/versions/node/v22.18.0/include/node'), ('GIO_LAUNCHED_DESKTOP_FILE', '/usr/share/applications/terminator.desktop'), ('ROS_PYTHON_VERSION', '3'), ('GNOME_SHELL_SESSION_MODE', 'ubuntu'), ('GTK_MODULES', 'gail:atk-bridge'), ('MANAGERPID', '1213'), ('SYSTEMD_EXEC_PID', '1445'), ('DBUS_SESSION_BUS_ADDRESS', 'unix:path=/run/user/1000/bus'), ('COLORTERM', 'truecolor'), ('TERMINATOR_DBUS_NAME', 'net.tenshu.Terminator25ef4b219e3b005583550f2b0f9f990c3'), ('GIO_LAUNCHED_DESKTOP_FILE_PID', '3048'), ('NVM_DIR', '/home/a/.nvm'), ('IM_CONFIG_PHASE', '1'), ('WAYLAND_DISPLAY', 'wayland-0'), ('COLCON_PREFIX_PATH', '/home/a/ws_moveit2/install'), ('ROS_DISTRO', 'humble'), ('LOGNAME', 'a'), ('JOURNAL_STREAM', '8:3514'), ('_', '/usr/bin/colcon'), ('ROS_VERSION', '2'), ('XDG_SESSION_CLASS', 'user'), ('USERNAME', 'a'), ('TERM', 'xterm-256color'), ('GNOME_DESKTOP_SESSION_ID', 'this-is-deprecated'), ('ROS_LOCALHOST_ONLY', '0'), ('PATH', '/home/a/ws_moveit2/install/moveit_core/bin:/home/a/.nvm/versions/node/v22.18.0/bin:/opt/ros/humble/bin:/home/a/.local/bin:/usr/local/sbin:/usr/local/bin:/usr/sbin:/usr/bin:/sbin:/bin:/usr/games:/usr/local/games:/snap/bin:/snap/bin'), ('SESSION_MANAGER', 'local/a:@/tmp/.ICE-unix/1406,unix/a:/tmp/.ICE-unix/1406'), ('INVOCATION_ID', 'a100030f866a48708cf7905c543bcf13'), ('XDG_MENU_PREFIX', 'gnome-'), ('GNOME_SETUP_DISPLAY', ':1'), ('XDG_RUNTIME_DIR', '/run/user/1000'), ('DISPLAY', ':0'), ('TERMINATOR_DBUS_PATH', '/net/tenshu/Terminator2'), ('LANG', 'en_US.UTF-8'), ('XDG_CURRENT_DESKTOP', 'ubuntu:GNOME'), ('XMODIFIERS', '@im=ibus'), ('XDG_SESSION_DESKTOP', 'ubuntu'), ('XAUTHORITY', '/run/user/1000/.mutter-Xwaylandauth.4WBWC3'), ('LS_COLORS', 'rs=0:di=01;34:ln=01;36:mh=00:pi=40;33:so=01;35:do=01;35:bd=40;33;01:cd=40;33;01:or=40;31;01:mi=00:su=37;41:sg=30;43:ca=30;41:tw=30;42:ow=34;42:st=37;44:ex=01;32:*.tar=01;31:*.tgz=01;31:*.arc=01;31:*.arj=01;31:*.taz=01;31:*.lha=01;31:*.lz4=01;31:*.lzh=01;31:*.lzma=01;31:*.tlz=01;31:*.txz=01;31:*.tzo=01;31:*.t7z=01;31:*.zip=01;31:*.z=01;31:*.dz=01;31:*.gz=01;31:*.lrz=01;31:*.lz=01;31:*.lzo=01;31:*.xz=01;31:*.zst=01;31:*.tzst=01;31:*.bz2=01;31:*.bz=01;31:*.tbz=01;31:*.tbz2=01;31:*.tz=01;31:*.deb=01;31:*.rpm=01;31:*.jar=01;31:*.war=01;31:*.ear=01;31:*.sar=01;31:*.rar=01;31:*.alz=01;31:*.ace=01;31:*.zoo=01;31:*.cpio=01;31:*.7z=01;31:*.rz=01;31:*.cab=01;31:*.wim=01;31:*.swm=01;31:*.dwm=01;31:*.esd=01;31:*.jpg=01;35:*.jpeg=01;35:*.mjpg=01;35:*.mjpeg=01;35:*.gif=01;35:*.bmp=01;35:*.pbm=01;35:*.pgm=01;35:*.ppm=01;35:*.tga=01;35:*.xbm=01;35:*.xpm=01;35:*.tif=01;35:*.tiff=01;35:*.png=01;35:*.svg=01;35:*.svgz=01;35:*.mng=01;35:*.pcx=01;35:*.mov=01;35:*.mpg=01;35:*.mpeg=01;35:*.m2v=01;35:*.mkv=01;35:*.webm=01;35:*.webp=01;35:*.ogm=01;35:*.mp4=01;35:*.m4v=01;35:*.mp4v=01;35:*.vob=01;35:*.qt=01;35:*.nuv=01;35:*.wmv=01;35:*.asf=01;35:*.rm=01;35:*.rmvb=01;35:*.flc=01;35:*.avi=01;35:*.fli=01;35:*.flv=01;35:*.gl=01;35:*.dl=01;35:*.xcf=01;35:*.xwd=01;35:*.yuv=01;35:*.cgm=01;35:*.emf=01;35:*.ogv=01;35:*.ogx=01;35:*.aac=00;36:*.au=00;36:*.flac=00;36:*.m4a=00;36:*.mid=00;36:*.midi=00;36:*.mka=00;36:*.mp3=00;36:*.mpc=00;36:*.ogg=00;36:*.ra=00;36:*.wav=00;36:*.oga=00;36:*.opus=00;36:*.spx=00;36:*.xspf=00;36:'), ('SSH_AGENT_LAUNCHER', 'gnome-keyring'), ('SSH_AUTH_SOCK', '/run/user/1000/keyring/ssh'), ('AMENT_PREFIX_PATH', '/home/a/ws_moveit2/install/urdf_0816_description:/home/a/ws_moveit2/install/trac_ik:/home/a/ws_moveit2/install/robot_config:/home/a/ws_moveit2/install/trac_ik_kinematics_plugin:/home/a/ws_moveit2/install/trac_ik_lib:/home/a/ws_moveit2/install/mavlink_controller_client:/home/a/ws_moveit2/install/stm32_mavlink_interface:/home/a/ws_moveit2/install/right_arm_ikfast_plugin:/home/a/ws_moveit2/install/pilz_industrial_motion_planner_testutils:/home/a/ws_moveit2/install/moveit_runtime:/home/a/ws_moveit2/install/moveit2_tutorials:/home/a/ws_moveit2/install/moveit:/home/a/ws_moveit2/install/moveit_planners:/home/a/ws_moveit2/install/pilz_industrial_motion_planner:/home/a/ws_moveit2/install/mtc_tutorial:/home/a/ws_moveit2/install/hello_moveit:/home/a/ws_moveit2/install/moveit_visual_tools:/home/a/ws_moveit2/install/moveit_task_constructor_visualization:/home/a/ws_moveit2/install/moveit_task_constructor_demo:/home/a/ws_moveit2/install/moveit_task_constructor_capabilities:/home/a/ws_moveit2/install/moveit_task_constructor_core:/home/a/ws_moveit2/install/moveit_ros_control_interface:/home/a/ws_moveit2/install/moveit_plugins:/home/a/ws_moveit2/install/moveit_simple_controller_manager:/home/a/ws_moveit2/install/moveit_setup_assistant:/home/a/ws_moveit2/install/moveit_setup_srdf_plugins:/home/a/ws_moveit2/install/moveit_setup_core_plugins:/home/a/ws_moveit2/install/moveit_setup_controllers:/home/a/ws_moveit2/install/moveit_setup_app_plugins:/home/a/ws_moveit2/install/moveit_setup_framework:/home/a/ws_moveit2/install/moveit_servo:/home/a/ws_moveit2/install/moveit_ros:/home/a/ws_moveit2/install/moveit_ros_visualization:/home/a/ws_moveit2/install/moveit_hybrid_planning:/home/a/ws_moveit2/install/moveit_ros_planning_interface:/home/a/ws_moveit2/install/moveit_ros_benchmarks:/home/a/ws_moveit2/install/moveit_ros_warehouse:/home/a/ws_moveit2/install/moveit_ros_robot_interaction:/home/a/ws_moveit2/install/moveit_ros_perception:/home/a/ws_moveit2/install/moveit_resources_prbt_pg70_support:/home/a/ws_moveit2/install/moveit_resources_prbt_moveit_config:/home/a/ws_moveit2/install/moveit_ros_move_group:/home/a/ws_moveit2/install/moveit_planners_ompl:/home/a/ws_moveit2/install/left_arm_ikfast_plugin:/home/a/ws_moveit2/install/moveit_ros_planning:/home/a/ws_moveit2/install/moveit_ros_occupancy_map_monitor:/home/a/ws_moveit2/install/moveit_resources_prbt_ikfast_manipulator_plugin:/home/a/ws_moveit2/install/moveit_planners_chomp:/home/a/ws_moveit2/install/moveit_kinematics:/home/a/ws_moveit2/install/moveit_chomp_optimizer_adapter:/home/a/ws_moveit2/install/chomp_motion_planner:/home/a/ws_moveit2/install/moveit_core:/home/a/ws_moveit2/install/moveit_configs_utils:/home/a/ws_moveit2/install/srdfdom:/home/a/ws_moveit2/install/rviz_marker_tools:/home/a/ws_moveit2/install/rosparam_shortcuts:/home/a/ws_moveit2/install/ros_tcp_endpoint:/home/a/ws_moveit2/install/red_seiretu_description:/home/a/ws_moveit2/install/realsense2_ros_mqtt_bridge:/home/a/ws_moveit2/install/realsense2_description:/home/a/ws_moveit2/install/realsense2_camera:/home/a/ws_moveit2/install/realsense2_camera_msgs:/home/a/ws_moveit2/install/object_description:/home/a/ws_moveit2/install/moveit_task_constructor_msgs:/home/a/ws_moveit2/install/moveit_resources_prbt_support:/home/a/ws_moveit2/install/moveit_resources:/home/a/ws_moveit2/install/moveit_resources_pr2_description:/home/a/ws_moveit2/install/moveit_resources_panda_moveit_config:/home/a/ws_moveit2/install/moveit_resources_panda_description:/home/a/ws_moveit2/install/moveit_resources_fanuc_moveit_config:/home/a/ws_moveit2/install/moveit_resources_fanuc_description:/home/a/ws_moveit2/install/moveit_common:/home/a/ws_moveit2/install/mavlink_gui_tester:/home/a/ws_moveit2/install/launch_param_builder:/home/a/ws_moveit2/install/field_description_test:/home/a/ws_moveit2/install/field_description:/home/a/ws_moveit2/install/dynamixel_sdk_examples:/home/a/ws_moveit2/install/dynamixel_sdk_custom_interfaces:/home/a/ws_moveit2/install/dynamixel_controller_gui:/home/a/ws_moveit2/install/dynamixel_controller:/home/a/ws_moveit2/install/dynamixel_sdk:/home/a/ws_moveit2/install/dynamixel_controller_client:/home/a/ws_moveit2/install/d415_rgb_depth_3d:/home/a/ws_moveit2/install/catch_gazebo_ros2_control:/home/a/ws_moveit2/install/blue_seiretu_description:/home/a/ws_moveit2/install/0525_arm_description:/opt/ros/humble'), ('SHELL', '/bin/bash'), ('TERMINATOR_UUID', 'urn:uuid:a64a22d0-cde5-4baa-9a97-059ea5635fde'), ('QT_ACCESSIBILITY', '1'), ('GDMSESSION', 'ubuntu'), ('LESSCLOSE', '/usr/bin/lesspipe %s %s'), ('CMAKE_MODULE_PATH', '/home/a/ws_moveit2/install/moveit_task_constructor_core/share/moveit_task_constructor_core/cmake'), ('GJS_DEBUG_OUTPUT', 'stderr'), ('QT_IM_MODULE', 'ibus'), ('PWD', '/home/a/ws_moveit2/build/rogilink_flex_interfaces'), ('LC_ALL', 'en_US.UTF-8'), ('XDG_CONFIG_DIRS', '/etc/xdg/xdg-ubuntu:/etc/xdg'), ('NVM_CD_FLAGS', ''), ('XDG_DATA_DIRS', '/usr/share/ubuntu:/home/a/.local/share/flatpak/exports/share:/var/lib/flatpak/exports/share:/usr/local/share/:/usr/share/:/var/lib/snapd/desktop'), ('PYTHONPATH', '/home/a/ws_moveit2/install/mavlink_controller_client/lib/python3.10/site-packages:/home/a/ws_moveit2/install/stm32_mavlink_interface/local/lib/python3.10/dist-packages:/home/a/ws_moveit2/install/moveit_task_constructor_core/local/lib/python3.10/dist-packages:/home/a/ws_moveit2/install/moveit_configs_utils/lib/python3.10/site-packages:/home/a/ws_moveit2/install/srdfdom/local/lib/python3.10/dist-packages:/home/a/ws_moveit2/install/ros_tcp_endpoint/lib/python3.10/site-packages:/home/a/ws_moveit2/install/realsense2_ros_mqtt_bridge/lib/python3.10/site-packages:/home/a/ws_moveit2/install/realsense2_camera_msgs/local/lib/python3.10/dist-packages:/home/a/ws_moveit2/install/moveit_task_constructor_msgs/local/lib/python3.10/dist-packages:/home/a/ws_moveit2/install/launch_param_builder/lib/python3.10/site-packages:/home/a/ws_moveit2/install/dynamixel_sdk_custom_interfaces/local/lib/python3.10/dist-packages:/home/a/ws_moveit2/install/dynamixel_controller_gui/lib/python3.10/site-packages:/home/a/ws_moveit2/install/dynamixel_controller/local/lib/python3.10/dist-packages:/home/a/ws_moveit2/install/dynamixel_controller_client/lib/python3.10/site-packages:/home/a/ws_moveit2/install/d415_rgb_depth_3d/lib/python3.10/site-packages:/opt/ros/humble/lib/python3.10/site-packages:/opt/ros/humble/local/lib/python3.10/dist-packages'), ('COLCON', '1'), ('VTE_VERSION', '6800'), ('CMAKE_PREFIX_PATH', '/home/a/ws_moveit2/install/stm32_mavlink_interface:/home/a/ws_moveit2/install/urdf_0816_description:/home/a/ws_moveit2/install/trac_ik:/home/a/ws_moveit2/install/robot_config:/home/a/ws_moveit2/install/trac_ik_kinematics_plugin:/home/a/ws_moveit2/install/right_arm_ikfast_plugin:/home/a/ws_moveit2/install/pilz_industrial_motion_planner_testutils:/home/a/ws_moveit2/install/moveit_runtime:/home/a/ws_moveit2/install/moveit2_tutorials:/home/a/ws_moveit2/install/moveit:/home/a/ws_moveit2/install/moveit_planners:/home/a/ws_moveit2/install/pilz_industrial_motion_planner:/home/a/ws_moveit2/install/mtc_tutorial:/home/a/ws_moveit2/install/hello_moveit:/home/a/ws_moveit2/install/moveit_visual_tools:/home/a/ws_moveit2/install/moveit_task_constructor_visualization:/home/a/ws_moveit2/install/moveit_task_constructor_demo:/home/a/ws_moveit2/install/moveit_task_constructor_capabilities:/home/a/ws_moveit2/install/moveit_task_constructor_core:/home/a/ws_moveit2/install/moveit_ros_control_interface:/home/a/ws_moveit2/install/moveit_plugins:/home/a/ws_moveit2/install/moveit_simple_controller_manager:/home/a/ws_moveit2/install/moveit_setup_assistant:/home/a/ws_moveit2/install/moveit_setup_srdf_plugins:/home/a/ws_moveit2/install/moveit_setup_core_plugins:/home/a/ws_moveit2/install/moveit_setup_controllers:/home/a/ws_moveit2/install/moveit_setup_app_plugins:/home/a/ws_moveit2/install/moveit_setup_framework:/home/a/ws_moveit2/install/moveit_servo:/home/a/ws_moveit2/install/moveit_ros:/home/a/ws_moveit2/install/moveit_ros_visualization:/home/a/ws_moveit2/install/moveit_hybrid_planning:/home/a/ws_moveit2/install/moveit_ros_planning_interface:/home/a/ws_moveit2/install/moveit_ros_benchmarks:/home/a/ws_moveit2/install/moveit_ros_warehouse:/home/a/ws_moveit2/install/moveit_ros_robot_interaction:/home/a/ws_moveit2/install/moveit_ros_perception:/home/a/ws_moveit2/install/moveit_resources_prbt_pg70_support:/home/a/ws_moveit2/install/moveit_resources_prbt_moveit_config:/home/a/ws_moveit2/install/moveit_ros_move_group:/home/a/ws_moveit2/install/moveit_planners_ompl:/home/a/ws_moveit2/install/left_arm_ikfast_plugin:/home/a/ws_moveit2/install/moveit_ros_planning:/home/a/ws_moveit2/install/moveit_ros_occupancy_map_monitor:/home/a/ws_moveit2/install/moveit_resources_prbt_ikfast_manipulator_plugin:/home/a/ws_moveit2/install/moveit_planners_chomp:/home/a/ws_moveit2/install/moveit_kinematics:/home/a/ws_moveit2/install/moveit_chomp_optimizer_adapter:/home/a/ws_moveit2/install/chomp_motion_planner:/home/a/ws_moveit2/install/moveit_core:/home/a/ws_moveit2/install/rviz_marker_tools:/home/a/ws_moveit2/install/rosparam_shortcuts:/home/a/ws_moveit2/install/red_seiretu_description:/home/a/ws_moveit2/install/realsense2_description:/home/a/ws_moveit2/install/realsense2_camera:/home/a/ws_moveit2/install/object_description:/home/a/ws_moveit2/install/moveit_resources:/home/a/ws_moveit2/install/moveit_resources_panda_moveit_config:/home/a/ws_moveit2/install/moveit_resources_fanuc_moveit_config:/home/a/ws_moveit2/install/mavlink_gui_tester:/home/a/ws_moveit2/install/field_description_test:/home/a/ws_moveit2/install/field_description:/home/a/ws_moveit2/install/dynamixel_sdk_examples:/home/a/ws_moveit2/install/dynamixel_controller:/home/a/ws_moveit2/install/0525_arm_description:/home/a/ws_moveit2/install/trac_ik_lib:/home/a/ws_moveit2/install/mavlink_controller_client:/home/a/ws_moveit2/install/moveit_configs_utils:/home/a/ws_moveit2/install/srdfdom:/home/a/ws_moveit2/install/ros_tcp_endpoint:/home/a/ws_moveit2/install/realsense2_ros_mqtt_bridge:/home/a/ws_moveit2/install/realsense2_camera_msgs:/home/a/ws_moveit2/install/moveit_task_constructor_msgs:/home/a/ws_moveit2/install/moveit_resources_prbt_support:/home/a/ws_moveit2/install/moveit_resources_pr2_description:/home/a/ws_moveit2/install/moveit_resources_panda_description:/home/a/ws_moveit2/install/moveit_resources_fanuc_description:/home/a/ws_moveit2/install/moveit_common:/home/a/ws_moveit2/install/launch_param_builder:/home/a/ws_moveit2/install/dynamixel_sdk_custom_interfaces:/home/a/ws_moveit2/install/dynamixel_controller_gui:/home/a/ws_moveit2/install/dynamixel_sdk:/home/a/ws_moveit2/install/dynamixel_controller_client:/home/a/ws_moveit2/install/d415_rgb_depth_3d:/home/a/ws_moveit2/install/catch_gazebo_ros2_control:/home/a/ws_moveit2/install/blue_seiretu_description:/opt/ros/humble')]), 'shell': False}
[3.142450] (rogilink_flex_interfaces) StdoutLine: {'line': b'-- Install configuration: ""\n'}
[3.142578] (rogilink_flex_interfaces) StdoutLine: {'line': b'-- Installing: /home/a/ws_moveit2/install/rogilink_flex_interfaces/share/ament_index/resource_index/rosidl_interfaces/rogilink_flex_interfaces\n'}
[3.142629] (rogilink_flex_interfaces) StdoutLine: {'line': b'-- Installing: /home/a/ws_moveit2/install/rogilink_flex_interfaces/include/rogilink_flex_interfaces/rogilink_flex_interfaces\n'}
[3.142675] (rogilink_flex_interfaces) StdoutLine: {'line': b'-- Installing: /home/a/ws_moveit2/install/rogilink_flex_interfaces/include/rogilink_flex_interfaces/rogilink_flex_interfaces/msg\n'}
[3.142719] (rogilink_flex_interfaces) StdoutLine: {'line': b'-- Installing: /home/a/ws_moveit2/install/rogilink_flex_interfaces/include/rogilink_flex_interfaces/rogilink_flex_interfaces/msg/frame.h\n'}
[3.142764] (rogilink_flex_interfaces) StdoutLine: {'line': b'-- Installing: /home/a/ws_moveit2/install/rogilink_flex_interfaces/include/rogilink_flex_interfaces/rogilink_flex_interfaces/msg/rosidl_generator_c__visibility_control.h\n'}
[3.142816] (rogilink_flex_interfaces) StdoutLine: {'line': b'-- Installing: /home/a/ws_moveit2/install/rogilink_flex_interfaces/include/rogilink_flex_interfaces/rogilink_flex_interfaces/msg/detail\n'}
[3.142844] (rogilink_flex_interfaces) StdoutLine: {'line': b'-- Installing: /home/a/ws_moveit2/install/rogilink_flex_interfaces/include/rogilink_flex_interfaces/rogilink_flex_interfaces/msg/detail/frame__functions.h\n'}
[3.142885] (rogilink_flex_interfaces) StdoutLine: {'line': b'-- Installing: /home/a/ws_moveit2/install/rogilink_flex_interfaces/include/rogilink_flex_interfaces/rogilink_flex_interfaces/msg/detail/frame__type_support.h\n'}
[3.142931] (rogilink_flex_interfaces) StdoutLine: {'line': b'-- Installing: /home/a/ws_moveit2/install/rogilink_flex_interfaces/include/rogilink_flex_interfaces/rogilink_flex_interfaces/msg/detail/frame__functions.c\n'}
[3.142959] (rogilink_flex_interfaces) StdoutLine: {'line': b'-- Installing: /home/a/ws_moveit2/install/rogilink_flex_interfaces/include/rogilink_flex_interfaces/rogilink_flex_interfaces/msg/detail/frame__struct.h\n'}
[3.143011] (rogilink_flex_interfaces) StdoutLine: {'line': b'-- Installing: /home/a/ws_moveit2/install/rogilink_flex_interfaces/include/rogilink_flex_interfaces/rogilink_flex_interfaces/srv\n'}
[3.143045] (rogilink_flex_interfaces) StdoutLine: {'line': b'-- Installing: /home/a/ws_moveit2/install/rogilink_flex_interfaces/include/rogilink_flex_interfaces/rogilink_flex_interfaces/srv/get_config.h\n'}
[3.143088] (rogilink_flex_interfaces) StdoutLine: {'line': b'-- Installing: /home/a/ws_moveit2/install/rogilink_flex_interfaces/include/rogilink_flex_interfaces/rogilink_flex_interfaces/srv/detail\n'}
[3.143117] (rogilink_flex_interfaces) StdoutLine: {'line': b'-- Installing: /home/a/ws_moveit2/install/rogilink_flex_interfaces/include/rogilink_flex_interfaces/rogilink_flex_interfaces/srv/detail/get_config__functions.h\n'}
[3.143156] (rogilink_flex_interfaces) StdoutLine: {'line': b'-- Installing: /home/a/ws_moveit2/install/rogilink_flex_interfaces/include/rogilink_flex_interfaces/rogilink_flex_interfaces/srv/detail/is_connected__type_support.h\n'}
[3.143197] (rogilink_flex_interfaces) StdoutLine: {'line': b'-- Installing: /home/a/ws_moveit2/install/rogilink_flex_interfaces/include/rogilink_flex_interfaces/rogilink_flex_interfaces/srv/detail/is_connected__struct.h\n'}
[3.143224] (rogilink_flex_interfaces) StdoutLine: {'line': b'-- Installing: /home/a/ws_moveit2/install/rogilink_flex_interfaces/include/rogilink_flex_interfaces/rogilink_flex_interfaces/srv/detail/get_config__struct.h\n'}
[3.143268] (rogilink_flex_interfaces) StdoutLine: {'line': b'-- Installing: /home/a/ws_moveit2/install/rogilink_flex_interfaces/include/rogilink_flex_interfaces/rogilink_flex_interfaces/srv/detail/get_config__type_support.h\n'}
[3.143309] (rogilink_flex_interfaces) StdoutLine: {'line': b'-- Installing: /home/a/ws_moveit2/install/rogilink_flex_interfaces/include/rogilink_flex_interfaces/rogilink_flex_interfaces/srv/detail/get_config__functions.c\n'}
[3.143349] (rogilink_flex_interfaces) StdoutLine: {'line': b'-- Installing: /home/a/ws_moveit2/install/rogilink_flex_interfaces/include/rogilink_flex_interfaces/rogilink_flex_interfaces/srv/detail/is_connected__functions.c\n'}
[3.143396] (rogilink_flex_interfaces) StdoutLine: {'line': b'-- Installing: /home/a/ws_moveit2/install/rogilink_flex_interfaces/include/rogilink_flex_interfaces/rogilink_flex_interfaces/srv/detail/is_connected__functions.h\n'}
[3.143421] (rogilink_flex_interfaces) StdoutLine: {'line': b'-- Installing: /home/a/ws_moveit2/install/rogilink_flex_interfaces/include/rogilink_flex_interfaces/rogilink_flex_interfaces/srv/is_connected.h\n'}
[3.143464] (rogilink_flex_interfaces) StdoutLine: {'line': b'-- Installing: /home/a/ws_moveit2/install/rogilink_flex_interfaces/share/rogilink_flex_interfaces/environment/library_path.sh\n'}
[3.143517] (rogilink_flex_interfaces) StdoutLine: {'line': b'-- Installing: /home/a/ws_moveit2/install/rogilink_flex_interfaces/share/rogilink_flex_interfaces/environment/library_path.dsv\n'}
[3.143590] (rogilink_flex_interfaces) StdoutLine: {'line': b'-- Installing: /home/a/ws_moveit2/install/rogilink_flex_interfaces/lib/librogilink_flex_interfaces__rosidl_generator_c.so\n'}
[3.143740] (rogilink_flex_interfaces) StdoutLine: {'line': b'-- Set runtime path of "/home/a/ws_moveit2/install/rogilink_flex_interfaces/lib/librogilink_flex_interfaces__rosidl_generator_c.so" to ""\n'}
[3.143779] (rogilink_flex_interfaces) StdoutLine: {'line': b'-- Up-to-date: /home/a/ws_moveit2/install/rogilink_flex_interfaces/include/rogilink_flex_interfaces/rogilink_flex_interfaces\n'}
[3.143827] (rogilink_flex_interfaces) StdoutLine: {'line': b'-- Up-to-date: /home/a/ws_moveit2/install/rogilink_flex_interfaces/include/rogilink_flex_interfaces/rogilink_flex_interfaces/msg\n'}
[3.143857] (rogilink_flex_interfaces) StdoutLine: {'line': b'-- Installing: /home/a/ws_moveit2/install/rogilink_flex_interfaces/include/rogilink_flex_interfaces/rogilink_flex_interfaces/msg/rosidl_typesupport_fastrtps_c__visibility_control.h\n'}
[3.143896] (rogilink_flex_interfaces) StdoutLine: {'line': b'-- Up-to-date: /home/a/ws_moveit2/install/rogilink_flex_interfaces/include/rogilink_flex_interfaces/rogilink_flex_interfaces/msg/detail\n'}
[3.143951] (rogilink_flex_interfaces) StdoutLine: {'line': b'-- Installing: /home/a/ws_moveit2/install/rogilink_flex_interfaces/include/rogilink_flex_interfaces/rogilink_flex_interfaces/msg/detail/frame__rosidl_typesupport_fastrtps_c.h\n'}
[3.143977] (rogilink_flex_interfaces) StdoutLine: {'line': b'-- Up-to-date: /home/a/ws_moveit2/install/rogilink_flex_interfaces/include/rogilink_flex_interfaces/rogilink_flex_interfaces/srv\n'}
[3.144007] (rogilink_flex_interfaces) StdoutLine: {'line': b'-- Up-to-date: /home/a/ws_moveit2/install/rogilink_flex_interfaces/include/rogilink_flex_interfaces/rogilink_flex_interfaces/srv/detail\n'}
[3.144039] (rogilink_flex_interfaces) StdoutLine: {'line': b'-- Installing: /home/a/ws_moveit2/install/rogilink_flex_interfaces/include/rogilink_flex_interfaces/rogilink_flex_interfaces/srv/detail/is_connected__rosidl_typesupport_fastrtps_c.h\n'}
[3.144065] (rogilink_flex_interfaces) StdoutLine: {'line': b'-- Installing: /home/a/ws_moveit2/install/rogilink_flex_interfaces/include/rogilink_flex_interfaces/rogilink_flex_interfaces/srv/detail/get_config__rosidl_typesupport_fastrtps_c.h\n'}
[3.144101] (rogilink_flex_interfaces) StdoutLine: {'line': b'-- Installing: /home/a/ws_moveit2/install/rogilink_flex_interfaces/lib/librogilink_flex_interfaces__rosidl_typesupport_fastrtps_c.so\n'}
[3.144149] (rogilink_flex_interfaces) StdoutLine: {'line': b'-- Set runtime path of "/home/a/ws_moveit2/install/rogilink_flex_interfaces/lib/librogilink_flex_interfaces__rosidl_typesupport_fastrtps_c.so" to ""\n'}
[3.144193] (rogilink_flex_interfaces) StdoutLine: {'line': b'-- Up-to-date: /home/a/ws_moveit2/install/rogilink_flex_interfaces/include/rogilink_flex_interfaces/rogilink_flex_interfaces\n'}
[3.144236] (rogilink_flex_interfaces) StdoutLine: {'line': b'-- Up-to-date: /home/a/ws_moveit2/install/rogilink_flex_interfaces/include/rogilink_flex_interfaces/rogilink_flex_interfaces/msg\n'}
[3.144267] (rogilink_flex_interfaces) StdoutLine: {'line': b'-- Installing: /home/a/ws_moveit2/install/rogilink_flex_interfaces/include/rogilink_flex_interfaces/rogilink_flex_interfaces/msg/rosidl_typesupport_introspection_c__visibility_control.h\n'}
[3.144317] (rogilink_flex_interfaces) StdoutLine: {'line': b'-- Up-to-date: /home/a/ws_moveit2/install/rogilink_flex_interfaces/include/rogilink_flex_interfaces/rogilink_flex_interfaces/msg/detail\n'}
[3.144345] (rogilink_flex_interfaces) StdoutLine: {'line': b'-- Installing: /home/a/ws_moveit2/install/rogilink_flex_interfaces/include/rogilink_flex_interfaces/rogilink_flex_interfaces/msg/detail/frame__rosidl_typesupport_introspection_c.h\n'}
[3.144373] (rogilink_flex_interfaces) StdoutLine: {'line': b'-- Installing: /home/a/ws_moveit2/install/rogilink_flex_interfaces/include/rogilink_flex_interfaces/rogilink_flex_interfaces/msg/detail/frame__type_support.c\n'}
[3.144412] (rogilink_flex_interfaces) StdoutLine: {'line': b'-- Up-to-date: /home/a/ws_moveit2/install/rogilink_flex_interfaces/include/rogilink_flex_interfaces/rogilink_flex_interfaces/srv\n'}
[3.144463] (rogilink_flex_interfaces) StdoutLine: {'line': b'-- Up-to-date: /home/a/ws_moveit2/install/rogilink_flex_interfaces/include/rogilink_flex_interfaces/rogilink_flex_interfaces/srv/detail\n'}
[3.144490] (rogilink_flex_interfaces) StdoutLine: {'line': b'-- Installing: /home/a/ws_moveit2/install/rogilink_flex_interfaces/include/rogilink_flex_interfaces/rogilink_flex_interfaces/srv/detail/get_config__rosidl_typesupport_introspection_c.h\n'}
[3.144518] (rogilink_flex_interfaces) StdoutLine: {'line': b'-- Installing: /home/a/ws_moveit2/install/rogilink_flex_interfaces/include/rogilink_flex_interfaces/rogilink_flex_interfaces/srv/detail/is_connected__type_support.c\n'}
[3.144544] (rogilink_flex_interfaces) StdoutLine: {'line': b'-- Installing: /home/a/ws_moveit2/install/rogilink_flex_interfaces/include/rogilink_flex_interfaces/rogilink_flex_interfaces/srv/detail/get_config__type_support.c\n'}
[3.144584] (rogilink_flex_interfaces) StdoutLine: {'line': b'-- Installing: /home/a/ws_moveit2/install/rogilink_flex_interfaces/include/rogilink_flex_interfaces/rogilink_flex_interfaces/srv/detail/is_connected__rosidl_typesupport_introspection_c.h\n'}
[3.144640] (rogilink_flex_interfaces) StdoutLine: {'line': b'-- Installing: /home/a/ws_moveit2/install/rogilink_flex_interfaces/lib/librogilink_flex_interfaces__rosidl_typesupport_introspection_c.so\n'}
[3.144680] (rogilink_flex_interfaces) StdoutLine: {'line': b'-- Set runtime path of "/home/a/ws_moveit2/install/rogilink_flex_interfaces/lib/librogilink_flex_interfaces__rosidl_typesupport_introspection_c.so" to ""\n'}
[3.144733] (rogilink_flex_interfaces) StdoutLine: {'line': b'-- Installing: /home/a/ws_moveit2/install/rogilink_flex_interfaces/lib/librogilink_flex_interfaces__rosidl_typesupport_c.so\n'}
[3.144814] (rogilink_flex_interfaces) StdoutLine: {'line': b'-- Set runtime path of "/home/a/ws_moveit2/install/rogilink_flex_interfaces/lib/librogilink_flex_interfaces__rosidl_typesupport_c.so" to ""\n'}
[3.144864] (rogilink_flex_interfaces) StdoutLine: {'line': b'-- Up-to-date: /home/a/ws_moveit2/install/rogilink_flex_interfaces/include/rogilink_flex_interfaces/rogilink_flex_interfaces\n'}
[3.144926] (rogilink_flex_interfaces) StdoutLine: {'line': b'-- Up-to-date: /home/a/ws_moveit2/install/rogilink_flex_interfaces/include/rogilink_flex_interfaces/rogilink_flex_interfaces/msg\n'}
[3.144964] (rogilink_flex_interfaces) StdoutLine: {'line': b'-- Installing: /home/a/ws_moveit2/install/rogilink_flex_interfaces/include/rogilink_flex_interfaces/rogilink_flex_interfaces/msg/frame.hpp\n'}
[3.144996] (rogilink_flex_interfaces) StdoutLine: {'line': b'-- Installing: /home/a/ws_moveit2/install/rogilink_flex_interfaces/include/rogilink_flex_interfaces/rogilink_flex_interfaces/msg/rosidl_generator_cpp__visibility_control.hpp\n'}
[3.145059] (rogilink_flex_interfaces) StdoutLine: {'line': b'-- Up-to-date: /home/a/ws_moveit2/install/rogilink_flex_interfaces/include/rogilink_flex_interfaces/rogilink_flex_interfaces/msg/detail\n'}
[3.145091] (rogilink_flex_interfaces) StdoutLine: {'line': b'-- Installing: /home/a/ws_moveit2/install/rogilink_flex_interfaces/include/rogilink_flex_interfaces/rogilink_flex_interfaces/msg/detail/frame__builder.hpp\n'}
[3.145119] (rogilink_flex_interfaces) StdoutLine: {'line': b'-- Installing: /home/a/ws_moveit2/install/rogilink_flex_interfaces/include/rogilink_flex_interfaces/rogilink_flex_interfaces/msg/detail/frame__traits.hpp\n'}
[3.145146] (rogilink_flex_interfaces) StdoutLine: {'line': b'-- Installing: /home/a/ws_moveit2/install/rogilink_flex_interfaces/include/rogilink_flex_interfaces/rogilink_flex_interfaces/msg/detail/frame__type_support.hpp\n'}
[3.145185] (rogilink_flex_interfaces) StdoutLine: {'line': b'-- Installing: /home/a/ws_moveit2/install/rogilink_flex_interfaces/include/rogilink_flex_interfaces/rogilink_flex_interfaces/msg/detail/frame__struct.hpp\n'}
[3.145239] (rogilink_flex_interfaces) StdoutLine: {'line': b'-- Up-to-date: /home/a/ws_moveit2/install/rogilink_flex_interfaces/include/rogilink_flex_interfaces/rogilink_flex_interfaces/srv\n'}
[3.145277] (rogilink_flex_interfaces) StdoutLine: {'line': b'-- Installing: /home/a/ws_moveit2/install/rogilink_flex_interfaces/include/rogilink_flex_interfaces/rogilink_flex_interfaces/srv/get_config.hpp\n'}
[3.145315] (rogilink_flex_interfaces) StdoutLine: {'line': b'-- Installing: /home/a/ws_moveit2/install/rogilink_flex_interfaces/include/rogilink_flex_interfaces/rogilink_flex_interfaces/srv/is_connected.hpp\n'}
[3.145341] (rogilink_flex_interfaces) StdoutLine: {'line': b'-- Up-to-date: /home/a/ws_moveit2/install/rogilink_flex_interfaces/include/rogilink_flex_interfaces/rogilink_flex_interfaces/srv/detail\n'}
[3.145368] (rogilink_flex_interfaces) StdoutLine: {'line': b'-- Installing: /home/a/ws_moveit2/install/rogilink_flex_interfaces/include/rogilink_flex_interfaces/rogilink_flex_interfaces/srv/detail/get_config__traits.hpp\n'}
[3.145395] (rogilink_flex_interfaces) StdoutLine: {'line': b'-- Installing: /home/a/ws_moveit2/install/rogilink_flex_interfaces/include/rogilink_flex_interfaces/rogilink_flex_interfaces/srv/detail/is_connected__struct.hpp\n'}
[3.145422] (rogilink_flex_interfaces) StdoutLine: {'line': b'-- Installing: /home/a/ws_moveit2/install/rogilink_flex_interfaces/include/rogilink_flex_interfaces/rogilink_flex_interfaces/srv/detail/get_config__struct.hpp\n'}
[3.145472] (rogilink_flex_interfaces) StdoutLine: {'line': b'-- Installing: /home/a/ws_moveit2/install/rogilink_flex_interfaces/include/rogilink_flex_interfaces/rogilink_flex_interfaces/srv/detail/get_config__type_support.hpp\n'}
[3.145501] (rogilink_flex_interfaces) StdoutLine: {'line': b'-- Installing: /home/a/ws_moveit2/install/rogilink_flex_interfaces/include/rogilink_flex_interfaces/rogilink_flex_interfaces/srv/detail/get_config__builder.hpp\n'}
[3.145528] (rogilink_flex_interfaces) StdoutLine: {'line': b'-- Installing: /home/a/ws_moveit2/install/rogilink_flex_interfaces/include/rogilink_flex_interfaces/rogilink_flex_interfaces/srv/detail/is_connected__builder.hpp\n'}
[3.145569] (rogilink_flex_interfaces) StdoutLine: {'line': b'-- Installing: /home/a/ws_moveit2/install/rogilink_flex_interfaces/include/rogilink_flex_interfaces/rogilink_flex_interfaces/srv/detail/is_connected__type_support.hpp\n'}
[3.145595] (rogilink_flex_interfaces) StdoutLine: {'line': b'-- Installing: /home/a/ws_moveit2/install/rogilink_flex_interfaces/include/rogilink_flex_interfaces/rogilink_flex_interfaces/srv/detail/is_connected__traits.hpp\n'}
[3.145622] (rogilink_flex_interfaces) StdoutLine: {'line': b'-- Up-to-date: /home/a/ws_moveit2/install/rogilink_flex_interfaces/include/rogilink_flex_interfaces/rogilink_flex_interfaces\n'}
[3.145671] (rogilink_flex_interfaces) StdoutLine: {'line': b'-- Up-to-date: /home/a/ws_moveit2/install/rogilink_flex_interfaces/include/rogilink_flex_interfaces/rogilink_flex_interfaces/msg\n'}
[3.145699] (rogilink_flex_interfaces) StdoutLine: {'line': b'-- Up-to-date: /home/a/ws_moveit2/install/rogilink_flex_interfaces/include/rogilink_flex_interfaces/rogilink_flex_interfaces/msg/detail\n'}
[3.145727] (rogilink_flex_interfaces) StdoutLine: {'line': b'-- Installing: /home/a/ws_moveit2/install/rogilink_flex_interfaces/include/rogilink_flex_interfaces/rogilink_flex_interfaces/msg/detail/frame__rosidl_typesupport_fastrtps_cpp.hpp\n'}
[3.145754] (rogilink_flex_interfaces) StdoutLine: {'line': b'-- Installing: /home/a/ws_moveit2/install/rogilink_flex_interfaces/include/rogilink_flex_interfaces/rogilink_flex_interfaces/msg/detail/dds_fastrtps\n'}
[3.145781] (rogilink_flex_interfaces) StdoutLine: {'line': b'-- Installing: /home/a/ws_moveit2/install/rogilink_flex_interfaces/include/rogilink_flex_interfaces/rogilink_flex_interfaces/msg/rosidl_typesupport_fastrtps_cpp__visibility_control.h\n'}
[3.145820] (rogilink_flex_interfaces) StdoutLine: {'line': b'-- Up-to-date: /home/a/ws_moveit2/install/rogilink_flex_interfaces/include/rogilink_flex_interfaces/rogilink_flex_interfaces/srv\n'}
[3.145871] (rogilink_flex_interfaces) StdoutLine: {'line': b'-- Up-to-date: /home/a/ws_moveit2/install/rogilink_flex_interfaces/include/rogilink_flex_interfaces/rogilink_flex_interfaces/srv/detail\n'}
[3.145897] (rogilink_flex_interfaces) StdoutLine: {'line': b'-- Installing: /home/a/ws_moveit2/install/rogilink_flex_interfaces/include/rogilink_flex_interfaces/rogilink_flex_interfaces/srv/detail/is_connected__rosidl_typesupport_fastrtps_cpp.hpp\n'}
[3.145922] (rogilink_flex_interfaces) StdoutLine: {'line': b'-- Installing: /home/a/ws_moveit2/install/rogilink_flex_interfaces/include/rogilink_flex_interfaces/rogilink_flex_interfaces/srv/detail/get_config__rosidl_typesupport_fastrtps_cpp.hpp\n'}
[3.145946] (rogilink_flex_interfaces) StdoutLine: {'line': b'-- Installing: /home/a/ws_moveit2/install/rogilink_flex_interfaces/include/rogilink_flex_interfaces/rogilink_flex_interfaces/srv/detail/dds_fastrtps\n'}
[3.145970] (rogilink_flex_interfaces) StdoutLine: {'line': b'-- Installing: /home/a/ws_moveit2/install/rogilink_flex_interfaces/lib/librogilink_flex_interfaces__rosidl_typesupport_fastrtps_cpp.so\n'}
[3.146021] (rogilink_flex_interfaces) StdoutLine: {'line': b'-- Set runtime path of "/home/a/ws_moveit2/install/rogilink_flex_interfaces/lib/librogilink_flex_interfaces__rosidl_typesupport_fastrtps_cpp.so" to ""\n'}
[3.146074] (rogilink_flex_interfaces) StdoutLine: {'line': b'-- Up-to-date: /home/a/ws_moveit2/install/rogilink_flex_interfaces/include/rogilink_flex_interfaces/rogilink_flex_interfaces\n'}
[3.146114] (rogilink_flex_interfaces) StdoutLine: {'line': b'-- Up-to-date: /home/a/ws_moveit2/install/rogilink_flex_interfaces/include/rogilink_flex_interfaces/rogilink_flex_interfaces/msg\n'}
[3.146175] (rogilink_flex_interfaces) StdoutLine: {'line': b'-- Up-to-date: /home/a/ws_moveit2/install/rogilink_flex_interfaces/include/rogilink_flex_interfaces/rogilink_flex_interfaces/msg/detail\n'}
[3.146228] (rogilink_flex_interfaces) StdoutLine: {'line': b'-- Installing: /home/a/ws_moveit2/install/rogilink_flex_interfaces/include/rogilink_flex_interfaces/rogilink_flex_interfaces/msg/detail/frame__type_support.cpp\n'}
[3.146271] (rogilink_flex_interfaces) StdoutLine: {'line': b'-- Installing: /home/a/ws_moveit2/install/rogilink_flex_interfaces/include/rogilink_flex_interfaces/rogilink_flex_interfaces/msg/detail/frame__rosidl_typesupport_introspection_cpp.hpp\n'}
[3.146309] (rogilink_flex_interfaces) StdoutLine: {'line': b'-- Up-to-date: /home/a/ws_moveit2/install/rogilink_flex_interfaces/include/rogilink_flex_interfaces/rogilink_flex_interfaces/srv\n'}
[3.146347] (rogilink_flex_interfaces) StdoutLine: {'line': b'-- Up-to-date: /home/a/ws_moveit2/install/rogilink_flex_interfaces/include/rogilink_flex_interfaces/rogilink_flex_interfaces/srv/detail\n'}
[3.146383] (rogilink_flex_interfaces) StdoutLine: {'line': b'-- Installing: /home/a/ws_moveit2/install/rogilink_flex_interfaces/include/rogilink_flex_interfaces/rogilink_flex_interfaces/srv/detail/is_connected__type_support.cpp\n'}
[3.146421] (rogilink_flex_interfaces) StdoutLine: {'line': b'-- Installing: /home/a/ws_moveit2/install/rogilink_flex_interfaces/include/rogilink_flex_interfaces/rogilink_flex_interfaces/srv/detail/get_config__rosidl_typesupport_introspection_cpp.hpp\n'}
[3.146480] (rogilink_flex_interfaces) StdoutLine: {'line': b'-- Installing: /home/a/ws_moveit2/install/rogilink_flex_interfaces/include/rogilink_flex_interfaces/rogilink_flex_interfaces/srv/detail/get_config__type_support.cpp\n'}
[3.146529] (rogilink_flex_interfaces) StdoutLine: {'line': b'-- Installing: /home/a/ws_moveit2/install/rogilink_flex_interfaces/include/rogilink_flex_interfaces/rogilink_flex_interfaces/srv/detail/is_connected__rosidl_typesupport_introspection_cpp.hpp\n'}
[3.146571] (rogilink_flex_interfaces) StdoutLine: {'line': b'-- Installing: /home/a/ws_moveit2/install/rogilink_flex_interfaces/lib/librogilink_flex_interfaces__rosidl_typesupport_introspection_cpp.so\n'}
[3.146610] (rogilink_flex_interfaces) StdoutLine: {'line': b'-- Set runtime path of "/home/a/ws_moveit2/install/rogilink_flex_interfaces/lib/librogilink_flex_interfaces__rosidl_typesupport_introspection_cpp.so" to ""\n'}
[3.146658] (rogilink_flex_interfaces) StdoutLine: {'line': b'-- Installing: /home/a/ws_moveit2/install/rogilink_flex_interfaces/lib/librogilink_flex_interfaces__rosidl_typesupport_cpp.so\n'}
[3.146713] (rogilink_flex_interfaces) StdoutLine: {'line': b'-- Set runtime path of "/home/a/ws_moveit2/install/rogilink_flex_interfaces/lib/librogilink_flex_interfaces__rosidl_typesupport_cpp.so" to ""\n'}
[3.146752] (rogilink_flex_interfaces) StdoutLine: {'line': b'-- Installing: /home/a/ws_moveit2/install/rogilink_flex_interfaces/share/rogilink_flex_interfaces/environment/pythonpath.sh\n'}
[3.146793] (rogilink_flex_interfaces) StdoutLine: {'line': b'-- Installing: /home/a/ws_moveit2/install/rogilink_flex_interfaces/share/rogilink_flex_interfaces/environment/pythonpath.dsv\n'}
[3.146852] (rogilink_flex_interfaces) StdoutLine: {'line': b'-- Installing: /home/a/ws_moveit2/install/rogilink_flex_interfaces/local/lib/python3.10/dist-packages/rogilink_flex_interfaces-0.0.0-py3.10.egg-info\n'}
[3.146894] (rogilink_flex_interfaces) StdoutLine: {'line': b'-- Installing: /home/a/ws_moveit2/install/rogilink_flex_interfaces/local/lib/python3.10/dist-packages/rogilink_flex_interfaces-0.0.0-py3.10.egg-info/top_level.txt\n'}
[3.146956] (rogilink_flex_interfaces) StdoutLine: {'line': b'-- Installing: /home/a/ws_moveit2/install/rogilink_flex_interfaces/local/lib/python3.10/dist-packages/rogilink_flex_interfaces-0.0.0-py3.10.egg-info/SOURCES.txt\n'}
[3.146995] (rogilink_flex_interfaces) StdoutLine: {'line': b'-- Installing: /home/a/ws_moveit2/install/rogilink_flex_interfaces/local/lib/python3.10/dist-packages/rogilink_flex_interfaces-0.0.0-py3.10.egg-info/PKG-INFO\n'}
[3.147051] (rogilink_flex_interfaces) StdoutLine: {'line': b'-- Installing: /home/a/ws_moveit2/install/rogilink_flex_interfaces/local/lib/python3.10/dist-packages/rogilink_flex_interfaces-0.0.0-py3.10.egg-info/dependency_links.txt\n'}
[3.147082] (rogilink_flex_interfaces) StdoutLine: {'line': b'-- Installing: /home/a/ws_moveit2/install/rogilink_flex_interfaces/local/lib/python3.10/dist-packages/rogilink_flex_interfaces\n'}
[3.147121] (rogilink_flex_interfaces) StdoutLine: {'line': b'-- Installing: /home/a/ws_moveit2/install/rogilink_flex_interfaces/local/lib/python3.10/dist-packages/rogilink_flex_interfaces/msg\n'}
[3.147149] (rogilink_flex_interfaces) StdoutLine: {'line': b'-- Installing: /home/a/ws_moveit2/install/rogilink_flex_interfaces/local/lib/python3.10/dist-packages/rogilink_flex_interfaces/msg/_frame.py\n'}
[3.147176] (rogilink_flex_interfaces) StdoutLine: {'line': b'-- Installing: /home/a/ws_moveit2/install/rogilink_flex_interfaces/local/lib/python3.10/dist-packages/rogilink_flex_interfaces/msg/__init__.py\n'}
[3.147219] (rogilink_flex_interfaces) StdoutLine: {'line': b'-- Installing: /home/a/ws_moveit2/install/rogilink_flex_interfaces/local/lib/python3.10/dist-packages/rogilink_flex_interfaces/msg/_frame_s.c\n'}
[3.147247] (rogilink_flex_interfaces) StdoutLine: {'line': b'-- Installing: /home/a/ws_moveit2/install/rogilink_flex_interfaces/local/lib/python3.10/dist-packages/rogilink_flex_interfaces/librogilink_flex_interfaces__rosidl_generator_py.so\n'}
[3.147284] (rogilink_flex_interfaces) StdoutLine: {'line': b'-- Installing: /home/a/ws_moveit2/install/rogilink_flex_interfaces/local/lib/python3.10/dist-packages/rogilink_flex_interfaces/__init__.py\n'}
[3.147319] (rogilink_flex_interfaces) StdoutLine: {'line': b'-- Installing: /home/a/ws_moveit2/install/rogilink_flex_interfaces/local/lib/python3.10/dist-packages/rogilink_flex_interfaces/_rogilink_flex_interfaces_s.ep.rosidl_typesupport_fastrtps_c.c\n'}
[3.147347] (rogilink_flex_interfaces) StdoutLine: {'line': b'-- Installing: /home/a/ws_moveit2/install/rogilink_flex_interfaces/local/lib/python3.10/dist-packages/rogilink_flex_interfaces/_rogilink_flex_interfaces_s.ep.rosidl_typesupport_introspection_c.c\n'}
[3.147389] (rogilink_flex_interfaces) StdoutLine: {'line': b'-- Installing: /home/a/ws_moveit2/install/rogilink_flex_interfaces/local/lib/python3.10/dist-packages/rogilink_flex_interfaces/_rogilink_flex_interfaces_s.ep.rosidl_typesupport_c.c\n'}
[3.147416] (rogilink_flex_interfaces) StdoutLine: {'line': b'-- Installing: /home/a/ws_moveit2/install/rogilink_flex_interfaces/local/lib/python3.10/dist-packages/rogilink_flex_interfaces/rogilink_flex_interfaces_s__rosidl_typesupport_c.cpython-310-x86_64-linux-gnu.so\n'}
[3.147452] (rogilink_flex_interfaces) StdoutLine: {'line': b'-- Installing: /home/a/ws_moveit2/install/rogilink_flex_interfaces/local/lib/python3.10/dist-packages/rogilink_flex_interfaces/rogilink_flex_interfaces_s__rosidl_typesupport_fastrtps_c.cpython-310-x86_64-linux-gnu.so\n'}
[3.147488] (rogilink_flex_interfaces) StdoutLine: {'line': b'-- Installing: /home/a/ws_moveit2/install/rogilink_flex_interfaces/local/lib/python3.10/dist-packages/rogilink_flex_interfaces/rogilink_flex_interfaces_s__rosidl_typesupport_introspection_c.cpython-310-x86_64-linux-gnu.so\n'}
[3.147536] (rogilink_flex_interfaces) StdoutLine: {'line': b'-- Installing: /home/a/ws_moveit2/install/rogilink_flex_interfaces/local/lib/python3.10/dist-packages/rogilink_flex_interfaces/srv\n'}
[3.147575] (rogilink_flex_interfaces) StdoutLine: {'line': b'-- Installing: /home/a/ws_moveit2/install/rogilink_flex_interfaces/local/lib/python3.10/dist-packages/rogilink_flex_interfaces/srv/_get_config.py\n'}
[3.147617] (rogilink_flex_interfaces) StdoutLine: {'line': b'-- Installing: /home/a/ws_moveit2/install/rogilink_flex_interfaces/local/lib/python3.10/dist-packages/rogilink_flex_interfaces/srv/_get_config_s.c\n'}
[3.147654] (rogilink_flex_interfaces) StdoutLine: {'line': b'-- Installing: /home/a/ws_moveit2/install/rogilink_flex_interfaces/local/lib/python3.10/dist-packages/rogilink_flex_interfaces/srv/_is_connected.py\n'}
[3.147692] (rogilink_flex_interfaces) StdoutLine: {'line': b'-- Installing: /home/a/ws_moveit2/install/rogilink_flex_interfaces/local/lib/python3.10/dist-packages/rogilink_flex_interfaces/srv/__init__.py\n'}
[3.147725] (rogilink_flex_interfaces) StdoutLine: {'line': b'-- Installing: /home/a/ws_moveit2/install/rogilink_flex_interfaces/local/lib/python3.10/dist-packages/rogilink_flex_interfaces/srv/_is_connected_s.c\n'}
[3.180202] (rogilink_flex_interfaces) StdoutLine: {'line': b"Listing '/home/a/ws_moveit2/install/rogilink_flex_interfaces/local/lib/python3.10/dist-packages/rogilink_flex_interfaces'...\n"}
[3.180368] (rogilink_flex_interfaces) StdoutLine: {'line': b"Compiling '/home/a/ws_moveit2/install/rogilink_flex_interfaces/local/lib/python3.10/dist-packages/rogilink_flex_interfaces/__init__.py'...\n"}
[3.180423] (rogilink_flex_interfaces) StdoutLine: {'line': b"Listing '/home/a/ws_moveit2/install/rogilink_flex_interfaces/local/lib/python3.10/dist-packages/rogilink_flex_interfaces/msg'...\n"}
[3.180474] (rogilink_flex_interfaces) StdoutLine: {'line': b"Compiling '/home/a/ws_moveit2/install/rogilink_flex_interfaces/local/lib/python3.10/dist-packages/rogilink_flex_interfaces/msg/__init__.py'...\n"}
[3.180525] (rogilink_flex_interfaces) StdoutLine: {'line': b"Compiling '/home/a/ws_moveit2/install/rogilink_flex_interfaces/local/lib/python3.10/dist-packages/rogilink_flex_interfaces/msg/_frame.py'...\n"}
[3.180577] (rogilink_flex_interfaces) StdoutLine: {'line': b"Listing '/home/a/ws_moveit2/install/rogilink_flex_interfaces/local/lib/python3.10/dist-packages/rogilink_flex_interfaces/srv'...\n"}
[3.180626] (rogilink_flex_interfaces) StdoutLine: {'line': b"Compiling '/home/a/ws_moveit2/install/rogilink_flex_interfaces/local/lib/python3.10/dist-packages/rogilink_flex_interfaces/srv/__init__.py'...\n"}
[3.180676] (rogilink_flex_interfaces) StdoutLine: {'line': b"Compiling '/home/a/ws_moveit2/install/rogilink_flex_interfaces/local/lib/python3.10/dist-packages/rogilink_flex_interfaces/srv/_get_config.py'...\n"}
[3.180725] (rogilink_flex_interfaces) StdoutLine: {'line': b"Compiling '/home/a/ws_moveit2/install/rogilink_flex_interfaces/local/lib/python3.10/dist-packages/rogilink_flex_interfaces/srv/_is_connected.py'...\n"}
[3.183217] (rogilink_flex_interfaces) StdoutLine: {'line': b'-- Installing: /home/a/ws_moveit2/install/rogilink_flex_interfaces/local/lib/python3.10/dist-packages/rogilink_flex_interfaces/rogilink_flex_interfaces_s__rosidl_typesupport_fastrtps_c.cpython-310-x86_64-linux-gnu.so\n'}
[3.183548] (rogilink_flex_interfaces) StdoutLine: {'line': b'-- Set runtime path of "/home/a/ws_moveit2/install/rogilink_flex_interfaces/local/lib/python3.10/dist-packages/rogilink_flex_interfaces/rogilink_flex_interfaces_s__rosidl_typesupport_fastrtps_c.cpython-310-x86_64-linux-gnu.so" to ""\n'}
[3.183738] (rogilink_flex_interfaces) StdoutLine: {'line': b'-- Installing: /home/a/ws_moveit2/install/rogilink_flex_interfaces/local/lib/python3.10/dist-packages/rogilink_flex_interfaces/rogilink_flex_interfaces_s__rosidl_typesupport_introspection_c.cpython-310-x86_64-linux-gnu.so\n'}
[3.184256] (rogilink_flex_interfaces) StdoutLine: {'line': b'-- Set runtime path of "/home/a/ws_moveit2/install/rogilink_flex_interfaces/local/lib/python3.10/dist-packages/rogilink_flex_interfaces/rogilink_flex_interfaces_s__rosidl_typesupport_introspection_c.cpython-310-x86_64-linux-gnu.so" to ""\n'}
[3.184329] (rogilink_flex_interfaces) StdoutLine: {'line': b'-- Installing: /home/a/ws_moveit2/install/rogilink_flex_interfaces/local/lib/python3.10/dist-packages/rogilink_flex_interfaces/rogilink_flex_interfaces_s__rosidl_typesupport_c.cpython-310-x86_64-linux-gnu.so\n'}
[3.184665] (rogilink_flex_interfaces) StdoutLine: {'line': b'-- Set runtime path of "/home/a/ws_moveit2/install/rogilink_flex_interfaces/local/lib/python3.10/dist-packages/rogilink_flex_interfaces/rogilink_flex_interfaces_s__rosidl_typesupport_c.cpython-310-x86_64-linux-gnu.so" to ""\n'}
[3.184723] (rogilink_flex_interfaces) StdoutLine: {'line': b'-- Installing: /home/a/ws_moveit2/install/rogilink_flex_interfaces/lib/librogilink_flex_interfaces__rosidl_generator_py.so\n'}
[3.185117] (rogilink_flex_interfaces) StdoutLine: {'line': b'-- Set runtime path of "/home/a/ws_moveit2/install/rogilink_flex_interfaces/lib/librogilink_flex_interfaces__rosidl_generator_py.so" to ""\n'}
[3.185209] (rogilink_flex_interfaces) StdoutLine: {'line': b'-- Installing: /home/a/ws_moveit2/install/rogilink_flex_interfaces/share/rogilink_flex_interfaces/msg/Frame.idl\n'}
[3.185431] (rogilink_flex_interfaces) StdoutLine: {'line': b'-- Installing: /home/a/ws_moveit2/install/rogilink_flex_interfaces/share/rogilink_flex_interfaces/srv/IsConnected.idl\n'}
[3.185504] (rogilink_flex_interfaces) StdoutLine: {'line': b'-- Installing: /home/a/ws_moveit2/install/rogilink_flex_interfaces/share/rogilink_flex_interfaces/srv/GetConfig.idl\n'}
[3.185701] (rogilink_flex_interfaces) StdoutLine: {'line': b'-- Installing: /home/a/ws_moveit2/install/rogilink_flex_interfaces/share/rogilink_flex_interfaces/msg/Frame.msg\n'}
[3.185787] (rogilink_flex_interfaces) StdoutLine: {'line': b'-- Installing: /home/a/ws_moveit2/install/rogilink_flex_interfaces/share/rogilink_flex_interfaces/srv/IsConnected.srv\n'}
[3.185964] (rogilink_flex_interfaces) StdoutLine: {'line': b'-- Installing: /home/a/ws_moveit2/install/rogilink_flex_interfaces/share/rogilink_flex_interfaces/srv/IsConnected_Request.msg\n'}
[3.186158] (rogilink_flex_interfaces) StdoutLine: {'line': b'-- Installing: /home/a/ws_moveit2/install/rogilink_flex_interfaces/share/rogilink_flex_interfaces/srv/IsConnected_Response.msg\n'}
[3.186388] (rogilink_flex_interfaces) StdoutLine: {'line': b'-- Installing: /home/a/ws_moveit2/install/rogilink_flex_interfaces/share/rogilink_flex_interfaces/srv/GetConfig.srv\n'}
[3.186478] (rogilink_flex_interfaces) StdoutLine: {'line': b'-- Installing: /home/a/ws_moveit2/install/rogilink_flex_interfaces/share/rogilink_flex_interfaces/srv/GetConfig_Request.msg\n'}
[3.186536] (rogilink_flex_interfaces) StdoutLine: {'line': b'-- Installing: /home/a/ws_moveit2/install/rogilink_flex_interfaces/share/rogilink_flex_interfaces/srv/GetConfig_Response.msg\n'}
[3.186573] (rogilink_flex_interfaces) StdoutLine: {'line': b'-- Installing: /home/a/ws_moveit2/install/rogilink_flex_interfaces/share/ament_index/resource_index/package_run_dependencies/rogilink_flex_interfaces\n'}
[3.186668] (rogilink_flex_interfaces) StdoutLine: {'line': b'-- Installing: /home/a/ws_moveit2/install/rogilink_flex_interfaces/share/ament_index/resource_index/parent_prefix_path/rogilink_flex_interfaces\n'}
[3.186803] (rogilink_flex_interfaces) StdoutLine: {'line': b'-- Installing: /home/a/ws_moveit2/install/rogilink_flex_interfaces/share/rogilink_flex_interfaces/environment/ament_prefix_path.sh\n'}
[3.186910] (rogilink_flex_interfaces) StdoutLine: {'line': b'-- Installing: /home/a/ws_moveit2/install/rogilink_flex_interfaces/share/rogilink_flex_interfaces/environment/ament_prefix_path.dsv\n'}
[3.187033] (rogilink_flex_interfaces) StdoutLine: {'line': b'-- Installing: /home/a/ws_moveit2/install/rogilink_flex_interfaces/share/rogilink_flex_interfaces/environment/path.sh\n'}
[3.187164] (rogilink_flex_interfaces) StdoutLine: {'line': b'-- Installing: /home/a/ws_moveit2/install/rogilink_flex_interfaces/share/rogilink_flex_interfaces/environment/path.dsv\n'}
[3.187283] (rogilink_flex_interfaces) StdoutLine: {'line': b'-- Installing: /home/a/ws_moveit2/install/rogilink_flex_interfaces/share/rogilink_flex_interfaces/local_setup.bash\n'}
[3.187399] (rogilink_flex_interfaces) StdoutLine: {'line': b'-- Installing: /home/a/ws_moveit2/install/rogilink_flex_interfaces/share/rogilink_flex_interfaces/local_setup.sh\n'}
[3.187516] (rogilink_flex_interfaces) StdoutLine: {'line': b'-- Installing: /home/a/ws_moveit2/install/rogilink_flex_interfaces/share/rogilink_flex_interfaces/local_setup.zsh\n'}
[3.187633] (rogilink_flex_interfaces) StdoutLine: {'line': b'-- Installing: /home/a/ws_moveit2/install/rogilink_flex_interfaces/share/rogilink_flex_interfaces/local_setup.dsv\n'}
[3.187751] (rogilink_flex_interfaces) StdoutLine: {'line': b'-- Installing: /home/a/ws_moveit2/install/rogilink_flex_interfaces/share/rogilink_flex_interfaces/package.dsv\n'}
[3.187901] (rogilink_flex_interfaces) StdoutLine: {'line': b'-- Installing: /home/a/ws_moveit2/install/rogilink_flex_interfaces/share/ament_index/resource_index/packages/rogilink_flex_interfaces\n'}
[3.188082] (rogilink_flex_interfaces) StdoutLine: {'line': b'-- Installing: /home/a/ws_moveit2/install/rogilink_flex_interfaces/share/rogilink_flex_interfaces/cmake/export_rogilink_flex_interfaces__rosidl_generator_cExport.cmake\n'}
[3.188213] (rogilink_flex_interfaces) StdoutLine: {'line': b'-- Installing: /home/a/ws_moveit2/install/rogilink_flex_interfaces/share/rogilink_flex_interfaces/cmake/export_rogilink_flex_interfaces__rosidl_generator_cExport-noconfig.cmake\n'}
[3.188349] (rogilink_flex_interfaces) StdoutLine: {'line': b'-- Installing: /home/a/ws_moveit2/install/rogilink_flex_interfaces/share/rogilink_flex_interfaces/cmake/export_rogilink_flex_interfaces__rosidl_typesupport_fastrtps_cExport.cmake\n'}
[3.188477] (rogilink_flex_interfaces) StdoutLine: {'line': b'-- Installing: /home/a/ws_moveit2/install/rogilink_flex_interfaces/share/rogilink_flex_interfaces/cmake/export_rogilink_flex_interfaces__rosidl_typesupport_fastrtps_cExport-noconfig.cmake\n'}
[3.188604] (rogilink_flex_interfaces) StdoutLine: {'line': b'-- Installing: /home/a/ws_moveit2/install/rogilink_flex_interfaces/share/rogilink_flex_interfaces/cmake/rogilink_flex_interfaces__rosidl_typesupport_introspection_cExport.cmake\n'}
[3.188721] (rogilink_flex_interfaces) StdoutLine: {'line': b'-- Installing: /home/a/ws_moveit2/install/rogilink_flex_interfaces/share/rogilink_flex_interfaces/cmake/rogilink_flex_interfaces__rosidl_typesupport_introspection_cExport-noconfig.cmake\n'}
[3.188853] (rogilink_flex_interfaces) StdoutLine: {'line': b'-- Installing: /home/a/ws_moveit2/install/rogilink_flex_interfaces/share/rogilink_flex_interfaces/cmake/rogilink_flex_interfaces__rosidl_typesupport_cExport.cmake\n'}
[3.188937] (rogilink_flex_interfaces) StdoutLine: {'line': b'-- Installing: /home/a/ws_moveit2/install/rogilink_flex_interfaces/share/rogilink_flex_interfaces/cmake/rogilink_flex_interfaces__rosidl_typesupport_cExport-noconfig.cmake\n'}
[3.188993] (rogilink_flex_interfaces) StdoutLine: {'line': b'-- Installing: /home/a/ws_moveit2/install/rogilink_flex_interfaces/share/rogilink_flex_interfaces/cmake/export_rogilink_flex_interfaces__rosidl_generator_cppExport.cmake\n'}
[3.189054] (rogilink_flex_interfaces) StdoutLine: {'line': b'-- Installing: /home/a/ws_moveit2/install/rogilink_flex_interfaces/share/rogilink_flex_interfaces/cmake/export_rogilink_flex_interfaces__rosidl_typesupport_fastrtps_cppExport.cmake\n'}
[3.189106] (rogilink_flex_interfaces) StdoutLine: {'line': b'-- Installing: /home/a/ws_moveit2/install/rogilink_flex_interfaces/share/rogilink_flex_interfaces/cmake/export_rogilink_flex_interfaces__rosidl_typesupport_fastrtps_cppExport-noconfig.cmake\n'}
[3.189160] (rogilink_flex_interfaces) StdoutLine: {'line': b'-- Installing: /home/a/ws_moveit2/install/rogilink_flex_interfaces/share/rogilink_flex_interfaces/cmake/rogilink_flex_interfaces__rosidl_typesupport_introspection_cppExport.cmake\n'}
[3.189215] (rogilink_flex_interfaces) StdoutLine: {'line': b'-- Installing: /home/a/ws_moveit2/install/rogilink_flex_interfaces/share/rogilink_flex_interfaces/cmake/rogilink_flex_interfaces__rosidl_typesupport_introspection_cppExport-noconfig.cmake\n'}
[3.189266] (rogilink_flex_interfaces) StdoutLine: {'line': b'-- Installing: /home/a/ws_moveit2/install/rogilink_flex_interfaces/share/rogilink_flex_interfaces/cmake/rogilink_flex_interfaces__rosidl_typesupport_cppExport.cmake\n'}
[3.189318] (rogilink_flex_interfaces) StdoutLine: {'line': b'-- Installing: /home/a/ws_moveit2/install/rogilink_flex_interfaces/share/rogilink_flex_interfaces/cmake/rogilink_flex_interfaces__rosidl_typesupport_cppExport-noconfig.cmake\n'}
[3.189379] (rogilink_flex_interfaces) StdoutLine: {'line': b'-- Installing: /home/a/ws_moveit2/install/rogilink_flex_interfaces/share/rogilink_flex_interfaces/cmake/export_rogilink_flex_interfaces__rosidl_generator_pyExport.cmake\n'}
[3.189433] (rogilink_flex_interfaces) StdoutLine: {'line': b'-- Installing: /home/a/ws_moveit2/install/rogilink_flex_interfaces/share/rogilink_flex_interfaces/cmake/export_rogilink_flex_interfaces__rosidl_generator_pyExport-noconfig.cmake\n'}
[3.189487] (rogilink_flex_interfaces) StdoutLine: {'line': b'-- Installing: /home/a/ws_moveit2/install/rogilink_flex_interfaces/share/rogilink_flex_interfaces/cmake/rosidl_cmake-extras.cmake\n'}
[3.189549] (rogilink_flex_interfaces) StdoutLine: {'line': b'-- Installing: /home/a/ws_moveit2/install/rogilink_flex_interfaces/share/rogilink_flex_interfaces/cmake/ament_cmake_export_include_directories-extras.cmake\n'}
[3.189610] (rogilink_flex_interfaces) StdoutLine: {'line': b'-- Installing: /home/a/ws_moveit2/install/rogilink_flex_interfaces/share/rogilink_flex_interfaces/cmake/ament_cmake_export_libraries-extras.cmake\n'}
[3.189661] (rogilink_flex_interfaces) StdoutLine: {'line': b'-- Installing: /home/a/ws_moveit2/install/rogilink_flex_interfaces/share/rogilink_flex_interfaces/cmake/ament_cmake_export_targets-extras.cmake\n'}
[3.189721] (rogilink_flex_interfaces) StdoutLine: {'line': b'-- Installing: /home/a/ws_moveit2/install/rogilink_flex_interfaces/share/rogilink_flex_interfaces/cmake/rosidl_cmake_export_typesupport_targets-extras.cmake\n'}
[3.189789] (rogilink_flex_interfaces) StdoutLine: {'line': b'-- Installing: /home/a/ws_moveit2/install/rogilink_flex_interfaces/share/rogilink_flex_interfaces/cmake/ament_cmake_export_dependencies-extras.cmake\n'}
[3.189827] (rogilink_flex_interfaces) StdoutLine: {'line': b'-- Installing: /home/a/ws_moveit2/install/rogilink_flex_interfaces/share/rogilink_flex_interfaces/cmake/rosidl_cmake_export_typesupport_libraries-extras.cmake\n'}
[3.189876] (rogilink_flex_interfaces) StdoutLine: {'line': b'-- Installing: /home/a/ws_moveit2/install/rogilink_flex_interfaces/share/rogilink_flex_interfaces/cmake/rogilink_flex_interfacesConfig.cmake\n'}
[3.189918] (rogilink_flex_interfaces) StdoutLine: {'line': b'-- Installing: /home/a/ws_moveit2/install/rogilink_flex_interfaces/share/rogilink_flex_interfaces/cmake/rogilink_flex_interfacesConfig-version.cmake\n'}
[3.189958] (rogilink_flex_interfaces) StdoutLine: {'line': b'-- Installing: /home/a/ws_moveit2/install/rogilink_flex_interfaces/share/rogilink_flex_interfaces/package.xml\n'}
[3.191504] (rogilink_flex_interfaces) CommandEnded: {'returncode': 0}
[3.204104] (-) TimerEvent: {}
[3.207506] (rogilink_flex_interfaces) JobEnded: {'identifier': 'rogilink_flex_interfaces', 'rc': 0}
[3.207865] (-) EventReactorShutdown: {}
