[0.000000] (-) TimerEvent: {}
[0.000596] (-) JobUnselected: {'identifier': 'blue_seiretu_description'}
[0.000682] (-) JobUnselected: {'identifier': 'catch_gazebo_ros2_control'}
[0.000711] (-) JobUnselected: {'identifier': 'chomp_motion_planner'}
[0.000745] (-) JobUnselected: {'identifier': 'd415_rgb_depth_3d'}
[0.000771] (-) JobUnselected: {'identifier': 'dynamixel_controller'}
[0.000794] (-) JobUnselected: {'identifier': 'dynamixel_controller_client'}
[0.000816] (-) JobUnselected: {'identifier': 'dynamixel_controller_gui'}
[0.000837] (-) JobUnselected: {'identifier': 'dynamixel_sdk'}
[0.000859] (-) JobUnselected: {'identifier': 'dynamixel_sdk_custom_interfaces'}
[0.000881] (-) JobUnselected: {'identifier': 'dynamixel_sdk_examples'}
[0.000902] (-) JobUnselected: {'identifier': 'field_description'}
[0.000924] (-) JobUnselected: {'identifier': 'hello_moveit'}
[0.000945] (-) JobUnselected: {'identifier': 'launch_param_builder'}
[0.000966] (-) JobUnselected: {'identifier': 'mavlink_controller_client'}
[0.000987] (-) JobUnselected: {'identifier': 'mavlink_gui_tester'}
[0.001007] (-) JobUnselected: {'identifier': 'moveit'}
[0.001029] (-) JobUnselected: {'identifier': 'moveit2_tutorials'}
[0.001050] (-) JobUnselected: {'identifier': 'moveit_chomp_optimizer_adapter'}
[0.001071] (-) JobUnselected: {'identifier': 'moveit_common'}
[0.001093] (-) JobUnselected: {'identifier': 'moveit_configs_utils'}
[0.001114] (-) JobUnselected: {'identifier': 'moveit_core'}
[0.001134] (-) JobUnselected: {'identifier': 'moveit_hybrid_planning'}
[0.001155] (-) JobUnselected: {'identifier': 'moveit_kinematics'}
[0.001176] (-) JobUnselected: {'identifier': 'moveit_planners'}
[0.001197] (-) JobUnselected: {'identifier': 'moveit_planners_chomp'}
[0.001229] (-) JobUnselected: {'identifier': 'moveit_planners_ompl'}
[0.001580] (-) JobUnselected: {'identifier': 'moveit_plugins'}
[0.001621] (-) JobUnselected: {'identifier': 'moveit_resources'}
[0.001642] (-) JobUnselected: {'identifier': 'moveit_resources_fanuc_description'}
[0.001660] (-) JobUnselected: {'identifier': 'moveit_resources_fanuc_moveit_config'}
[0.001676] (-) JobUnselected: {'identifier': 'moveit_resources_panda_description'}
[0.001693] (-) JobUnselected: {'identifier': 'moveit_resources_panda_moveit_config'}
[0.001709] (-) JobUnselected: {'identifier': 'moveit_resources_pr2_description'}
[0.001724] (-) JobUnselected: {'identifier': 'moveit_resources_prbt_ikfast_manipulator_plugin'}
[0.001741] (-) JobUnselected: {'identifier': 'moveit_resources_prbt_moveit_config'}
[0.001757] (-) JobUnselected: {'identifier': 'moveit_resources_prbt_pg70_support'}
[0.001772] (-) JobUnselected: {'identifier': 'moveit_resources_prbt_support'}
[0.001788] (-) JobUnselected: {'identifier': 'moveit_ros'}
[0.001804] (-) JobUnselected: {'identifier': 'moveit_ros_benchmarks'}
[0.001820] (-) JobUnselected: {'identifier': 'moveit_ros_control_interface'}
[0.001836] (-) JobUnselected: {'identifier': 'moveit_ros_move_group'}
[0.001852] (-) JobUnselected: {'identifier': 'moveit_ros_occupancy_map_monitor'}
[0.001867] (-) JobUnselected: {'identifier': 'moveit_ros_perception'}
[0.001883] (-) JobUnselected: {'identifier': 'moveit_ros_planning'}
[0.001899] (-) JobUnselected: {'identifier': 'moveit_ros_planning_interface'}
[0.001915] (-) JobUnselected: {'identifier': 'moveit_ros_robot_interaction'}
[0.001931] (-) JobUnselected: {'identifier': 'moveit_ros_visualization'}
[0.001946] (-) JobUnselected: {'identifier': 'moveit_ros_warehouse'}
[0.001962] (-) JobUnselected: {'identifier': 'moveit_runtime'}
[0.001978] (-) JobUnselected: {'identifier': 'moveit_servo'}
[0.001993] (-) JobUnselected: {'identifier': 'moveit_setup_app_plugins'}
[0.002009] (-) JobUnselected: {'identifier': 'moveit_setup_assistant'}
[0.002025] (-) JobUnselected: {'identifier': 'moveit_setup_controllers'}
[0.002040] (-) JobUnselected: {'identifier': 'moveit_setup_core_plugins'}
[0.002056] (-) JobUnselected: {'identifier': 'moveit_setup_framework'}
[0.002071] (-) JobUnselected: {'identifier': 'moveit_setup_srdf_plugins'}
[0.002087] (-) JobUnselected: {'identifier': 'moveit_simple_controller_manager'}
[0.002188] (-) JobUnselected: {'identifier': 'moveit_task_constructor_capabilities'}
[0.002206] (-) JobUnselected: {'identifier': 'moveit_task_constructor_core'}
[0.002229] (-) JobUnselected: {'identifier': 'moveit_task_constructor_demo'}
[0.002256] (-) JobUnselected: {'identifier': 'moveit_task_constructor_msgs'}
[0.002272] (-) JobUnselected: {'identifier': 'moveit_task_constructor_visualization'}
[0.002286] (-) JobUnselected: {'identifier': 'moveit_visual_tools'}
[0.002301] (-) JobUnselected: {'identifier': 'mtc_tutorial'}
[0.002315] (-) JobUnselected: {'identifier': 'object_description'}
[0.002329] (-) JobUnselected: {'identifier': 'pilz_industrial_motion_planner'}
[0.002344] (-) JobUnselected: {'identifier': 'pilz_industrial_motion_planner_testutils'}
[0.002359] (-) JobUnselected: {'identifier': 'realsense2_camera'}
[0.002374] (-) JobUnselected: {'identifier': 'realsense2_camera_msgs'}
[0.002389] (-) JobUnselected: {'identifier': 'realsense2_description'}
[0.002404] (-) JobUnselected: {'identifier': 'realsense2_ros_mqtt_bridge'}
[0.002420] (-) JobUnselected: {'identifier': 'red_seiretu_description'}
[0.002436] (-) JobUnselected: {'identifier': 'robot_config'}
[0.002451] (-) JobUnselected: {'identifier': 'ros_tcp_endpoint'}
[0.002466] (-) JobUnselected: {'identifier': 'rosparam_shortcuts'}
[0.002482] (-) JobUnselected: {'identifier': 'rviz_marker_tools'}
[0.002497] (-) JobUnselected: {'identifier': 'srdfdom'}
[0.002524] (-) JobUnselected: {'identifier': 'trac_ik'}
[0.002541] (-) JobUnselected: {'identifier': 'trac_ik_kinematics_plugin'}
[0.002557] (-) JobUnselected: {'identifier': 'trac_ik_lib'}
[0.002573] (-) JobUnselected: {'identifier': 'urdf_0816_description'}
[0.002592] (stm32_mavlink_interface) JobQueued: {'identifier': 'stm32_mavlink_interface', 'dependencies': OrderedDict()}
[0.002614] (stm32_mavlink_interface) JobStarted: {'identifier': 'stm32_mavlink_interface'}
[0.013436] (stm32_mavlink_interface) JobProgress: {'identifier': 'stm32_mavlink_interface', 'progress': 'cmake'}
[0.014422] (stm32_mavlink_interface) JobProgress: {'identifier': 'stm32_mavlink_interface', 'progress': 'build'}
[0.015166] (stm32_mavlink_interface) Command: {'cmd': ['/usr/bin/cmake', '--build', '/home/a/ws_moveit2/build/stm32_mavlink_interface', '--', '-j22', '-l22'], 'cwd': '/home/a/ws_moveit2/build/stm32_mavlink_interface', 'env': OrderedDict([('GJS_DEBUG_TOPICS', 'JS ERROR;JS LOG'), ('LESSOPEN', '| /usr/bin/lesspipe %s'), ('USER', 'a'), ('XDG_SESSION_TYPE', 'wayland'), ('SHLVL', '1'), ('LD_LIBRARY_PATH', '/home/a/ws_moveit2/install/trac_ik_kinematics_plugin/lib:/home/a/ws_moveit2/install/trac_ik_lib/lib:/home/a/ws_moveit2/install/stm32_mavlink_interface/lib:/home/a/ws_moveit2/install/right_arm_ikfast_plugin/lib:/home/a/ws_moveit2/install/pilz_industrial_motion_planner_testutils/lib:/home/a/ws_moveit2/install/pilz_industrial_motion_planner/lib:/home/a/ws_moveit2/install/moveit_visual_tools/lib:/home/a/ws_moveit2/install/moveit_task_constructor_visualization/lib:/home/a/ws_moveit2/install/moveit_task_constructor_demo/lib:/home/a/ws_moveit2/install/moveit_task_constructor_capabilities/lib:/home/a/ws_moveit2/install/moveit_task_constructor_core/lib:/home/a/ws_moveit2/install/moveit_ros_control_interface/lib:/home/a/ws_moveit2/install/moveit_simple_controller_manager/lib:/home/a/ws_moveit2/install/moveit_setup_assistant/lib:/home/a/ws_moveit2/install/moveit_setup_srdf_plugins/lib:/home/a/ws_moveit2/install/moveit_setup_core_plugins/lib:/home/a/ws_moveit2/install/moveit_setup_controllers/lib:/home/a/ws_moveit2/install/moveit_setup_app_plugins/lib:/home/a/ws_moveit2/install/moveit_setup_framework/lib:/home/a/ws_moveit2/install/moveit_servo/lib:/home/a/ws_moveit2/install/moveit_ros_visualization/lib:/home/a/ws_moveit2/install/moveit_hybrid_planning/lib:/home/a/ws_moveit2/install/moveit_ros_planning_interface/lib:/home/a/ws_moveit2/install/moveit_ros_benchmarks/lib:/home/a/ws_moveit2/install/moveit_ros_warehouse/lib:/home/a/ws_moveit2/install/moveit_ros_robot_interaction/lib:/home/a/ws_moveit2/install/moveit_ros_perception/lib:/home/a/ws_moveit2/install/moveit_ros_move_group/lib:/home/a/ws_moveit2/install/moveit_planners_ompl/lib:/home/a/ws_moveit2/install/left_arm_ikfast_plugin/lib:/home/a/ws_moveit2/install/moveit_ros_planning/lib:/home/a/ws_moveit2/install/moveit_ros_occupancy_map_monitor/lib:/home/a/ws_moveit2/install/moveit_resources_prbt_ikfast_manipulator_plugin/lib:/home/a/ws_moveit2/install/moveit_planners_chomp/lib:/home/a/ws_moveit2/install/moveit_kinematics/lib:/home/a/ws_moveit2/install/moveit_chomp_optimizer_adapter/lib:/home/a/ws_moveit2/install/chomp_motion_planner/lib:/home/a/ws_moveit2/install/moveit_core/lib:/home/a/ws_moveit2/install/srdfdom/lib:/home/a/ws_moveit2/install/rviz_marker_tools/lib:/home/a/ws_moveit2/install/rosparam_shortcuts/lib:/home/a/ws_moveit2/install/realsense2_camera/lib:/home/a/ws_moveit2/install/realsense2_camera_msgs/lib:/home/a/ws_moveit2/install/moveit_task_constructor_msgs/lib:/home/a/ws_moveit2/install/dynamixel_sdk_custom_interfaces/lib:/home/a/ws_moveit2/install/dynamixel_controller/lib:/home/a/ws_moveit2/install/dynamixel_sdk/lib:/usr/lib/x86_64-linux-gnu/gazebo-11/plugins:/opt/ros/humble/opt/rviz_ogre_vendor/lib:/opt/ros/humble/lib/x86_64-linux-gnu:/opt/ros/humble/lib'), ('HOME', '/home/a'), ('OLDPWD', '/home/a'), ('DESKTOP_SESSION', 'ubuntu'), ('NVM_BIN', '/home/a/.nvm/versions/node/v22.18.0/bin'), ('NVM_INC', '/home/a/.nvm/versions/node/v22.18.0/include/node'), ('GIO_LAUNCHED_DESKTOP_FILE', '/usr/share/applications/terminator.desktop'), ('ROS_PYTHON_VERSION', '3'), ('GNOME_SHELL_SESSION_MODE', 'ubuntu'), ('GTK_MODULES', 'gail:atk-bridge'), ('MANAGERPID', '1196'), ('SYSTEMD_EXEC_PID', '1427'), ('DBUS_SESSION_BUS_ADDRESS', 'unix:path=/run/user/1000/bus'), ('COLORTERM', 'truecolor'), ('TERMINATOR_DBUS_NAME', 'net.tenshu.Terminator25ef4b219e3b005583550f2b0f9f990c3'), ('GIO_LAUNCHED_DESKTOP_FILE_PID', '7257'), ('NVM_DIR', '/home/a/.nvm'), ('IM_CONFIG_PHASE', '1'), ('WAYLAND_DISPLAY', 'wayland-0'), ('COLCON_PREFIX_PATH', '/home/a/ws_moveit2/install'), ('ROS_DISTRO', 'humble'), ('LOGNAME', 'a'), ('JOURNAL_STREAM', '8:9133'), ('_', '/usr/bin/colcon'), ('ROS_VERSION', '2'), ('XDG_SESSION_CLASS', 'user'), ('USERNAME', 'a'), ('TERM', 'xterm-256color'), ('GNOME_DESKTOP_SESSION_ID', 'this-is-deprecated'), ('ROS_LOCALHOST_ONLY', '0'), ('PATH', '/home/a/ws_moveit2/install/moveit_core/bin:/home/a/.nvm/versions/node/v22.18.0/bin:/opt/ros/humble/bin:/home/a/.local/bin:/usr/local/sbin:/usr/local/bin:/usr/sbin:/usr/bin:/sbin:/bin:/usr/games:/usr/local/games:/snap/bin:/snap/bin'), ('SESSION_MANAGER', 'local/a:@/tmp/.ICE-unix/1390,unix/a:/tmp/.ICE-unix/1390'), ('INVOCATION_ID', '1503acc589e741d48ab1125c473e3758'), ('XDG_MENU_PREFIX', 'gnome-'), ('GNOME_SETUP_DISPLAY', ':1'), ('XDG_RUNTIME_DIR', '/run/user/1000'), ('DISPLAY', ':0'), ('TERMINATOR_DBUS_PATH', '/net/tenshu/Terminator2'), ('LANG', 'en_US.UTF-8'), ('XDG_CURRENT_DESKTOP', 'ubuntu:GNOME'), ('XMODIFIERS', '@im=ibus'), ('XDG_SESSION_DESKTOP', 'ubuntu'), ('XAUTHORITY', '/run/user/1000/.mutter-Xwaylandauth.CWWOC3'), ('LS_COLORS', 'rs=0:di=01;34:ln=01;36:mh=00:pi=40;33:so=01;35:do=01;35:bd=40;33;01:cd=40;33;01:or=40;31;01:mi=00:su=37;41:sg=30;43:ca=30;41:tw=30;42:ow=34;42:st=37;44:ex=01;32:*.tar=01;31:*.tgz=01;31:*.arc=01;31:*.arj=01;31:*.taz=01;31:*.lha=01;31:*.lz4=01;31:*.lzh=01;31:*.lzma=01;31:*.tlz=01;31:*.txz=01;31:*.tzo=01;31:*.t7z=01;31:*.zip=01;31:*.z=01;31:*.dz=01;31:*.gz=01;31:*.lrz=01;31:*.lz=01;31:*.lzo=01;31:*.xz=01;31:*.zst=01;31:*.tzst=01;31:*.bz2=01;31:*.bz=01;31:*.tbz=01;31:*.tbz2=01;31:*.tz=01;31:*.deb=01;31:*.rpm=01;31:*.jar=01;31:*.war=01;31:*.ear=01;31:*.sar=01;31:*.rar=01;31:*.alz=01;31:*.ace=01;31:*.zoo=01;31:*.cpio=01;31:*.7z=01;31:*.rz=01;31:*.cab=01;31:*.wim=01;31:*.swm=01;31:*.dwm=01;31:*.esd=01;31:*.jpg=01;35:*.jpeg=01;35:*.mjpg=01;35:*.mjpeg=01;35:*.gif=01;35:*.bmp=01;35:*.pbm=01;35:*.pgm=01;35:*.ppm=01;35:*.tga=01;35:*.xbm=01;35:*.xpm=01;35:*.tif=01;35:*.tiff=01;35:*.png=01;35:*.svg=01;35:*.svgz=01;35:*.mng=01;35:*.pcx=01;35:*.mov=01;35:*.mpg=01;35:*.mpeg=01;35:*.m2v=01;35:*.mkv=01;35:*.webm=01;35:*.webp=01;35:*.ogm=01;35:*.mp4=01;35:*.m4v=01;35:*.mp4v=01;35:*.vob=01;35:*.qt=01;35:*.nuv=01;35:*.wmv=01;35:*.asf=01;35:*.rm=01;35:*.rmvb=01;35:*.flc=01;35:*.avi=01;35:*.fli=01;35:*.flv=01;35:*.gl=01;35:*.dl=01;35:*.xcf=01;35:*.xwd=01;35:*.yuv=01;35:*.cgm=01;35:*.emf=01;35:*.ogv=01;35:*.ogx=01;35:*.aac=00;36:*.au=00;36:*.flac=00;36:*.m4a=00;36:*.mid=00;36:*.midi=00;36:*.mka=00;36:*.mp3=00;36:*.mpc=00;36:*.ogg=00;36:*.ra=00;36:*.wav=00;36:*.oga=00;36:*.opus=00;36:*.spx=00;36:*.xspf=00;36:'), ('SSH_AGENT_LAUNCHER', 'gnome-keyring'), ('SSH_AUTH_SOCK', '/run/user/1000/keyring/ssh'), ('AMENT_PREFIX_PATH', '/home/a/ws_moveit2/install/urdf_0816_description:/home/a/ws_moveit2/install/trac_ik:/home/a/ws_moveit2/install/robot_config:/home/a/ws_moveit2/install/trac_ik_kinematics_plugin:/home/a/ws_moveit2/install/trac_ik_lib:/home/a/ws_moveit2/install/mavlink_controller_client:/home/a/ws_moveit2/install/stm32_mavlink_interface:/home/a/ws_moveit2/install/right_arm_ikfast_plugin:/home/a/ws_moveit2/install/pilz_industrial_motion_planner_testutils:/home/a/ws_moveit2/install/moveit_runtime:/home/a/ws_moveit2/install/moveit2_tutorials:/home/a/ws_moveit2/install/moveit:/home/a/ws_moveit2/install/moveit_planners:/home/a/ws_moveit2/install/pilz_industrial_motion_planner:/home/a/ws_moveit2/install/mtc_tutorial:/home/a/ws_moveit2/install/hello_moveit:/home/a/ws_moveit2/install/moveit_visual_tools:/home/a/ws_moveit2/install/moveit_task_constructor_visualization:/home/a/ws_moveit2/install/moveit_task_constructor_demo:/home/a/ws_moveit2/install/moveit_task_constructor_capabilities:/home/a/ws_moveit2/install/moveit_task_constructor_core:/home/a/ws_moveit2/install/moveit_ros_control_interface:/home/a/ws_moveit2/install/moveit_plugins:/home/a/ws_moveit2/install/moveit_simple_controller_manager:/home/a/ws_moveit2/install/moveit_setup_assistant:/home/a/ws_moveit2/install/moveit_setup_srdf_plugins:/home/a/ws_moveit2/install/moveit_setup_core_plugins:/home/a/ws_moveit2/install/moveit_setup_controllers:/home/a/ws_moveit2/install/moveit_setup_app_plugins:/home/a/ws_moveit2/install/moveit_setup_framework:/home/a/ws_moveit2/install/moveit_servo:/home/a/ws_moveit2/install/moveit_ros:/home/a/ws_moveit2/install/moveit_ros_visualization:/home/a/ws_moveit2/install/moveit_hybrid_planning:/home/a/ws_moveit2/install/moveit_ros_planning_interface:/home/a/ws_moveit2/install/moveit_ros_benchmarks:/home/a/ws_moveit2/install/moveit_ros_warehouse:/home/a/ws_moveit2/install/moveit_ros_robot_interaction:/home/a/ws_moveit2/install/moveit_ros_perception:/home/a/ws_moveit2/install/moveit_resources_prbt_pg70_support:/home/a/ws_moveit2/install/moveit_resources_prbt_moveit_config:/home/a/ws_moveit2/install/moveit_ros_move_group:/home/a/ws_moveit2/install/moveit_planners_ompl:/home/a/ws_moveit2/install/left_arm_ikfast_plugin:/home/a/ws_moveit2/install/moveit_ros_planning:/home/a/ws_moveit2/install/moveit_ros_occupancy_map_monitor:/home/a/ws_moveit2/install/moveit_resources_prbt_ikfast_manipulator_plugin:/home/a/ws_moveit2/install/moveit_planners_chomp:/home/a/ws_moveit2/install/moveit_kinematics:/home/a/ws_moveit2/install/moveit_chomp_optimizer_adapter:/home/a/ws_moveit2/install/chomp_motion_planner:/home/a/ws_moveit2/install/moveit_core:/home/a/ws_moveit2/install/moveit_configs_utils:/home/a/ws_moveit2/install/srdfdom:/home/a/ws_moveit2/install/rviz_marker_tools:/home/a/ws_moveit2/install/rosparam_shortcuts:/home/a/ws_moveit2/install/ros_tcp_endpoint:/home/a/ws_moveit2/install/red_seiretu_description:/home/a/ws_moveit2/install/realsense2_ros_mqtt_bridge:/home/a/ws_moveit2/install/realsense2_description:/home/a/ws_moveit2/install/realsense2_camera:/home/a/ws_moveit2/install/realsense2_camera_msgs:/home/a/ws_moveit2/install/object_description:/home/a/ws_moveit2/install/moveit_task_constructor_msgs:/home/a/ws_moveit2/install/moveit_resources_prbt_support:/home/a/ws_moveit2/install/moveit_resources:/home/a/ws_moveit2/install/moveit_resources_pr2_description:/home/a/ws_moveit2/install/moveit_resources_panda_moveit_config:/home/a/ws_moveit2/install/moveit_resources_panda_description:/home/a/ws_moveit2/install/moveit_resources_fanuc_moveit_config:/home/a/ws_moveit2/install/moveit_resources_fanuc_description:/home/a/ws_moveit2/install/moveit_common:/home/a/ws_moveit2/install/mavlink_gui_tester:/home/a/ws_moveit2/install/launch_param_builder:/home/a/ws_moveit2/install/field_description_test:/home/a/ws_moveit2/install/field_description:/home/a/ws_moveit2/install/dynamixel_sdk_examples:/home/a/ws_moveit2/install/dynamixel_sdk_custom_interfaces:/home/a/ws_moveit2/install/dynamixel_controller_gui:/home/a/ws_moveit2/install/dynamixel_controller:/home/a/ws_moveit2/install/dynamixel_sdk:/home/a/ws_moveit2/install/dynamixel_controller_client:/home/a/ws_moveit2/install/d415_rgb_depth_3d:/home/a/ws_moveit2/install/catch_gazebo_ros2_control:/home/a/ws_moveit2/install/blue_seiretu_description:/home/a/ws_moveit2/install/0525_arm_description:/opt/ros/humble'), ('SHELL', '/bin/bash'), ('TERMINATOR_UUID', 'urn:uuid:d576be94-4ddf-415a-ad69-aa4136d6a96d'), ('QT_ACCESSIBILITY', '1'), ('GDMSESSION', 'ubuntu'), ('LESSCLOSE', '/usr/bin/lesspipe %s %s'), ('CMAKE_MODULE_PATH', '/home/a/ws_moveit2/install/moveit_task_constructor_core/share/moveit_task_constructor_core/cmake'), ('GJS_DEBUG_OUTPUT', 'stderr'), ('QT_IM_MODULE', 'ibus'), ('PWD', '/home/a/ws_moveit2/build/stm32_mavlink_interface'), ('LC_ALL', 'en_US.UTF-8'), ('XDG_CONFIG_DIRS', '/etc/xdg/xdg-ubuntu:/etc/xdg'), ('NVM_CD_FLAGS', ''), ('XDG_DATA_DIRS', '/usr/share/ubuntu:/home/a/.local/share/flatpak/exports/share:/var/lib/flatpak/exports/share:/usr/local/share/:/usr/share/:/var/lib/snapd/desktop'), ('PYTHONPATH', '/home/a/ws_moveit2/install/mavlink_controller_client/lib/python3.10/site-packages:/home/a/ws_moveit2/install/stm32_mavlink_interface/local/lib/python3.10/dist-packages:/home/a/ws_moveit2/install/moveit_task_constructor_core/local/lib/python3.10/dist-packages:/home/a/ws_moveit2/install/moveit_configs_utils/lib/python3.10/site-packages:/home/a/ws_moveit2/install/srdfdom/local/lib/python3.10/dist-packages:/home/a/ws_moveit2/install/ros_tcp_endpoint/lib/python3.10/site-packages:/home/a/ws_moveit2/install/realsense2_ros_mqtt_bridge/lib/python3.10/site-packages:/home/a/ws_moveit2/install/realsense2_camera_msgs/local/lib/python3.10/dist-packages:/home/a/ws_moveit2/install/moveit_task_constructor_msgs/local/lib/python3.10/dist-packages:/home/a/ws_moveit2/install/launch_param_builder/lib/python3.10/site-packages:/home/a/ws_moveit2/install/dynamixel_sdk_custom_interfaces/local/lib/python3.10/dist-packages:/home/a/ws_moveit2/install/dynamixel_controller_gui/lib/python3.10/site-packages:/home/a/ws_moveit2/install/dynamixel_controller/local/lib/python3.10/dist-packages:/home/a/ws_moveit2/install/dynamixel_controller_client/lib/python3.10/site-packages:/home/a/ws_moveit2/install/d415_rgb_depth_3d/lib/python3.10/site-packages:/opt/ros/humble/lib/python3.10/site-packages:/opt/ros/humble/local/lib/python3.10/dist-packages'), ('COLCON', '1'), ('VTE_VERSION', '6800'), ('CMAKE_PREFIX_PATH', '/home/a/ws_moveit2/install/urdf_0816_description:/home/a/ws_moveit2/install/trac_ik:/home/a/ws_moveit2/install/robot_config:/home/a/ws_moveit2/install/trac_ik_kinematics_plugin:/home/a/ws_moveit2/install/trac_ik_lib:/home/a/ws_moveit2/install/stm32_mavlink_interface:/home/a/ws_moveit2/install/right_arm_ikfast_plugin:/home/a/ws_moveit2/install/pilz_industrial_motion_planner_testutils:/home/a/ws_moveit2/install/moveit_runtime:/home/a/ws_moveit2/install/moveit2_tutorials:/home/a/ws_moveit2/install/moveit:/home/a/ws_moveit2/install/moveit_planners:/home/a/ws_moveit2/install/pilz_industrial_motion_planner:/home/a/ws_moveit2/install/mtc_tutorial:/home/a/ws_moveit2/install/hello_moveit:/home/a/ws_moveit2/install/moveit_visual_tools:/home/a/ws_moveit2/install/moveit_task_constructor_visualization:/home/a/ws_moveit2/install/moveit_task_constructor_demo:/home/a/ws_moveit2/install/moveit_task_constructor_capabilities:/home/a/ws_moveit2/install/moveit_task_constructor_core:/home/a/ws_moveit2/install/moveit_ros_control_interface:/home/a/ws_moveit2/install/moveit_plugins:/home/a/ws_moveit2/install/moveit_simple_controller_manager:/home/a/ws_moveit2/install/moveit_setup_assistant:/home/a/ws_moveit2/install/moveit_setup_srdf_plugins:/home/a/ws_moveit2/install/moveit_setup_core_plugins:/home/a/ws_moveit2/install/moveit_setup_controllers:/home/a/ws_moveit2/install/moveit_setup_app_plugins:/home/a/ws_moveit2/install/moveit_setup_framework:/home/a/ws_moveit2/install/moveit_servo:/home/a/ws_moveit2/install/moveit_ros:/home/a/ws_moveit2/install/moveit_ros_visualization:/home/a/ws_moveit2/install/moveit_hybrid_planning:/home/a/ws_moveit2/install/moveit_ros_planning_interface:/home/a/ws_moveit2/install/moveit_ros_benchmarks:/home/a/ws_moveit2/install/moveit_ros_warehouse:/home/a/ws_moveit2/install/moveit_ros_robot_interaction:/home/a/ws_moveit2/install/moveit_ros_perception:/home/a/ws_moveit2/install/moveit_resources_prbt_pg70_support:/home/a/ws_moveit2/install/moveit_resources_prbt_moveit_config:/home/a/ws_moveit2/install/moveit_ros_move_group:/home/a/ws_moveit2/install/moveit_planners_ompl:/home/a/ws_moveit2/install/left_arm_ikfast_plugin:/home/a/ws_moveit2/install/moveit_ros_planning:/home/a/ws_moveit2/install/moveit_ros_occupancy_map_monitor:/home/a/ws_moveit2/install/moveit_resources_prbt_ikfast_manipulator_plugin:/home/a/ws_moveit2/install/moveit_planners_chomp:/home/a/ws_moveit2/install/moveit_kinematics:/home/a/ws_moveit2/install/moveit_chomp_optimizer_adapter:/home/a/ws_moveit2/install/chomp_motion_planner:/home/a/ws_moveit2/install/moveit_core:/home/a/ws_moveit2/install/srdfdom:/home/a/ws_moveit2/install/rviz_marker_tools:/home/a/ws_moveit2/install/rosparam_shortcuts:/home/a/ws_moveit2/install/red_seiretu_description:/home/a/ws_moveit2/install/realsense2_description:/home/a/ws_moveit2/install/realsense2_camera:/home/a/ws_moveit2/install/realsense2_camera_msgs:/home/a/ws_moveit2/install/object_description:/home/a/ws_moveit2/install/moveit_task_constructor_msgs:/home/a/ws_moveit2/install/moveit_resources_prbt_support:/home/a/ws_moveit2/install/moveit_resources:/home/a/ws_moveit2/install/moveit_resources_pr2_description:/home/a/ws_moveit2/install/moveit_resources_panda_moveit_config:/home/a/ws_moveit2/install/moveit_resources_panda_description:/home/a/ws_moveit2/install/moveit_resources_fanuc_moveit_config:/home/a/ws_moveit2/install/moveit_resources_fanuc_description:/home/a/ws_moveit2/install/moveit_common:/home/a/ws_moveit2/install/mavlink_gui_tester:/home/a/ws_moveit2/install/field_description_test:/home/a/ws_moveit2/install/field_description:/home/a/ws_moveit2/install/dynamixel_sdk_examples:/home/a/ws_moveit2/install/dynamixel_sdk_custom_interfaces:/home/a/ws_moveit2/install/dynamixel_controller:/home/a/ws_moveit2/install/dynamixel_sdk:/home/a/ws_moveit2/install/catch_gazebo_ros2_control:/home/a/ws_moveit2/install/blue_seiretu_description:/home/a/ws_moveit2/install/0525_arm_description:/home/a/ws_moveit2/install/mavlink_controller_client:/home/a/ws_moveit2/install/moveit_configs_utils:/home/a/ws_moveit2/install/ros_tcp_endpoint:/home/a/ws_moveit2/install/realsense2_ros_mqtt_bridge:/home/a/ws_moveit2/install/launch_param_builder:/home/a/ws_moveit2/install/dynamixel_controller_gui:/home/a/ws_moveit2/install/dynamixel_controller_client:/home/a/ws_moveit2/install/d415_rgb_depth_3d:/opt/ros/humble')]), 'shell': False}
[0.062376] (stm32_mavlink_interface) StdoutLine: {'line': b'-- Found ament_cmake: 1.3.12 (/opt/ros/humble/share/ament_cmake/cmake)\n'}
[0.099678] (-) TimerEvent: {}
[0.172880] (stm32_mavlink_interface) StdoutLine: {'line': b'-- Found rclcpp: 16.0.14 (/opt/ros/humble/share/rclcpp/cmake)\n'}
[0.198576] (stm32_mavlink_interface) StdoutLine: {'line': b'-- Found rosidl_generator_c: 3.1.7 (/opt/ros/humble/share/rosidl_generator_c/cmake)\n'}
[0.199737] (-) TimerEvent: {}
[0.200584] (stm32_mavlink_interface) StdoutLine: {'line': b'-- Found rosidl_adapter: 3.1.7 (/opt/ros/humble/share/rosidl_adapter/cmake)\n'}
[0.205610] (stm32_mavlink_interface) StdoutLine: {'line': b'-- Found rosidl_generator_cpp: 3.1.7 (/opt/ros/humble/share/rosidl_generator_cpp/cmake)\n'}
[0.216520] (stm32_mavlink_interface) StdoutLine: {'line': b'-- Using all available rosidl_typesupport_c: rosidl_typesupport_fastrtps_c;rosidl_typesupport_introspection_c\n'}
[0.227561] (stm32_mavlink_interface) StdoutLine: {'line': b'-- Using all available rosidl_typesupport_cpp: rosidl_typesupport_fastrtps_cpp;rosidl_typesupport_introspection_cpp\n'}
[0.255593] (stm32_mavlink_interface) StdoutLine: {'line': b'-- Found rmw_implementation_cmake: 6.1.2 (/opt/ros/humble/share/rmw_implementation_cmake/cmake)\n'}
[0.259033] (stm32_mavlink_interface) StdoutLine: {'line': b'-- Found rmw_fastrtps_cpp: 6.2.8 (/opt/ros/humble/share/rmw_fastrtps_cpp/cmake)\n'}
[0.299842] (-) TimerEvent: {}
[0.344812] (stm32_mavlink_interface) StdoutLine: {'line': b"-- Using RMW implementation 'rmw_fastrtps_cpp' as default\n"}
[0.380087] (stm32_mavlink_interface) StdoutLine: {'line': b'-- Found std_srvs: 4.9.0 (/opt/ros/humble/share/std_srvs/cmake)\n'}
[0.387437] (stm32_mavlink_interface) StdoutLine: {'line': b'-- Found sensor_msgs: 4.9.0 (/opt/ros/humble/share/sensor_msgs/cmake)\n'}
[0.399911] (-) TimerEvent: {}
[0.407418] (stm32_mavlink_interface) StdoutLine: {'line': b'-- Found diagnostic_msgs: 4.9.0 (/opt/ros/humble/share/diagnostic_msgs/cmake)\n'}
[0.416374] (stm32_mavlink_interface) StdoutLine: {'line': b'-- Found rosidl_default_generators: 1.2.0 (/opt/ros/humble/share/rosidl_default_generators/cmake)\n'}
[0.500024] (-) TimerEvent: {}
[0.600312] (-) TimerEvent: {}
[0.690085] (stm32_mavlink_interface) StdoutLine: {'line': b'-- Found ament_cmake_ros: 0.10.0 (/opt/ros/humble/share/ament_cmake_ros/cmake)\n'}
[0.700388] (-) TimerEvent: {}
[0.800632] (-) TimerEvent: {}
[0.900880] (-) TimerEvent: {}
[1.001170] (-) TimerEvent: {}
[1.016464] (stm32_mavlink_interface) StdoutLine: {'line': b'-- Using all available rosidl_typesupport_c: rosidl_typesupport_fastrtps_c;rosidl_typesupport_introspection_c\n'}
[1.101265] (-) TimerEvent: {}
[1.148368] (stm32_mavlink_interface) StdoutLine: {'line': b'-- Using all available rosidl_typesupport_cpp: rosidl_typesupport_fastrtps_cpp;rosidl_typesupport_introspection_cpp\n'}
[1.170811] (stm32_mavlink_interface) StdoutLine: {'line': b'-- Found python_cmake_module: 0.10.0 (/opt/ros/humble/share/python_cmake_module/cmake)\n'}
[1.191164] (stm32_mavlink_interface) StdoutLine: {'line': b'-- Using PYTHON_EXECUTABLE: /usr/bin/python3\n'}
[1.191340] (stm32_mavlink_interface) StdoutLine: {'line': b'-- Using PYTHON_INCLUDE_DIRS: /usr/include/python3.10\n'}
[1.191412] (stm32_mavlink_interface) StdoutLine: {'line': b'-- Using PYTHON_LIBRARIES: /usr/lib/x86_64-linux-gnu/libpython3.10.so\n'}
[1.201338] (-) TimerEvent: {}
[1.276788] (stm32_mavlink_interface) StdoutLine: {'line': b'-- Found ament_lint_auto: 0.12.14 (/opt/ros/humble/share/ament_lint_auto/cmake)\n'}
[1.288979] (stm32_mavlink_interface) StdoutLine: {'line': b"-- Added test 'copyright' to check source files copyright and LICENSE\n"}
[1.298628] (stm32_mavlink_interface) StdoutLine: {'line': b"-- Added test 'cppcheck' to perform static code analysis on C / C++ code\n"}
[1.299294] (stm32_mavlink_interface) StdoutLine: {'line': b'-- Configured cppcheck include dirs: /home/a/ws_moveit2/src/MAVLink_ros2/include;/home/a/ws_moveit2/src/MAVLink_ros2/include/mavlink/c_library_v2\n'}
[1.299425] (stm32_mavlink_interface) StdoutLine: {'line': b'-- Configured cppcheck exclude dirs and/or files: \n'}
[1.301422] (-) TimerEvent: {}
[1.309927] (stm32_mavlink_interface) StdoutLine: {'line': b"-- Added test 'cpplint' to check C / C++ code against the Google style\n"}
[1.310064] (stm32_mavlink_interface) StdoutLine: {'line': b'-- Configured cpplint exclude dirs and/or files: \n'}
[1.311402] (stm32_mavlink_interface) StdoutLine: {'line': b"-- Added test 'flake8' to check Python code syntax and style conventions\n"}
[1.314006] (stm32_mavlink_interface) StdoutLine: {'line': b"-- Added test 'lint_cmake' to check CMake code style\n"}
[1.315593] (stm32_mavlink_interface) StdoutLine: {'line': b"-- Added test 'pep257' to check Python code against some of the docstring style conventions in PEP 257\n"}
[1.324944] (stm32_mavlink_interface) StdoutLine: {'line': b"-- Added test 'uncrustify' to check C / C++ code style\n"}
[1.325151] (stm32_mavlink_interface) StdoutLine: {'line': b'-- Configured uncrustify additional arguments: \n'}
[1.326440] (stm32_mavlink_interface) StdoutLine: {'line': b"-- Added test 'xmllint' to check XML markup files\n"}
[1.328319] (stm32_mavlink_interface) StdoutLine: {'line': b'-- Configuring done\n'}
[1.373822] (stm32_mavlink_interface) StdoutLine: {'line': b'-- Generating done\n'}
[1.382547] (stm32_mavlink_interface) StdoutLine: {'line': b'-- Build files have been written to: /home/a/ws_moveit2/build/stm32_mavlink_interface\n'}
[1.401542] (-) TimerEvent: {}
[1.417043] (stm32_mavlink_interface) StdoutLine: {'line': b'\x1b[35m\x1b[1mConsolidate compiler generated dependencies of target stm32_mavlink_interface__rosidl_generator_c\x1b[0m\n'}
[1.424619] (stm32_mavlink_interface) StdoutLine: {'line': b'[  1%] Built target stm32_mavlink_interface__cpp\n'}
[1.435201] (stm32_mavlink_interface) StdoutLine: {'line': b'[ 12%] Built target stm32_mavlink_interface__rosidl_generator_c\n'}
[1.435373] (stm32_mavlink_interface) StdoutLine: {'line': b'[ 12%] Built target ament_cmake_python_copy_stm32_mavlink_interface\n'}
[1.436319] (stm32_mavlink_interface) StdoutLine: {'line': b'\x1b[35m\x1b[1mConsolidate compiler generated dependencies of target stm32_mavlink_interface__rosidl_typesupport_cpp\x1b[0m\n'}
[1.441279] (stm32_mavlink_interface) StdoutLine: {'line': b'\x1b[35m\x1b[1mConsolidate compiler generated dependencies of target stm32_mavlink_interface__rosidl_typesupport_fastrtps_cpp\x1b[0m\n'}
[1.441528] (stm32_mavlink_interface) StdoutLine: {'line': b'\x1b[35m\x1b[1mConsolidate compiler generated dependencies of target stm32_mavlink_interface__rosidl_typesupport_introspection_cpp\x1b[0m\n'}
[1.448896] (stm32_mavlink_interface) StdoutLine: {'line': b'\x1b[35m\x1b[1mConsolidate compiler generated dependencies of target stm32_mavlink_interface__rosidl_typesupport_introspection_c\x1b[0m\n'}
[1.450894] (stm32_mavlink_interface) StdoutLine: {'line': b'[ 23%] Built target stm32_mavlink_interface__rosidl_typesupport_cpp\n'}
[1.451120] (stm32_mavlink_interface) StdoutLine: {'line': b'\x1b[35m\x1b[1mConsolidate compiler generated dependencies of target stm32_mavlink_interface__rosidl_typesupport_c\x1b[0m\n'}
[1.452355] (stm32_mavlink_interface) StdoutLine: {'line': b'\x1b[35m\x1b[1mConsolidate compiler generated dependencies of target stm32_mavlink_interface__rosidl_typesupport_fastrtps_c\x1b[0m\n'}
[1.457264] (stm32_mavlink_interface) StdoutLine: {'line': b'[ 34%] Built target stm32_mavlink_interface__rosidl_typesupport_fastrtps_cpp\n'}
[1.457892] (stm32_mavlink_interface) StdoutLine: {'line': b'[ 46%] Built target stm32_mavlink_interface__rosidl_typesupport_introspection_cpp\n'}
[1.462951] (stm32_mavlink_interface) StdoutLine: {'line': b'[ 63%] Built target stm32_mavlink_interface__rosidl_typesupport_introspection_c\n'}
[1.463102] (stm32_mavlink_interface) StdoutLine: {'line': b'[ 69%] Built target stm32_mavlink_interface__rosidl_typesupport_c\n'}
[1.463277] (stm32_mavlink_interface) StdoutLine: {'line': b'\x1b[35m\x1b[1mConsolidate compiler generated dependencies of target mavlink_serial_node\x1b[0m\n'}
[1.470726] (stm32_mavlink_interface) StdoutLine: {'line': b'[ 80%] Built target stm32_mavlink_interface__rosidl_typesupport_fastrtps_c\n'}
[1.487706] (stm32_mavlink_interface) StdoutLine: {'line': b'[ 84%] Built target mavlink_serial_node\n'}
[1.491101] (stm32_mavlink_interface) StdoutLine: {'line': b'[ 84%] Built target stm32_mavlink_interface\n'}
[1.501607] (-) TimerEvent: {}
[1.512440] (stm32_mavlink_interface) StdoutLine: {'line': b'[ 85%] Built target stm32_mavlink_interface__py\n'}
[1.524889] (stm32_mavlink_interface) StdoutLine: {'line': b'\x1b[35m\x1b[1mConsolidate compiler generated dependencies of target stm32_mavlink_interface__rosidl_generator_py\x1b[0m\n'}
[1.541396] (stm32_mavlink_interface) StdoutLine: {'line': b'[ 95%] Built target stm32_mavlink_interface__rosidl_generator_py\n'}
[1.554485] (stm32_mavlink_interface) StdoutLine: {'line': b'\x1b[35m\x1b[1mConsolidate compiler generated dependencies of target stm32_mavlink_interface__rosidl_typesupport_introspection_c__pyext\x1b[0m\n'}
[1.554649] (stm32_mavlink_interface) StdoutLine: {'line': b'\x1b[35m\x1b[1mConsolidate compiler generated dependencies of target stm32_mavlink_interface__rosidl_typesupport_c__pyext\x1b[0m\n'}
[1.555167] (stm32_mavlink_interface) StdoutLine: {'line': b'\x1b[35m\x1b[1mConsolidate compiler generated dependencies of target stm32_mavlink_interface__rosidl_typesupport_fastrtps_c__pyext\x1b[0m\n'}
[1.566019] (stm32_mavlink_interface) StdoutLine: {'line': b'[ 96%] Built target stm32_mavlink_interface__rosidl_typesupport_introspection_c__pyext\n'}
[1.569416] (stm32_mavlink_interface) StdoutLine: {'line': b'[ 99%] Built target stm32_mavlink_interface__rosidl_typesupport_fastrtps_c__pyext\n'}
[1.569525] (stm32_mavlink_interface) StdoutLine: {'line': b'[100%] Built target stm32_mavlink_interface__rosidl_typesupport_c__pyext\n'}
[1.601721] (-) TimerEvent: {}
[1.603090] (stm32_mavlink_interface) StdoutLine: {'line': b'running egg_info\n'}
[1.603635] (stm32_mavlink_interface) StdoutLine: {'line': b'writing stm32_mavlink_interface.egg-info/PKG-INFO\n'}
[1.603727] (stm32_mavlink_interface) StdoutLine: {'line': b'writing dependency_links to stm32_mavlink_interface.egg-info/dependency_links.txt\n'}
[1.603783] (stm32_mavlink_interface) StdoutLine: {'line': b'writing top-level names to stm32_mavlink_interface.egg-info/top_level.txt\n'}
[1.605477] (stm32_mavlink_interface) StdoutLine: {'line': b"reading manifest file 'stm32_mavlink_interface.egg-info/SOURCES.txt'\n"}
[1.605984] (stm32_mavlink_interface) StdoutLine: {'line': b"writing manifest file 'stm32_mavlink_interface.egg-info/SOURCES.txt'\n"}
[1.626739] (stm32_mavlink_interface) StdoutLine: {'line': b'[100%] Built target ament_cmake_python_build_stm32_mavlink_interface_egg\n'}
[1.640527] (stm32_mavlink_interface) CommandEnded: {'returncode': 0}
[1.641662] (stm32_mavlink_interface) JobProgress: {'identifier': 'stm32_mavlink_interface', 'progress': 'install'}
[1.648789] (stm32_mavlink_interface) Command: {'cmd': ['/usr/bin/cmake', '--install', '/home/a/ws_moveit2/build/stm32_mavlink_interface'], 'cwd': '/home/a/ws_moveit2/build/stm32_mavlink_interface', 'env': OrderedDict([('GJS_DEBUG_TOPICS', 'JS ERROR;JS LOG'), ('LESSOPEN', '| /usr/bin/lesspipe %s'), ('USER', 'a'), ('XDG_SESSION_TYPE', 'wayland'), ('SHLVL', '1'), ('LD_LIBRARY_PATH', '/home/a/ws_moveit2/install/trac_ik_kinematics_plugin/lib:/home/a/ws_moveit2/install/trac_ik_lib/lib:/home/a/ws_moveit2/install/stm32_mavlink_interface/lib:/home/a/ws_moveit2/install/right_arm_ikfast_plugin/lib:/home/a/ws_moveit2/install/pilz_industrial_motion_planner_testutils/lib:/home/a/ws_moveit2/install/pilz_industrial_motion_planner/lib:/home/a/ws_moveit2/install/moveit_visual_tools/lib:/home/a/ws_moveit2/install/moveit_task_constructor_visualization/lib:/home/a/ws_moveit2/install/moveit_task_constructor_demo/lib:/home/a/ws_moveit2/install/moveit_task_constructor_capabilities/lib:/home/a/ws_moveit2/install/moveit_task_constructor_core/lib:/home/a/ws_moveit2/install/moveit_ros_control_interface/lib:/home/a/ws_moveit2/install/moveit_simple_controller_manager/lib:/home/a/ws_moveit2/install/moveit_setup_assistant/lib:/home/a/ws_moveit2/install/moveit_setup_srdf_plugins/lib:/home/a/ws_moveit2/install/moveit_setup_core_plugins/lib:/home/a/ws_moveit2/install/moveit_setup_controllers/lib:/home/a/ws_moveit2/install/moveit_setup_app_plugins/lib:/home/a/ws_moveit2/install/moveit_setup_framework/lib:/home/a/ws_moveit2/install/moveit_servo/lib:/home/a/ws_moveit2/install/moveit_ros_visualization/lib:/home/a/ws_moveit2/install/moveit_hybrid_planning/lib:/home/a/ws_moveit2/install/moveit_ros_planning_interface/lib:/home/a/ws_moveit2/install/moveit_ros_benchmarks/lib:/home/a/ws_moveit2/install/moveit_ros_warehouse/lib:/home/a/ws_moveit2/install/moveit_ros_robot_interaction/lib:/home/a/ws_moveit2/install/moveit_ros_perception/lib:/home/a/ws_moveit2/install/moveit_ros_move_group/lib:/home/a/ws_moveit2/install/moveit_planners_ompl/lib:/home/a/ws_moveit2/install/left_arm_ikfast_plugin/lib:/home/a/ws_moveit2/install/moveit_ros_planning/lib:/home/a/ws_moveit2/install/moveit_ros_occupancy_map_monitor/lib:/home/a/ws_moveit2/install/moveit_resources_prbt_ikfast_manipulator_plugin/lib:/home/a/ws_moveit2/install/moveit_planners_chomp/lib:/home/a/ws_moveit2/install/moveit_kinematics/lib:/home/a/ws_moveit2/install/moveit_chomp_optimizer_adapter/lib:/home/a/ws_moveit2/install/chomp_motion_planner/lib:/home/a/ws_moveit2/install/moveit_core/lib:/home/a/ws_moveit2/install/srdfdom/lib:/home/a/ws_moveit2/install/rviz_marker_tools/lib:/home/a/ws_moveit2/install/rosparam_shortcuts/lib:/home/a/ws_moveit2/install/realsense2_camera/lib:/home/a/ws_moveit2/install/realsense2_camera_msgs/lib:/home/a/ws_moveit2/install/moveit_task_constructor_msgs/lib:/home/a/ws_moveit2/install/dynamixel_sdk_custom_interfaces/lib:/home/a/ws_moveit2/install/dynamixel_controller/lib:/home/a/ws_moveit2/install/dynamixel_sdk/lib:/usr/lib/x86_64-linux-gnu/gazebo-11/plugins:/opt/ros/humble/opt/rviz_ogre_vendor/lib:/opt/ros/humble/lib/x86_64-linux-gnu:/opt/ros/humble/lib'), ('HOME', '/home/a'), ('OLDPWD', '/home/a'), ('DESKTOP_SESSION', 'ubuntu'), ('NVM_BIN', '/home/a/.nvm/versions/node/v22.18.0/bin'), ('NVM_INC', '/home/a/.nvm/versions/node/v22.18.0/include/node'), ('GIO_LAUNCHED_DESKTOP_FILE', '/usr/share/applications/terminator.desktop'), ('ROS_PYTHON_VERSION', '3'), ('GNOME_SHELL_SESSION_MODE', 'ubuntu'), ('GTK_MODULES', 'gail:atk-bridge'), ('MANAGERPID', '1196'), ('SYSTEMD_EXEC_PID', '1427'), ('DBUS_SESSION_BUS_ADDRESS', 'unix:path=/run/user/1000/bus'), ('COLORTERM', 'truecolor'), ('TERMINATOR_DBUS_NAME', 'net.tenshu.Terminator25ef4b219e3b005583550f2b0f9f990c3'), ('GIO_LAUNCHED_DESKTOP_FILE_PID', '7257'), ('NVM_DIR', '/home/a/.nvm'), ('IM_CONFIG_PHASE', '1'), ('WAYLAND_DISPLAY', 'wayland-0'), ('COLCON_PREFIX_PATH', '/home/a/ws_moveit2/install'), ('ROS_DISTRO', 'humble'), ('LOGNAME', 'a'), ('JOURNAL_STREAM', '8:9133'), ('_', '/usr/bin/colcon'), ('ROS_VERSION', '2'), ('XDG_SESSION_CLASS', 'user'), ('USERNAME', 'a'), ('TERM', 'xterm-256color'), ('GNOME_DESKTOP_SESSION_ID', 'this-is-deprecated'), ('ROS_LOCALHOST_ONLY', '0'), ('PATH', '/home/a/ws_moveit2/install/moveit_core/bin:/home/a/.nvm/versions/node/v22.18.0/bin:/opt/ros/humble/bin:/home/a/.local/bin:/usr/local/sbin:/usr/local/bin:/usr/sbin:/usr/bin:/sbin:/bin:/usr/games:/usr/local/games:/snap/bin:/snap/bin'), ('SESSION_MANAGER', 'local/a:@/tmp/.ICE-unix/1390,unix/a:/tmp/.ICE-unix/1390'), ('INVOCATION_ID', '1503acc589e741d48ab1125c473e3758'), ('XDG_MENU_PREFIX', 'gnome-'), ('GNOME_SETUP_DISPLAY', ':1'), ('XDG_RUNTIME_DIR', '/run/user/1000'), ('DISPLAY', ':0'), ('TERMINATOR_DBUS_PATH', '/net/tenshu/Terminator2'), ('LANG', 'en_US.UTF-8'), ('XDG_CURRENT_DESKTOP', 'ubuntu:GNOME'), ('XMODIFIERS', '@im=ibus'), ('XDG_SESSION_DESKTOP', 'ubuntu'), ('XAUTHORITY', '/run/user/1000/.mutter-Xwaylandauth.CWWOC3'), ('LS_COLORS', 'rs=0:di=01;34:ln=01;36:mh=00:pi=40;33:so=01;35:do=01;35:bd=40;33;01:cd=40;33;01:or=40;31;01:mi=00:su=37;41:sg=30;43:ca=30;41:tw=30;42:ow=34;42:st=37;44:ex=01;32:*.tar=01;31:*.tgz=01;31:*.arc=01;31:*.arj=01;31:*.taz=01;31:*.lha=01;31:*.lz4=01;31:*.lzh=01;31:*.lzma=01;31:*.tlz=01;31:*.txz=01;31:*.tzo=01;31:*.t7z=01;31:*.zip=01;31:*.z=01;31:*.dz=01;31:*.gz=01;31:*.lrz=01;31:*.lz=01;31:*.lzo=01;31:*.xz=01;31:*.zst=01;31:*.tzst=01;31:*.bz2=01;31:*.bz=01;31:*.tbz=01;31:*.tbz2=01;31:*.tz=01;31:*.deb=01;31:*.rpm=01;31:*.jar=01;31:*.war=01;31:*.ear=01;31:*.sar=01;31:*.rar=01;31:*.alz=01;31:*.ace=01;31:*.zoo=01;31:*.cpio=01;31:*.7z=01;31:*.rz=01;31:*.cab=01;31:*.wim=01;31:*.swm=01;31:*.dwm=01;31:*.esd=01;31:*.jpg=01;35:*.jpeg=01;35:*.mjpg=01;35:*.mjpeg=01;35:*.gif=01;35:*.bmp=01;35:*.pbm=01;35:*.pgm=01;35:*.ppm=01;35:*.tga=01;35:*.xbm=01;35:*.xpm=01;35:*.tif=01;35:*.tiff=01;35:*.png=01;35:*.svg=01;35:*.svgz=01;35:*.mng=01;35:*.pcx=01;35:*.mov=01;35:*.mpg=01;35:*.mpeg=01;35:*.m2v=01;35:*.mkv=01;35:*.webm=01;35:*.webp=01;35:*.ogm=01;35:*.mp4=01;35:*.m4v=01;35:*.mp4v=01;35:*.vob=01;35:*.qt=01;35:*.nuv=01;35:*.wmv=01;35:*.asf=01;35:*.rm=01;35:*.rmvb=01;35:*.flc=01;35:*.avi=01;35:*.fli=01;35:*.flv=01;35:*.gl=01;35:*.dl=01;35:*.xcf=01;35:*.xwd=01;35:*.yuv=01;35:*.cgm=01;35:*.emf=01;35:*.ogv=01;35:*.ogx=01;35:*.aac=00;36:*.au=00;36:*.flac=00;36:*.m4a=00;36:*.mid=00;36:*.midi=00;36:*.mka=00;36:*.mp3=00;36:*.mpc=00;36:*.ogg=00;36:*.ra=00;36:*.wav=00;36:*.oga=00;36:*.opus=00;36:*.spx=00;36:*.xspf=00;36:'), ('SSH_AGENT_LAUNCHER', 'gnome-keyring'), ('SSH_AUTH_SOCK', '/run/user/1000/keyring/ssh'), ('AMENT_PREFIX_PATH', '/home/a/ws_moveit2/install/urdf_0816_description:/home/a/ws_moveit2/install/trac_ik:/home/a/ws_moveit2/install/robot_config:/home/a/ws_moveit2/install/trac_ik_kinematics_plugin:/home/a/ws_moveit2/install/trac_ik_lib:/home/a/ws_moveit2/install/mavlink_controller_client:/home/a/ws_moveit2/install/stm32_mavlink_interface:/home/a/ws_moveit2/install/right_arm_ikfast_plugin:/home/a/ws_moveit2/install/pilz_industrial_motion_planner_testutils:/home/a/ws_moveit2/install/moveit_runtime:/home/a/ws_moveit2/install/moveit2_tutorials:/home/a/ws_moveit2/install/moveit:/home/a/ws_moveit2/install/moveit_planners:/home/a/ws_moveit2/install/pilz_industrial_motion_planner:/home/a/ws_moveit2/install/mtc_tutorial:/home/a/ws_moveit2/install/hello_moveit:/home/a/ws_moveit2/install/moveit_visual_tools:/home/a/ws_moveit2/install/moveit_task_constructor_visualization:/home/a/ws_moveit2/install/moveit_task_constructor_demo:/home/a/ws_moveit2/install/moveit_task_constructor_capabilities:/home/a/ws_moveit2/install/moveit_task_constructor_core:/home/a/ws_moveit2/install/moveit_ros_control_interface:/home/a/ws_moveit2/install/moveit_plugins:/home/a/ws_moveit2/install/moveit_simple_controller_manager:/home/a/ws_moveit2/install/moveit_setup_assistant:/home/a/ws_moveit2/install/moveit_setup_srdf_plugins:/home/a/ws_moveit2/install/moveit_setup_core_plugins:/home/a/ws_moveit2/install/moveit_setup_controllers:/home/a/ws_moveit2/install/moveit_setup_app_plugins:/home/a/ws_moveit2/install/moveit_setup_framework:/home/a/ws_moveit2/install/moveit_servo:/home/a/ws_moveit2/install/moveit_ros:/home/a/ws_moveit2/install/moveit_ros_visualization:/home/a/ws_moveit2/install/moveit_hybrid_planning:/home/a/ws_moveit2/install/moveit_ros_planning_interface:/home/a/ws_moveit2/install/moveit_ros_benchmarks:/home/a/ws_moveit2/install/moveit_ros_warehouse:/home/a/ws_moveit2/install/moveit_ros_robot_interaction:/home/a/ws_moveit2/install/moveit_ros_perception:/home/a/ws_moveit2/install/moveit_resources_prbt_pg70_support:/home/a/ws_moveit2/install/moveit_resources_prbt_moveit_config:/home/a/ws_moveit2/install/moveit_ros_move_group:/home/a/ws_moveit2/install/moveit_planners_ompl:/home/a/ws_moveit2/install/left_arm_ikfast_plugin:/home/a/ws_moveit2/install/moveit_ros_planning:/home/a/ws_moveit2/install/moveit_ros_occupancy_map_monitor:/home/a/ws_moveit2/install/moveit_resources_prbt_ikfast_manipulator_plugin:/home/a/ws_moveit2/install/moveit_planners_chomp:/home/a/ws_moveit2/install/moveit_kinematics:/home/a/ws_moveit2/install/moveit_chomp_optimizer_adapter:/home/a/ws_moveit2/install/chomp_motion_planner:/home/a/ws_moveit2/install/moveit_core:/home/a/ws_moveit2/install/moveit_configs_utils:/home/a/ws_moveit2/install/srdfdom:/home/a/ws_moveit2/install/rviz_marker_tools:/home/a/ws_moveit2/install/rosparam_shortcuts:/home/a/ws_moveit2/install/ros_tcp_endpoint:/home/a/ws_moveit2/install/red_seiretu_description:/home/a/ws_moveit2/install/realsense2_ros_mqtt_bridge:/home/a/ws_moveit2/install/realsense2_description:/home/a/ws_moveit2/install/realsense2_camera:/home/a/ws_moveit2/install/realsense2_camera_msgs:/home/a/ws_moveit2/install/object_description:/home/a/ws_moveit2/install/moveit_task_constructor_msgs:/home/a/ws_moveit2/install/moveit_resources_prbt_support:/home/a/ws_moveit2/install/moveit_resources:/home/a/ws_moveit2/install/moveit_resources_pr2_description:/home/a/ws_moveit2/install/moveit_resources_panda_moveit_config:/home/a/ws_moveit2/install/moveit_resources_panda_description:/home/a/ws_moveit2/install/moveit_resources_fanuc_moveit_config:/home/a/ws_moveit2/install/moveit_resources_fanuc_description:/home/a/ws_moveit2/install/moveit_common:/home/a/ws_moveit2/install/mavlink_gui_tester:/home/a/ws_moveit2/install/launch_param_builder:/home/a/ws_moveit2/install/field_description_test:/home/a/ws_moveit2/install/field_description:/home/a/ws_moveit2/install/dynamixel_sdk_examples:/home/a/ws_moveit2/install/dynamixel_sdk_custom_interfaces:/home/a/ws_moveit2/install/dynamixel_controller_gui:/home/a/ws_moveit2/install/dynamixel_controller:/home/a/ws_moveit2/install/dynamixel_sdk:/home/a/ws_moveit2/install/dynamixel_controller_client:/home/a/ws_moveit2/install/d415_rgb_depth_3d:/home/a/ws_moveit2/install/catch_gazebo_ros2_control:/home/a/ws_moveit2/install/blue_seiretu_description:/home/a/ws_moveit2/install/0525_arm_description:/opt/ros/humble'), ('SHELL', '/bin/bash'), ('TERMINATOR_UUID', 'urn:uuid:d576be94-4ddf-415a-ad69-aa4136d6a96d'), ('QT_ACCESSIBILITY', '1'), ('GDMSESSION', 'ubuntu'), ('LESSCLOSE', '/usr/bin/lesspipe %s %s'), ('CMAKE_MODULE_PATH', '/home/a/ws_moveit2/install/moveit_task_constructor_core/share/moveit_task_constructor_core/cmake'), ('GJS_DEBUG_OUTPUT', 'stderr'), ('QT_IM_MODULE', 'ibus'), ('PWD', '/home/a/ws_moveit2/build/stm32_mavlink_interface'), ('LC_ALL', 'en_US.UTF-8'), ('XDG_CONFIG_DIRS', '/etc/xdg/xdg-ubuntu:/etc/xdg'), ('NVM_CD_FLAGS', ''), ('XDG_DATA_DIRS', '/usr/share/ubuntu:/home/a/.local/share/flatpak/exports/share:/var/lib/flatpak/exports/share:/usr/local/share/:/usr/share/:/var/lib/snapd/desktop'), ('PYTHONPATH', '/home/a/ws_moveit2/install/mavlink_controller_client/lib/python3.10/site-packages:/home/a/ws_moveit2/install/stm32_mavlink_interface/local/lib/python3.10/dist-packages:/home/a/ws_moveit2/install/moveit_task_constructor_core/local/lib/python3.10/dist-packages:/home/a/ws_moveit2/install/moveit_configs_utils/lib/python3.10/site-packages:/home/a/ws_moveit2/install/srdfdom/local/lib/python3.10/dist-packages:/home/a/ws_moveit2/install/ros_tcp_endpoint/lib/python3.10/site-packages:/home/a/ws_moveit2/install/realsense2_ros_mqtt_bridge/lib/python3.10/site-packages:/home/a/ws_moveit2/install/realsense2_camera_msgs/local/lib/python3.10/dist-packages:/home/a/ws_moveit2/install/moveit_task_constructor_msgs/local/lib/python3.10/dist-packages:/home/a/ws_moveit2/install/launch_param_builder/lib/python3.10/site-packages:/home/a/ws_moveit2/install/dynamixel_sdk_custom_interfaces/local/lib/python3.10/dist-packages:/home/a/ws_moveit2/install/dynamixel_controller_gui/lib/python3.10/site-packages:/home/a/ws_moveit2/install/dynamixel_controller/local/lib/python3.10/dist-packages:/home/a/ws_moveit2/install/dynamixel_controller_client/lib/python3.10/site-packages:/home/a/ws_moveit2/install/d415_rgb_depth_3d/lib/python3.10/site-packages:/opt/ros/humble/lib/python3.10/site-packages:/opt/ros/humble/local/lib/python3.10/dist-packages'), ('COLCON', '1'), ('VTE_VERSION', '6800'), ('CMAKE_PREFIX_PATH', '/home/a/ws_moveit2/install/urdf_0816_description:/home/a/ws_moveit2/install/trac_ik:/home/a/ws_moveit2/install/robot_config:/home/a/ws_moveit2/install/trac_ik_kinematics_plugin:/home/a/ws_moveit2/install/trac_ik_lib:/home/a/ws_moveit2/install/stm32_mavlink_interface:/home/a/ws_moveit2/install/right_arm_ikfast_plugin:/home/a/ws_moveit2/install/pilz_industrial_motion_planner_testutils:/home/a/ws_moveit2/install/moveit_runtime:/home/a/ws_moveit2/install/moveit2_tutorials:/home/a/ws_moveit2/install/moveit:/home/a/ws_moveit2/install/moveit_planners:/home/a/ws_moveit2/install/pilz_industrial_motion_planner:/home/a/ws_moveit2/install/mtc_tutorial:/home/a/ws_moveit2/install/hello_moveit:/home/a/ws_moveit2/install/moveit_visual_tools:/home/a/ws_moveit2/install/moveit_task_constructor_visualization:/home/a/ws_moveit2/install/moveit_task_constructor_demo:/home/a/ws_moveit2/install/moveit_task_constructor_capabilities:/home/a/ws_moveit2/install/moveit_task_constructor_core:/home/a/ws_moveit2/install/moveit_ros_control_interface:/home/a/ws_moveit2/install/moveit_plugins:/home/a/ws_moveit2/install/moveit_simple_controller_manager:/home/a/ws_moveit2/install/moveit_setup_assistant:/home/a/ws_moveit2/install/moveit_setup_srdf_plugins:/home/a/ws_moveit2/install/moveit_setup_core_plugins:/home/a/ws_moveit2/install/moveit_setup_controllers:/home/a/ws_moveit2/install/moveit_setup_app_plugins:/home/a/ws_moveit2/install/moveit_setup_framework:/home/a/ws_moveit2/install/moveit_servo:/home/a/ws_moveit2/install/moveit_ros:/home/a/ws_moveit2/install/moveit_ros_visualization:/home/a/ws_moveit2/install/moveit_hybrid_planning:/home/a/ws_moveit2/install/moveit_ros_planning_interface:/home/a/ws_moveit2/install/moveit_ros_benchmarks:/home/a/ws_moveit2/install/moveit_ros_warehouse:/home/a/ws_moveit2/install/moveit_ros_robot_interaction:/home/a/ws_moveit2/install/moveit_ros_perception:/home/a/ws_moveit2/install/moveit_resources_prbt_pg70_support:/home/a/ws_moveit2/install/moveit_resources_prbt_moveit_config:/home/a/ws_moveit2/install/moveit_ros_move_group:/home/a/ws_moveit2/install/moveit_planners_ompl:/home/a/ws_moveit2/install/left_arm_ikfast_plugin:/home/a/ws_moveit2/install/moveit_ros_planning:/home/a/ws_moveit2/install/moveit_ros_occupancy_map_monitor:/home/a/ws_moveit2/install/moveit_resources_prbt_ikfast_manipulator_plugin:/home/a/ws_moveit2/install/moveit_planners_chomp:/home/a/ws_moveit2/install/moveit_kinematics:/home/a/ws_moveit2/install/moveit_chomp_optimizer_adapter:/home/a/ws_moveit2/install/chomp_motion_planner:/home/a/ws_moveit2/install/moveit_core:/home/a/ws_moveit2/install/srdfdom:/home/a/ws_moveit2/install/rviz_marker_tools:/home/a/ws_moveit2/install/rosparam_shortcuts:/home/a/ws_moveit2/install/red_seiretu_description:/home/a/ws_moveit2/install/realsense2_description:/home/a/ws_moveit2/install/realsense2_camera:/home/a/ws_moveit2/install/realsense2_camera_msgs:/home/a/ws_moveit2/install/object_description:/home/a/ws_moveit2/install/moveit_task_constructor_msgs:/home/a/ws_moveit2/install/moveit_resources_prbt_support:/home/a/ws_moveit2/install/moveit_resources:/home/a/ws_moveit2/install/moveit_resources_pr2_description:/home/a/ws_moveit2/install/moveit_resources_panda_moveit_config:/home/a/ws_moveit2/install/moveit_resources_panda_description:/home/a/ws_moveit2/install/moveit_resources_fanuc_moveit_config:/home/a/ws_moveit2/install/moveit_resources_fanuc_description:/home/a/ws_moveit2/install/moveit_common:/home/a/ws_moveit2/install/mavlink_gui_tester:/home/a/ws_moveit2/install/field_description_test:/home/a/ws_moveit2/install/field_description:/home/a/ws_moveit2/install/dynamixel_sdk_examples:/home/a/ws_moveit2/install/dynamixel_sdk_custom_interfaces:/home/a/ws_moveit2/install/dynamixel_controller:/home/a/ws_moveit2/install/dynamixel_sdk:/home/a/ws_moveit2/install/catch_gazebo_ros2_control:/home/a/ws_moveit2/install/blue_seiretu_description:/home/a/ws_moveit2/install/0525_arm_description:/home/a/ws_moveit2/install/mavlink_controller_client:/home/a/ws_moveit2/install/moveit_configs_utils:/home/a/ws_moveit2/install/ros_tcp_endpoint:/home/a/ws_moveit2/install/realsense2_ros_mqtt_bridge:/home/a/ws_moveit2/install/launch_param_builder:/home/a/ws_moveit2/install/dynamixel_controller_gui:/home/a/ws_moveit2/install/dynamixel_controller_client:/home/a/ws_moveit2/install/d415_rgb_depth_3d:/opt/ros/humble')]), 'shell': False}
[1.655380] (stm32_mavlink_interface) StdoutLine: {'line': b'-- Install configuration: ""\n'}
[1.655965] (stm32_mavlink_interface) StdoutLine: {'line': b'-- Up-to-date: /home/a/ws_moveit2/install/stm32_mavlink_interface/share/ament_index/resource_index/rosidl_interfaces/stm32_mavlink_interface\n'}
[1.656129] (stm32_mavlink_interface) StdoutLine: {'line': b'-- Up-to-date: /home/a/ws_moveit2/install/stm32_mavlink_interface/include/stm32_mavlink_interface/stm32_mavlink_interface\n'}
[1.656542] (stm32_mavlink_interface) StdoutLine: {'line': b'-- Up-to-date: /home/a/ws_moveit2/install/stm32_mavlink_interface/include/stm32_mavlink_interface/stm32_mavlink_interface/msg\n'}
[1.656582] (stm32_mavlink_interface) StdoutLine: {'line': b'-- Up-to-date: /home/a/ws_moveit2/install/stm32_mavlink_interface/include/stm32_mavlink_interface/stm32_mavlink_interface/msg/robomaster_motor_command.h\n'}
[1.656636] (stm32_mavlink_interface) StdoutLine: {'line': b'-- Up-to-date: /home/a/ws_moveit2/install/stm32_mavlink_interface/include/stm32_mavlink_interface/stm32_mavlink_interface/msg/servo_command.h\n'}
[1.656666] (stm32_mavlink_interface) StdoutLine: {'line': b'-- Up-to-date: /home/a/ws_moveit2/install/stm32_mavlink_interface/include/stm32_mavlink_interface/stm32_mavlink_interface/msg/encoder_config.h\n'}
[1.656691] (stm32_mavlink_interface) StdoutLine: {'line': b'-- Up-to-date: /home/a/ws_moveit2/install/stm32_mavlink_interface/include/stm32_mavlink_interface/stm32_mavlink_interface/msg/rosidl_generator_c__visibility_control.h\n'}
[1.656716] (stm32_mavlink_interface) StdoutLine: {'line': b'-- Up-to-date: /home/a/ws_moveit2/install/stm32_mavlink_interface/include/stm32_mavlink_interface/stm32_mavlink_interface/msg/servo_state.h\n'}
[1.656744] (stm32_mavlink_interface) StdoutLine: {'line': b'-- Up-to-date: /home/a/ws_moveit2/install/stm32_mavlink_interface/include/stm32_mavlink_interface/stm32_mavlink_interface/msg/robomaster_motor_config.h\n'}
[1.656778] (stm32_mavlink_interface) StdoutLine: {'line': b'-- Up-to-date: /home/a/ws_moveit2/install/stm32_mavlink_interface/include/stm32_mavlink_interface/stm32_mavlink_interface/msg/detail\n'}
[1.656836] (stm32_mavlink_interface) StdoutLine: {'line': b'-- Up-to-date: /home/a/ws_moveit2/install/stm32_mavlink_interface/include/stm32_mavlink_interface/stm32_mavlink_interface/msg/detail/robomaster_motor_state__type_support.h\n'}
[1.656919] (stm32_mavlink_interface) StdoutLine: {'line': b'-- Up-to-date: /home/a/ws_moveit2/install/stm32_mavlink_interface/include/stm32_mavlink_interface/stm32_mavlink_interface/msg/detail/robomaster_motor_command__functions.c\n'}
[1.656976] (stm32_mavlink_interface) StdoutLine: {'line': b'-- Up-to-date: /home/a/ws_moveit2/install/stm32_mavlink_interface/include/stm32_mavlink_interface/stm32_mavlink_interface/msg/detail/encoder_config__functions.c\n'}
[1.657007] (stm32_mavlink_interface) StdoutLine: {'line': b'-- Up-to-date: /home/a/ws_moveit2/install/stm32_mavlink_interface/include/stm32_mavlink_interface/stm32_mavlink_interface/msg/detail/robomaster_motor_command__type_support.h\n'}
[1.657041] (stm32_mavlink_interface) StdoutLine: {'line': b'-- Up-to-date: /home/a/ws_moveit2/install/stm32_mavlink_interface/include/stm32_mavlink_interface/stm32_mavlink_interface/msg/detail/encoder_config__struct.h\n'}
[1.657075] (stm32_mavlink_interface) StdoutLine: {'line': b'-- Up-to-date: /home/a/ws_moveit2/install/stm32_mavlink_interface/include/stm32_mavlink_interface/stm32_mavlink_interface/msg/detail/encoder_config__functions.h\n'}
[1.657108] (stm32_mavlink_interface) StdoutLine: {'line': b'-- Up-to-date: /home/a/ws_moveit2/install/stm32_mavlink_interface/include/stm32_mavlink_interface/stm32_mavlink_interface/msg/detail/robomaster_motor_state__struct.h\n'}
[1.657160] (stm32_mavlink_interface) StdoutLine: {'line': b'-- Up-to-date: /home/a/ws_moveit2/install/stm32_mavlink_interface/include/stm32_mavlink_interface/stm32_mavlink_interface/msg/detail/servo_command__functions.h\n'}
[1.657364] (stm32_mavlink_interface) StdoutLine: {'line': b'-- Up-to-date: /home/a/ws_moveit2/install/stm32_mavlink_interface/include/stm32_mavlink_interface/stm32_mavlink_interface/msg/detail/servo_state__type_support.h\n'}
[1.657405] (stm32_mavlink_interface) StdoutLine: {'line': b'-- Up-to-date: /home/a/ws_moveit2/install/stm32_mavlink_interface/include/stm32_mavlink_interface/stm32_mavlink_interface/msg/detail/robomaster_motor_command__functions.h\n'}
[1.657437] (stm32_mavlink_interface) StdoutLine: {'line': b'-- Up-to-date: /home/a/ws_moveit2/install/stm32_mavlink_interface/include/stm32_mavlink_interface/stm32_mavlink_interface/msg/detail/servo_command__type_support.h\n'}
[1.657467] (stm32_mavlink_interface) StdoutLine: {'line': b'-- Up-to-date: /home/a/ws_moveit2/install/stm32_mavlink_interface/include/stm32_mavlink_interface/stm32_mavlink_interface/msg/detail/encoder_config__type_support.h\n'}
[1.657496] (stm32_mavlink_interface) StdoutLine: {'line': b'-- Up-to-date: /home/a/ws_moveit2/install/stm32_mavlink_interface/include/stm32_mavlink_interface/stm32_mavlink_interface/msg/detail/servo_command__struct.h\n'}
[1.657546] (stm32_mavlink_interface) StdoutLine: {'line': b'-- Up-to-date: /home/a/ws_moveit2/install/stm32_mavlink_interface/include/stm32_mavlink_interface/stm32_mavlink_interface/msg/detail/servo_state__functions.c\n'}
[1.657574] (stm32_mavlink_interface) StdoutLine: {'line': b'-- Up-to-date: /home/a/ws_moveit2/install/stm32_mavlink_interface/include/stm32_mavlink_interface/stm32_mavlink_interface/msg/detail/servo_state__struct.h\n'}
[1.657604] (stm32_mavlink_interface) StdoutLine: {'line': b'-- Up-to-date: /home/a/ws_moveit2/install/stm32_mavlink_interface/include/stm32_mavlink_interface/stm32_mavlink_interface/msg/detail/servo_command__functions.c\n'}
[1.657631] (stm32_mavlink_interface) StdoutLine: {'line': b'-- Up-to-date: /home/a/ws_moveit2/install/stm32_mavlink_interface/include/stm32_mavlink_interface/stm32_mavlink_interface/msg/detail/encoder_state__struct.h\n'}
[1.657658] (stm32_mavlink_interface) StdoutLine: {'line': b'-- Up-to-date: /home/a/ws_moveit2/install/stm32_mavlink_interface/include/stm32_mavlink_interface/stm32_mavlink_interface/msg/detail/robomaster_motor_state__functions.c\n'}
[1.657686] (stm32_mavlink_interface) StdoutLine: {'line': b'-- Up-to-date: /home/a/ws_moveit2/install/stm32_mavlink_interface/include/stm32_mavlink_interface/stm32_mavlink_interface/msg/detail/robomaster_motor_config__functions.h\n'}
[1.657713] (stm32_mavlink_interface) StdoutLine: {'line': b'-- Up-to-date: /home/a/ws_moveit2/install/stm32_mavlink_interface/include/stm32_mavlink_interface/stm32_mavlink_interface/msg/detail/robomaster_motor_config__functions.c\n'}
[1.657739] (stm32_mavlink_interface) StdoutLine: {'line': b'-- Up-to-date: /home/a/ws_moveit2/install/stm32_mavlink_interface/include/stm32_mavlink_interface/stm32_mavlink_interface/msg/detail/encoder_state__functions.c\n'}
[1.657766] (stm32_mavlink_interface) StdoutLine: {'line': b'-- Up-to-date: /home/a/ws_moveit2/install/stm32_mavlink_interface/include/stm32_mavlink_interface/stm32_mavlink_interface/msg/detail/robomaster_motor_config__struct.h\n'}
[1.657792] (stm32_mavlink_interface) StdoutLine: {'line': b'-- Up-to-date: /home/a/ws_moveit2/install/stm32_mavlink_interface/include/stm32_mavlink_interface/stm32_mavlink_interface/msg/detail/robomaster_motor_command__struct.h\n'}
[1.657818] (stm32_mavlink_interface) StdoutLine: {'line': b'-- Up-to-date: /home/a/ws_moveit2/install/stm32_mavlink_interface/include/stm32_mavlink_interface/stm32_mavlink_interface/msg/detail/robomaster_motor_config__type_support.h\n'}
[1.657845] (stm32_mavlink_interface) StdoutLine: {'line': b'-- Up-to-date: /home/a/ws_moveit2/install/stm32_mavlink_interface/include/stm32_mavlink_interface/stm32_mavlink_interface/msg/detail/encoder_state__functions.h\n'}
[1.657872] (stm32_mavlink_interface) StdoutLine: {'line': b'-- Up-to-date: /home/a/ws_moveit2/install/stm32_mavlink_interface/include/stm32_mavlink_interface/stm32_mavlink_interface/msg/detail/robomaster_motor_state__functions.h\n'}
[1.657899] (stm32_mavlink_interface) StdoutLine: {'line': b'-- Up-to-date: /home/a/ws_moveit2/install/stm32_mavlink_interface/include/stm32_mavlink_interface/stm32_mavlink_interface/msg/detail/servo_state__functions.h\n'}
[1.657926] (stm32_mavlink_interface) StdoutLine: {'line': b'-- Up-to-date: /home/a/ws_moveit2/install/stm32_mavlink_interface/include/stm32_mavlink_interface/stm32_mavlink_interface/msg/detail/encoder_state__type_support.h\n'}
[1.657953] (stm32_mavlink_interface) StdoutLine: {'line': b'-- Up-to-date: /home/a/ws_moveit2/install/stm32_mavlink_interface/include/stm32_mavlink_interface/stm32_mavlink_interface/msg/encoder_state.h\n'}
[1.657980] (stm32_mavlink_interface) StdoutLine: {'line': b'-- Up-to-date: /home/a/ws_moveit2/install/stm32_mavlink_interface/include/stm32_mavlink_interface/stm32_mavlink_interface/msg/robomaster_motor_state.h\n'}
[1.658007] (stm32_mavlink_interface) StdoutLine: {'line': b'-- Up-to-date: /home/a/ws_moveit2/install/stm32_mavlink_interface/include/stm32_mavlink_interface/stm32_mavlink_interface/srv\n'}
[1.658035] (stm32_mavlink_interface) StdoutLine: {'line': b'-- Up-to-date: /home/a/ws_moveit2/install/stm32_mavlink_interface/include/stm32_mavlink_interface/stm32_mavlink_interface/srv/set_robomaster_motor_config.h\n'}
[1.658122] (stm32_mavlink_interface) StdoutLine: {'line': b'-- Up-to-date: /home/a/ws_moveit2/install/stm32_mavlink_interface/include/stm32_mavlink_interface/stm32_mavlink_interface/srv/set_encoder_config.h\n'}
[1.658150] (stm32_mavlink_interface) StdoutLine: {'line': b'-- Up-to-date: /home/a/ws_moveit2/install/stm32_mavlink_interface/include/stm32_mavlink_interface/stm32_mavlink_interface/srv/detail\n'}
[1.658177] (stm32_mavlink_interface) StdoutLine: {'line': b'-- Up-to-date: /home/a/ws_moveit2/install/stm32_mavlink_interface/include/stm32_mavlink_interface/stm32_mavlink_interface/srv/detail/get_robomaster_motor_config__functions.h\n'}
[1.658204] (stm32_mavlink_interface) StdoutLine: {'line': b'-- Up-to-date: /home/a/ws_moveit2/install/stm32_mavlink_interface/include/stm32_mavlink_interface/stm32_mavlink_interface/srv/detail/get_robomaster_motor_config__struct.h\n'}
[1.658237] (stm32_mavlink_interface) StdoutLine: {'line': b'-- Up-to-date: /home/a/ws_moveit2/install/stm32_mavlink_interface/include/stm32_mavlink_interface/stm32_mavlink_interface/srv/detail/set_encoder_config__struct.h\n'}
[1.658264] (stm32_mavlink_interface) StdoutLine: {'line': b'-- Up-to-date: /home/a/ws_moveit2/install/stm32_mavlink_interface/include/stm32_mavlink_interface/stm32_mavlink_interface/srv/detail/set_robomaster_motor_config__struct.h\n'}
[1.658291] (stm32_mavlink_interface) StdoutLine: {'line': b'-- Up-to-date: /home/a/ws_moveit2/install/stm32_mavlink_interface/include/stm32_mavlink_interface/stm32_mavlink_interface/srv/detail/set_robomaster_motor_config__functions.c\n'}
[1.658319] (stm32_mavlink_interface) StdoutLine: {'line': b'-- Up-to-date: /home/a/ws_moveit2/install/stm32_mavlink_interface/include/stm32_mavlink_interface/stm32_mavlink_interface/srv/detail/get_robomaster_motor_config__functions.c\n'}
[1.658346] (stm32_mavlink_interface) StdoutLine: {'line': b'-- Up-to-date: /home/a/ws_moveit2/install/stm32_mavlink_interface/include/stm32_mavlink_interface/stm32_mavlink_interface/srv/detail/set_robomaster_motor_config__type_support.h\n'}
[1.658372] (stm32_mavlink_interface) StdoutLine: {'line': b'-- Up-to-date: /home/a/ws_moveit2/install/stm32_mavlink_interface/include/stm32_mavlink_interface/stm32_mavlink_interface/srv/detail/set_servo_config__struct.h\n'}
[1.658399] (stm32_mavlink_interface) StdoutLine: {'line': b'-- Up-to-date: /home/a/ws_moveit2/install/stm32_mavlink_interface/include/stm32_mavlink_interface/stm32_mavlink_interface/srv/detail/set_servo_config__functions.c\n'}
[1.658426] (stm32_mavlink_interface) StdoutLine: {'line': b'-- Up-to-date: /home/a/ws_moveit2/install/stm32_mavlink_interface/include/stm32_mavlink_interface/stm32_mavlink_interface/srv/detail/set_robomaster_motor_config__functions.h\n'}
[1.658452] (stm32_mavlink_interface) StdoutLine: {'line': b'-- Up-to-date: /home/a/ws_moveit2/install/stm32_mavlink_interface/include/stm32_mavlink_interface/stm32_mavlink_interface/srv/detail/set_encoder_config__functions.h\n'}
[1.658478] (stm32_mavlink_interface) StdoutLine: {'line': b'-- Up-to-date: /home/a/ws_moveit2/install/stm32_mavlink_interface/include/stm32_mavlink_interface/stm32_mavlink_interface/srv/detail/set_encoder_config__type_support.h\n'}
[1.658504] (stm32_mavlink_interface) StdoutLine: {'line': b'-- Up-to-date: /home/a/ws_moveit2/install/stm32_mavlink_interface/include/stm32_mavlink_interface/stm32_mavlink_interface/srv/detail/set_servo_config__functions.h\n'}
[1.658530] (stm32_mavlink_interface) StdoutLine: {'line': b'-- Up-to-date: /home/a/ws_moveit2/install/stm32_mavlink_interface/include/stm32_mavlink_interface/stm32_mavlink_interface/srv/detail/get_robomaster_motor_config__type_support.h\n'}
[1.658558] (stm32_mavlink_interface) StdoutLine: {'line': b'-- Up-to-date: /home/a/ws_moveit2/install/stm32_mavlink_interface/include/stm32_mavlink_interface/stm32_mavlink_interface/srv/detail/set_servo_config__type_support.h\n'}
[1.658585] (stm32_mavlink_interface) StdoutLine: {'line': b'-- Up-to-date: /home/a/ws_moveit2/install/stm32_mavlink_interface/include/stm32_mavlink_interface/stm32_mavlink_interface/srv/detail/set_encoder_config__functions.c\n'}
[1.658611] (stm32_mavlink_interface) StdoutLine: {'line': b'-- Up-to-date: /home/a/ws_moveit2/install/stm32_mavlink_interface/include/stm32_mavlink_interface/stm32_mavlink_interface/srv/get_robomaster_motor_config.h\n'}
[1.658638] (stm32_mavlink_interface) StdoutLine: {'line': b'-- Up-to-date: /home/a/ws_moveit2/install/stm32_mavlink_interface/include/stm32_mavlink_interface/stm32_mavlink_interface/srv/set_servo_config.h\n'}
[1.658665] (stm32_mavlink_interface) StdoutLine: {'line': b'-- Up-to-date: /home/a/ws_moveit2/install/stm32_mavlink_interface/share/stm32_mavlink_interface/environment/library_path.sh\n'}
[1.658692] (stm32_mavlink_interface) StdoutLine: {'line': b'-- Installing: /home/a/ws_moveit2/install/stm32_mavlink_interface/share/stm32_mavlink_interface/environment/library_path.dsv\n'}
[1.658718] (stm32_mavlink_interface) StdoutLine: {'line': b'-- Up-to-date: /home/a/ws_moveit2/install/stm32_mavlink_interface/lib/libstm32_mavlink_interface__rosidl_generator_c.so\n'}
[1.658745] (stm32_mavlink_interface) StdoutLine: {'line': b'-- Up-to-date: /home/a/ws_moveit2/install/stm32_mavlink_interface/include/stm32_mavlink_interface/stm32_mavlink_interface\n'}
[1.658772] (stm32_mavlink_interface) StdoutLine: {'line': b'-- Up-to-date: /home/a/ws_moveit2/install/stm32_mavlink_interface/include/stm32_mavlink_interface/stm32_mavlink_interface/msg\n'}
[1.658798] (stm32_mavlink_interface) StdoutLine: {'line': b'-- Up-to-date: /home/a/ws_moveit2/install/stm32_mavlink_interface/include/stm32_mavlink_interface/stm32_mavlink_interface/msg/rosidl_typesupport_fastrtps_c__visibility_control.h\n'}
[1.658824] (stm32_mavlink_interface) StdoutLine: {'line': b'-- Up-to-date: /home/a/ws_moveit2/install/stm32_mavlink_interface/include/stm32_mavlink_interface/stm32_mavlink_interface/msg/detail\n'}
[1.658854] (stm32_mavlink_interface) StdoutLine: {'line': b'-- Up-to-date: /home/a/ws_moveit2/install/stm32_mavlink_interface/include/stm32_mavlink_interface/stm32_mavlink_interface/msg/detail/encoder_state__rosidl_typesupport_fastrtps_c.h\n'}
[1.658908] (stm32_mavlink_interface) StdoutLine: {'line': b'-- Up-to-date: /home/a/ws_moveit2/install/stm32_mavlink_interface/include/stm32_mavlink_interface/stm32_mavlink_interface/msg/detail/robomaster_motor_config__rosidl_typesupport_fastrtps_c.h\n'}
[1.658938] (stm32_mavlink_interface) StdoutLine: {'line': b'-- Up-to-date: /home/a/ws_moveit2/install/stm32_mavlink_interface/include/stm32_mavlink_interface/stm32_mavlink_interface/msg/detail/encoder_config__rosidl_typesupport_fastrtps_c.h\n'}
[1.659079] (stm32_mavlink_interface) StdoutLine: {'line': b'-- Up-to-date: /home/a/ws_moveit2/install/stm32_mavlink_interface/include/stm32_mavlink_interface/stm32_mavlink_interface/msg/detail/servo_command__rosidl_typesupport_fastrtps_c.h\n'}
[1.659109] (stm32_mavlink_interface) StdoutLine: {'line': b'-- Up-to-date: /home/a/ws_moveit2/install/stm32_mavlink_interface/include/stm32_mavlink_interface/stm32_mavlink_interface/msg/detail/robomaster_motor_state__rosidl_typesupport_fastrtps_c.h\n'}
[1.659138] (stm32_mavlink_interface) StdoutLine: {'line': b'-- Up-to-date: /home/a/ws_moveit2/install/stm32_mavlink_interface/include/stm32_mavlink_interface/stm32_mavlink_interface/msg/detail/robomaster_motor_command__rosidl_typesupport_fastrtps_c.h\n'}
[1.659165] (stm32_mavlink_interface) StdoutLine: {'line': b'-- Up-to-date: /home/a/ws_moveit2/install/stm32_mavlink_interface/include/stm32_mavlink_interface/stm32_mavlink_interface/msg/detail/servo_state__rosidl_typesupport_fastrtps_c.h\n'}
[1.659193] (stm32_mavlink_interface) StdoutLine: {'line': b'-- Up-to-date: /home/a/ws_moveit2/install/stm32_mavlink_interface/include/stm32_mavlink_interface/stm32_mavlink_interface/srv\n'}
[1.659224] (stm32_mavlink_interface) StdoutLine: {'line': b'-- Up-to-date: /home/a/ws_moveit2/install/stm32_mavlink_interface/include/stm32_mavlink_interface/stm32_mavlink_interface/srv/detail\n'}
[1.659314] (stm32_mavlink_interface) StdoutLine: {'line': b'-- Up-to-date: /home/a/ws_moveit2/install/stm32_mavlink_interface/include/stm32_mavlink_interface/stm32_mavlink_interface/srv/detail/set_encoder_config__rosidl_typesupport_fastrtps_c.h\n'}
[1.659342] (stm32_mavlink_interface) StdoutLine: {'line': b'-- Up-to-date: /home/a/ws_moveit2/install/stm32_mavlink_interface/include/stm32_mavlink_interface/stm32_mavlink_interface/srv/detail/set_servo_config__rosidl_typesupport_fastrtps_c.h\n'}
[1.659370] (stm32_mavlink_interface) StdoutLine: {'line': b'-- Up-to-date: /home/a/ws_moveit2/install/stm32_mavlink_interface/include/stm32_mavlink_interface/stm32_mavlink_interface/srv/detail/get_robomaster_motor_config__rosidl_typesupport_fastrtps_c.h\n'}
[1.659398] (stm32_mavlink_interface) StdoutLine: {'line': b'-- Up-to-date: /home/a/ws_moveit2/install/stm32_mavlink_interface/include/stm32_mavlink_interface/stm32_mavlink_interface/srv/detail/set_robomaster_motor_config__rosidl_typesupport_fastrtps_c.h\n'}
[1.659426] (stm32_mavlink_interface) StdoutLine: {'line': b'-- Up-to-date: /home/a/ws_moveit2/install/stm32_mavlink_interface/lib/libstm32_mavlink_interface__rosidl_typesupport_fastrtps_c.so\n'}
[1.659453] (stm32_mavlink_interface) StdoutLine: {'line': b'-- Up-to-date: /home/a/ws_moveit2/install/stm32_mavlink_interface/include/stm32_mavlink_interface/stm32_mavlink_interface\n'}
[1.659480] (stm32_mavlink_interface) StdoutLine: {'line': b'-- Up-to-date: /home/a/ws_moveit2/install/stm32_mavlink_interface/include/stm32_mavlink_interface/stm32_mavlink_interface/msg\n'}
[1.659508] (stm32_mavlink_interface) StdoutLine: {'line': b'-- Up-to-date: /home/a/ws_moveit2/install/stm32_mavlink_interface/include/stm32_mavlink_interface/stm32_mavlink_interface/msg/servo_command.hpp\n'}
[1.659536] (stm32_mavlink_interface) StdoutLine: {'line': b'-- Up-to-date: /home/a/ws_moveit2/install/stm32_mavlink_interface/include/stm32_mavlink_interface/stm32_mavlink_interface/msg/robomaster_motor_config.hpp\n'}
[1.659565] (stm32_mavlink_interface) StdoutLine: {'line': b'-- Up-to-date: /home/a/ws_moveit2/install/stm32_mavlink_interface/include/stm32_mavlink_interface/stm32_mavlink_interface/msg/encoder_config.hpp\n'}
[1.659592] (stm32_mavlink_interface) StdoutLine: {'line': b'-- Up-to-date: /home/a/ws_moveit2/install/stm32_mavlink_interface/include/stm32_mavlink_interface/stm32_mavlink_interface/msg/encoder_state.hpp\n'}
[1.659619] (stm32_mavlink_interface) StdoutLine: {'line': b'-- Up-to-date: /home/a/ws_moveit2/install/stm32_mavlink_interface/include/stm32_mavlink_interface/stm32_mavlink_interface/msg/robomaster_motor_state.hpp\n'}
[1.659645] (stm32_mavlink_interface) StdoutLine: {'line': b'-- Up-to-date: /home/a/ws_moveit2/install/stm32_mavlink_interface/include/stm32_mavlink_interface/stm32_mavlink_interface/msg/robomaster_motor_command.hpp\n'}
[1.659672] (stm32_mavlink_interface) StdoutLine: {'line': b'-- Up-to-date: /home/a/ws_moveit2/install/stm32_mavlink_interface/include/stm32_mavlink_interface/stm32_mavlink_interface/msg/servo_state.hpp\n'}
[1.659698] (stm32_mavlink_interface) StdoutLine: {'line': b'-- Up-to-date: /home/a/ws_moveit2/install/stm32_mavlink_interface/include/stm32_mavlink_interface/stm32_mavlink_interface/msg/rosidl_generator_cpp__visibility_control.hpp\n'}
[1.659725] (stm32_mavlink_interface) StdoutLine: {'line': b'-- Up-to-date: /home/a/ws_moveit2/install/stm32_mavlink_interface/include/stm32_mavlink_interface/stm32_mavlink_interface/msg/detail\n'}
[1.659757] (stm32_mavlink_interface) StdoutLine: {'line': b'-- Up-to-date: /home/a/ws_moveit2/install/stm32_mavlink_interface/include/stm32_mavlink_interface/stm32_mavlink_interface/msg/detail/encoder_state__type_support.hpp\n'}
[1.659783] (stm32_mavlink_interface) StdoutLine: {'line': b'-- Up-to-date: /home/a/ws_moveit2/install/stm32_mavlink_interface/include/stm32_mavlink_interface/stm32_mavlink_interface/msg/detail/robomaster_motor_state__traits.hpp\n'}
[1.659811] (stm32_mavlink_interface) StdoutLine: {'line': b'-- Up-to-date: /home/a/ws_moveit2/install/stm32_mavlink_interface/include/stm32_mavlink_interface/stm32_mavlink_interface/msg/detail/servo_state__struct.hpp\n'}
[1.659839] (stm32_mavlink_interface) StdoutLine: {'line': b'-- Up-to-date: /home/a/ws_moveit2/install/stm32_mavlink_interface/include/stm32_mavlink_interface/stm32_mavlink_interface/msg/detail/encoder_state__builder.hpp\n'}
[1.659867] (stm32_mavlink_interface) StdoutLine: {'line': b'-- Up-to-date: /home/a/ws_moveit2/install/stm32_mavlink_interface/include/stm32_mavlink_interface/stm32_mavlink_interface/msg/detail/robomaster_motor_config__type_support.hpp\n'}
[1.659894] (stm32_mavlink_interface) StdoutLine: {'line': b'-- Up-to-date: /home/a/ws_moveit2/install/stm32_mavlink_interface/include/stm32_mavlink_interface/stm32_mavlink_interface/msg/detail/servo_state__traits.hpp\n'}
[1.659921] (stm32_mavlink_interface) StdoutLine: {'line': b'-- Up-to-date: /home/a/ws_moveit2/install/stm32_mavlink_interface/include/stm32_mavlink_interface/stm32_mavlink_interface/msg/detail/robomaster_motor_config__traits.hpp\n'}
[1.659947] (stm32_mavlink_interface) StdoutLine: {'line': b'-- Up-to-date: /home/a/ws_moveit2/install/stm32_mavlink_interface/include/stm32_mavlink_interface/stm32_mavlink_interface/msg/detail/robomaster_motor_state__builder.hpp\n'}
[1.659974] (stm32_mavlink_interface) StdoutLine: {'line': b'-- Up-to-date: /home/a/ws_moveit2/install/stm32_mavlink_interface/include/stm32_mavlink_interface/stm32_mavlink_interface/msg/detail/robomaster_motor_command__struct.hpp\n'}
[1.659999] (stm32_mavlink_interface) StdoutLine: {'line': b'-- Up-to-date: /home/a/ws_moveit2/install/stm32_mavlink_interface/include/stm32_mavlink_interface/stm32_mavlink_interface/msg/detail/servo_command__struct.hpp\n'}
[1.660026] (stm32_mavlink_interface) StdoutLine: {'line': b'-- Up-to-date: /home/a/ws_moveit2/install/stm32_mavlink_interface/include/stm32_mavlink_interface/stm32_mavlink_interface/msg/detail/servo_state__type_support.hpp\n'}
[1.660053] (stm32_mavlink_interface) StdoutLine: {'line': b'-- Up-to-date: /home/a/ws_moveit2/install/stm32_mavlink_interface/include/stm32_mavlink_interface/stm32_mavlink_interface/msg/detail/encoder_state__struct.hpp\n'}
[1.660079] (stm32_mavlink_interface) StdoutLine: {'line': b'-- Up-to-date: /home/a/ws_moveit2/install/stm32_mavlink_interface/include/stm32_mavlink_interface/stm32_mavlink_interface/msg/detail/encoder_config__traits.hpp\n'}
[1.660106] (stm32_mavlink_interface) StdoutLine: {'line': b'-- Up-to-date: /home/a/ws_moveit2/install/stm32_mavlink_interface/include/stm32_mavlink_interface/stm32_mavlink_interface/msg/detail/encoder_config__builder.hpp\n'}
[1.660132] (stm32_mavlink_interface) StdoutLine: {'line': b'-- Up-to-date: /home/a/ws_moveit2/install/stm32_mavlink_interface/include/stm32_mavlink_interface/stm32_mavlink_interface/msg/detail/robomaster_motor_state__struct.hpp\n'}
[1.660159] (stm32_mavlink_interface) StdoutLine: {'line': b'-- Up-to-date: /home/a/ws_moveit2/install/stm32_mavlink_interface/include/stm32_mavlink_interface/stm32_mavlink_interface/msg/detail/servo_command__builder.hpp\n'}
[1.660187] (stm32_mavlink_interface) StdoutLine: {'line': b'-- Up-to-date: /home/a/ws_moveit2/install/stm32_mavlink_interface/include/stm32_mavlink_interface/stm32_mavlink_interface/msg/detail/encoder_state__traits.hpp\n'}
[1.660272] (stm32_mavlink_interface) StdoutLine: {'line': b'-- Up-to-date: /home/a/ws_moveit2/install/stm32_mavlink_interface/include/stm32_mavlink_interface/stm32_mavlink_interface/msg/detail/robomaster_motor_state__type_support.hpp\n'}
[1.660305] (stm32_mavlink_interface) StdoutLine: {'line': b'-- Up-to-date: /home/a/ws_moveit2/install/stm32_mavlink_interface/include/stm32_mavlink_interface/stm32_mavlink_interface/msg/detail/encoder_config__type_support.hpp\n'}
[1.660334] (stm32_mavlink_interface) StdoutLine: {'line': b'-- Up-to-date: /home/a/ws_moveit2/install/stm32_mavlink_interface/include/stm32_mavlink_interface/stm32_mavlink_interface/msg/detail/servo_command__traits.hpp\n'}
[1.660361] (stm32_mavlink_interface) StdoutLine: {'line': b'-- Up-to-date: /home/a/ws_moveit2/install/stm32_mavlink_interface/include/stm32_mavlink_interface/stm32_mavlink_interface/msg/detail/servo_state__builder.hpp\n'}
[1.660390] (stm32_mavlink_interface) StdoutLine: {'line': b'-- Up-to-date: /home/a/ws_moveit2/install/stm32_mavlink_interface/include/stm32_mavlink_interface/stm32_mavlink_interface/msg/detail/robomaster_motor_command__builder.hpp\n'}
[1.660417] (stm32_mavlink_interface) StdoutLine: {'line': b'-- Up-to-date: /home/a/ws_moveit2/install/stm32_mavlink_interface/include/stm32_mavlink_interface/stm32_mavlink_interface/msg/detail/robomaster_motor_command__traits.hpp\n'}
[1.660443] (stm32_mavlink_interface) StdoutLine: {'line': b'-- Up-to-date: /home/a/ws_moveit2/install/stm32_mavlink_interface/include/stm32_mavlink_interface/stm32_mavlink_interface/msg/detail/robomaster_motor_command__type_support.hpp\n'}
[1.660470] (stm32_mavlink_interface) StdoutLine: {'line': b'-- Up-to-date: /home/a/ws_moveit2/install/stm32_mavlink_interface/include/stm32_mavlink_interface/stm32_mavlink_interface/msg/detail/robomaster_motor_config__builder.hpp\n'}
[1.660499] (stm32_mavlink_interface) StdoutLine: {'line': b'-- Up-to-date: /home/a/ws_moveit2/install/stm32_mavlink_interface/include/stm32_mavlink_interface/stm32_mavlink_interface/msg/detail/robomaster_motor_config__struct.hpp\n'}
[1.660526] (stm32_mavlink_interface) StdoutLine: {'line': b'-- Up-to-date: /home/a/ws_moveit2/install/stm32_mavlink_interface/include/stm32_mavlink_interface/stm32_mavlink_interface/msg/detail/encoder_config__struct.hpp\n'}
[1.660553] (stm32_mavlink_interface) StdoutLine: {'line': b'-- Up-to-date: /home/a/ws_moveit2/install/stm32_mavlink_interface/include/stm32_mavlink_interface/stm32_mavlink_interface/msg/detail/servo_command__type_support.hpp\n'}
[1.660581] (stm32_mavlink_interface) StdoutLine: {'line': b'-- Up-to-date: /home/a/ws_moveit2/install/stm32_mavlink_interface/include/stm32_mavlink_interface/stm32_mavlink_interface/srv\n'}
[1.660609] (stm32_mavlink_interface) StdoutLine: {'line': b'-- Up-to-date: /home/a/ws_moveit2/install/stm32_mavlink_interface/include/stm32_mavlink_interface/stm32_mavlink_interface/srv/set_robomaster_motor_config.hpp\n'}
[1.660635] (stm32_mavlink_interface) StdoutLine: {'line': b'-- Up-to-date: /home/a/ws_moveit2/install/stm32_mavlink_interface/include/stm32_mavlink_interface/stm32_mavlink_interface/srv/set_encoder_config.hpp\n'}
[1.660662] (stm32_mavlink_interface) StdoutLine: {'line': b'-- Up-to-date: /home/a/ws_moveit2/install/stm32_mavlink_interface/include/stm32_mavlink_interface/stm32_mavlink_interface/srv/get_robomaster_motor_config.hpp\n'}
[1.660688] (stm32_mavlink_interface) StdoutLine: {'line': b'-- Up-to-date: /home/a/ws_moveit2/install/stm32_mavlink_interface/include/stm32_mavlink_interface/stm32_mavlink_interface/srv/detail\n'}
[1.660714] (stm32_mavlink_interface) StdoutLine: {'line': b'-- Up-to-date: /home/a/ws_moveit2/install/stm32_mavlink_interface/include/stm32_mavlink_interface/stm32_mavlink_interface/srv/detail/set_robomaster_motor_config__builder.hpp\n'}
[1.660741] (stm32_mavlink_interface) StdoutLine: {'line': b'-- Up-to-date: /home/a/ws_moveit2/install/stm32_mavlink_interface/include/stm32_mavlink_interface/stm32_mavlink_interface/srv/detail/set_servo_config__builder.hpp\n'}
[1.660890] (stm32_mavlink_interface) StdoutLine: {'line': b'-- Up-to-date: /home/a/ws_moveit2/install/stm32_mavlink_interface/include/stm32_mavlink_interface/stm32_mavlink_interface/srv/detail/set_servo_config__traits.hpp\n'}
[1.660917] (stm32_mavlink_interface) StdoutLine: {'line': b'-- Up-to-date: /home/a/ws_moveit2/install/stm32_mavlink_interface/include/stm32_mavlink_interface/stm32_mavlink_interface/srv/detail/set_encoder_config__type_support.hpp\n'}
[1.660940] (stm32_mavlink_interface) StdoutLine: {'line': b'-- Up-to-date: /home/a/ws_moveit2/install/stm32_mavlink_interface/include/stm32_mavlink_interface/stm32_mavlink_interface/srv/detail/get_robomaster_motor_config__struct.hpp\n'}
[1.660964] (stm32_mavlink_interface) StdoutLine: {'line': b'-- Up-to-date: /home/a/ws_moveit2/install/stm32_mavlink_interface/include/stm32_mavlink_interface/stm32_mavlink_interface/srv/detail/set_servo_config__type_support.hpp\n'}
[1.660990] (stm32_mavlink_interface) StdoutLine: {'line': b'-- Up-to-date: /home/a/ws_moveit2/install/stm32_mavlink_interface/include/stm32_mavlink_interface/stm32_mavlink_interface/srv/detail/set_encoder_config__traits.hpp\n'}
[1.661014] (stm32_mavlink_interface) StdoutLine: {'line': b'-- Up-to-date: /home/a/ws_moveit2/install/stm32_mavlink_interface/include/stm32_mavlink_interface/stm32_mavlink_interface/srv/detail/set_robomaster_motor_config__struct.hpp\n'}
[1.661037] (stm32_mavlink_interface) StdoutLine: {'line': b'-- Up-to-date: /home/a/ws_moveit2/install/stm32_mavlink_interface/include/stm32_mavlink_interface/stm32_mavlink_interface/srv/detail/set_servo_config__struct.hpp\n'}
[1.661061] (stm32_mavlink_interface) StdoutLine: {'line': b'-- Up-to-date: /home/a/ws_moveit2/install/stm32_mavlink_interface/include/stm32_mavlink_interface/stm32_mavlink_interface/srv/detail/get_robomaster_motor_config__type_support.hpp\n'}
[1.661084] (stm32_mavlink_interface) StdoutLine: {'line': b'-- Up-to-date: /home/a/ws_moveit2/install/stm32_mavlink_interface/include/stm32_mavlink_interface/stm32_mavlink_interface/srv/detail/get_robomaster_motor_config__builder.hpp\n'}
[1.661107] (stm32_mavlink_interface) StdoutLine: {'line': b'-- Up-to-date: /home/a/ws_moveit2/install/stm32_mavlink_interface/include/stm32_mavlink_interface/stm32_mavlink_interface/srv/detail/set_robomaster_motor_config__traits.hpp\n'}
[1.661130] (stm32_mavlink_interface) StdoutLine: {'line': b'-- Up-to-date: /home/a/ws_moveit2/install/stm32_mavlink_interface/include/stm32_mavlink_interface/stm32_mavlink_interface/srv/detail/set_encoder_config__builder.hpp\n'}
[1.661154] (stm32_mavlink_interface) StdoutLine: {'line': b'-- Up-to-date: /home/a/ws_moveit2/install/stm32_mavlink_interface/include/stm32_mavlink_interface/stm32_mavlink_interface/srv/detail/set_encoder_config__struct.hpp\n'}
[1.661177] (stm32_mavlink_interface) StdoutLine: {'line': b'-- Up-to-date: /home/a/ws_moveit2/install/stm32_mavlink_interface/include/stm32_mavlink_interface/stm32_mavlink_interface/srv/detail/get_robomaster_motor_config__traits.hpp\n'}
[1.661201] (stm32_mavlink_interface) StdoutLine: {'line': b'-- Up-to-date: /home/a/ws_moveit2/install/stm32_mavlink_interface/include/stm32_mavlink_interface/stm32_mavlink_interface/srv/detail/set_robomaster_motor_config__type_support.hpp\n'}
[1.661233] (stm32_mavlink_interface) StdoutLine: {'line': b'-- Up-to-date: /home/a/ws_moveit2/install/stm32_mavlink_interface/include/stm32_mavlink_interface/stm32_mavlink_interface/srv/set_servo_config.hpp\n'}
[1.661283] (stm32_mavlink_interface) StdoutLine: {'line': b'-- Up-to-date: /home/a/ws_moveit2/install/stm32_mavlink_interface/include/stm32_mavlink_interface/stm32_mavlink_interface\n'}
[1.661312] (stm32_mavlink_interface) StdoutLine: {'line': b'-- Up-to-date: /home/a/ws_moveit2/install/stm32_mavlink_interface/include/stm32_mavlink_interface/stm32_mavlink_interface/msg\n'}
[1.661342] (stm32_mavlink_interface) StdoutLine: {'line': b'-- Up-to-date: /home/a/ws_moveit2/install/stm32_mavlink_interface/include/stm32_mavlink_interface/stm32_mavlink_interface/msg/detail\n'}
[1.661369] (stm32_mavlink_interface) StdoutLine: {'line': b'-- Up-to-date: /home/a/ws_moveit2/install/stm32_mavlink_interface/include/stm32_mavlink_interface/stm32_mavlink_interface/msg/detail/robomaster_motor_command__rosidl_typesupport_fastrtps_cpp.hpp\n'}
[1.661409] (stm32_mavlink_interface) StdoutLine: {'line': b'-- Up-to-date: /home/a/ws_moveit2/install/stm32_mavlink_interface/include/stm32_mavlink_interface/stm32_mavlink_interface/msg/detail/encoder_state__rosidl_typesupport_fastrtps_cpp.hpp\n'}
[1.661441] (stm32_mavlink_interface) StdoutLine: {'line': b'-- Up-to-date: /home/a/ws_moveit2/install/stm32_mavlink_interface/include/stm32_mavlink_interface/stm32_mavlink_interface/msg/detail/encoder_config__rosidl_typesupport_fastrtps_cpp.hpp\n'}
[1.661472] (stm32_mavlink_interface) StdoutLine: {'line': b'-- Up-to-date: /home/a/ws_moveit2/install/stm32_mavlink_interface/include/stm32_mavlink_interface/stm32_mavlink_interface/msg/detail/robomaster_motor_config__rosidl_typesupport_fastrtps_cpp.hpp\n'}
[1.661503] (stm32_mavlink_interface) StdoutLine: {'line': b'-- Up-to-date: /home/a/ws_moveit2/install/stm32_mavlink_interface/include/stm32_mavlink_interface/stm32_mavlink_interface/msg/detail/robomaster_motor_state__rosidl_typesupport_fastrtps_cpp.hpp\n'}
[1.661532] (stm32_mavlink_interface) StdoutLine: {'line': b'-- Up-to-date: /home/a/ws_moveit2/install/stm32_mavlink_interface/include/stm32_mavlink_interface/stm32_mavlink_interface/msg/detail/servo_state__rosidl_typesupport_fastrtps_cpp.hpp\n'}
[1.661562] (stm32_mavlink_interface) StdoutLine: {'line': b'-- Up-to-date: /home/a/ws_moveit2/install/stm32_mavlink_interface/include/stm32_mavlink_interface/stm32_mavlink_interface/msg/detail/servo_command__rosidl_typesupport_fastrtps_cpp.hpp\n'}
[1.661591] (stm32_mavlink_interface) StdoutLine: {'line': b'-- Up-to-date: /home/a/ws_moveit2/install/stm32_mavlink_interface/include/stm32_mavlink_interface/stm32_mavlink_interface/msg/detail/dds_fastrtps\n'}
[1.661620] (stm32_mavlink_interface) StdoutLine: {'line': b'-- Up-to-date: /home/a/ws_moveit2/install/stm32_mavlink_interface/include/stm32_mavlink_interface/stm32_mavlink_interface/msg/rosidl_typesupport_fastrtps_cpp__visibility_control.h\n'}
[1.661649] (stm32_mavlink_interface) StdoutLine: {'line': b'-- Up-to-date: /home/a/ws_moveit2/install/stm32_mavlink_interface/include/stm32_mavlink_interface/stm32_mavlink_interface/srv\n'}
[1.661678] (stm32_mavlink_interface) StdoutLine: {'line': b'-- Up-to-date: /home/a/ws_moveit2/install/stm32_mavlink_interface/include/stm32_mavlink_interface/stm32_mavlink_interface/srv/detail\n'}
[1.661708] (stm32_mavlink_interface) StdoutLine: {'line': b'-- Up-to-date: /home/a/ws_moveit2/install/stm32_mavlink_interface/include/stm32_mavlink_interface/stm32_mavlink_interface/srv/detail/set_encoder_config__rosidl_typesupport_fastrtps_cpp.hpp\n'}
[1.661738] (stm32_mavlink_interface) StdoutLine: {'line': b'-- Up-to-date: /home/a/ws_moveit2/install/stm32_mavlink_interface/include/stm32_mavlink_interface/stm32_mavlink_interface/srv/detail/set_servo_config__rosidl_typesupport_fastrtps_cpp.hpp\n'}
[1.661765] (stm32_mavlink_interface) StdoutLine: {'line': b'-- Up-to-date: /home/a/ws_moveit2/install/stm32_mavlink_interface/include/stm32_mavlink_interface/stm32_mavlink_interface/srv/detail/set_robomaster_motor_config__rosidl_typesupport_fastrtps_cpp.hpp\n'}
[1.661791] (stm32_mavlink_interface) StdoutLine: {'line': b'-- Up-to-date: /home/a/ws_moveit2/install/stm32_mavlink_interface/include/stm32_mavlink_interface/stm32_mavlink_interface/srv/detail/get_robomaster_motor_config__rosidl_typesupport_fastrtps_cpp.hpp\n'}
[1.661819] (stm32_mavlink_interface) StdoutLine: {'line': b'-- Up-to-date: /home/a/ws_moveit2/install/stm32_mavlink_interface/include/stm32_mavlink_interface/stm32_mavlink_interface/srv/detail/dds_fastrtps\n'}
[1.661845] (stm32_mavlink_interface) StdoutLine: {'line': b'-- Up-to-date: /home/a/ws_moveit2/install/stm32_mavlink_interface/lib/libstm32_mavlink_interface__rosidl_typesupport_fastrtps_cpp.so\n'}
[1.661871] (stm32_mavlink_interface) StdoutLine: {'line': b'-- Up-to-date: /home/a/ws_moveit2/install/stm32_mavlink_interface/include/stm32_mavlink_interface/stm32_mavlink_interface\n'}
[1.661897] (stm32_mavlink_interface) StdoutLine: {'line': b'-- Up-to-date: /home/a/ws_moveit2/install/stm32_mavlink_interface/include/stm32_mavlink_interface/stm32_mavlink_interface/msg\n'}
[1.661924] (stm32_mavlink_interface) StdoutLine: {'line': b'-- Up-to-date: /home/a/ws_moveit2/install/stm32_mavlink_interface/include/stm32_mavlink_interface/stm32_mavlink_interface/msg/rosidl_typesupport_introspection_c__visibility_control.h\n'}
[1.661950] (stm32_mavlink_interface) StdoutLine: {'line': b'-- Up-to-date: /home/a/ws_moveit2/install/stm32_mavlink_interface/include/stm32_mavlink_interface/stm32_mavlink_interface/msg/detail\n'}
[1.661975] (stm32_mavlink_interface) StdoutLine: {'line': b'-- Up-to-date: /home/a/ws_moveit2/install/stm32_mavlink_interface/include/stm32_mavlink_interface/stm32_mavlink_interface/msg/detail/robomaster_motor_state__type_support.c\n'}
[1.662006] (stm32_mavlink_interface) StdoutLine: {'line': b'-- Up-to-date: /home/a/ws_moveit2/install/stm32_mavlink_interface/include/stm32_mavlink_interface/stm32_mavlink_interface/msg/detail/robomaster_motor_command__rosidl_typesupport_introspection_c.h\n'}
[1.662034] (stm32_mavlink_interface) StdoutLine: {'line': b'-- Up-to-date: /home/a/ws_moveit2/install/stm32_mavlink_interface/include/stm32_mavlink_interface/stm32_mavlink_interface/msg/detail/robomaster_motor_config__rosidl_typesupport_introspection_c.h\n'}
[1.662061] (stm32_mavlink_interface) StdoutLine: {'line': b'-- Up-to-date: /home/a/ws_moveit2/install/stm32_mavlink_interface/include/stm32_mavlink_interface/stm32_mavlink_interface/msg/detail/robomaster_motor_state__rosidl_typesupport_introspection_c.h\n'}
[1.662087] (stm32_mavlink_interface) StdoutLine: {'line': b'-- Up-to-date: /home/a/ws_moveit2/install/stm32_mavlink_interface/include/stm32_mavlink_interface/stm32_mavlink_interface/msg/detail/servo_state__rosidl_typesupport_introspection_c.h\n'}
[1.662152] (stm32_mavlink_interface) StdoutLine: {'line': b'-- Up-to-date: /home/a/ws_moveit2/install/stm32_mavlink_interface/include/stm32_mavlink_interface/stm32_mavlink_interface/msg/detail/encoder_state__type_support.c\n'}
[1.662179] (stm32_mavlink_interface) StdoutLine: {'line': b'-- Up-to-date: /home/a/ws_moveit2/install/stm32_mavlink_interface/include/stm32_mavlink_interface/stm32_mavlink_interface/msg/detail/servo_state__type_support.c\n'}
[1.662206] (stm32_mavlink_interface) StdoutLine: {'line': b'-- Up-to-date: /home/a/ws_moveit2/install/stm32_mavlink_interface/include/stm32_mavlink_interface/stm32_mavlink_interface/msg/detail/encoder_config__type_support.c\n'}
[1.662238] (stm32_mavlink_interface) StdoutLine: {'line': b'-- Up-to-date: /home/a/ws_moveit2/install/stm32_mavlink_interface/include/stm32_mavlink_interface/stm32_mavlink_interface/msg/detail/encoder_state__rosidl_typesupport_introspection_c.h\n'}
[1.662266] (stm32_mavlink_interface) StdoutLine: {'line': b'-- Up-to-date: /home/a/ws_moveit2/install/stm32_mavlink_interface/include/stm32_mavlink_interface/stm32_mavlink_interface/msg/detail/robomaster_motor_config__type_support.c\n'}
[1.662293] (stm32_mavlink_interface) StdoutLine: {'line': b'-- Up-to-date: /home/a/ws_moveit2/install/stm32_mavlink_interface/include/stm32_mavlink_interface/stm32_mavlink_interface/msg/detail/servo_command__type_support.c\n'}
[1.662319] (stm32_mavlink_interface) StdoutLine: {'line': b'-- Up-to-date: /home/a/ws_moveit2/install/stm32_mavlink_interface/include/stm32_mavlink_interface/stm32_mavlink_interface/msg/detail/encoder_config__rosidl_typesupport_introspection_c.h\n'}
[1.662346] (stm32_mavlink_interface) StdoutLine: {'line': b'-- Up-to-date: /home/a/ws_moveit2/install/stm32_mavlink_interface/include/stm32_mavlink_interface/stm32_mavlink_interface/msg/detail/servo_command__rosidl_typesupport_introspection_c.h\n'}
[1.662417] (stm32_mavlink_interface) StdoutLine: {'line': b'-- Up-to-date: /home/a/ws_moveit2/install/stm32_mavlink_interface/include/stm32_mavlink_interface/stm32_mavlink_interface/msg/detail/robomaster_motor_command__type_support.c\n'}
[1.662443] (stm32_mavlink_interface) StdoutLine: {'line': b'-- Up-to-date: /home/a/ws_moveit2/install/stm32_mavlink_interface/include/stm32_mavlink_interface/stm32_mavlink_interface/srv\n'}
[1.662471] (stm32_mavlink_interface) StdoutLine: {'line': b'-- Up-to-date: /home/a/ws_moveit2/install/stm32_mavlink_interface/include/stm32_mavlink_interface/stm32_mavlink_interface/srv/detail\n'}
[1.662498] (stm32_mavlink_interface) StdoutLine: {'line': b'-- Up-to-date: /home/a/ws_moveit2/install/stm32_mavlink_interface/include/stm32_mavlink_interface/stm32_mavlink_interface/srv/detail/get_robomaster_motor_config__type_support.c\n'}
[1.662524] (stm32_mavlink_interface) StdoutLine: {'line': b'-- Up-to-date: /home/a/ws_moveit2/install/stm32_mavlink_interface/include/stm32_mavlink_interface/stm32_mavlink_interface/srv/detail/set_robomaster_motor_config__type_support.c\n'}
[1.662572] (stm32_mavlink_interface) StdoutLine: {'line': b'-- Up-to-date: /home/a/ws_moveit2/install/stm32_mavlink_interface/include/stm32_mavlink_interface/stm32_mavlink_interface/srv/detail/get_robomaster_motor_config__rosidl_typesupport_introspection_c.h\n'}
[1.662596] (stm32_mavlink_interface) StdoutLine: {'line': b'-- Up-to-date: /home/a/ws_moveit2/install/stm32_mavlink_interface/include/stm32_mavlink_interface/stm32_mavlink_interface/srv/detail/set_servo_config__type_support.c\n'}
[1.662623] (stm32_mavlink_interface) StdoutLine: {'line': b'-- Up-to-date: /home/a/ws_moveit2/install/stm32_mavlink_interface/include/stm32_mavlink_interface/stm32_mavlink_interface/srv/detail/set_robomaster_motor_config__rosidl_typesupport_introspection_c.h\n'}
[1.662649] (stm32_mavlink_interface) StdoutLine: {'line': b'-- Up-to-date: /home/a/ws_moveit2/install/stm32_mavlink_interface/include/stm32_mavlink_interface/stm32_mavlink_interface/srv/detail/set_servo_config__rosidl_typesupport_introspection_c.h\n'}
[1.662676] (stm32_mavlink_interface) StdoutLine: {'line': b'-- Up-to-date: /home/a/ws_moveit2/install/stm32_mavlink_interface/include/stm32_mavlink_interface/stm32_mavlink_interface/srv/detail/set_encoder_config__rosidl_typesupport_introspection_c.h\n'}
[1.662703] (stm32_mavlink_interface) StdoutLine: {'line': b'-- Up-to-date: /home/a/ws_moveit2/install/stm32_mavlink_interface/include/stm32_mavlink_interface/stm32_mavlink_interface/srv/detail/set_encoder_config__type_support.c\n'}
[1.662732] (stm32_mavlink_interface) StdoutLine: {'line': b'-- Up-to-date: /home/a/ws_moveit2/install/stm32_mavlink_interface/lib/libstm32_mavlink_interface__rosidl_typesupport_introspection_c.so\n'}
[1.662762] (stm32_mavlink_interface) StdoutLine: {'line': b'-- Up-to-date: /home/a/ws_moveit2/install/stm32_mavlink_interface/lib/libstm32_mavlink_interface__rosidl_typesupport_c.so\n'}
[1.662788] (stm32_mavlink_interface) StdoutLine: {'line': b'-- Up-to-date: /home/a/ws_moveit2/install/stm32_mavlink_interface/include/stm32_mavlink_interface/stm32_mavlink_interface\n'}
[1.662815] (stm32_mavlink_interface) StdoutLine: {'line': b'-- Up-to-date: /home/a/ws_moveit2/install/stm32_mavlink_interface/include/stm32_mavlink_interface/stm32_mavlink_interface/msg\n'}
[1.662841] (stm32_mavlink_interface) StdoutLine: {'line': b'-- Up-to-date: /home/a/ws_moveit2/install/stm32_mavlink_interface/include/stm32_mavlink_interface/stm32_mavlink_interface/msg/detail\n'}
[1.662867] (stm32_mavlink_interface) StdoutLine: {'line': b'-- Up-to-date: /home/a/ws_moveit2/install/stm32_mavlink_interface/include/stm32_mavlink_interface/stm32_mavlink_interface/msg/detail/servo_state__rosidl_typesupport_introspection_cpp.hpp\n'}
[1.662893] (stm32_mavlink_interface) StdoutLine: {'line': b'-- Up-to-date: /home/a/ws_moveit2/install/stm32_mavlink_interface/include/stm32_mavlink_interface/stm32_mavlink_interface/msg/detail/encoder_config__type_support.cpp\n'}
[1.662930] (stm32_mavlink_interface) StdoutLine: {'line': b'-- Up-to-date: /home/a/ws_moveit2/install/stm32_mavlink_interface/include/stm32_mavlink_interface/stm32_mavlink_interface/msg/detail/robomaster_motor_command__type_support.cpp\n'}
[1.662987] (stm32_mavlink_interface) StdoutLine: {'line': b'-- Up-to-date: /home/a/ws_moveit2/install/stm32_mavlink_interface/include/stm32_mavlink_interface/stm32_mavlink_interface/msg/detail/servo_command__type_support.cpp\n'}
[1.663011] (stm32_mavlink_interface) StdoutLine: {'line': b'-- Up-to-date: /home/a/ws_moveit2/install/stm32_mavlink_interface/include/stm32_mavlink_interface/stm32_mavlink_interface/msg/detail/robomaster_motor_command__rosidl_typesupport_introspection_cpp.hpp\n'}
[1.663035] (stm32_mavlink_interface) StdoutLine: {'line': b'-- Up-to-date: /home/a/ws_moveit2/install/stm32_mavlink_interface/include/stm32_mavlink_interface/stm32_mavlink_interface/msg/detail/servo_state__type_support.cpp\n'}
[1.663062] (stm32_mavlink_interface) StdoutLine: {'line': b'-- Up-to-date: /home/a/ws_moveit2/install/stm32_mavlink_interface/include/stm32_mavlink_interface/stm32_mavlink_interface/msg/detail/robomaster_motor_config__type_support.cpp\n'}
[1.663094] (stm32_mavlink_interface) StdoutLine: {'line': b'-- Up-to-date: /home/a/ws_moveit2/install/stm32_mavlink_interface/include/stm32_mavlink_interface/stm32_mavlink_interface/msg/detail/robomaster_motor_config__rosidl_typesupport_introspection_cpp.hpp\n'}
[1.663121] (stm32_mavlink_interface) StdoutLine: {'line': b'-- Up-to-date: /home/a/ws_moveit2/install/stm32_mavlink_interface/include/stm32_mavlink_interface/stm32_mavlink_interface/msg/detail/servo_command__rosidl_typesupport_introspection_cpp.hpp\n'}
[1.663148] (stm32_mavlink_interface) StdoutLine: {'line': b'-- Up-to-date: /home/a/ws_moveit2/install/stm32_mavlink_interface/include/stm32_mavlink_interface/stm32_mavlink_interface/msg/detail/robomaster_motor_state__rosidl_typesupport_introspection_cpp.hpp\n'}
[1.663174] (stm32_mavlink_interface) StdoutLine: {'line': b'-- Up-to-date: /home/a/ws_moveit2/install/stm32_mavlink_interface/include/stm32_mavlink_interface/stm32_mavlink_interface/msg/detail/encoder_state__type_support.cpp\n'}
[1.663202] (stm32_mavlink_interface) StdoutLine: {'line': b'-- Up-to-date: /home/a/ws_moveit2/install/stm32_mavlink_interface/include/stm32_mavlink_interface/stm32_mavlink_interface/msg/detail/encoder_config__rosidl_typesupport_introspection_cpp.hpp\n'}
[1.663234] (stm32_mavlink_interface) StdoutLine: {'line': b'-- Up-to-date: /home/a/ws_moveit2/install/stm32_mavlink_interface/include/stm32_mavlink_interface/stm32_mavlink_interface/msg/detail/robomaster_motor_state__type_support.cpp\n'}
[1.663264] (stm32_mavlink_interface) StdoutLine: {'line': b'-- Up-to-date: /home/a/ws_moveit2/install/stm32_mavlink_interface/include/stm32_mavlink_interface/stm32_mavlink_interface/msg/detail/encoder_state__rosidl_typesupport_introspection_cpp.hpp\n'}
[1.663290] (stm32_mavlink_interface) StdoutLine: {'line': b'-- Up-to-date: /home/a/ws_moveit2/install/stm32_mavlink_interface/include/stm32_mavlink_interface/stm32_mavlink_interface/srv\n'}
[1.663316] (stm32_mavlink_interface) StdoutLine: {'line': b'-- Up-to-date: /home/a/ws_moveit2/install/stm32_mavlink_interface/include/stm32_mavlink_interface/stm32_mavlink_interface/srv/detail\n'}
[1.663342] (stm32_mavlink_interface) StdoutLine: {'line': b'-- Up-to-date: /home/a/ws_moveit2/install/stm32_mavlink_interface/include/stm32_mavlink_interface/stm32_mavlink_interface/srv/detail/set_robomaster_motor_config__rosidl_typesupport_introspection_cpp.hpp\n'}
[1.663384] (stm32_mavlink_interface) StdoutLine: {'line': b'-- Up-to-date: /home/a/ws_moveit2/install/stm32_mavlink_interface/include/stm32_mavlink_interface/stm32_mavlink_interface/srv/detail/set_encoder_config__rosidl_typesupport_introspection_cpp.hpp\n'}
[1.663446] (stm32_mavlink_interface) StdoutLine: {'line': b'-- Up-to-date: /home/a/ws_moveit2/install/stm32_mavlink_interface/include/stm32_mavlink_interface/stm32_mavlink_interface/srv/detail/set_servo_config__rosidl_typesupport_introspection_cpp.hpp\n'}
[1.663473] (stm32_mavlink_interface) StdoutLine: {'line': b'-- Up-to-date: /home/a/ws_moveit2/install/stm32_mavlink_interface/include/stm32_mavlink_interface/stm32_mavlink_interface/srv/detail/set_encoder_config__type_support.cpp\n'}
[1.663524] (stm32_mavlink_interface) StdoutLine: {'line': b'-- Up-to-date: /home/a/ws_moveit2/install/stm32_mavlink_interface/include/stm32_mavlink_interface/stm32_mavlink_interface/srv/detail/get_robomaster_motor_config__type_support.cpp\n'}
[1.663552] (stm32_mavlink_interface) StdoutLine: {'line': b'-- Up-to-date: /home/a/ws_moveit2/install/stm32_mavlink_interface/include/stm32_mavlink_interface/stm32_mavlink_interface/srv/detail/get_robomaster_motor_config__rosidl_typesupport_introspection_cpp.hpp\n'}
[1.663614] (stm32_mavlink_interface) StdoutLine: {'line': b'-- Up-to-date: /home/a/ws_moveit2/install/stm32_mavlink_interface/include/stm32_mavlink_interface/stm32_mavlink_interface/srv/detail/set_robomaster_motor_config__type_support.cpp\n'}
[1.663639] (stm32_mavlink_interface) StdoutLine: {'line': b'-- Up-to-date: /home/a/ws_moveit2/install/stm32_mavlink_interface/include/stm32_mavlink_interface/stm32_mavlink_interface/srv/detail/set_servo_config__type_support.cpp\n'}
[1.663668] (stm32_mavlink_interface) StdoutLine: {'line': b'-- Up-to-date: /home/a/ws_moveit2/install/stm32_mavlink_interface/lib/libstm32_mavlink_interface__rosidl_typesupport_introspection_cpp.so\n'}
[1.663695] (stm32_mavlink_interface) StdoutLine: {'line': b'-- Up-to-date: /home/a/ws_moveit2/install/stm32_mavlink_interface/lib/libstm32_mavlink_interface__rosidl_typesupport_cpp.so\n'}
[1.663722] (stm32_mavlink_interface) StdoutLine: {'line': b'-- Up-to-date: /home/a/ws_moveit2/install/stm32_mavlink_interface/share/stm32_mavlink_interface/environment/pythonpath.sh\n'}
[1.663749] (stm32_mavlink_interface) StdoutLine: {'line': b'-- Installing: /home/a/ws_moveit2/install/stm32_mavlink_interface/share/stm32_mavlink_interface/environment/pythonpath.dsv\n'}
[1.663776] (stm32_mavlink_interface) StdoutLine: {'line': b'-- Up-to-date: /home/a/ws_moveit2/install/stm32_mavlink_interface/local/lib/python3.10/dist-packages/stm32_mavlink_interface-1.0.0-py3.10.egg-info\n'}
[1.663803] (stm32_mavlink_interface) StdoutLine: {'line': b'-- Installing: /home/a/ws_moveit2/install/stm32_mavlink_interface/local/lib/python3.10/dist-packages/stm32_mavlink_interface-1.0.0-py3.10.egg-info/top_level.txt\n'}
[1.663829] (stm32_mavlink_interface) StdoutLine: {'line': b'-- Installing: /home/a/ws_moveit2/install/stm32_mavlink_interface/local/lib/python3.10/dist-packages/stm32_mavlink_interface-1.0.0-py3.10.egg-info/SOURCES.txt\n'}
[1.663856] (stm32_mavlink_interface) StdoutLine: {'line': b'-- Installing: /home/a/ws_moveit2/install/stm32_mavlink_interface/local/lib/python3.10/dist-packages/stm32_mavlink_interface-1.0.0-py3.10.egg-info/PKG-INFO\n'}
[1.663882] (stm32_mavlink_interface) StdoutLine: {'line': b'-- Installing: /home/a/ws_moveit2/install/stm32_mavlink_interface/local/lib/python3.10/dist-packages/stm32_mavlink_interface-1.0.0-py3.10.egg-info/dependency_links.txt\n'}
[1.663909] (stm32_mavlink_interface) StdoutLine: {'line': b'-- Up-to-date: /home/a/ws_moveit2/install/stm32_mavlink_interface/local/lib/python3.10/dist-packages/stm32_mavlink_interface\n'}
[1.663936] (stm32_mavlink_interface) StdoutLine: {'line': b'-- Up-to-date: /home/a/ws_moveit2/install/stm32_mavlink_interface/local/lib/python3.10/dist-packages/stm32_mavlink_interface/stm32_mavlink_interface_s__rosidl_typesupport_c.cpython-310-x86_64-linux-gnu.so\n'}
[1.663963] (stm32_mavlink_interface) StdoutLine: {'line': b'-- Up-to-date: /home/a/ws_moveit2/install/stm32_mavlink_interface/local/lib/python3.10/dist-packages/stm32_mavlink_interface/msg\n'}
[1.663989] (stm32_mavlink_interface) StdoutLine: {'line': b'-- Up-to-date: /home/a/ws_moveit2/install/stm32_mavlink_interface/local/lib/python3.10/dist-packages/stm32_mavlink_interface/msg/_servo_command_s.c\n'}
[1.664015] (stm32_mavlink_interface) StdoutLine: {'line': b'-- Up-to-date: /home/a/ws_moveit2/install/stm32_mavlink_interface/local/lib/python3.10/dist-packages/stm32_mavlink_interface/msg/_servo_command.py\n'}
[1.664042] (stm32_mavlink_interface) StdoutLine: {'line': b'-- Up-to-date: /home/a/ws_moveit2/install/stm32_mavlink_interface/local/lib/python3.10/dist-packages/stm32_mavlink_interface/msg/_servo_state_s.c\n'}
[1.664069] (stm32_mavlink_interface) StdoutLine: {'line': b'-- Up-to-date: /home/a/ws_moveit2/install/stm32_mavlink_interface/local/lib/python3.10/dist-packages/stm32_mavlink_interface/msg/_robomaster_motor_state.py\n'}
[1.664096] (stm32_mavlink_interface) StdoutLine: {'line': b'-- Up-to-date: /home/a/ws_moveit2/install/stm32_mavlink_interface/local/lib/python3.10/dist-packages/stm32_mavlink_interface/msg/_robomaster_motor_config_s.c\n'}
[1.664123] (stm32_mavlink_interface) StdoutLine: {'line': b'-- Up-to-date: /home/a/ws_moveit2/install/stm32_mavlink_interface/local/lib/python3.10/dist-packages/stm32_mavlink_interface/msg/_robomaster_motor_state_s.c\n'}
[1.664150] (stm32_mavlink_interface) StdoutLine: {'line': b'-- Up-to-date: /home/a/ws_moveit2/install/stm32_mavlink_interface/local/lib/python3.10/dist-packages/stm32_mavlink_interface/msg/_robomaster_motor_command_s.c\n'}
[1.664179] (stm32_mavlink_interface) StdoutLine: {'line': b'-- Up-to-date: /home/a/ws_moveit2/install/stm32_mavlink_interface/local/lib/python3.10/dist-packages/stm32_mavlink_interface/msg/_encoder_config.py\n'}
[1.664207] (stm32_mavlink_interface) StdoutLine: {'line': b'-- Up-to-date: /home/a/ws_moveit2/install/stm32_mavlink_interface/local/lib/python3.10/dist-packages/stm32_mavlink_interface/msg/__init__.py\n'}
[1.664260] (stm32_mavlink_interface) StdoutLine: {'line': b'-- Up-to-date: /home/a/ws_moveit2/install/stm32_mavlink_interface/local/lib/python3.10/dist-packages/stm32_mavlink_interface/msg/_robomaster_motor_config.py\n'}
[1.664286] (stm32_mavlink_interface) StdoutLine: {'line': b'-- Up-to-date: /home/a/ws_moveit2/install/stm32_mavlink_interface/local/lib/python3.10/dist-packages/stm32_mavlink_interface/msg/_servo_state.py\n'}
[1.664314] (stm32_mavlink_interface) StdoutLine: {'line': b'-- Up-to-date: /home/a/ws_moveit2/install/stm32_mavlink_interface/local/lib/python3.10/dist-packages/stm32_mavlink_interface/msg/_encoder_state.py\n'}
[1.664338] (stm32_mavlink_interface) StdoutLine: {'line': b'-- Up-to-date: /home/a/ws_moveit2/install/stm32_mavlink_interface/local/lib/python3.10/dist-packages/stm32_mavlink_interface/msg/_encoder_state_s.c\n'}
[1.664363] (stm32_mavlink_interface) StdoutLine: {'line': b'-- Up-to-date: /home/a/ws_moveit2/install/stm32_mavlink_interface/local/lib/python3.10/dist-packages/stm32_mavlink_interface/msg/_encoder_config_s.c\n'}
[1.664387] (stm32_mavlink_interface) StdoutLine: {'line': b'-- Up-to-date: /home/a/ws_moveit2/install/stm32_mavlink_interface/local/lib/python3.10/dist-packages/stm32_mavlink_interface/msg/_robomaster_motor_command.py\n'}
[1.664410] (stm32_mavlink_interface) StdoutLine: {'line': b'-- Up-to-date: /home/a/ws_moveit2/install/stm32_mavlink_interface/local/lib/python3.10/dist-packages/stm32_mavlink_interface/_stm32_mavlink_interface_s.ep.rosidl_typesupport_introspection_c.c\n'}
[1.664435] (stm32_mavlink_interface) StdoutLine: {'line': b'-- Up-to-date: /home/a/ws_moveit2/install/stm32_mavlink_interface/local/lib/python3.10/dist-packages/stm32_mavlink_interface/_stm32_mavlink_interface_s.ep.rosidl_typesupport_c.c\n'}
[1.664459] (stm32_mavlink_interface) StdoutLine: {'line': b'-- Up-to-date: /home/a/ws_moveit2/install/stm32_mavlink_interface/local/lib/python3.10/dist-packages/stm32_mavlink_interface/_stm32_mavlink_interface_s.ep.rosidl_typesupport_fastrtps_c.c\n'}
[1.664483] (stm32_mavlink_interface) StdoutLine: {'line': b'-- Installing: /home/a/ws_moveit2/install/stm32_mavlink_interface/local/lib/python3.10/dist-packages/stm32_mavlink_interface/__init__.py\n'}
[1.664507] (stm32_mavlink_interface) StdoutLine: {'line': b'-- Up-to-date: /home/a/ws_moveit2/install/stm32_mavlink_interface/local/lib/python3.10/dist-packages/stm32_mavlink_interface/stm32_mavlink_interface_s__rosidl_typesupport_fastrtps_c.cpython-310-x86_64-linux-gnu.so\n'}
[1.664531] (stm32_mavlink_interface) StdoutLine: {'line': b'-- Up-to-date: /home/a/ws_moveit2/install/stm32_mavlink_interface/local/lib/python3.10/dist-packages/stm32_mavlink_interface/libstm32_mavlink_interface__rosidl_generator_py.so\n'}
[1.664557] (stm32_mavlink_interface) StdoutLine: {'line': b'-- Up-to-date: /home/a/ws_moveit2/install/stm32_mavlink_interface/local/lib/python3.10/dist-packages/stm32_mavlink_interface/srv\n'}
[1.664581] (stm32_mavlink_interface) StdoutLine: {'line': b'-- Up-to-date: /home/a/ws_moveit2/install/stm32_mavlink_interface/local/lib/python3.10/dist-packages/stm32_mavlink_interface/srv/_set_encoder_config.py\n'}
[1.664605] (stm32_mavlink_interface) StdoutLine: {'line': b'-- Up-to-date: /home/a/ws_moveit2/install/stm32_mavlink_interface/local/lib/python3.10/dist-packages/stm32_mavlink_interface/srv/_set_servo_config.py\n'}
[1.664630] (stm32_mavlink_interface) StdoutLine: {'line': b'-- Up-to-date: /home/a/ws_moveit2/install/stm32_mavlink_interface/local/lib/python3.10/dist-packages/stm32_mavlink_interface/srv/_get_robomaster_motor_config.py\n'}
[1.664657] (stm32_mavlink_interface) StdoutLine: {'line': b'-- Up-to-date: /home/a/ws_moveit2/install/stm32_mavlink_interface/local/lib/python3.10/dist-packages/stm32_mavlink_interface/srv/_set_robomaster_motor_config.py\n'}
[1.664681] (stm32_mavlink_interface) StdoutLine: {'line': b'-- Up-to-date: /home/a/ws_moveit2/install/stm32_mavlink_interface/local/lib/python3.10/dist-packages/stm32_mavlink_interface/srv/_get_robomaster_motor_config_s.c\n'}
[1.664706] (stm32_mavlink_interface) StdoutLine: {'line': b'-- Up-to-date: /home/a/ws_moveit2/install/stm32_mavlink_interface/local/lib/python3.10/dist-packages/stm32_mavlink_interface/srv/_set_robomaster_motor_config_s.c\n'}
[1.664729] (stm32_mavlink_interface) StdoutLine: {'line': b'-- Up-to-date: /home/a/ws_moveit2/install/stm32_mavlink_interface/local/lib/python3.10/dist-packages/stm32_mavlink_interface/srv/__init__.py\n'}
[1.664753] (stm32_mavlink_interface) StdoutLine: {'line': b'-- Up-to-date: /home/a/ws_moveit2/install/stm32_mavlink_interface/local/lib/python3.10/dist-packages/stm32_mavlink_interface/srv/_set_servo_config_s.c\n'}
[1.664777] (stm32_mavlink_interface) StdoutLine: {'line': b'-- Up-to-date: /home/a/ws_moveit2/install/stm32_mavlink_interface/local/lib/python3.10/dist-packages/stm32_mavlink_interface/srv/_set_encoder_config_s.c\n'}
[1.664802] (stm32_mavlink_interface) StdoutLine: {'line': b'-- Up-to-date: /home/a/ws_moveit2/install/stm32_mavlink_interface/local/lib/python3.10/dist-packages/stm32_mavlink_interface/stm32_mavlink_interface_s__rosidl_typesupport_introspection_c.cpython-310-x86_64-linux-gnu.so\n'}
[1.688883] (stm32_mavlink_interface) StdoutLine: {'line': b"Listing '/home/a/ws_moveit2/install/stm32_mavlink_interface/local/lib/python3.10/dist-packages/stm32_mavlink_interface'...\n"}
[1.688960] (stm32_mavlink_interface) StdoutLine: {'line': b"Compiling '/home/a/ws_moveit2/install/stm32_mavlink_interface/local/lib/python3.10/dist-packages/stm32_mavlink_interface/__init__.py'...\n"}
[1.688990] (stm32_mavlink_interface) StdoutLine: {'line': b"Listing '/home/a/ws_moveit2/install/stm32_mavlink_interface/local/lib/python3.10/dist-packages/stm32_mavlink_interface/msg'...\n"}
[1.689017] (stm32_mavlink_interface) StdoutLine: {'line': b"Listing '/home/a/ws_moveit2/install/stm32_mavlink_interface/local/lib/python3.10/dist-packages/stm32_mavlink_interface/srv'...\n"}
[1.692877] (stm32_mavlink_interface) StdoutLine: {'line': b'-- Up-to-date: /home/a/ws_moveit2/install/stm32_mavlink_interface/local/lib/python3.10/dist-packages/stm32_mavlink_interface/stm32_mavlink_interface_s__rosidl_typesupport_fastrtps_c.cpython-310-x86_64-linux-gnu.so\n'}
[1.693125] (stm32_mavlink_interface) StdoutLine: {'line': b'-- Up-to-date: /home/a/ws_moveit2/install/stm32_mavlink_interface/local/lib/python3.10/dist-packages/stm32_mavlink_interface/stm32_mavlink_interface_s__rosidl_typesupport_introspection_c.cpython-310-x86_64-linux-gnu.so\n'}
[1.693390] (stm32_mavlink_interface) StdoutLine: {'line': b'-- Up-to-date: /home/a/ws_moveit2/install/stm32_mavlink_interface/local/lib/python3.10/dist-packages/stm32_mavlink_interface/stm32_mavlink_interface_s__rosidl_typesupport_c.cpython-310-x86_64-linux-gnu.so\n'}
[1.693745] (stm32_mavlink_interface) StdoutLine: {'line': b'-- Up-to-date: /home/a/ws_moveit2/install/stm32_mavlink_interface/lib/libstm32_mavlink_interface__rosidl_generator_py.so\n'}
[1.694022] (stm32_mavlink_interface) StdoutLine: {'line': b'-- Up-to-date: /home/a/ws_moveit2/install/stm32_mavlink_interface/share/stm32_mavlink_interface/msg/ServoCommand.idl\n'}
[1.694060] (stm32_mavlink_interface) StdoutLine: {'line': b'-- Up-to-date: /home/a/ws_moveit2/install/stm32_mavlink_interface/share/stm32_mavlink_interface/msg/ServoState.idl\n'}
[1.694094] (stm32_mavlink_interface) StdoutLine: {'line': b'-- Up-to-date: /home/a/ws_moveit2/install/stm32_mavlink_interface/share/stm32_mavlink_interface/msg/EncoderState.idl\n'}
[1.694127] (stm32_mavlink_interface) StdoutLine: {'line': b'-- Up-to-date: /home/a/ws_moveit2/install/stm32_mavlink_interface/share/stm32_mavlink_interface/msg/EncoderConfig.idl\n'}
[1.694162] (stm32_mavlink_interface) StdoutLine: {'line': b'-- Up-to-date: /home/a/ws_moveit2/install/stm32_mavlink_interface/share/stm32_mavlink_interface/msg/RobomasterMotorCommand.idl\n'}
[1.694232] (stm32_mavlink_interface) StdoutLine: {'line': b'-- Up-to-date: /home/a/ws_moveit2/install/stm32_mavlink_interface/share/stm32_mavlink_interface/msg/RobomasterMotorState.idl\n'}
[1.694320] (stm32_mavlink_interface) StdoutLine: {'line': b'-- Up-to-date: /home/a/ws_moveit2/install/stm32_mavlink_interface/share/stm32_mavlink_interface/msg/RobomasterMotorConfig.idl\n'}
[1.694354] (stm32_mavlink_interface) StdoutLine: {'line': b'-- Up-to-date: /home/a/ws_moveit2/install/stm32_mavlink_interface/share/stm32_mavlink_interface/srv/SetServoConfig.idl\n'}
[1.694387] (stm32_mavlink_interface) StdoutLine: {'line': b'-- Up-to-date: /home/a/ws_moveit2/install/stm32_mavlink_interface/share/stm32_mavlink_interface/srv/SetEncoderConfig.idl\n'}
[1.694419] (stm32_mavlink_interface) StdoutLine: {'line': b'-- Up-to-date: /home/a/ws_moveit2/install/stm32_mavlink_interface/share/stm32_mavlink_interface/srv/SetRobomasterMotorConfig.idl\n'}
[1.694453] (stm32_mavlink_interface) StdoutLine: {'line': b'-- Up-to-date: /home/a/ws_moveit2/install/stm32_mavlink_interface/share/stm32_mavlink_interface/srv/GetRobomasterMotorConfig.idl\n'}
[1.694485] (stm32_mavlink_interface) StdoutLine: {'line': b'-- Up-to-date: /home/a/ws_moveit2/install/stm32_mavlink_interface/share/stm32_mavlink_interface/msg/ServoCommand.msg\n'}
[1.694590] (stm32_mavlink_interface) StdoutLine: {'line': b'-- Up-to-date: /home/a/ws_moveit2/install/stm32_mavlink_interface/share/stm32_mavlink_interface/msg/ServoState.msg\n'}
[1.694625] (stm32_mavlink_interface) StdoutLine: {'line': b'-- Up-to-date: /home/a/ws_moveit2/install/stm32_mavlink_interface/share/stm32_mavlink_interface/msg/EncoderState.msg\n'}
[1.694661] (stm32_mavlink_interface) StdoutLine: {'line': b'-- Up-to-date: /home/a/ws_moveit2/install/stm32_mavlink_interface/share/stm32_mavlink_interface/msg/EncoderConfig.msg\n'}
[1.694696] (stm32_mavlink_interface) StdoutLine: {'line': b'-- Installing: /home/a/ws_moveit2/install/stm32_mavlink_interface/share/stm32_mavlink_interface/msg/RobomasterMotorCommand.msg\n'}
[1.694732] (stm32_mavlink_interface) StdoutLine: {'line': b'-- Up-to-date: /home/a/ws_moveit2/install/stm32_mavlink_interface/share/stm32_mavlink_interface/msg/RobomasterMotorState.msg\n'}
[1.694768] (stm32_mavlink_interface) StdoutLine: {'line': b'-- Up-to-date: /home/a/ws_moveit2/install/stm32_mavlink_interface/share/stm32_mavlink_interface/msg/RobomasterMotorConfig.msg\n'}
[1.694803] (stm32_mavlink_interface) StdoutLine: {'line': b'-- Up-to-date: /home/a/ws_moveit2/install/stm32_mavlink_interface/share/stm32_mavlink_interface/srv/SetServoConfig.srv\n'}
[1.694840] (stm32_mavlink_interface) StdoutLine: {'line': b'-- Up-to-date: /home/a/ws_moveit2/install/stm32_mavlink_interface/share/stm32_mavlink_interface/srv/SetServoConfig_Request.msg\n'}
[1.694875] (stm32_mavlink_interface) StdoutLine: {'line': b'-- Up-to-date: /home/a/ws_moveit2/install/stm32_mavlink_interface/share/stm32_mavlink_interface/srv/SetServoConfig_Response.msg\n'}
[1.694911] (stm32_mavlink_interface) StdoutLine: {'line': b'-- Up-to-date: /home/a/ws_moveit2/install/stm32_mavlink_interface/share/stm32_mavlink_interface/srv/SetEncoderConfig.srv\n'}
[1.694946] (stm32_mavlink_interface) StdoutLine: {'line': b'-- Up-to-date: /home/a/ws_moveit2/install/stm32_mavlink_interface/share/stm32_mavlink_interface/srv/SetEncoderConfig_Request.msg\n'}
[1.694982] (stm32_mavlink_interface) StdoutLine: {'line': b'-- Up-to-date: /home/a/ws_moveit2/install/stm32_mavlink_interface/share/stm32_mavlink_interface/srv/SetEncoderConfig_Response.msg\n'}
[1.695016] (stm32_mavlink_interface) StdoutLine: {'line': b'-- Up-to-date: /home/a/ws_moveit2/install/stm32_mavlink_interface/share/stm32_mavlink_interface/srv/SetRobomasterMotorConfig.srv\n'}
[1.695051] (stm32_mavlink_interface) StdoutLine: {'line': b'-- Up-to-date: /home/a/ws_moveit2/install/stm32_mavlink_interface/share/stm32_mavlink_interface/srv/SetRobomasterMotorConfig_Request.msg\n'}
[1.695118] (stm32_mavlink_interface) StdoutLine: {'line': b'-- Up-to-date: /home/a/ws_moveit2/install/stm32_mavlink_interface/share/stm32_mavlink_interface/srv/SetRobomasterMotorConfig_Response.msg\n'}
[1.695157] (stm32_mavlink_interface) StdoutLine: {'line': b'-- Up-to-date: /home/a/ws_moveit2/install/stm32_mavlink_interface/share/stm32_mavlink_interface/srv/GetRobomasterMotorConfig.srv\n'}
[1.695244] (stm32_mavlink_interface) StdoutLine: {'line': b'-- Up-to-date: /home/a/ws_moveit2/install/stm32_mavlink_interface/share/stm32_mavlink_interface/srv/GetRobomasterMotorConfig_Request.msg\n'}
[1.695280] (stm32_mavlink_interface) StdoutLine: {'line': b'-- Up-to-date: /home/a/ws_moveit2/install/stm32_mavlink_interface/share/stm32_mavlink_interface/srv/GetRobomasterMotorConfig_Response.msg\n'}
[1.695314] (stm32_mavlink_interface) StdoutLine: {'line': b'-- Up-to-date: /home/a/ws_moveit2/install/stm32_mavlink_interface/lib/stm32_mavlink_interface/mavlink_serial_node\n'}
[1.695350] (stm32_mavlink_interface) StdoutLine: {'line': b'-- Up-to-date: /home/a/ws_moveit2/install/stm32_mavlink_interface/share/stm32_mavlink_interface/launch\n'}
[1.695419] (stm32_mavlink_interface) StdoutLine: {'line': b'-- Up-to-date: /home/a/ws_moveit2/install/stm32_mavlink_interface/share/stm32_mavlink_interface/launch/stm32_interface.launch.py\n'}
[1.695459] (stm32_mavlink_interface) StdoutLine: {'line': b'-- Up-to-date: /home/a/ws_moveit2/install/stm32_mavlink_interface/share/stm32_mavlink_interface/config\n'}
[1.695514] (stm32_mavlink_interface) StdoutLine: {'line': b'-- Up-to-date: /home/a/ws_moveit2/install/stm32_mavlink_interface/share/stm32_mavlink_interface/config/serial_config.yaml\n'}
[1.695585] (stm32_mavlink_interface) StdoutLine: {'line': b'-- Up-to-date: /home/a/ws_moveit2/install/stm32_mavlink_interface/include\n'}
[1.695620] (stm32_mavlink_interface) StdoutLine: {'line': b'-- Up-to-date: /home/a/ws_moveit2/install/stm32_mavlink_interface/include/mavlink\n'}
[1.695650] (stm32_mavlink_interface) StdoutLine: {'line': b'-- Up-to-date: /home/a/ws_moveit2/install/stm32_mavlink_interface/include/mavlink/log\n'}
[1.695714] (stm32_mavlink_interface) StdoutLine: {'line': b'-- Up-to-date: /home/a/ws_moveit2/install/stm32_mavlink_interface/include/mavlink/log/build_2025-09-09_15-02-58\n'}
[1.696011] (stm32_mavlink_interface) StdoutLine: {'line': b'-- Up-to-date: /home/a/ws_moveit2/install/stm32_mavlink_interface/include/mavlink/log/build_2025-09-09_15-02-58/logger_all.log\n'}
[1.696068] (stm32_mavlink_interface) StdoutLine: {'line': b'-- Up-to-date: /home/a/ws_moveit2/install/stm32_mavlink_interface/include/mavlink/log/build_2025-09-09_15-02-58/events.log\n'}
[1.696098] (stm32_mavlink_interface) StdoutLine: {'line': b'-- Up-to-date: /home/a/ws_moveit2/install/stm32_mavlink_interface/include/mavlink/log/COLCON_IGNORE\n'}
[1.696147] (stm32_mavlink_interface) StdoutLine: {'line': b'-- Up-to-date: /home/a/ws_moveit2/install/stm32_mavlink_interface/include/mavlink/log/latest\n'}
[1.696201] (stm32_mavlink_interface) StdoutLine: {'line': b'-- Up-to-date: /home/a/ws_moveit2/install/stm32_mavlink_interface/include/mavlink/log/latest_build\n'}
[1.696232] (stm32_mavlink_interface) StdoutLine: {'line': b'-- Up-to-date: /home/a/ws_moveit2/install/stm32_mavlink_interface/include/mavlink/c_library_v2\n'}
[1.696260] (stm32_mavlink_interface) StdoutLine: {'line': b'-- Up-to-date: /home/a/ws_moveit2/install/stm32_mavlink_interface/include/mavlink/c_library_v2/protocol.h\n'}
[1.696288] (stm32_mavlink_interface) StdoutLine: {'line': b'-- Up-to-date: /home/a/ws_moveit2/install/stm32_mavlink_interface/include/mavlink/c_library_v2/mavlink_helpers.h\n'}
[1.696315] (stm32_mavlink_interface) StdoutLine: {'line': b'-- Up-to-date: /home/a/ws_moveit2/install/stm32_mavlink_interface/include/mavlink/c_library_v2/checksum.h\n'}
[1.696383] (stm32_mavlink_interface) StdoutLine: {'line': b'-- Up-to-date: /home/a/ws_moveit2/install/stm32_mavlink_interface/include/mavlink/c_library_v2/paparazzi\n'}
[1.696412] (stm32_mavlink_interface) StdoutLine: {'line': b'-- Up-to-date: /home/a/ws_moveit2/install/stm32_mavlink_interface/include/mavlink/c_library_v2/paparazzi/mavlink_msg_script_count.h\n'}
[1.696441] (stm32_mavlink_interface) StdoutLine: {'line': b'-- Up-to-date: /home/a/ws_moveit2/install/stm32_mavlink_interface/include/mavlink/c_library_v2/paparazzi/mavlink_msg_script_item.h\n'}
[1.696505] (stm32_mavlink_interface) StdoutLine: {'line': b'-- Up-to-date: /home/a/ws_moveit2/install/stm32_mavlink_interface/include/mavlink/c_library_v2/paparazzi/mavlink_msg_script_request_list.h\n'}
[1.696586] (stm32_mavlink_interface) StdoutLine: {'line': b'-- Up-to-date: /home/a/ws_moveit2/install/stm32_mavlink_interface/include/mavlink/c_library_v2/paparazzi/paparazzi.h\n'}
[1.696652] (stm32_mavlink_interface) StdoutLine: {'line': b'-- Up-to-date: /home/a/ws_moveit2/install/stm32_mavlink_interface/include/mavlink/c_library_v2/paparazzi/version.h\n'}
[1.696715] (stm32_mavlink_interface) StdoutLine: {'line': b'-- Up-to-date: /home/a/ws_moveit2/install/stm32_mavlink_interface/include/mavlink/c_library_v2/paparazzi/mavlink_msg_script_request.h\n'}
[1.696777] (stm32_mavlink_interface) StdoutLine: {'line': b'-- Up-to-date: /home/a/ws_moveit2/install/stm32_mavlink_interface/include/mavlink/c_library_v2/paparazzi/mavlink_msg_script_current.h\n'}
[1.696836] (stm32_mavlink_interface) StdoutLine: {'line': b'-- Up-to-date: /home/a/ws_moveit2/install/stm32_mavlink_interface/include/mavlink/c_library_v2/paparazzi/testsuite.h\n'}
[1.696885] (stm32_mavlink_interface) StdoutLine: {'line': b'-- Up-to-date: /home/a/ws_moveit2/install/stm32_mavlink_interface/include/mavlink/c_library_v2/paparazzi/mavlink.h\n'}
[1.696942] (stm32_mavlink_interface) StdoutLine: {'line': b'-- Up-to-date: /home/a/ws_moveit2/install/stm32_mavlink_interface/include/mavlink/c_library_v2/common\n'}
[1.696970] (stm32_mavlink_interface) StdoutLine: {'line': b'-- Up-to-date: /home/a/ws_moveit2/install/stm32_mavlink_interface/include/mavlink/c_library_v2/common/mavlink_msg_v2_extension.h\n'}
[1.697029] (stm32_mavlink_interface) StdoutLine: {'line': b'-- Up-to-date: /home/a/ws_moveit2/install/stm32_mavlink_interface/include/mavlink/c_library_v2/common/mavlink_msg_logging_data.h\n'}
[1.697096] (stm32_mavlink_interface) StdoutLine: {'line': b'-- Up-to-date: /home/a/ws_moveit2/install/stm32_mavlink_interface/include/mavlink/c_library_v2/common/mavlink_msg_hil_gps.h\n'}
[1.697124] (stm32_mavlink_interface) StdoutLine: {'line': b'-- Up-to-date: /home/a/ws_moveit2/install/stm32_mavlink_interface/include/mavlink/c_library_v2/common/mavlink_msg_resource_request.h\n'}
[1.697154] (stm32_mavlink_interface) StdoutLine: {'line': b'-- Up-to-date: /home/a/ws_moveit2/install/stm32_mavlink_interface/include/mavlink/c_library_v2/common/mavlink_msg_local_position_ned.h\n'}
[1.697184] (stm32_mavlink_interface) StdoutLine: {'line': b'-- Up-to-date: /home/a/ws_moveit2/install/stm32_mavlink_interface/include/mavlink/c_library_v2/common/mavlink_msg_generator_status.h\n'}
[1.697295] (stm32_mavlink_interface) StdoutLine: {'line': b'-- Up-to-date: /home/a/ws_moveit2/install/stm32_mavlink_interface/include/mavlink/c_library_v2/common/mavlink_msg_named_value_float.h\n'}
[1.697324] (stm32_mavlink_interface) StdoutLine: {'line': b'-- Up-to-date: /home/a/ws_moveit2/install/stm32_mavlink_interface/include/mavlink/c_library_v2/common/mavlink_msg_command_ack.h\n'}
[1.697352] (stm32_mavlink_interface) StdoutLine: {'line': b'-- Up-to-date: /home/a/ws_moveit2/install/stm32_mavlink_interface/include/mavlink/c_library_v2/common/mavlink_msg_log_request_end.h\n'}
[1.697379] (stm32_mavlink_interface) StdoutLine: {'line': b'-- Up-to-date: /home/a/ws_moveit2/install/stm32_mavlink_interface/include/mavlink/c_library_v2/common/mavlink_msg_change_operator_control.h\n'}
[1.697406] (stm32_mavlink_interface) StdoutLine: {'line': b'-- Up-to-date: /home/a/ws_moveit2/install/stm32_mavlink_interface/include/mavlink/c_library_v2/common/mavlink_msg_encapsulated_data.h\n'}
[1.697431] (stm32_mavlink_interface) StdoutLine: {'line': b'-- Up-to-date: /home/a/ws_moveit2/install/stm32_mavlink_interface/include/mavlink/c_library_v2/common/mavlink_msg_current_event_sequence.h\n'}
[1.697502] (stm32_mavlink_interface) StdoutLine: {'line': b'-- Up-to-date: /home/a/ws_moveit2/install/stm32_mavlink_interface/include/mavlink/c_library_v2/common/mavlink_msg_available_modes.h\n'}
[1.697528] (stm32_mavlink_interface) StdoutLine: {'line': b'-- Up-to-date: /home/a/ws_moveit2/install/stm32_mavlink_interface/include/mavlink/c_library_v2/common/mavlink_msg_set_gps_global_origin.h\n'}
[1.697555] (stm32_mavlink_interface) StdoutLine: {'line': b'-- Up-to-date: /home/a/ws_moveit2/install/stm32_mavlink_interface/include/mavlink/c_library_v2/common/mavlink_msg_param_set.h\n'}
[1.697582] (stm32_mavlink_interface) StdoutLine: {'line': b'-- Up-to-date: /home/a/ws_moveit2/install/stm32_mavlink_interface/include/mavlink/c_library_v2/common/mavlink_msg_rc_channels_raw.h\n'}
[1.697609] (stm32_mavlink_interface) StdoutLine: {'line': b'-- Up-to-date: /home/a/ws_moveit2/install/stm32_mavlink_interface/include/mavlink/c_library_v2/common/mavlink_msg_auth_key.h\n'}
[1.697637] (stm32_mavlink_interface) StdoutLine: {'line': b'-- Up-to-date: /home/a/ws_moveit2/install/stm32_mavlink_interface/include/mavlink/c_library_v2/common/mavlink_msg_manual_control.h\n'}
[1.697664] (stm32_mavlink_interface) StdoutLine: {'line': b'-- Up-to-date: /home/a/ws_moveit2/install/stm32_mavlink_interface/include/mavlink/c_library_v2/common/mavlink_msg_setup_signing.h\n'}
[1.697690] (stm32_mavlink_interface) StdoutLine: {'line': b'-- Up-to-date: /home/a/ws_moveit2/install/stm32_mavlink_interface/include/mavlink/c_library_v2/common/mavlink_msg_request_data_stream.h\n'}
[1.697716] (stm32_mavlink_interface) StdoutLine: {'line': b'-- Up-to-date: /home/a/ws_moveit2/install/stm32_mavlink_interface/include/mavlink/c_library_v2/common/mavlink_msg_mission_set_current.h\n'}
[1.697743] (stm32_mavlink_interface) StdoutLine: {'line': b'-- Up-to-date: /home/a/ws_moveit2/install/stm32_mavlink_interface/include/mavlink/c_library_v2/common/mavlink_msg_command_cancel.h\n'}
[1.697769] (stm32_mavlink_interface) StdoutLine: {'line': b'-- Up-to-date: /home/a/ws_moveit2/install/stm32_mavlink_interface/include/mavlink/c_library_v2/common/mavlink_msg_mission_request_partial_list.h\n'}
[1.697798] (stm32_mavlink_interface) StdoutLine: {'line': b'-- Up-to-date: /home/a/ws_moveit2/install/stm32_mavlink_interface/include/mavlink/c_library_v2/common/mavlink_msg_component_metadata.h\n'}
[1.697825] (stm32_mavlink_interface) StdoutLine: {'line': b'-- Up-to-date: /home/a/ws_moveit2/install/stm32_mavlink_interface/include/mavlink/c_library_v2/common/mavlink_msg_terrain_check.h\n'}
[1.697852] (stm32_mavlink_interface) StdoutLine: {'line': b'-- Up-to-date: /home/a/ws_moveit2/install/stm32_mavlink_interface/include/mavlink/c_library_v2/common/mavlink_msg_open_drone_id_operator_id.h\n'}
[1.697882] (stm32_mavlink_interface) StdoutLine: {'line': b'-- Up-to-date: /home/a/ws_moveit2/install/stm32_mavlink_interface/include/mavlink/c_library_v2/common/mavlink_msg_gimbal_manager_status.h\n'}
[1.697915] (stm32_mavlink_interface) StdoutLine: {'line': b'-- Up-to-date: /home/a/ws_moveit2/install/stm32_mavlink_interface/include/mavlink/c_library_v2/common/mavlink_msg_raw_pressure.h\n'}
[1.697943] (stm32_mavlink_interface) StdoutLine: {'line': b'-- Up-to-date: /home/a/ws_moveit2/install/stm32_mavlink_interface/include/mavlink/c_library_v2/common/mavlink_msg_response_event_error.h\n'}
[1.697970] (stm32_mavlink_interface) StdoutLine: {'line': b'-- Up-to-date: /home/a/ws_moveit2/install/stm32_mavlink_interface/include/mavlink/c_library_v2/common/mavlink_msg_can_frame.h\n'}
[1.697997] (stm32_mavlink_interface) StdoutLine: {'line': b'-- Up-to-date: /home/a/ws_moveit2/install/stm32_mavlink_interface/include/mavlink/c_library_v2/common/mavlink_msg_log_entry.h\n'}
[1.698023] (stm32_mavlink_interface) StdoutLine: {'line': b'-- Up-to-date: /home/a/ws_moveit2/install/stm32_mavlink_interface/include/mavlink/c_library_v2/common/mavlink_msg_follow_target.h\n'}
[1.698052] (stm32_mavlink_interface) StdoutLine: {'line': b'-- Up-to-date: /home/a/ws_moveit2/install/stm32_mavlink_interface/include/mavlink/c_library_v2/common/mavlink_msg_camera_fov_status.h\n'}
[1.698123] (stm32_mavlink_interface) StdoutLine: {'line': b'-- Up-to-date: /home/a/ws_moveit2/install/stm32_mavlink_interface/include/mavlink/c_library_v2/common/mavlink_msg_log_data.h\n'}
[1.698224] (stm32_mavlink_interface) StdoutLine: {'line': b'-- Up-to-date: /home/a/ws_moveit2/install/stm32_mavlink_interface/include/mavlink/c_library_v2/common/mavlink_msg_autopilot_state_for_gimbal_device.h\n'}
[1.698317] (stm32_mavlink_interface) StdoutLine: {'line': b'-- Up-to-date: /home/a/ws_moveit2/install/stm32_mavlink_interface/include/mavlink/c_library_v2/common/mavlink_msg_open_drone_id_authentication.h\n'}
[1.698345] (stm32_mavlink_interface) StdoutLine: {'line': b'-- Up-to-date: /home/a/ws_moveit2/install/stm32_mavlink_interface/include/mavlink/c_library_v2/common/mavlink_msg_gps2_raw.h\n'}
[1.698371] (stm32_mavlink_interface) StdoutLine: {'line': b'-- Up-to-date: /home/a/ws_moveit2/install/stm32_mavlink_interface/include/mavlink/c_library_v2/common/mavlink_msg_battery_info.h\n'}
[1.698398] (stm32_mavlink_interface) StdoutLine: {'line': b'-- Up-to-date: /home/a/ws_moveit2/install/stm32_mavlink_interface/include/mavlink/c_library_v2/common/mavlink_msg_can_filter_modify.h\n'}
[1.698626] (stm32_mavlink_interface) StdoutLine: {'line': b'-- Up-to-date: /home/a/ws_moveit2/install/stm32_mavlink_interface/include/mavlink/c_library_v2/common/mavlink_msg_hil_state_quaternion.h\n'}
[1.698656] (stm32_mavlink_interface) StdoutLine: {'line': b'-- Up-to-date: /home/a/ws_moveit2/install/stm32_mavlink_interface/include/mavlink/c_library_v2/common/mavlink_msg_trajectory_representation_bezier.h\n'}
[1.698685] (stm32_mavlink_interface) StdoutLine: {'line': b'-- Up-to-date: /home/a/ws_moveit2/install/stm32_mavlink_interface/include/mavlink/c_library_v2/common/mavlink_msg_open_drone_id_arm_status.h\n'}
[1.698712] (stm32_mavlink_interface) StdoutLine: {'line': b'-- Up-to-date: /home/a/ws_moveit2/install/stm32_mavlink_interface/include/mavlink/c_library_v2/common/mavlink_msg_open_drone_id_system.h\n'}
[1.698739] (stm32_mavlink_interface) StdoutLine: {'line': b'-- Up-to-date: /home/a/ws_moveit2/install/stm32_mavlink_interface/include/mavlink/c_library_v2/common/mavlink_msg_log_request_data.h\n'}
[1.698768] (stm32_mavlink_interface) StdoutLine: {'line': b'-- Up-to-date: /home/a/ws_moveit2/install/stm32_mavlink_interface/include/mavlink/c_library_v2/common/mavlink_msg_storage_information.h\n'}
[1.698796] (stm32_mavlink_interface) StdoutLine: {'line': b'-- Up-to-date: /home/a/ws_moveit2/install/stm32_mavlink_interface/include/mavlink/c_library_v2/common/mavlink_msg_open_drone_id_location.h\n'}
[1.698824] (stm32_mavlink_interface) StdoutLine: {'line': b'-- Up-to-date: /home/a/ws_moveit2/install/stm32_mavlink_interface/include/mavlink/c_library_v2/common/mavlink_msg_wind_cov.h\n'}
[1.698852] (stm32_mavlink_interface) StdoutLine: {'line': b'-- Up-to-date: /home/a/ws_moveit2/install/stm32_mavlink_interface/include/mavlink/c_library_v2/common/mavlink_msg_set_position_target_global_int.h\n'}
[1.698880] (stm32_mavlink_interface) StdoutLine: {'line': b'-- Up-to-date: /home/a/ws_moveit2/install/stm32_mavlink_interface/include/mavlink/c_library_v2/common/mavlink_msg_flight_information.h\n'}
[1.698955] (stm32_mavlink_interface) StdoutLine: {'line': b'-- Up-to-date: /home/a/ws_moveit2/install/stm32_mavlink_interface/include/mavlink/c_library_v2/common/mavlink_msg_named_value_int.h\n'}
[1.699124] (stm32_mavlink_interface) StdoutLine: {'line': b'-- Up-to-date: /home/a/ws_moveit2/install/stm32_mavlink_interface/include/mavlink/c_library_v2/common/mavlink_msg_nav_controller_output.h\n'}
[1.699178] (stm32_mavlink_interface) StdoutLine: {'line': b'-- Up-to-date: /home/a/ws_moveit2/install/stm32_mavlink_interface/include/mavlink/c_library_v2/common/mavlink_msg_isbd_link_status.h\n'}
[1.699207] (stm32_mavlink_interface) StdoutLine: {'line': b'-- Up-to-date: /home/a/ws_moveit2/install/stm32_mavlink_interface/include/mavlink/c_library_v2/common/mavlink_msg_scaled_imu.h\n'}
[1.699242] (stm32_mavlink_interface) StdoutLine: {'line': b'-- Up-to-date: /home/a/ws_moveit2/install/stm32_mavlink_interface/include/mavlink/c_library_v2/common/mavlink_msg_set_position_target_local_ned.h\n'}
[1.699333] (stm32_mavlink_interface) StdoutLine: {'line': b'-- Up-to-date: /home/a/ws_moveit2/install/stm32_mavlink_interface/include/mavlink/c_library_v2/common/mavlink_msg_data_transmission_handshake.h\n'}
[1.699361] (stm32_mavlink_interface) StdoutLine: {'line': b'-- Up-to-date: /home/a/ws_moveit2/install/stm32_mavlink_interface/include/mavlink/c_library_v2/common/mavlink_msg_camera_image_captured.h\n'}
[1.699445] (stm32_mavlink_interface) StdoutLine: {'line': b'-- Up-to-date: /home/a/ws_moveit2/install/stm32_mavlink_interface/include/mavlink/c_library_v2/common/mavlink_msg_mission_ack.h\n'}
[1.699497] (stm32_mavlink_interface) StdoutLine: {'line': b'-- Up-to-date: /home/a/ws_moveit2/install/stm32_mavlink_interface/include/mavlink/c_library_v2/common/mavlink_msg_hygrometer_sensor.h\n'}
[1.699523] (stm32_mavlink_interface) StdoutLine: {'line': b'-- Up-to-date: /home/a/ws_moveit2/install/stm32_mavlink_interface/include/mavlink/c_library_v2/common/mavlink_msg_esc_info.h\n'}
[1.699550] (stm32_mavlink_interface) StdoutLine: {'line': b'-- Up-to-date: /home/a/ws_moveit2/install/stm32_mavlink_interface/include/mavlink/c_library_v2/common/mavlink_msg_attitude_quaternion_cov.h\n'}
[1.699616] (stm32_mavlink_interface) StdoutLine: {'line': b'-- Up-to-date: /home/a/ws_moveit2/install/stm32_mavlink_interface/include/mavlink/c_library_v2/common/mavlink_msg_link_node_status.h\n'}
[1.699646] (stm32_mavlink_interface) StdoutLine: {'line': b'-- Up-to-date: /home/a/ws_moveit2/install/stm32_mavlink_interface/include/mavlink/c_library_v2/common/mavlink_msg_sys_status.h\n'}
[1.699674] (stm32_mavlink_interface) StdoutLine: {'line': b'-- Up-to-date: /home/a/ws_moveit2/install/stm32_mavlink_interface/include/mavlink/c_library_v2/common/mavlink_msg_mission_item.h\n'}
[1.699732] (stm32_mavlink_interface) StdoutLine: {'line': b'-- Up-to-date: /home/a/ws_moveit2/install/stm32_mavlink_interface/include/mavlink/c_library_v2/common/mavlink_msg_supported_tunes.h\n'}
[1.699760] (stm32_mavlink_interface) StdoutLine: {'line': b'-- Up-to-date: /home/a/ws_moveit2/install/stm32_mavlink_interface/include/mavlink/c_library_v2/common/mavlink_msg_gimbal_device_attitude_status.h\n'}
[1.699791] (stm32_mavlink_interface) StdoutLine: {'line': b'-- Up-to-date: /home/a/ws_moveit2/install/stm32_mavlink_interface/include/mavlink/c_library_v2/common/mavlink_msg_open_drone_id_message_pack.h\n'}
[1.699818] (stm32_mavlink_interface) StdoutLine: {'line': b'-- Up-to-date: /home/a/ws_moveit2/install/stm32_mavlink_interface/include/mavlink/c_library_v2/common/mavlink_msg_terrain_report.h\n'}
[1.699899] (stm32_mavlink_interface) StdoutLine: {'line': b'-- Up-to-date: /home/a/ws_moveit2/install/stm32_mavlink_interface/include/mavlink/c_library_v2/common/mavlink_msg_estimator_status.h\n'}
[1.699927] (stm32_mavlink_interface) StdoutLine: {'line': b'-- Up-to-date: /home/a/ws_moveit2/install/stm32_mavlink_interface/include/mavlink/c_library_v2/common/mavlink_msg_rc_channels.h\n'}
[1.699997] (stm32_mavlink_interface) StdoutLine: {'line': b'-- Up-to-date: /home/a/ws_moveit2/install/stm32_mavlink_interface/include/mavlink/c_library_v2/common/mavlink_msg_hil_rc_inputs_raw.h\n'}
[1.700025] (stm32_mavlink_interface) StdoutLine: {'line': b'-- Up-to-date: /home/a/ws_moveit2/install/stm32_mavlink_interface/include/mavlink/c_library_v2/common/mavlink_msg_param_ext_ack.h\n'}
[1.700053] (stm32_mavlink_interface) StdoutLine: {'line': b'-- Up-to-date: /home/a/ws_moveit2/install/stm32_mavlink_interface/include/mavlink/c_library_v2/common/mavlink_msg_global_position_int_cov.h\n'}
[1.700111] (stm32_mavlink_interface) StdoutLine: {'line': b'-- Up-to-date: /home/a/ws_moveit2/install/stm32_mavlink_interface/include/mavlink/c_library_v2/common/mavlink_msg_actuator_output_status.h\n'}
[1.700167] (stm32_mavlink_interface) StdoutLine: {'line': b'-- Up-to-date: /home/a/ws_moveit2/install/stm32_mavlink_interface/include/mavlink/c_library_v2/common/mavlink_msg_gps_inject_data.h\n'}
[1.700220] (stm32_mavlink_interface) StdoutLine: {'line': b'-- Up-to-date: /home/a/ws_moveit2/install/stm32_mavlink_interface/include/mavlink/c_library_v2/common/mavlink_msg_log_request_list.h\n'}
[1.700252] (stm32_mavlink_interface) StdoutLine: {'line': b'-- Up-to-date: /home/a/ws_moveit2/install/stm32_mavlink_interface/include/mavlink/c_library_v2/common/mavlink_msg_ping.h\n'}
[1.700291] (stm32_mavlink_interface) StdoutLine: {'line': b'-- Up-to-date: /home/a/ws_moveit2/install/stm32_mavlink_interface/include/mavlink/c_library_v2/common/mavlink_msg_command_long.h\n'}
[1.700320] (stm32_mavlink_interface) StdoutLine: {'line': b'-- Up-to-date: /home/a/ws_moveit2/install/stm32_mavlink_interface/include/mavlink/c_library_v2/common/mavlink_msg_system_time.h\n'}
[1.700347] (stm32_mavlink_interface) StdoutLine: {'line': b'-- Up-to-date: /home/a/ws_moveit2/install/stm32_mavlink_interface/include/mavlink/c_library_v2/common/mavlink_msg_memory_vect.h\n'}
[1.700374] (stm32_mavlink_interface) StdoutLine: {'line': b'-- Up-to-date: /home/a/ws_moveit2/install/stm32_mavlink_interface/include/mavlink/c_library_v2/common/mavlink_msg_event.h\n'}
[1.700424] (stm32_mavlink_interface) StdoutLine: {'line': b'-- Up-to-date: /home/a/ws_moveit2/install/stm32_mavlink_interface/include/mavlink/c_library_v2/common/mavlink_msg_scaled_imu2.h\n'}
[1.700452] (stm32_mavlink_interface) StdoutLine: {'line': b'-- Up-to-date: /home/a/ws_moveit2/install/stm32_mavlink_interface/include/mavlink/c_library_v2/common/mavlink_msg_gps_rtk.h\n'}
[1.700479] (stm32_mavlink_interface) StdoutLine: {'line': b'-- Up-to-date: /home/a/ws_moveit2/install/stm32_mavlink_interface/include/mavlink/c_library_v2/common/mavlink_msg_camera_thermal_range.h\n'}
[1.700505] (stm32_mavlink_interface) StdoutLine: {'line': b'-- Up-to-date: /home/a/ws_moveit2/install/stm32_mavlink_interface/include/mavlink/c_library_v2/common/mavlink_msg_high_latency.h\n'}
[1.700532] (stm32_mavlink_interface) StdoutLine: {'line': b'-- Up-to-date: /home/a/ws_moveit2/install/stm32_mavlink_interface/include/mavlink/c_library_v2/common/mavlink_msg_manual_setpoint.h\n'}
[1.700558] (stm32_mavlink_interface) StdoutLine: {'line': b'-- Up-to-date: /home/a/ws_moveit2/install/stm32_mavlink_interface/include/mavlink/c_library_v2/common/mavlink_msg_open_drone_id_self_id.h\n'}
[1.700585] (stm32_mavlink_interface) StdoutLine: {'line': b'-- Up-to-date: /home/a/ws_moveit2/install/stm32_mavlink_interface/include/mavlink/c_library_v2/common/mavlink_msg_global_vision_position_estimate.h\n'}
[1.700612] (stm32_mavlink_interface) StdoutLine: {'line': b'-- Up-to-date: /home/a/ws_moveit2/install/stm32_mavlink_interface/include/mavlink/c_library_v2/common/mavlink_msg_trajectory_representation_waypoints.h\n'}
[1.700639] (stm32_mavlink_interface) StdoutLine: {'line': b'-- Up-to-date: /home/a/ws_moveit2/install/stm32_mavlink_interface/include/mavlink/c_library_v2/common/mavlink_msg_rc_channels_override.h\n'}
[1.700666] (stm32_mavlink_interface) StdoutLine: {'line': b'-- Up-to-date: /home/a/ws_moveit2/install/stm32_mavlink_interface/include/mavlink/c_library_v2/common/mavlink_msg_camera_trigger.h\n'}
[1.700693] (stm32_mavlink_interface) StdoutLine: {'line': b'-- Up-to-date: /home/a/ws_moveit2/install/stm32_mavlink_interface/include/mavlink/c_library_v2/common/mavlink_msg_component_information.h\n'}
[1.700720] (stm32_mavlink_interface) StdoutLine: {'line': b'-- Up-to-date: /home/a/ws_moveit2/install/stm32_mavlink_interface/include/mavlink/c_library_v2/common/mavlink_msg_scaled_pressure3.h\n'}
[1.700746] (stm32_mavlink_interface) StdoutLine: {'line': b'-- Up-to-date: /home/a/ws_moveit2/install/stm32_mavlink_interface/include/mavlink/c_library_v2/common/mavlink_msg_gps_global_origin.h\n'}
[1.700818] (stm32_mavlink_interface) StdoutLine: {'line': b'-- Up-to-date: /home/a/ws_moveit2/install/stm32_mavlink_interface/include/mavlink/c_library_v2/common/mavlink_msg_set_actuator_control_target.h\n'}
[1.700846] (stm32_mavlink_interface) StdoutLine: {'line': b'-- Up-to-date: /home/a/ws_moveit2/install/stm32_mavlink_interface/include/mavlink/c_library_v2/common/mavlink_msg_cellular_status.h\n'}
[1.700873] (stm32_mavlink_interface) StdoutLine: {'line': b'-- Up-to-date: /home/a/ws_moveit2/install/stm32_mavlink_interface/include/mavlink/c_library_v2/common/mavlink_msg_time_estimate_to_target.h\n'}
[1.700903] (stm32_mavlink_interface) StdoutLine: {'line': b'-- Up-to-date: /home/a/ws_moveit2/install/stm32_mavlink_interface/include/mavlink/c_library_v2/common/mavlink_msg_logging_ack.h\n'}
[1.700929] (stm32_mavlink_interface) StdoutLine: {'line': b'-- Up-to-date: /home/a/ws_moveit2/install/stm32_mavlink_interface/include/mavlink/c_library_v2/common/mavlink_msg_wheel_distance.h\n'}
[1.700954] (stm32_mavlink_interface) StdoutLine: {'line': b'-- Up-to-date: /home/a/ws_moveit2/install/stm32_mavlink_interface/include/mavlink/c_library_v2/common/mavlink_msg_terrain_data.h\n'}
[1.700980] (stm32_mavlink_interface) StdoutLine: {'line': b'-- Up-to-date: /home/a/ws_moveit2/install/stm32_mavlink_interface/include/mavlink/c_library_v2/common/mavlink_msg_obstacle_distance.h\n'}
[1.701006] (stm32_mavlink_interface) StdoutLine: {'line': b'-- Up-to-date: /home/a/ws_moveit2/install/stm32_mavlink_interface/include/mavlink/c_library_v2/common/mavlink_msg_sim_state.h\n'}
[1.701032] (stm32_mavlink_interface) StdoutLine: {'line': b'-- Up-to-date: /home/a/ws_moveit2/install/stm32_mavlink_interface/include/mavlink/c_library_v2/common/mavlink_msg_utm_global_position.h\n'}
[1.701059] (stm32_mavlink_interface) StdoutLine: {'line': b'-- Up-to-date: /home/a/ws_moveit2/install/stm32_mavlink_interface/include/mavlink/c_library_v2/common/mavlink_msg_current_mode.h\n'}
[1.701085] (stm32_mavlink_interface) StdoutLine: {'line': b'-- Up-to-date: /home/a/ws_moveit2/install/stm32_mavlink_interface/include/mavlink/c_library_v2/common/mavlink_msg_set_home_position.h\n'}
[1.701112] (stm32_mavlink_interface) StdoutLine: {'line': b'-- Up-to-date: /home/a/ws_moveit2/install/stm32_mavlink_interface/include/mavlink/c_library_v2/common/mavlink_msg_scaled_imu3.h\n'}
[1.701138] (stm32_mavlink_interface) StdoutLine: {'line': b'-- Up-to-date: /home/a/ws_moveit2/install/stm32_mavlink_interface/include/mavlink/c_library_v2/common/mavlink_msg_rc_channels_scaled.h\n'}
[1.701164] (stm32_mavlink_interface) StdoutLine: {'line': b'-- Up-to-date: /home/a/ws_moveit2/install/stm32_mavlink_interface/include/mavlink/c_library_v2/common/mavlink_msg_mission_item_int.h\n'}
[1.701190] (stm32_mavlink_interface) StdoutLine: {'line': b'-- Up-to-date: /home/a/ws_moveit2/install/stm32_mavlink_interface/include/mavlink/c_library_v2/common/mavlink_msg_param_ext_request_list.h\n'}
[1.701219] (stm32_mavlink_interface) StdoutLine: {'line': b'-- Up-to-date: /home/a/ws_moveit2/install/stm32_mavlink_interface/include/mavlink/c_library_v2/common/mavlink_msg_att_pos_mocap.h\n'}
[1.701250] (stm32_mavlink_interface) StdoutLine: {'line': b'-- Up-to-date: /home/a/ws_moveit2/install/stm32_mavlink_interface/include/mavlink/c_library_v2/common/version.h\n'}
[1.701277] (stm32_mavlink_interface) StdoutLine: {'line': b'-- Up-to-date: /home/a/ws_moveit2/install/stm32_mavlink_interface/include/mavlink/c_library_v2/common/mavlink_msg_camera_capture_status.h\n'}
[1.701302] (stm32_mavlink_interface) StdoutLine: {'line': b'-- Up-to-date: /home/a/ws_moveit2/install/stm32_mavlink_interface/include/mavlink/c_library_v2/common/mavlink_msg_serial_control.h\n'}
[1.701328] (stm32_mavlink_interface) StdoutLine: {'line': b'-- Up-to-date: /home/a/ws_moveit2/install/stm32_mavlink_interface/include/mavlink/c_library_v2/common/mavlink_msg_camera_tracking_geo_status.h\n'}
[1.701354] (stm32_mavlink_interface) StdoutLine: {'line': b'-- Up-to-date: /home/a/ws_moveit2/install/stm32_mavlink_interface/include/mavlink/c_library_v2/common/mavlink_msg_mission_request_int.h\n'}
[1.701380] (stm32_mavlink_interface) StdoutLine: {'line': b'-- Up-to-date: /home/a/ws_moveit2/install/stm32_mavlink_interface/include/mavlink/c_library_v2/common/mavlink_msg_open_drone_id_system_update.h\n'}
[1.701408] (stm32_mavlink_interface) StdoutLine: {'line': b'-- Up-to-date: /home/a/ws_moveit2/install/stm32_mavlink_interface/include/mavlink/c_library_v2/common/mavlink_msg_fence_status.h\n'}
[1.701434] (stm32_mavlink_interface) StdoutLine: {'line': b'-- Up-to-date: /home/a/ws_moveit2/install/stm32_mavlink_interface/include/mavlink/c_library_v2/common/mavlink_msg_fuel_status.h\n'}
[1.701461] (stm32_mavlink_interface) StdoutLine: {'line': b'-- Up-to-date: /home/a/ws_moveit2/install/stm32_mavlink_interface/include/mavlink/c_library_v2/common/mavlink_msg_gps_input.h\n'}
[1.701488] (stm32_mavlink_interface) StdoutLine: {'line': b'-- Up-to-date: /home/a/ws_moveit2/install/stm32_mavlink_interface/include/mavlink/c_library_v2/common/mavlink_msg_gimbal_manager_information.h\n'}
[1.701515] (stm32_mavlink_interface) StdoutLine: {'line': b'-- Up-to-date: /home/a/ws_moveit2/install/stm32_mavlink_interface/include/mavlink/c_library_v2/common/mavlink_msg_camera_settings.h\n'}
[1.701541] (stm32_mavlink_interface) StdoutLine: {'line': b'-- Up-to-date: /home/a/ws_moveit2/install/stm32_mavlink_interface/include/mavlink/c_library_v2/common/mavlink_msg_param_value.h\n'}
[1.701568] (stm32_mavlink_interface) StdoutLine: {'line': b'-- Up-to-date: /home/a/ws_moveit2/install/stm32_mavlink_interface/include/mavlink/c_library_v2/common/mavlink_msg_video_stream_status.h\n'}
[1.701594] (stm32_mavlink_interface) StdoutLine: {'line': b'-- Up-to-date: /home/a/ws_moveit2/install/stm32_mavlink_interface/include/mavlink/c_library_v2/common/mavlink_msg_actuator_control_target.h\n'}
[1.701620] (stm32_mavlink_interface) StdoutLine: {'line': b'-- Up-to-date: /home/a/ws_moveit2/install/stm32_mavlink_interface/include/mavlink/c_library_v2/common/mavlink_msg_data_stream.h\n'}
[1.701646] (stm32_mavlink_interface) StdoutLine: {'line': b'-- Up-to-date: /home/a/ws_moveit2/install/stm32_mavlink_interface/include/mavlink/c_library_v2/common/mavlink_msg_wifi_config_ap.h\n'}
[1.701672] (stm32_mavlink_interface) StdoutLine: {'line': b'-- Up-to-date: /home/a/ws_moveit2/install/stm32_mavlink_interface/include/mavlink/c_library_v2/common/mavlink_msg_power_status.h\n'}
[1.701698] (stm32_mavlink_interface) StdoutLine: {'line': b'-- Up-to-date: /home/a/ws_moveit2/install/stm32_mavlink_interface/include/mavlink/c_library_v2/common/mavlink_msg_mount_orientation.h\n'}
[1.701727] (-) TimerEvent: {}
[1.701862] (stm32_mavlink_interface) StdoutLine: {'line': b'-- Up-to-date: /home/a/ws_moveit2/install/stm32_mavlink_interface/include/mavlink/c_library_v2/common/mavlink_msg_mission_count.h\n'}
[1.701898] (stm32_mavlink_interface) StdoutLine: {'line': b'-- Up-to-date: /home/a/ws_moveit2/install/stm32_mavlink_interface/include/mavlink/c_library_v2/common/mavlink_msg_vicon_position_estimate.h\n'}
[1.701927] (stm32_mavlink_interface) StdoutLine: {'line': b'-- Up-to-date: /home/a/ws_moveit2/install/stm32_mavlink_interface/include/mavlink/c_library_v2/common/mavlink_msg_command_int.h\n'}
[1.701955] (stm32_mavlink_interface) StdoutLine: {'line': b'-- Up-to-date: /home/a/ws_moveit2/install/stm32_mavlink_interface/include/mavlink/c_library_v2/common/mavlink_msg_mission_current.h\n'}
[1.701982] (stm32_mavlink_interface) StdoutLine: {'line': b'-- Up-to-date: /home/a/ws_moveit2/install/stm32_mavlink_interface/include/mavlink/c_library_v2/common/mavlink_msg_uavcan_node_status.h\n'}
[1.702009] (stm32_mavlink_interface) StdoutLine: {'line': b'-- Up-to-date: /home/a/ws_moveit2/install/stm32_mavlink_interface/include/mavlink/c_library_v2/common/mavlink_msg_home_position.h\n'}
[1.702036] (stm32_mavlink_interface) StdoutLine: {'line': b'-- Up-to-date: /home/a/ws_moveit2/install/stm32_mavlink_interface/include/mavlink/c_library_v2/common/mavlink_msg_debug_vect.h\n'}
[1.702063] (stm32_mavlink_interface) StdoutLine: {'line': b'-- Up-to-date: /home/a/ws_moveit2/install/stm32_mavlink_interface/include/mavlink/c_library_v2/common/mavlink_msg_set_attitude_target.h\n'}
[1.702089] (stm32_mavlink_interface) StdoutLine: {'line': b'-- Up-to-date: /home/a/ws_moveit2/install/stm32_mavlink_interface/include/mavlink/c_library_v2/common/mavlink_msg_open_drone_id_basic_id.h\n'}
[1.702117] (stm32_mavlink_interface) StdoutLine: {'line': b'-- Up-to-date: /home/a/ws_moveit2/install/stm32_mavlink_interface/include/mavlink/c_library_v2/common/mavlink_msg_button_change.h\n'}
[1.702144] (stm32_mavlink_interface) StdoutLine: {'line': b'-- Up-to-date: /home/a/ws_moveit2/install/stm32_mavlink_interface/include/mavlink/c_library_v2/common/mavlink_msg_high_latency2.h\n'}
[1.702172] (stm32_mavlink_interface) StdoutLine: {'line': b'-- Up-to-date: /home/a/ws_moveit2/install/stm32_mavlink_interface/include/mavlink/c_library_v2/common/mavlink_msg_gps2_rtk.h\n'}
[1.702199] (stm32_mavlink_interface) StdoutLine: {'line': b'-- Up-to-date: /home/a/ws_moveit2/install/stm32_mavlink_interface/include/mavlink/c_library_v2/common/mavlink_msg_logging_data_acked.h\n'}
[1.702230] (stm32_mavlink_interface) StdoutLine: {'line': b'-- Up-to-date: /home/a/ws_moveit2/install/stm32_mavlink_interface/include/mavlink/c_library_v2/common/mavlink_msg_set_mode.h\n'}
[1.702258] (stm32_mavlink_interface) StdoutLine: {'line': b'-- Up-to-date: /home/a/ws_moveit2/install/stm32_mavlink_interface/include/mavlink/c_library_v2/common/mavlink_msg_gimbal_manager_set_manual_control.h\n'}
[1.702284] (stm32_mavlink_interface) StdoutLine: {'line': b'-- Up-to-date: /home/a/ws_moveit2/install/stm32_mavlink_interface/include/mavlink/c_library_v2/common/mavlink_msg_attitude.h\n'}
[1.702448] (stm32_mavlink_interface) StdoutLine: {'line': b'-- Up-to-date: /home/a/ws_moveit2/install/stm32_mavlink_interface/include/mavlink/c_library_v2/common/mavlink_msg_illuminator_status.h\n'}
[1.702477] (stm32_mavlink_interface) StdoutLine: {'line': b'-- Up-to-date: /home/a/ws_moveit2/install/stm32_mavlink_interface/include/mavlink/c_library_v2/common/mavlink_msg_raw_rpm.h\n'}
[1.702505] (stm32_mavlink_interface) StdoutLine: {'line': b'-- Up-to-date: /home/a/ws_moveit2/install/stm32_mavlink_interface/include/mavlink/c_library_v2/common/mavlink_msg_optical_flow_rad.h\n'}
[1.702532] (stm32_mavlink_interface) StdoutLine: {'line': b'-- Up-to-date: /home/a/ws_moveit2/install/stm32_mavlink_interface/include/mavlink/c_library_v2/common/mavlink_msg_esc_status.h\n'}
[1.702559] (stm32_mavlink_interface) StdoutLine: {'line': b'-- Up-to-date: /home/a/ws_moveit2/install/stm32_mavlink_interface/include/mavlink/c_library_v2/common/mavlink_msg_position_target_local_ned.h\n'}
[1.702586] (stm32_mavlink_interface) StdoutLine: {'line': b'-- Up-to-date: /home/a/ws_moveit2/install/stm32_mavlink_interface/include/mavlink/c_library_v2/common/mavlink_msg_gps_rtcm_data.h\n'}
[1.702613] (stm32_mavlink_interface) StdoutLine: {'line': b'-- Up-to-date: /home/a/ws_moveit2/install/stm32_mavlink_interface/include/mavlink/c_library_v2/common/mavlink_msg_available_modes_monitor.h\n'}
[1.702772] (stm32_mavlink_interface) StdoutLine: {'line': b'-- Up-to-date: /home/a/ws_moveit2/install/stm32_mavlink_interface/include/mavlink/c_library_v2/common/mavlink_msg_local_position_ned_system_global_offset.h\n'}
[1.702802] (stm32_mavlink_interface) StdoutLine: {'line': b'-- Up-to-date: /home/a/ws_moveit2/install/stm32_mavlink_interface/include/mavlink/c_library_v2/common/mavlink_msg_attitude_target.h\n'}
[1.702830] (stm32_mavlink_interface) StdoutLine: {'line': b'-- Up-to-date: /home/a/ws_moveit2/install/stm32_mavlink_interface/include/mavlink/c_library_v2/common/mavlink_msg_canfd_frame.h\n'}
[1.702857] (stm32_mavlink_interface) StdoutLine: {'line': b'-- Up-to-date: /home/a/ws_moveit2/install/stm32_mavlink_interface/include/mavlink/c_library_v2/common/mavlink_msg_hil_actuator_controls.h\n'}
[1.702884] (stm32_mavlink_interface) StdoutLine: {'line': b'-- Up-to-date: /home/a/ws_moveit2/install/stm32_mavlink_interface/include/mavlink/c_library_v2/common/mavlink_msg_adsb_vehicle.h\n'}
[1.702911] (stm32_mavlink_interface) StdoutLine: {'line': b'-- Up-to-date: /home/a/ws_moveit2/install/stm32_mavlink_interface/include/mavlink/c_library_v2/common/mavlink_msg_position_target_global_int.h\n'}
[1.702938] (stm32_mavlink_interface) StdoutLine: {'line': b'-- Up-to-date: /home/a/ws_moveit2/install/stm32_mavlink_interface/include/mavlink/c_library_v2/common/mavlink_msg_vision_speed_estimate.h\n'}
[1.703047] (stm32_mavlink_interface) StdoutLine: {'line': b'-- Up-to-date: /home/a/ws_moveit2/install/stm32_mavlink_interface/include/mavlink/c_library_v2/common/mavlink_msg_distance_sensor.h\n'}
[1.703075] (stm32_mavlink_interface) StdoutLine: {'line': b'-- Up-to-date: /home/a/ws_moveit2/install/stm32_mavlink_interface/include/mavlink/c_library_v2/common/mavlink_msg_attitude_quaternion.h\n'}
[1.703103] (stm32_mavlink_interface) StdoutLine: {'line': b'-- Up-to-date: /home/a/ws_moveit2/install/stm32_mavlink_interface/include/mavlink/c_library_v2/common/mavlink_msg_mission_request_list.h\n'}
[1.703130] (stm32_mavlink_interface) StdoutLine: {'line': b'-- Up-to-date: /home/a/ws_moveit2/install/stm32_mavlink_interface/include/mavlink/c_library_v2/common/mavlink_msg_collision.h\n'}
[1.703157] (stm32_mavlink_interface) StdoutLine: {'line': b'-- Up-to-date: /home/a/ws_moveit2/install/stm32_mavlink_interface/include/mavlink/c_library_v2/common/mavlink_msg_cellular_config.h\n'}
[1.703184] (stm32_mavlink_interface) StdoutLine: {'line': b'-- Up-to-date: /home/a/ws_moveit2/install/stm32_mavlink_interface/include/mavlink/c_library_v2/common/mavlink_msg_altitude.h\n'}
[1.703211] (stm32_mavlink_interface) StdoutLine: {'line': b'-- Up-to-date: /home/a/ws_moveit2/install/stm32_mavlink_interface/include/mavlink/c_library_v2/common/mavlink_msg_mission_request.h\n'}
[1.703242] (stm32_mavlink_interface) StdoutLine: {'line': b'-- Up-to-date: /home/a/ws_moveit2/install/stm32_mavlink_interface/include/mavlink/c_library_v2/common/mavlink_msg_servo_output_raw.h\n'}
[1.703269] (stm32_mavlink_interface) StdoutLine: {'line': b'-- Up-to-date: /home/a/ws_moveit2/install/stm32_mavlink_interface/include/mavlink/c_library_v2/common/mavlink_msg_onboard_computer_status.h\n'}
[1.703298] (stm32_mavlink_interface) StdoutLine: {'line': b'-- Up-to-date: /home/a/ws_moveit2/install/stm32_mavlink_interface/include/mavlink/c_library_v2/common/mavlink_msg_log_erase.h\n'}
[1.703325] (stm32_mavlink_interface) StdoutLine: {'line': b'-- Up-to-date: /home/a/ws_moveit2/install/stm32_mavlink_interface/include/mavlink/c_library_v2/common/mavlink_msg_control_system_state.h\n'}
[1.703352] (stm32_mavlink_interface) StdoutLine: {'line': b'-- Up-to-date: /home/a/ws_moveit2/install/stm32_mavlink_interface/include/mavlink/c_library_v2/common/mavlink_msg_radio_status.h\n'}
[1.703379] (stm32_mavlink_interface) StdoutLine: {'line': b'-- Up-to-date: /home/a/ws_moveit2/install/stm32_mavlink_interface/include/mavlink/c_library_v2/common/mavlink_msg_hil_controls.h\n'}
[1.703405] (stm32_mavlink_interface) StdoutLine: {'line': b'-- Up-to-date: /home/a/ws_moveit2/install/stm32_mavlink_interface/include/mavlink/c_library_v2/common/mavlink_msg_highres_imu.h\n'}
[1.703431] (stm32_mavlink_interface) StdoutLine: {'line': b'-- Up-to-date: /home/a/ws_moveit2/install/stm32_mavlink_interface/include/mavlink/c_library_v2/common/mavlink_msg_odometry.h\n'}
[1.703457] (stm32_mavlink_interface) StdoutLine: {'line': b'-- Up-to-date: /home/a/ws_moveit2/install/stm32_mavlink_interface/include/mavlink/c_library_v2/common/testsuite.h\n'}
[1.703483] (stm32_mavlink_interface) StdoutLine: {'line': b'-- Up-to-date: /home/a/ws_moveit2/install/stm32_mavlink_interface/include/mavlink/c_library_v2/common/mavlink_msg_file_transfer_protocol.h\n'}
[1.703511] (stm32_mavlink_interface) StdoutLine: {'line': b'-- Up-to-date: /home/a/ws_moveit2/install/stm32_mavlink_interface/include/mavlink/c_library_v2/common/mavlink_msg_uavcan_node_info.h\n'}
[1.703537] (stm32_mavlink_interface) StdoutLine: {'line': b'-- Up-to-date: /home/a/ws_moveit2/install/stm32_mavlink_interface/include/mavlink/c_library_v2/common/mavlink_msg_gimbal_device_set_attitude.h\n'}
[1.703563] (stm32_mavlink_interface) StdoutLine: {'line': b'-- Up-to-date: /home/a/ws_moveit2/install/stm32_mavlink_interface/include/mavlink/c_library_v2/common/mavlink_msg_hil_sensor.h\n'}
[1.703590] (stm32_mavlink_interface) StdoutLine: {'line': b'-- Up-to-date: /home/a/ws_moveit2/install/stm32_mavlink_interface/include/mavlink/c_library_v2/common/mavlink_msg_efi_status.h\n'}
[1.703617] (stm32_mavlink_interface) StdoutLine: {'line': b'-- Up-to-date: /home/a/ws_moveit2/install/stm32_mavlink_interface/include/mavlink/c_library_v2/common/mavlink_msg_debug_float_array.h\n'}
[1.703644] (stm32_mavlink_interface) StdoutLine: {'line': b'-- Up-to-date: /home/a/ws_moveit2/install/stm32_mavlink_interface/include/mavlink/c_library_v2/common/mavlink_msg_scaled_pressure.h\n'}
[1.703671] (stm32_mavlink_interface) StdoutLine: {'line': b'-- Up-to-date: /home/a/ws_moveit2/install/stm32_mavlink_interface/include/mavlink/c_library_v2/common/mavlink_msg_timesync.h\n'}
[1.703698] (stm32_mavlink_interface) StdoutLine: {'line': b'-- Up-to-date: /home/a/ws_moveit2/install/stm32_mavlink_interface/include/mavlink/c_library_v2/common/mavlink_msg_camera_information.h\n'}
[1.703727] (stm32_mavlink_interface) StdoutLine: {'line': b'-- Up-to-date: /home/a/ws_moveit2/install/stm32_mavlink_interface/include/mavlink/c_library_v2/common/mavlink_msg_param_map_rc.h\n'}
[1.703755] (stm32_mavlink_interface) StdoutLine: {'line': b'-- Up-to-date: /home/a/ws_moveit2/install/stm32_mavlink_interface/include/mavlink/c_library_v2/common/mavlink_msg_global_position_int.h\n'}
[1.703783] (stm32_mavlink_interface) StdoutLine: {'line': b'-- Up-to-date: /home/a/ws_moveit2/install/stm32_mavlink_interface/include/mavlink/c_library_v2/common/mavlink_msg_gps_status.h\n'}
[1.703810] (stm32_mavlink_interface) StdoutLine: {'line': b'-- Up-to-date: /home/a/ws_moveit2/install/stm32_mavlink_interface/include/mavlink/c_library_v2/common/mavlink_msg_mission_clear_all.h\n'}
[1.703837] (stm32_mavlink_interface) StdoutLine: {'line': b'-- Up-to-date: /home/a/ws_moveit2/install/stm32_mavlink_interface/include/mavlink/c_library_v2/common/mavlink_msg_optical_flow.h\n'}
[1.703864] (stm32_mavlink_interface) StdoutLine: {'line': b'-- Up-to-date: /home/a/ws_moveit2/install/stm32_mavlink_interface/include/mavlink/c_library_v2/common/mavlink_msg_vision_position_estimate.h\n'}
[1.703930] (stm32_mavlink_interface) StdoutLine: {'line': b'-- Up-to-date: /home/a/ws_moveit2/install/stm32_mavlink_interface/include/mavlink/c_library_v2/common/mavlink_msg_mag_cal_report.h\n'}
[1.703958] (stm32_mavlink_interface) StdoutLine: {'line': b'-- Up-to-date: /home/a/ws_moveit2/install/stm32_mavlink_interface/include/mavlink/c_library_v2/common/mavlink_msg_play_tune_v2.h\n'}
[1.703985] (stm32_mavlink_interface) StdoutLine: {'line': b'-- Up-to-date: /home/a/ws_moveit2/install/stm32_mavlink_interface/include/mavlink/c_library_v2/common/mavlink_msg_smart_battery_info.h\n'}
[1.704011] (stm32_mavlink_interface) StdoutLine: {'line': b'-- Up-to-date: /home/a/ws_moveit2/install/stm32_mavlink_interface/include/mavlink/c_library_v2/common/mavlink_msg_param_request_list.h\n'}
[1.704037] (stm32_mavlink_interface) StdoutLine: {'line': b'-- Up-to-date: /home/a/ws_moveit2/install/stm32_mavlink_interface/include/mavlink/c_library_v2/common/mavlink.h\n'}
[1.704064] (stm32_mavlink_interface) StdoutLine: {'line': b'-- Up-to-date: /home/a/ws_moveit2/install/stm32_mavlink_interface/include/mavlink/c_library_v2/common/mavlink_msg_vfr_hud.h\n'}
[1.704091] (stm32_mavlink_interface) StdoutLine: {'line': b'-- Up-to-date: /home/a/ws_moveit2/install/stm32_mavlink_interface/include/mavlink/c_library_v2/common/mavlink_msg_play_tune.h\n'}
[1.704118] (stm32_mavlink_interface) StdoutLine: {'line': b'-- Up-to-date: /home/a/ws_moveit2/install/stm32_mavlink_interface/include/mavlink/c_library_v2/common/mavlink_msg_statustext.h\n'}
[1.704145] (stm32_mavlink_interface) StdoutLine: {'line': b'-- Up-to-date: /home/a/ws_moveit2/install/stm32_mavlink_interface/include/mavlink/c_library_v2/common/mavlink_msg_winch_status.h\n'}
[1.704219] (stm32_mavlink_interface) StdoutLine: {'line': b'-- Up-to-date: /home/a/ws_moveit2/install/stm32_mavlink_interface/include/mavlink/c_library_v2/common/mavlink_msg_param_ext_request_read.h\n'}
[1.704250] (stm32_mavlink_interface) StdoutLine: {'line': b'-- Up-to-date: /home/a/ws_moveit2/install/stm32_mavlink_interface/include/mavlink/c_library_v2/common/mavlink_msg_safety_set_allowed_area.h\n'}
[1.704278] (stm32_mavlink_interface) StdoutLine: {'line': b'-- Up-to-date: /home/a/ws_moveit2/install/stm32_mavlink_interface/include/mavlink/c_library_v2/common/mavlink_msg_tunnel.h\n'}
[1.704305] (stm32_mavlink_interface) StdoutLine: {'line': b'-- Up-to-date: /home/a/ws_moveit2/install/stm32_mavlink_interface/include/mavlink/c_library_v2/common/mavlink_msg_raw_imu.h\n'}
[1.704333] (stm32_mavlink_interface) StdoutLine: {'line': b'-- Up-to-date: /home/a/ws_moveit2/install/stm32_mavlink_interface/include/mavlink/c_library_v2/common/mavlink_msg_param_ext_value.h\n'}
[1.704360] (stm32_mavlink_interface) StdoutLine: {'line': b'-- Up-to-date: /home/a/ws_moveit2/install/stm32_mavlink_interface/include/mavlink/c_library_v2/common/mavlink_msg_orbit_execution_status.h\n'}
[1.704415] (stm32_mavlink_interface) StdoutLine: {'line': b'-- Up-to-date: /home/a/ws_moveit2/install/stm32_mavlink_interface/include/mavlink/c_library_v2/common/mavlink_msg_request_event.h\n'}
[1.704439] (stm32_mavlink_interface) StdoutLine: {'line': b'-- Up-to-date: /home/a/ws_moveit2/install/stm32_mavlink_interface/include/mavlink/c_library_v2/common/mavlink_msg_gimbal_manager_set_pitchyaw.h\n'}
[1.704463] (stm32_mavlink_interface) StdoutLine: {'line': b'-- Up-to-date: /home/a/ws_moveit2/install/stm32_mavlink_interface/include/mavlink/c_library_v2/common/mavlink_msg_mission_item_reached.h\n'}
[1.704488] (stm32_mavlink_interface) StdoutLine: {'line': b'-- Up-to-date: /home/a/ws_moveit2/install/stm32_mavlink_interface/include/mavlink/c_library_v2/common/mavlink_msg_hil_state.h\n'}
[1.704512] (stm32_mavlink_interface) StdoutLine: {'line': b'-- Up-to-date: /home/a/ws_moveit2/install/stm32_mavlink_interface/include/mavlink/c_library_v2/common/mavlink_msg_mission_write_partial_list.h\n'}
[1.704536] (stm32_mavlink_interface) StdoutLine: {'line': b'-- Up-to-date: /home/a/ws_moveit2/install/stm32_mavlink_interface/include/mavlink/c_library_v2/common/mavlink_msg_param_request_read.h\n'}
[1.704560] (stm32_mavlink_interface) StdoutLine: {'line': b'-- Up-to-date: /home/a/ws_moveit2/install/stm32_mavlink_interface/include/mavlink/c_library_v2/common/mavlink_msg_gimbal_manager_set_attitude.h\n'}
[1.704583] (stm32_mavlink_interface) StdoutLine: {'line': b'-- Up-to-date: /home/a/ws_moveit2/install/stm32_mavlink_interface/include/mavlink/c_library_v2/common/mavlink_msg_component_information_basic.h\n'}
[1.704606] (stm32_mavlink_interface) StdoutLine: {'line': b'-- Up-to-date: /home/a/ws_moveit2/install/stm32_mavlink_interface/include/mavlink/c_library_v2/common/mavlink_msg_scaled_pressure2.h\n'}
[1.704630] (stm32_mavlink_interface) StdoutLine: {'line': b'-- Up-to-date: /home/a/ws_moveit2/install/stm32_mavlink_interface/include/mavlink/c_library_v2/common/mavlink_msg_ais_vessel.h\n'}
[1.704655] (stm32_mavlink_interface) StdoutLine: {'line': b'-- Up-to-date: /home/a/ws_moveit2/install/stm32_mavlink_interface/include/mavlink/c_library_v2/common/mavlink_msg_video_stream_information.h\n'}
[1.704681] (stm32_mavlink_interface) StdoutLine: {'line': b'-- Up-to-date: /home/a/ws_moveit2/install/stm32_mavlink_interface/include/mavlink/c_library_v2/common/mavlink_msg_gimbal_device_information.h\n'}
[1.704707] (stm32_mavlink_interface) StdoutLine: {'line': b'-- Up-to-date: /home/a/ws_moveit2/install/stm32_mavlink_interface/include/mavlink/c_library_v2/common/mavlink_msg_hil_optical_flow.h\n'}
[1.704733] (stm32_mavlink_interface) StdoutLine: {'line': b'-- Up-to-date: /home/a/ws_moveit2/install/stm32_mavlink_interface/include/mavlink/c_library_v2/common/mavlink_msg_change_operator_control_ack.h\n'}
[1.704759] (stm32_mavlink_interface) StdoutLine: {'line': b'-- Up-to-date: /home/a/ws_moveit2/install/stm32_mavlink_interface/include/mavlink/c_library_v2/common/mavlink_msg_terrain_request.h\n'}
[1.704785] (stm32_mavlink_interface) StdoutLine: {'line': b'-- Up-to-date: /home/a/ws_moveit2/install/stm32_mavlink_interface/include/mavlink/c_library_v2/common/mavlink_msg_param_ext_set.h\n'}
[1.704815] (stm32_mavlink_interface) StdoutLine: {'line': b'-- Up-to-date: /home/a/ws_moveit2/install/stm32_mavlink_interface/include/mavlink/c_library_v2/common/mavlink_msg_message_interval.h\n'}
[1.704841] (stm32_mavlink_interface) StdoutLine: {'line': b'-- Up-to-date: /home/a/ws_moveit2/install/stm32_mavlink_interface/include/mavlink/c_library_v2/common/mavlink_msg_local_position_ned_cov.h\n'}
[1.704867] (stm32_mavlink_interface) StdoutLine: {'line': b'-- Up-to-date: /home/a/ws_moveit2/install/stm32_mavlink_interface/include/mavlink/c_library_v2/common/mavlink_msg_camera_tracking_image_status.h\n'}
[1.704893] (stm32_mavlink_interface) StdoutLine: {'line': b'-- Up-to-date: /home/a/ws_moveit2/install/stm32_mavlink_interface/include/mavlink/c_library_v2/common/mavlink_msg_battery_status.h\n'}
[1.704919] (stm32_mavlink_interface) StdoutLine: {'line': b'-- Up-to-date: /home/a/ws_moveit2/install/stm32_mavlink_interface/include/mavlink/c_library_v2/common/common.h\n'}
[1.704957] (stm32_mavlink_interface) StdoutLine: {'line': b'-- Up-to-date: /home/a/ws_moveit2/install/stm32_mavlink_interface/include/mavlink/c_library_v2/common/mavlink_msg_extended_sys_state.h\n'}
[1.704985] (stm32_mavlink_interface) StdoutLine: {'line': b'-- Up-to-date: /home/a/ws_moveit2/install/stm32_mavlink_interface/include/mavlink/c_library_v2/common/mavlink_msg_gps_raw_int.h\n'}
[1.705012] (stm32_mavlink_interface) StdoutLine: {'line': b'-- Up-to-date: /home/a/ws_moveit2/install/stm32_mavlink_interface/include/mavlink/c_library_v2/common/mavlink_msg_debug.h\n'}
[1.705039] (stm32_mavlink_interface) StdoutLine: {'line': b'-- Up-to-date: /home/a/ws_moveit2/install/stm32_mavlink_interface/include/mavlink/c_library_v2/common/mavlink_msg_landing_target.h\n'}
[1.705065] (stm32_mavlink_interface) StdoutLine: {'line': b'-- Up-to-date: /home/a/ws_moveit2/install/stm32_mavlink_interface/include/mavlink/c_library_v2/common/mavlink_msg_vibration.h\n'}
[1.705092] (stm32_mavlink_interface) StdoutLine: {'line': b'-- Up-to-date: /home/a/ws_moveit2/install/stm32_mavlink_interface/include/mavlink/c_library_v2/common/mavlink_msg_safety_allowed_area.h\n'}
[1.705140] (stm32_mavlink_interface) StdoutLine: {'line': b'-- Up-to-date: /home/a/ws_moveit2/install/stm32_mavlink_interface/include/mavlink/c_library_v2/matrixpilot\n'}
[1.705165] (stm32_mavlink_interface) StdoutLine: {'line': b'-- Up-to-date: /home/a/ws_moveit2/install/stm32_mavlink_interface/include/mavlink/c_library_v2/matrixpilot/mavlink_msg_serial_udb_extra_f20.h\n'}
[1.705188] (stm32_mavlink_interface) StdoutLine: {'line': b'-- Up-to-date: /home/a/ws_moveit2/install/stm32_mavlink_interface/include/mavlink/c_library_v2/matrixpilot/mavlink_msg_serial_udb_extra_f7.h\n'}
[1.705212] (stm32_mavlink_interface) StdoutLine: {'line': b'-- Up-to-date: /home/a/ws_moveit2/install/stm32_mavlink_interface/include/mavlink/c_library_v2/matrixpilot/matrixpilot.h\n'}
[1.705239] (stm32_mavlink_interface) StdoutLine: {'line': b'-- Up-to-date: /home/a/ws_moveit2/install/stm32_mavlink_interface/include/mavlink/c_library_v2/matrixpilot/mavlink_msg_serial_udb_extra_f5.h\n'}
[1.705265] (stm32_mavlink_interface) StdoutLine: {'line': b'-- Up-to-date: /home/a/ws_moveit2/install/stm32_mavlink_interface/include/mavlink/c_library_v2/matrixpilot/mavlink_msg_serial_udb_extra_f4.h\n'}
[1.705290] (stm32_mavlink_interface) StdoutLine: {'line': b'-- Up-to-date: /home/a/ws_moveit2/install/stm32_mavlink_interface/include/mavlink/c_library_v2/matrixpilot/mavlink_msg_flexifunction_buffer_function_ack.h\n'}
[1.705316] (stm32_mavlink_interface) StdoutLine: {'line': b'-- Up-to-date: /home/a/ws_moveit2/install/stm32_mavlink_interface/include/mavlink/c_library_v2/matrixpilot/mavlink_msg_flexifunction_directory.h\n'}
[1.705342] (stm32_mavlink_interface) StdoutLine: {'line': b'-- Up-to-date: /home/a/ws_moveit2/install/stm32_mavlink_interface/include/mavlink/c_library_v2/matrixpilot/mavlink_msg_serial_udb_extra_f18.h\n'}
[1.705369] (stm32_mavlink_interface) StdoutLine: {'line': b'-- Up-to-date: /home/a/ws_moveit2/install/stm32_mavlink_interface/include/mavlink/c_library_v2/matrixpilot/mavlink_msg_flexifunction_read_req.h\n'}
[1.705396] (stm32_mavlink_interface) StdoutLine: {'line': b'-- Up-to-date: /home/a/ws_moveit2/install/stm32_mavlink_interface/include/mavlink/c_library_v2/matrixpilot/mavlink_msg_flexifunction_directory_ack.h\n'}
[1.705422] (stm32_mavlink_interface) StdoutLine: {'line': b'-- Up-to-date: /home/a/ws_moveit2/install/stm32_mavlink_interface/include/mavlink/c_library_v2/matrixpilot/mavlink_msg_serial_udb_extra_f6.h\n'}
[1.705448] (stm32_mavlink_interface) StdoutLine: {'line': b'-- Up-to-date: /home/a/ws_moveit2/install/stm32_mavlink_interface/include/mavlink/c_library_v2/matrixpilot/mavlink_msg_serial_udb_extra_f21.h\n'}
[1.705475] (stm32_mavlink_interface) StdoutLine: {'line': b'-- Up-to-date: /home/a/ws_moveit2/install/stm32_mavlink_interface/include/mavlink/c_library_v2/matrixpilot/version.h\n'}
[1.705501] (stm32_mavlink_interface) StdoutLine: {'line': b'-- Up-to-date: /home/a/ws_moveit2/install/stm32_mavlink_interface/include/mavlink/c_library_v2/matrixpilot/mavlink_msg_serial_udb_extra_f14.h\n'}
[1.705528] (stm32_mavlink_interface) StdoutLine: {'line': b'-- Up-to-date: /home/a/ws_moveit2/install/stm32_mavlink_interface/include/mavlink/c_library_v2/matrixpilot/mavlink_msg_serial_udb_extra_f13.h\n'}
[1.705555] (stm32_mavlink_interface) StdoutLine: {'line': b'-- Up-to-date: /home/a/ws_moveit2/install/stm32_mavlink_interface/include/mavlink/c_library_v2/matrixpilot/mavlink_msg_serial_udb_extra_f2_b.h\n'}
[1.705581] (stm32_mavlink_interface) StdoutLine: {'line': b'-- Up-to-date: /home/a/ws_moveit2/install/stm32_mavlink_interface/include/mavlink/c_library_v2/matrixpilot/mavlink_msg_serial_udb_extra_f8.h\n'}
[1.705608] (stm32_mavlink_interface) StdoutLine: {'line': b'-- Up-to-date: /home/a/ws_moveit2/install/stm32_mavlink_interface/include/mavlink/c_library_v2/matrixpilot/mavlink_msg_flexifunction_command_ack.h\n'}
[1.705637] (stm32_mavlink_interface) StdoutLine: {'line': b'-- Up-to-date: /home/a/ws_moveit2/install/stm32_mavlink_interface/include/mavlink/c_library_v2/matrixpilot/mavlink_msg_serial_udb_extra_f16.h\n'}
[1.705663] (stm32_mavlink_interface) StdoutLine: {'line': b'-- Up-to-date: /home/a/ws_moveit2/install/stm32_mavlink_interface/include/mavlink/c_library_v2/matrixpilot/mavlink_msg_serial_udb_extra_f2_a.h\n'}
[1.705690] (stm32_mavlink_interface) StdoutLine: {'line': b'-- Up-to-date: /home/a/ws_moveit2/install/stm32_mavlink_interface/include/mavlink/c_library_v2/matrixpilot/mavlink_msg_serial_udb_extra_f19.h\n'}
[1.705718] (stm32_mavlink_interface) StdoutLine: {'line': b'-- Up-to-date: /home/a/ws_moveit2/install/stm32_mavlink_interface/include/mavlink/c_library_v2/matrixpilot/mavlink_msg_flexifunction_command.h\n'}
[1.705756] (stm32_mavlink_interface) StdoutLine: {'line': b'-- Up-to-date: /home/a/ws_moveit2/install/stm32_mavlink_interface/include/mavlink/c_library_v2/matrixpilot/mavlink_msg_serial_udb_extra_f15.h\n'}
[1.705782] (stm32_mavlink_interface) StdoutLine: {'line': b'-- Up-to-date: /home/a/ws_moveit2/install/stm32_mavlink_interface/include/mavlink/c_library_v2/matrixpilot/testsuite.h\n'}
[1.705809] (stm32_mavlink_interface) StdoutLine: {'line': b'-- Up-to-date: /home/a/ws_moveit2/install/stm32_mavlink_interface/include/mavlink/c_library_v2/matrixpilot/mavlink_msg_altitudes.h\n'}
[1.705835] (stm32_mavlink_interface) StdoutLine: {'line': b'-- Up-to-date: /home/a/ws_moveit2/install/stm32_mavlink_interface/include/mavlink/c_library_v2/matrixpilot/mavlink.h\n'}
[1.705862] (stm32_mavlink_interface) StdoutLine: {'line': b'-- Up-to-date: /home/a/ws_moveit2/install/stm32_mavlink_interface/include/mavlink/c_library_v2/matrixpilot/mavlink_msg_flexifunction_buffer_function.h\n'}
[1.705889] (stm32_mavlink_interface) StdoutLine: {'line': b'-- Up-to-date: /home/a/ws_moveit2/install/stm32_mavlink_interface/include/mavlink/c_library_v2/matrixpilot/mavlink_msg_flexifunction_set.h\n'}
[1.705916] (stm32_mavlink_interface) StdoutLine: {'line': b'-- Up-to-date: /home/a/ws_moveit2/install/stm32_mavlink_interface/include/mavlink/c_library_v2/matrixpilot/mavlink_msg_serial_udb_extra_f17.h\n'}
[1.705943] (stm32_mavlink_interface) StdoutLine: {'line': b'-- Up-to-date: /home/a/ws_moveit2/install/stm32_mavlink_interface/include/mavlink/c_library_v2/matrixpilot/mavlink_msg_serial_udb_extra_f22.h\n'}
[1.705970] (stm32_mavlink_interface) StdoutLine: {'line': b'-- Up-to-date: /home/a/ws_moveit2/install/stm32_mavlink_interface/include/mavlink/c_library_v2/matrixpilot/mavlink_msg_airspeeds.h\n'}
[1.705996] (stm32_mavlink_interface) StdoutLine: {'line': b'-- Up-to-date: /home/a/ws_moveit2/install/stm32_mavlink_interface/include/mavlink/c_library_v2/AVSSUAS\n'}
[1.706023] (stm32_mavlink_interface) StdoutLine: {'line': b'-- Up-to-date: /home/a/ws_moveit2/install/stm32_mavlink_interface/include/mavlink/c_library_v2/AVSSUAS/mavlink_msg_avss_drone_position.h\n'}
[1.706050] (stm32_mavlink_interface) StdoutLine: {'line': b'-- Up-to-date: /home/a/ws_moveit2/install/stm32_mavlink_interface/include/mavlink/c_library_v2/AVSSUAS/mavlink_msg_avss_drone_imu.h\n'}
[1.706076] (stm32_mavlink_interface) StdoutLine: {'line': b'-- Up-to-date: /home/a/ws_moveit2/install/stm32_mavlink_interface/include/mavlink/c_library_v2/AVSSUAS/version.h\n'}
[1.706102] (stm32_mavlink_interface) StdoutLine: {'line': b'-- Up-to-date: /home/a/ws_moveit2/install/stm32_mavlink_interface/include/mavlink/c_library_v2/AVSSUAS/AVSSUAS.h\n'}
[1.706145] (stm32_mavlink_interface) StdoutLine: {'line': b'-- Up-to-date: /home/a/ws_moveit2/install/stm32_mavlink_interface/include/mavlink/c_library_v2/AVSSUAS/mavlink_msg_avss_prs_sys_status.h\n'}
[1.706172] (stm32_mavlink_interface) StdoutLine: {'line': b'-- Up-to-date: /home/a/ws_moveit2/install/stm32_mavlink_interface/include/mavlink/c_library_v2/AVSSUAS/testsuite.h\n'}
[1.706198] (stm32_mavlink_interface) StdoutLine: {'line': b'-- Up-to-date: /home/a/ws_moveit2/install/stm32_mavlink_interface/include/mavlink/c_library_v2/AVSSUAS/mavlink_msg_avss_drone_operation_mode.h\n'}
[1.706227] (stm32_mavlink_interface) StdoutLine: {'line': b'-- Up-to-date: /home/a/ws_moveit2/install/stm32_mavlink_interface/include/mavlink/c_library_v2/AVSSUAS/mavlink.h\n'}
[1.706255] (stm32_mavlink_interface) StdoutLine: {'line': b'-- Up-to-date: /home/a/ws_moveit2/install/stm32_mavlink_interface/include/mavlink/c_library_v2/cubepilot\n'}
[1.706282] (stm32_mavlink_interface) StdoutLine: {'line': b'-- Up-to-date: /home/a/ws_moveit2/install/stm32_mavlink_interface/include/mavlink/c_library_v2/cubepilot/mavlink_msg_cubepilot_firmware_update_start.h\n'}
[1.706308] (stm32_mavlink_interface) StdoutLine: {'line': b'-- Up-to-date: /home/a/ws_moveit2/install/stm32_mavlink_interface/include/mavlink/c_library_v2/cubepilot/cubepilot.h\n'}
[1.706334] (stm32_mavlink_interface) StdoutLine: {'line': b'-- Up-to-date: /home/a/ws_moveit2/install/stm32_mavlink_interface/include/mavlink/c_library_v2/cubepilot/version.h\n'}
[1.706376] (stm32_mavlink_interface) StdoutLine: {'line': b'-- Up-to-date: /home/a/ws_moveit2/install/stm32_mavlink_interface/include/mavlink/c_library_v2/cubepilot/mavlink_msg_cubepilot_raw_rc.h\n'}
[1.706402] (stm32_mavlink_interface) StdoutLine: {'line': b'-- Up-to-date: /home/a/ws_moveit2/install/stm32_mavlink_interface/include/mavlink/c_library_v2/cubepilot/mavlink_msg_cubepilot_firmware_update_resp.h\n'}
[1.706442] (stm32_mavlink_interface) StdoutLine: {'line': b'-- Up-to-date: /home/a/ws_moveit2/install/stm32_mavlink_interface/include/mavlink/c_library_v2/cubepilot/mavlink_msg_herelink_video_stream_information.h\n'}
[1.706468] (stm32_mavlink_interface) StdoutLine: {'line': b'-- Up-to-date: /home/a/ws_moveit2/install/stm32_mavlink_interface/include/mavlink/c_library_v2/cubepilot/testsuite.h\n'}
[1.706495] (stm32_mavlink_interface) StdoutLine: {'line': b'-- Up-to-date: /home/a/ws_moveit2/install/stm32_mavlink_interface/include/mavlink/c_library_v2/cubepilot/mavlink.h\n'}
[1.706521] (stm32_mavlink_interface) StdoutLine: {'line': b'-- Up-to-date: /home/a/ws_moveit2/install/stm32_mavlink_interface/include/mavlink/c_library_v2/cubepilot/mavlink_msg_herelink_telem.h\n'}
[1.706564] (stm32_mavlink_interface) StdoutLine: {'line': b'-- Up-to-date: /home/a/ws_moveit2/install/stm32_mavlink_interface/include/mavlink/c_library_v2/mavlink_sha256.h\n'}
[1.706593] (stm32_mavlink_interface) StdoutLine: {'line': b'-- Up-to-date: /home/a/ws_moveit2/install/stm32_mavlink_interface/include/mavlink/c_library_v2/icarous\n'}
[1.706620] (stm32_mavlink_interface) StdoutLine: {'line': b'-- Up-to-date: /home/a/ws_moveit2/install/stm32_mavlink_interface/include/mavlink/c_library_v2/icarous/version.h\n'}
[1.706646] (stm32_mavlink_interface) StdoutLine: {'line': b'-- Up-to-date: /home/a/ws_moveit2/install/stm32_mavlink_interface/include/mavlink/c_library_v2/icarous/mavlink_msg_icarous_heartbeat.h\n'}
[1.706673] (stm32_mavlink_interface) StdoutLine: {'line': b'-- Up-to-date: /home/a/ws_moveit2/install/stm32_mavlink_interface/include/mavlink/c_library_v2/icarous/icarous.h\n'}
[1.706699] (stm32_mavlink_interface) StdoutLine: {'line': b'-- Up-to-date: /home/a/ws_moveit2/install/stm32_mavlink_interface/include/mavlink/c_library_v2/icarous/mavlink_msg_icarous_kinematic_bands.h\n'}
[1.706725] (stm32_mavlink_interface) StdoutLine: {'line': b'-- Up-to-date: /home/a/ws_moveit2/install/stm32_mavlink_interface/include/mavlink/c_library_v2/icarous/testsuite.h\n'}
[1.706751] (stm32_mavlink_interface) StdoutLine: {'line': b'-- Up-to-date: /home/a/ws_moveit2/install/stm32_mavlink_interface/include/mavlink/c_library_v2/icarous/mavlink.h\n'}
[1.706794] (stm32_mavlink_interface) StdoutLine: {'line': b'-- Up-to-date: /home/a/ws_moveit2/install/stm32_mavlink_interface/include/mavlink/c_library_v2/minimal\n'}
[1.706820] (stm32_mavlink_interface) StdoutLine: {'line': b'-- Up-to-date: /home/a/ws_moveit2/install/stm32_mavlink_interface/include/mavlink/c_library_v2/minimal/minimal.h\n'}
[1.706847] (stm32_mavlink_interface) StdoutLine: {'line': b'-- Up-to-date: /home/a/ws_moveit2/install/stm32_mavlink_interface/include/mavlink/c_library_v2/minimal/version.h\n'}
[1.706874] (stm32_mavlink_interface) StdoutLine: {'line': b'-- Up-to-date: /home/a/ws_moveit2/install/stm32_mavlink_interface/include/mavlink/c_library_v2/minimal/testsuite.h\n'}
[1.706900] (stm32_mavlink_interface) StdoutLine: {'line': b'-- Up-to-date: /home/a/ws_moveit2/install/stm32_mavlink_interface/include/mavlink/c_library_v2/minimal/mavlink.h\n'}
[1.706926] (stm32_mavlink_interface) StdoutLine: {'line': b'-- Up-to-date: /home/a/ws_moveit2/install/stm32_mavlink_interface/include/mavlink/c_library_v2/minimal/mavlink_msg_protocol_version.h\n'}
[1.706951] (stm32_mavlink_interface) StdoutLine: {'line': b'-- Up-to-date: /home/a/ws_moveit2/install/stm32_mavlink_interface/include/mavlink/c_library_v2/minimal/mavlink_msg_heartbeat.h\n'}
[1.706978] (stm32_mavlink_interface) StdoutLine: {'line': b'-- Up-to-date: /home/a/ws_moveit2/install/stm32_mavlink_interface/include/mavlink/c_library_v2/ASLUAV\n'}
[1.707003] (stm32_mavlink_interface) StdoutLine: {'line': b'-- Up-to-date: /home/a/ws_moveit2/install/stm32_mavlink_interface/include/mavlink/c_library_v2/ASLUAV/mavlink_msg_gsm_link_status.h\n'}
[1.707049] (stm32_mavlink_interface) StdoutLine: {'line': b'-- Up-to-date: /home/a/ws_moveit2/install/stm32_mavlink_interface/include/mavlink/c_library_v2/ASLUAV/mavlink_msg_sens_power.h\n'}
[1.707076] (stm32_mavlink_interface) StdoutLine: {'line': b'-- Up-to-date: /home/a/ws_moveit2/install/stm32_mavlink_interface/include/mavlink/c_library_v2/ASLUAV/ASLUAV.h\n'}
[1.707103] (stm32_mavlink_interface) StdoutLine: {'line': b'-- Up-to-date: /home/a/ws_moveit2/install/stm32_mavlink_interface/include/mavlink/c_library_v2/ASLUAV/mavlink_msg_sensor_airflow_angles.h\n'}
[1.707145] (stm32_mavlink_interface) StdoutLine: {'line': b'-- Up-to-date: /home/a/ws_moveit2/install/stm32_mavlink_interface/include/mavlink/c_library_v2/ASLUAV/mavlink_msg_satcom_link_status.h\n'}
[1.707170] (stm32_mavlink_interface) StdoutLine: {'line': b'-- Up-to-date: /home/a/ws_moveit2/install/stm32_mavlink_interface/include/mavlink/c_library_v2/ASLUAV/mavlink_msg_fw_soaring_data.h\n'}
[1.707195] (stm32_mavlink_interface) StdoutLine: {'line': b'-- Up-to-date: /home/a/ws_moveit2/install/stm32_mavlink_interface/include/mavlink/c_library_v2/ASLUAV/mavlink_msg_sens_power_board.h\n'}
[1.707223] (stm32_mavlink_interface) StdoutLine: {'line': b'-- Up-to-date: /home/a/ws_moveit2/install/stm32_mavlink_interface/include/mavlink/c_library_v2/ASLUAV/mavlink_msg_sens_batmon.h\n'}
[1.707249] (stm32_mavlink_interface) StdoutLine: {'line': b'-- Up-to-date: /home/a/ws_moveit2/install/stm32_mavlink_interface/include/mavlink/c_library_v2/ASLUAV/mavlink_msg_aslctrl_data.h\n'}
[1.707273] (stm32_mavlink_interface) StdoutLine: {'line': b'-- Up-to-date: /home/a/ws_moveit2/install/stm32_mavlink_interface/include/mavlink/c_library_v2/ASLUAV/version.h\n'}
[1.707296] (stm32_mavlink_interface) StdoutLine: {'line': b'-- Up-to-date: /home/a/ws_moveit2/install/stm32_mavlink_interface/include/mavlink/c_library_v2/ASLUAV/mavlink_msg_command_long_stamped.h\n'}
[1.707320] (stm32_mavlink_interface) StdoutLine: {'line': b'-- Up-to-date: /home/a/ws_moveit2/install/stm32_mavlink_interface/include/mavlink/c_library_v2/ASLUAV/mavlink_msg_sens_atmos.h\n'}
[1.707343] (stm32_mavlink_interface) StdoutLine: {'line': b'-- Up-to-date: /home/a/ws_moveit2/install/stm32_mavlink_interface/include/mavlink/c_library_v2/ASLUAV/mavlink_msg_aslctrl_debug.h\n'}
[1.707368] (stm32_mavlink_interface) StdoutLine: {'line': b'-- Up-to-date: /home/a/ws_moveit2/install/stm32_mavlink_interface/include/mavlink/c_library_v2/ASLUAV/testsuite.h\n'}
[1.707391] (stm32_mavlink_interface) StdoutLine: {'line': b'-- Up-to-date: /home/a/ws_moveit2/install/stm32_mavlink_interface/include/mavlink/c_library_v2/ASLUAV/mavlink_msg_asluav_status.h\n'}
[1.707414] (stm32_mavlink_interface) StdoutLine: {'line': b'-- Up-to-date: /home/a/ws_moveit2/install/stm32_mavlink_interface/include/mavlink/c_library_v2/ASLUAV/mavlink_msg_ekf_ext.h\n'}
[1.707439] (stm32_mavlink_interface) StdoutLine: {'line': b'-- Up-to-date: /home/a/ws_moveit2/install/stm32_mavlink_interface/include/mavlink/c_library_v2/ASLUAV/mavlink_msg_sensorpod_status.h\n'}
[1.707465] (stm32_mavlink_interface) StdoutLine: {'line': b'-- Up-to-date: /home/a/ws_moveit2/install/stm32_mavlink_interface/include/mavlink/c_library_v2/ASLUAV/mavlink.h\n'}
[1.707488] (stm32_mavlink_interface) StdoutLine: {'line': b'-- Up-to-date: /home/a/ws_moveit2/install/stm32_mavlink_interface/include/mavlink/c_library_v2/ASLUAV/mavlink_msg_asl_obctrl.h\n'}
[1.707512] (stm32_mavlink_interface) StdoutLine: {'line': b'-- Up-to-date: /home/a/ws_moveit2/install/stm32_mavlink_interface/include/mavlink/c_library_v2/ASLUAV/mavlink_msg_sens_mppt.h\n'}
[1.707536] (stm32_mavlink_interface) StdoutLine: {'line': b'-- Up-to-date: /home/a/ws_moveit2/install/stm32_mavlink_interface/include/mavlink/c_library_v2/ASLUAV/mavlink_msg_command_int_stamped.h\n'}
[1.707560] (stm32_mavlink_interface) StdoutLine: {'line': b'-- Up-to-date: /home/a/ws_moveit2/install/stm32_mavlink_interface/include/mavlink/c_library_v2/mavlink_types.h\n'}
[1.707584] (stm32_mavlink_interface) StdoutLine: {'line': b'-- Up-to-date: /home/a/ws_moveit2/install/stm32_mavlink_interface/include/mavlink/c_library_v2/csAirLink\n'}
[1.707607] (stm32_mavlink_interface) StdoutLine: {'line': b'-- Up-to-date: /home/a/ws_moveit2/install/stm32_mavlink_interface/include/mavlink/c_library_v2/csAirLink/csAirLink.h\n'}
[1.707630] (stm32_mavlink_interface) StdoutLine: {'line': b'-- Up-to-date: /home/a/ws_moveit2/install/stm32_mavlink_interface/include/mavlink/c_library_v2/csAirLink/mavlink_msg_airlink_auth_response.h\n'}
[1.707654] (stm32_mavlink_interface) StdoutLine: {'line': b'-- Up-to-date: /home/a/ws_moveit2/install/stm32_mavlink_interface/include/mavlink/c_library_v2/csAirLink/version.h\n'}
[1.707677] (stm32_mavlink_interface) StdoutLine: {'line': b'-- Up-to-date: /home/a/ws_moveit2/install/stm32_mavlink_interface/include/mavlink/c_library_v2/csAirLink/testsuite.h\n'}
[1.707701] (stm32_mavlink_interface) StdoutLine: {'line': b'-- Up-to-date: /home/a/ws_moveit2/install/stm32_mavlink_interface/include/mavlink/c_library_v2/csAirLink/mavlink.h\n'}
[1.707724] (stm32_mavlink_interface) StdoutLine: {'line': b'-- Up-to-date: /home/a/ws_moveit2/install/stm32_mavlink_interface/include/mavlink/c_library_v2/csAirLink/mavlink_msg_airlink_auth.h\n'}
[1.707749] (stm32_mavlink_interface) StdoutLine: {'line': b'-- Up-to-date: /home/a/ws_moveit2/install/stm32_mavlink_interface/include/mavlink/c_library_v2/marsh\n'}
[1.707773] (stm32_mavlink_interface) StdoutLine: {'line': b'-- Up-to-date: /home/a/ws_moveit2/install/stm32_mavlink_interface/include/mavlink/c_library_v2/marsh/mavlink_msg_eye_tracking_data.h\n'}
[1.707797] (stm32_mavlink_interface) StdoutLine: {'line': b'-- Up-to-date: /home/a/ws_moveit2/install/stm32_mavlink_interface/include/mavlink/c_library_v2/marsh/mavlink_msg_control_loading_axis.h\n'}
[1.707822] (stm32_mavlink_interface) StdoutLine: {'line': b'-- Up-to-date: /home/a/ws_moveit2/install/stm32_mavlink_interface/include/mavlink/c_library_v2/marsh/mavlink_msg_rexroth_motion_platform.h\n'}
[1.707845] (stm32_mavlink_interface) StdoutLine: {'line': b'-- Up-to-date: /home/a/ws_moveit2/install/stm32_mavlink_interface/include/mavlink/c_library_v2/marsh/mavlink_msg_motion_cue_extra.h\n'}
[1.707870] (stm32_mavlink_interface) StdoutLine: {'line': b'-- Up-to-date: /home/a/ws_moveit2/install/stm32_mavlink_interface/include/mavlink/c_library_v2/marsh/mavlink_msg_motion_platform_state.h\n'}
[1.707893] (stm32_mavlink_interface) StdoutLine: {'line': b'-- Up-to-date: /home/a/ws_moveit2/install/stm32_mavlink_interface/include/mavlink/c_library_v2/marsh/marsh.h\n'}
[1.707916] (stm32_mavlink_interface) StdoutLine: {'line': b'-- Up-to-date: /home/a/ws_moveit2/install/stm32_mavlink_interface/include/mavlink/c_library_v2/marsh/version.h\n'}
[1.707939] (stm32_mavlink_interface) StdoutLine: {'line': b'-- Up-to-date: /home/a/ws_moveit2/install/stm32_mavlink_interface/include/mavlink/c_library_v2/marsh/testsuite.h\n'}
[1.707963] (stm32_mavlink_interface) StdoutLine: {'line': b'-- Up-to-date: /home/a/ws_moveit2/install/stm32_mavlink_interface/include/mavlink/c_library_v2/marsh/mavlink.h\n'}
[1.707986] (stm32_mavlink_interface) StdoutLine: {'line': b'-- Up-to-date: /home/a/ws_moveit2/install/stm32_mavlink_interface/include/mavlink/c_library_v2/python_array_test\n'}
[1.708052] (stm32_mavlink_interface) StdoutLine: {'line': b'-- Up-to-date: /home/a/ws_moveit2/install/stm32_mavlink_interface/include/mavlink/c_library_v2/python_array_test/mavlink_msg_array_test_1.h\n'}
[1.708089] (stm32_mavlink_interface) StdoutLine: {'line': b'-- Up-to-date: /home/a/ws_moveit2/install/stm32_mavlink_interface/include/mavlink/c_library_v2/python_array_test/mavlink_msg_array_test_0.h\n'}
[1.708257] (stm32_mavlink_interface) StdoutLine: {'line': b'-- Up-to-date: /home/a/ws_moveit2/install/stm32_mavlink_interface/include/mavlink/c_library_v2/python_array_test/mavlink_msg_array_test_6.h\n'}
[1.708474] (stm32_mavlink_interface) StdoutLine: {'line': b'-- Up-to-date: /home/a/ws_moveit2/install/stm32_mavlink_interface/include/mavlink/c_library_v2/python_array_test/mavlink_msg_array_test_8.h\n'}
[1.708524] (stm32_mavlink_interface) StdoutLine: {'line': b'-- Up-to-date: /home/a/ws_moveit2/install/stm32_mavlink_interface/include/mavlink/c_library_v2/python_array_test/mavlink_msg_array_test_7.h\n'}
[1.708553] (stm32_mavlink_interface) StdoutLine: {'line': b'-- Up-to-date: /home/a/ws_moveit2/install/stm32_mavlink_interface/include/mavlink/c_library_v2/python_array_test/version.h\n'}
[1.708614] (stm32_mavlink_interface) StdoutLine: {'line': b'-- Up-to-date: /home/a/ws_moveit2/install/stm32_mavlink_interface/include/mavlink/c_library_v2/python_array_test/mavlink_msg_array_test_4.h\n'}
[1.708644] (stm32_mavlink_interface) StdoutLine: {'line': b'-- Up-to-date: /home/a/ws_moveit2/install/stm32_mavlink_interface/include/mavlink/c_library_v2/python_array_test/testsuite.h\n'}
[1.708672] (stm32_mavlink_interface) StdoutLine: {'line': b'-- Up-to-date: /home/a/ws_moveit2/install/stm32_mavlink_interface/include/mavlink/c_library_v2/python_array_test/mavlink_msg_array_test_5.h\n'}
[1.708784] (stm32_mavlink_interface) StdoutLine: {'line': b'-- Up-to-date: /home/a/ws_moveit2/install/stm32_mavlink_interface/include/mavlink/c_library_v2/python_array_test/mavlink.h\n'}
[1.708874] (stm32_mavlink_interface) StdoutLine: {'line': b'-- Up-to-date: /home/a/ws_moveit2/install/stm32_mavlink_interface/include/mavlink/c_library_v2/python_array_test/python_array_test.h\n'}
[1.708909] (stm32_mavlink_interface) StdoutLine: {'line': b'-- Up-to-date: /home/a/ws_moveit2/install/stm32_mavlink_interface/include/mavlink/c_library_v2/python_array_test/mavlink_msg_array_test_3.h\n'}
[1.708939] (stm32_mavlink_interface) StdoutLine: {'line': b'-- Up-to-date: /home/a/ws_moveit2/install/stm32_mavlink_interface/include/mavlink/c_library_v2/loweheiser\n'}
[1.708965] (stm32_mavlink_interface) StdoutLine: {'line': b'-- Up-to-date: /home/a/ws_moveit2/install/stm32_mavlink_interface/include/mavlink/c_library_v2/loweheiser/loweheiser.h\n'}
[1.708992] (stm32_mavlink_interface) StdoutLine: {'line': b'-- Up-to-date: /home/a/ws_moveit2/install/stm32_mavlink_interface/include/mavlink/c_library_v2/loweheiser/version.h\n'}
[1.709018] (stm32_mavlink_interface) StdoutLine: {'line': b'-- Up-to-date: /home/a/ws_moveit2/install/stm32_mavlink_interface/include/mavlink/c_library_v2/loweheiser/testsuite.h\n'}
[1.709045] (stm32_mavlink_interface) StdoutLine: {'line': b'-- Up-to-date: /home/a/ws_moveit2/install/stm32_mavlink_interface/include/mavlink/c_library_v2/loweheiser/mavlink_msg_loweheiser_gov_efi.h\n'}
[1.709072] (stm32_mavlink_interface) StdoutLine: {'line': b'-- Up-to-date: /home/a/ws_moveit2/install/stm32_mavlink_interface/include/mavlink/c_library_v2/loweheiser/mavlink.h\n'}
[1.709098] (stm32_mavlink_interface) StdoutLine: {'line': b'-- Up-to-date: /home/a/ws_moveit2/install/stm32_mavlink_interface/include/mavlink/c_library_v2/message_definitions\n'}
[1.709124] (stm32_mavlink_interface) StdoutLine: {'line': b'-- Up-to-date: /home/a/ws_moveit2/install/stm32_mavlink_interface/include/mavlink/c_library_v2/message_definitions/development.xml\n'}
[1.709151] (stm32_mavlink_interface) StdoutLine: {'line': b'-- Up-to-date: /home/a/ws_moveit2/install/stm32_mavlink_interface/include/mavlink/c_library_v2/message_definitions/cubepilot.xml\n'}
[1.709178] (stm32_mavlink_interface) StdoutLine: {'line': b'-- Up-to-date: /home/a/ws_moveit2/install/stm32_mavlink_interface/include/mavlink/c_library_v2/message_definitions/AVSSUAS.xml\n'}
[1.709205] (stm32_mavlink_interface) StdoutLine: {'line': b'-- Up-to-date: /home/a/ws_moveit2/install/stm32_mavlink_interface/include/mavlink/c_library_v2/message_definitions/icarous.xml\n'}
[1.709235] (stm32_mavlink_interface) StdoutLine: {'line': b'-- Up-to-date: /home/a/ws_moveit2/install/stm32_mavlink_interface/include/mavlink/c_library_v2/message_definitions/marsh.xml\n'}
[1.709262] (stm32_mavlink_interface) StdoutLine: {'line': b'-- Up-to-date: /home/a/ws_moveit2/install/stm32_mavlink_interface/include/mavlink/c_library_v2/message_definitions/all.xml\n'}
[1.709288] (stm32_mavlink_interface) StdoutLine: {'line': b'-- Up-to-date: /home/a/ws_moveit2/install/stm32_mavlink_interface/include/mavlink/c_library_v2/message_definitions/paparazzi.xml\n'}
[1.709315] (stm32_mavlink_interface) StdoutLine: {'line': b'-- Up-to-date: /home/a/ws_moveit2/install/stm32_mavlink_interface/include/mavlink/c_library_v2/message_definitions/ualberta.xml\n'}
[1.709342] (stm32_mavlink_interface) StdoutLine: {'line': b'-- Up-to-date: /home/a/ws_moveit2/install/stm32_mavlink_interface/include/mavlink/c_library_v2/message_definitions/ardupilotmega.xml\n'}
[1.709370] (stm32_mavlink_interface) StdoutLine: {'line': b'-- Up-to-date: /home/a/ws_moveit2/install/stm32_mavlink_interface/include/mavlink/c_library_v2/message_definitions/test.xml\n'}
[1.709398] (stm32_mavlink_interface) StdoutLine: {'line': b'-- Up-to-date: /home/a/ws_moveit2/install/stm32_mavlink_interface/include/mavlink/c_library_v2/message_definitions/matrixpilot.xml\n'}
[1.709424] (stm32_mavlink_interface) StdoutLine: {'line': b'-- Up-to-date: /home/a/ws_moveit2/install/stm32_mavlink_interface/include/mavlink/c_library_v2/message_definitions/common.xml\n'}
[1.709450] (stm32_mavlink_interface) StdoutLine: {'line': b'-- Up-to-date: /home/a/ws_moveit2/install/stm32_mavlink_interface/include/mavlink/c_library_v2/message_definitions/python_array_test.xml\n'}
[1.709478] (stm32_mavlink_interface) StdoutLine: {'line': b'-- Up-to-date: /home/a/ws_moveit2/install/stm32_mavlink_interface/include/mavlink/c_library_v2/message_definitions/ASLUAV.xml\n'}
[1.709505] (stm32_mavlink_interface) StdoutLine: {'line': b'-- Up-to-date: /home/a/ws_moveit2/install/stm32_mavlink_interface/include/mavlink/c_library_v2/message_definitions/csAirLink.xml\n'}
[1.709531] (stm32_mavlink_interface) StdoutLine: {'line': b'-- Up-to-date: /home/a/ws_moveit2/install/stm32_mavlink_interface/include/mavlink/c_library_v2/message_definitions/storm32.xml\n'}
[1.709557] (stm32_mavlink_interface) StdoutLine: {'line': b'-- Up-to-date: /home/a/ws_moveit2/install/stm32_mavlink_interface/include/mavlink/c_library_v2/message_definitions/loweheiser.xml\n'}
[1.709584] (stm32_mavlink_interface) StdoutLine: {'line': b'-- Up-to-date: /home/a/ws_moveit2/install/stm32_mavlink_interface/include/mavlink/c_library_v2/message_definitions/standard.xml\n'}
[1.709611] (stm32_mavlink_interface) StdoutLine: {'line': b'-- Up-to-date: /home/a/ws_moveit2/install/stm32_mavlink_interface/include/mavlink/c_library_v2/message_definitions/uAvionix.xml\n'}
[1.709638] (stm32_mavlink_interface) StdoutLine: {'line': b'-- Up-to-date: /home/a/ws_moveit2/install/stm32_mavlink_interface/include/mavlink/c_library_v2/message_definitions/minimal.xml\n'}
[1.709664] (stm32_mavlink_interface) StdoutLine: {'line': b'-- Up-to-date: /home/a/ws_moveit2/install/stm32_mavlink_interface/include/mavlink/c_library_v2/all\n'}
[1.709690] (stm32_mavlink_interface) StdoutLine: {'line': b'-- Up-to-date: /home/a/ws_moveit2/install/stm32_mavlink_interface/include/mavlink/c_library_v2/all/all.h\n'}
[1.709716] (stm32_mavlink_interface) StdoutLine: {'line': b'-- Up-to-date: /home/a/ws_moveit2/install/stm32_mavlink_interface/include/mavlink/c_library_v2/all/version.h\n'}
[1.709742] (stm32_mavlink_interface) StdoutLine: {'line': b'-- Up-to-date: /home/a/ws_moveit2/install/stm32_mavlink_interface/include/mavlink/c_library_v2/all/testsuite.h\n'}
[1.709770] (stm32_mavlink_interface) StdoutLine: {'line': b'-- Up-to-date: /home/a/ws_moveit2/install/stm32_mavlink_interface/include/mavlink/c_library_v2/all/mavlink.h\n'}
[1.709796] (stm32_mavlink_interface) StdoutLine: {'line': b'-- Up-to-date: /home/a/ws_moveit2/install/stm32_mavlink_interface/include/mavlink/c_library_v2/mavlink_conversions.h\n'}
[1.709822] (stm32_mavlink_interface) StdoutLine: {'line': b'-- Up-to-date: /home/a/ws_moveit2/install/stm32_mavlink_interface/include/mavlink/c_library_v2/ualberta\n'}
[1.709848] (stm32_mavlink_interface) StdoutLine: {'line': b'-- Up-to-date: /home/a/ws_moveit2/install/stm32_mavlink_interface/include/mavlink/c_library_v2/ualberta/ualberta.h\n'}
[1.709875] (stm32_mavlink_interface) StdoutLine: {'line': b'-- Up-to-date: /home/a/ws_moveit2/install/stm32_mavlink_interface/include/mavlink/c_library_v2/ualberta/mavlink_msg_nav_filter_bias.h\n'}
[1.709901] (stm32_mavlink_interface) StdoutLine: {'line': b'-- Up-to-date: /home/a/ws_moveit2/install/stm32_mavlink_interface/include/mavlink/c_library_v2/ualberta/mavlink_msg_radio_calibration.h\n'}
[1.709928] (stm32_mavlink_interface) StdoutLine: {'line': b'-- Up-to-date: /home/a/ws_moveit2/install/stm32_mavlink_interface/include/mavlink/c_library_v2/ualberta/version.h\n'}
[1.709954] (stm32_mavlink_interface) StdoutLine: {'line': b'-- Up-to-date: /home/a/ws_moveit2/install/stm32_mavlink_interface/include/mavlink/c_library_v2/ualberta/mavlink_msg_ualberta_sys_status.h\n'}
[1.709980] (stm32_mavlink_interface) StdoutLine: {'line': b'-- Up-to-date: /home/a/ws_moveit2/install/stm32_mavlink_interface/include/mavlink/c_library_v2/ualberta/testsuite.h\n'}
[1.710006] (stm32_mavlink_interface) StdoutLine: {'line': b'-- Up-to-date: /home/a/ws_moveit2/install/stm32_mavlink_interface/include/mavlink/c_library_v2/ualberta/mavlink.h\n'}
[1.710032] (stm32_mavlink_interface) StdoutLine: {'line': b'-- Up-to-date: /home/a/ws_moveit2/install/stm32_mavlink_interface/include/mavlink/c_library_v2/test\n'}
[1.710061] (stm32_mavlink_interface) StdoutLine: {'line': b'-- Up-to-date: /home/a/ws_moveit2/install/stm32_mavlink_interface/include/mavlink/c_library_v2/test/mavlink_msg_test_types.h\n'}
[1.710087] (stm32_mavlink_interface) StdoutLine: {'line': b'-- Up-to-date: /home/a/ws_moveit2/install/stm32_mavlink_interface/include/mavlink/c_library_v2/test/test.h\n'}
[1.710114] (stm32_mavlink_interface) StdoutLine: {'line': b'-- Up-to-date: /home/a/ws_moveit2/install/stm32_mavlink_interface/include/mavlink/c_library_v2/test/version.h\n'}
[1.710142] (stm32_mavlink_interface) StdoutLine: {'line': b'-- Up-to-date: /home/a/ws_moveit2/install/stm32_mavlink_interface/include/mavlink/c_library_v2/test/testsuite.h\n'}
[1.710169] (stm32_mavlink_interface) StdoutLine: {'line': b'-- Up-to-date: /home/a/ws_moveit2/install/stm32_mavlink_interface/include/mavlink/c_library_v2/test/mavlink.h\n'}
[1.710196] (stm32_mavlink_interface) StdoutLine: {'line': b'-- Up-to-date: /home/a/ws_moveit2/install/stm32_mavlink_interface/include/mavlink/c_library_v2/storm32\n'}
[1.710290] (stm32_mavlink_interface) StdoutLine: {'line': b'-- Up-to-date: /home/a/ws_moveit2/install/stm32_mavlink_interface/include/mavlink/c_library_v2/storm32/mavlink_msg_mlrs_radio_link_flow_control.h\n'}
[1.710452] (stm32_mavlink_interface) StdoutLine: {'line': b'-- Up-to-date: /home/a/ws_moveit2/install/stm32_mavlink_interface/include/mavlink/c_library_v2/storm32/mavlink_msg_storm32_gimbal_manager_control_pitchyaw.h\n'}
[1.710481] (stm32_mavlink_interface) StdoutLine: {'line': b'-- Up-to-date: /home/a/ws_moveit2/install/stm32_mavlink_interface/include/mavlink/c_library_v2/storm32/mavlink_msg_storm32_gimbal_manager_control.h\n'}
[1.710507] (stm32_mavlink_interface) StdoutLine: {'line': b'-- Up-to-date: /home/a/ws_moveit2/install/stm32_mavlink_interface/include/mavlink/c_library_v2/storm32/mavlink_msg_qshot_status.h\n'}
[1.710534] (stm32_mavlink_interface) StdoutLine: {'line': b'-- Up-to-date: /home/a/ws_moveit2/install/stm32_mavlink_interface/include/mavlink/c_library_v2/storm32/storm32.h\n'}
[1.710627] (stm32_mavlink_interface) StdoutLine: {'line': b'-- Up-to-date: /home/a/ws_moveit2/install/stm32_mavlink_interface/include/mavlink/c_library_v2/storm32/version.h\n'}
[1.710755] (stm32_mavlink_interface) StdoutLine: {'line': b'-- Up-to-date: /home/a/ws_moveit2/install/stm32_mavlink_interface/include/mavlink/c_library_v2/storm32/mavlink_msg_mlrs_radio_link_information.h\n'}
[1.710788] (stm32_mavlink_interface) StdoutLine: {'line': b'-- Up-to-date: /home/a/ws_moveit2/install/stm32_mavlink_interface/include/mavlink/c_library_v2/storm32/mavlink_msg_storm32_gimbal_manager_status.h\n'}
[1.711026] (stm32_mavlink_interface) StdoutLine: {'line': b'-- Up-to-date: /home/a/ws_moveit2/install/stm32_mavlink_interface/include/mavlink/c_library_v2/storm32/mavlink_msg_storm32_gimbal_manager_information.h\n'}
[1.711212] (stm32_mavlink_interface) StdoutLine: {'line': b'-- Up-to-date: /home/a/ws_moveit2/install/stm32_mavlink_interface/include/mavlink/c_library_v2/storm32/mavlink_msg_param_value_array.h\n'}
[1.711254] (stm32_mavlink_interface) StdoutLine: {'line': b'-- Up-to-date: /home/a/ws_moveit2/install/stm32_mavlink_interface/include/mavlink/c_library_v2/storm32/mavlink_msg_storm32_gimbal_manager_correct_roll.h\n'}
[1.711282] (stm32_mavlink_interface) StdoutLine: {'line': b'-- Up-to-date: /home/a/ws_moveit2/install/stm32_mavlink_interface/include/mavlink/c_library_v2/storm32/testsuite.h\n'}
[1.711309] (stm32_mavlink_interface) StdoutLine: {'line': b'-- Up-to-date: /home/a/ws_moveit2/install/stm32_mavlink_interface/include/mavlink/c_library_v2/storm32/mavlink_msg_frsky_passthrough_array.h\n'}
[1.711337] (stm32_mavlink_interface) StdoutLine: {'line': b'-- Up-to-date: /home/a/ws_moveit2/install/stm32_mavlink_interface/include/mavlink/c_library_v2/storm32/mavlink_msg_autopilot_state_for_gimbal_device_ext.h\n'}
[1.711366] (stm32_mavlink_interface) StdoutLine: {'line': b'-- Up-to-date: /home/a/ws_moveit2/install/stm32_mavlink_interface/include/mavlink/c_library_v2/storm32/mavlink_msg_mlrs_radio_link_stats.h\n'}
[1.711398] (stm32_mavlink_interface) StdoutLine: {'line': b'-- Up-to-date: /home/a/ws_moveit2/install/stm32_mavlink_interface/include/mavlink/c_library_v2/storm32/mavlink.h\n'}
[1.711425] (stm32_mavlink_interface) StdoutLine: {'line': b'-- Up-to-date: /home/a/ws_moveit2/install/stm32_mavlink_interface/include/mavlink/c_library_v2/mavlink_get_info.h\n'}
[1.711451] (stm32_mavlink_interface) StdoutLine: {'line': b'-- Up-to-date: /home/a/ws_moveit2/install/stm32_mavlink_interface/include/mavlink/c_library_v2/standard\n'}
[1.711477] (stm32_mavlink_interface) StdoutLine: {'line': b'-- Up-to-date: /home/a/ws_moveit2/install/stm32_mavlink_interface/include/mavlink/c_library_v2/standard/version.h\n'}
[1.711503] (stm32_mavlink_interface) StdoutLine: {'line': b'-- Up-to-date: /home/a/ws_moveit2/install/stm32_mavlink_interface/include/mavlink/c_library_v2/standard/mavlink_msg_autopilot_version.h\n'}
[1.711528] (stm32_mavlink_interface) StdoutLine: {'line': b'-- Up-to-date: /home/a/ws_moveit2/install/stm32_mavlink_interface/include/mavlink/c_library_v2/standard/testsuite.h\n'}
[1.711553] (stm32_mavlink_interface) StdoutLine: {'line': b'-- Up-to-date: /home/a/ws_moveit2/install/stm32_mavlink_interface/include/mavlink/c_library_v2/standard/standard.h\n'}
[1.711579] (stm32_mavlink_interface) StdoutLine: {'line': b'-- Up-to-date: /home/a/ws_moveit2/install/stm32_mavlink_interface/include/mavlink/c_library_v2/standard/mavlink.h\n'}
[1.711604] (stm32_mavlink_interface) StdoutLine: {'line': b'-- Up-to-date: /home/a/ws_moveit2/install/stm32_mavlink_interface/include/mavlink/c_library_v2/ardupilotmega\n'}
[1.711629] (stm32_mavlink_interface) StdoutLine: {'line': b'-- Up-to-date: /home/a/ws_moveit2/install/stm32_mavlink_interface/include/mavlink/c_library_v2/ardupilotmega/mavlink_msg_gopro_heartbeat.h\n'}
[1.711654] (stm32_mavlink_interface) StdoutLine: {'line': b'-- Up-to-date: /home/a/ws_moveit2/install/stm32_mavlink_interface/include/mavlink/c_library_v2/ardupilotmega/mavlink_msg_mag_cal_progress.h\n'}
[1.711680] (stm32_mavlink_interface) StdoutLine: {'line': b'-- Up-to-date: /home/a/ws_moveit2/install/stm32_mavlink_interface/include/mavlink/c_library_v2/ardupilotmega/mavlink_msg_wind.h\n'}
[1.711706] (stm32_mavlink_interface) StdoutLine: {'line': b'-- Up-to-date: /home/a/ws_moveit2/install/stm32_mavlink_interface/include/mavlink/c_library_v2/ardupilotmega/mavlink_msg_set_mag_offsets.h\n'}
[1.711732] (stm32_mavlink_interface) StdoutLine: {'line': b'-- Up-to-date: /home/a/ws_moveit2/install/stm32_mavlink_interface/include/mavlink/c_library_v2/ardupilotmega/mavlink_msg_gimbal_report.h\n'}
[1.711757] (stm32_mavlink_interface) StdoutLine: {'line': b'-- Up-to-date: /home/a/ws_moveit2/install/stm32_mavlink_interface/include/mavlink/c_library_v2/ardupilotmega/mavlink_msg_mount_status.h\n'}
[1.711783] (stm32_mavlink_interface) StdoutLine: {'line': b'-- Up-to-date: /home/a/ws_moveit2/install/stm32_mavlink_interface/include/mavlink/c_library_v2/ardupilotmega/mavlink_msg_device_op_read_reply.h\n'}
[1.711808] (stm32_mavlink_interface) StdoutLine: {'line': b'-- Up-to-date: /home/a/ws_moveit2/install/stm32_mavlink_interface/include/mavlink/c_library_v2/ardupilotmega/mavlink_msg_ahrs3.h\n'}
[1.711833] (stm32_mavlink_interface) StdoutLine: {'line': b'-- Up-to-date: /home/a/ws_moveit2/install/stm32_mavlink_interface/include/mavlink/c_library_v2/ardupilotmega/mavlink_msg_esc_telemetry_5_to_8.h\n'}
[1.711858] (stm32_mavlink_interface) StdoutLine: {'line': b'-- Up-to-date: /home/a/ws_moveit2/install/stm32_mavlink_interface/include/mavlink/c_library_v2/ardupilotmega/mavlink_msg_ahrs.h\n'}
[1.711883] (stm32_mavlink_interface) StdoutLine: {'line': b'-- Up-to-date: /home/a/ws_moveit2/install/stm32_mavlink_interface/include/mavlink/c_library_v2/ardupilotmega/mavlink_msg_rally_point.h\n'}
[1.711909] (stm32_mavlink_interface) StdoutLine: {'line': b'-- Up-to-date: /home/a/ws_moveit2/install/stm32_mavlink_interface/include/mavlink/c_library_v2/ardupilotmega/mavlink_msg_obstacle_distance_3d.h\n'}
[1.711936] (stm32_mavlink_interface) StdoutLine: {'line': b'-- Up-to-date: /home/a/ws_moveit2/install/stm32_mavlink_interface/include/mavlink/c_library_v2/ardupilotmega/mavlink_msg_fence_point.h\n'}
[1.711961] (stm32_mavlink_interface) StdoutLine: {'line': b'-- Up-to-date: /home/a/ws_moveit2/install/stm32_mavlink_interface/include/mavlink/c_library_v2/ardupilotmega/mavlink_msg_esc_telemetry_9_to_12.h\n'}
[1.711988] (stm32_mavlink_interface) StdoutLine: {'line': b'-- Up-to-date: /home/a/ws_moveit2/install/stm32_mavlink_interface/include/mavlink/c_library_v2/ardupilotmega/mavlink_msg_gopro_set_response.h\n'}
[1.712014] (stm32_mavlink_interface) StdoutLine: {'line': b'-- Up-to-date: /home/a/ws_moveit2/install/stm32_mavlink_interface/include/mavlink/c_library_v2/ardupilotmega/mavlink_msg_osd_param_show_config_reply.h\n'}
[1.712039] (stm32_mavlink_interface) StdoutLine: {'line': b'-- Up-to-date: /home/a/ws_moveit2/install/stm32_mavlink_interface/include/mavlink/c_library_v2/ardupilotmega/mavlink_msg_esc_telemetry_25_to_28.h\n'}
[1.712064] (stm32_mavlink_interface) StdoutLine: {'line': b'-- Up-to-date: /home/a/ws_moveit2/install/stm32_mavlink_interface/include/mavlink/c_library_v2/ardupilotmega/mavlink_msg_water_depth.h\n'}
[1.712089] (stm32_mavlink_interface) StdoutLine: {'line': b'-- Up-to-date: /home/a/ws_moveit2/install/stm32_mavlink_interface/include/mavlink/c_library_v2/ardupilotmega/mavlink_msg_ap_adc.h\n'}
[1.712115] (stm32_mavlink_interface) StdoutLine: {'line': b'-- Up-to-date: /home/a/ws_moveit2/install/stm32_mavlink_interface/include/mavlink/c_library_v2/ardupilotmega/mavlink_msg_autopilot_version_request.h\n'}
[1.712140] (stm32_mavlink_interface) StdoutLine: {'line': b'-- Up-to-date: /home/a/ws_moveit2/install/stm32_mavlink_interface/include/mavlink/c_library_v2/ardupilotmega/mavlink_msg_led_control.h\n'}
[1.712165] (stm32_mavlink_interface) StdoutLine: {'line': b'-- Up-to-date: /home/a/ws_moveit2/install/stm32_mavlink_interface/include/mavlink/c_library_v2/ardupilotmega/mavlink_msg_camera_feedback.h\n'}
[1.712193] (stm32_mavlink_interface) StdoutLine: {'line': b'-- Up-to-date: /home/a/ws_moveit2/install/stm32_mavlink_interface/include/mavlink/c_library_v2/ardupilotmega/mavlink_msg_sensor_offsets.h\n'}
[1.712223] (stm32_mavlink_interface) StdoutLine: {'line': b'-- Up-to-date: /home/a/ws_moveit2/install/stm32_mavlink_interface/include/mavlink/c_library_v2/ardupilotmega/mavlink_msg_rally_fetch_point.h\n'}
[1.712251] (stm32_mavlink_interface) StdoutLine: {'line': b'-- Up-to-date: /home/a/ws_moveit2/install/stm32_mavlink_interface/include/mavlink/c_library_v2/ardupilotmega/mavlink_msg_limits_status.h\n'}
[1.712277] (stm32_mavlink_interface) StdoutLine: {'line': b'-- Up-to-date: /home/a/ws_moveit2/install/stm32_mavlink_interface/include/mavlink/c_library_v2/ardupilotmega/mavlink_msg_fence_fetch_point.h\n'}
[1.712302] (stm32_mavlink_interface) StdoutLine: {'line': b'-- Up-to-date: /home/a/ws_moveit2/install/stm32_mavlink_interface/include/mavlink/c_library_v2/ardupilotmega/mavlink_msg_data32.h\n'}
[1.712327] (stm32_mavlink_interface) StdoutLine: {'line': b'-- Up-to-date: /home/a/ws_moveit2/install/stm32_mavlink_interface/include/mavlink/c_library_v2/ardupilotmega/mavlink_msg_mount_configure.h\n'}
[1.712352] (stm32_mavlink_interface) StdoutLine: {'line': b'-- Up-to-date: /home/a/ws_moveit2/install/stm32_mavlink_interface/include/mavlink/c_library_v2/ardupilotmega/mavlink_msg_gopro_get_response.h\n'}
[1.712376] (stm32_mavlink_interface) StdoutLine: {'line': b'-- Up-to-date: /home/a/ws_moveit2/install/stm32_mavlink_interface/include/mavlink/c_library_v2/ardupilotmega/mavlink_msg_data16.h\n'}
[1.712435] (stm32_mavlink_interface) StdoutLine: {'line': b'-- Up-to-date: /home/a/ws_moveit2/install/stm32_mavlink_interface/include/mavlink/c_library_v2/ardupilotmega/mavlink_msg_camera_status.h\n'}
[1.712463] (stm32_mavlink_interface) StdoutLine: {'line': b'-- Up-to-date: /home/a/ws_moveit2/install/stm32_mavlink_interface/include/mavlink/c_library_v2/ardupilotmega/mavlink_msg_secure_command.h\n'}
[1.712491] (stm32_mavlink_interface) StdoutLine: {'line': b'-- Up-to-date: /home/a/ws_moveit2/install/stm32_mavlink_interface/include/mavlink/c_library_v2/ardupilotmega/version.h\n'}
[1.712517] (stm32_mavlink_interface) StdoutLine: {'line': b'-- Up-to-date: /home/a/ws_moveit2/install/stm32_mavlink_interface/include/mavlink/c_library_v2/ardupilotmega/mavlink_msg_meminfo.h\n'}
[1.712544] (stm32_mavlink_interface) StdoutLine: {'line': b'-- Up-to-date: /home/a/ws_moveit2/install/stm32_mavlink_interface/include/mavlink/c_library_v2/ardupilotmega/mavlink_msg_deepstall.h\n'}
[1.712569] (stm32_mavlink_interface) StdoutLine: {'line': b'-- Up-to-date: /home/a/ws_moveit2/install/stm32_mavlink_interface/include/mavlink/c_library_v2/ardupilotmega/ardupilotmega.h\n'}
[1.712594] (stm32_mavlink_interface) StdoutLine: {'line': b'-- Up-to-date: /home/a/ws_moveit2/install/stm32_mavlink_interface/include/mavlink/c_library_v2/ardupilotmega/mavlink_msg_compassmot_status.h\n'}
[1.712619] (stm32_mavlink_interface) StdoutLine: {'line': b'-- Up-to-date: /home/a/ws_moveit2/install/stm32_mavlink_interface/include/mavlink/c_library_v2/ardupilotmega/mavlink_msg_rpm.h\n'}
[1.712644] (stm32_mavlink_interface) StdoutLine: {'line': b'-- Up-to-date: /home/a/ws_moveit2/install/stm32_mavlink_interface/include/mavlink/c_library_v2/ardupilotmega/mavlink_msg_gopro_get_request.h\n'}
[1.712670] (stm32_mavlink_interface) StdoutLine: {'line': b'-- Up-to-date: /home/a/ws_moveit2/install/stm32_mavlink_interface/include/mavlink/c_library_v2/ardupilotmega/mavlink_msg_vision_position_delta.h\n'}
[1.712696] (stm32_mavlink_interface) StdoutLine: {'line': b'-- Up-to-date: /home/a/ws_moveit2/install/stm32_mavlink_interface/include/mavlink/c_library_v2/ardupilotmega/mavlink_msg_osd_param_show_config.h\n'}
[1.712721] (stm32_mavlink_interface) StdoutLine: {'line': b'-- Up-to-date: /home/a/ws_moveit2/install/stm32_mavlink_interface/include/mavlink/c_library_v2/ardupilotmega/mavlink_msg_remote_log_block_status.h\n'}
[1.712747] (stm32_mavlink_interface) StdoutLine: {'line': b'-- Up-to-date: /home/a/ws_moveit2/install/stm32_mavlink_interface/include/mavlink/c_library_v2/ardupilotmega/mavlink_msg_esc_telemetry_17_to_20.h\n'}
[1.712772] (stm32_mavlink_interface) StdoutLine: {'line': b'-- Up-to-date: /home/a/ws_moveit2/install/stm32_mavlink_interface/include/mavlink/c_library_v2/ardupilotmega/mavlink_msg_rangefinder.h\n'}
[1.712798] (stm32_mavlink_interface) StdoutLine: {'line': b'-- Up-to-date: /home/a/ws_moveit2/install/stm32_mavlink_interface/include/mavlink/c_library_v2/ardupilotmega/mavlink_msg_hwstatus.h\n'}
[1.712823] (stm32_mavlink_interface) StdoutLine: {'line': b'-- Up-to-date: /home/a/ws_moveit2/install/stm32_mavlink_interface/include/mavlink/c_library_v2/ardupilotmega/mavlink_msg_gimbal_torque_cmd_report.h\n'}
[1.712849] (stm32_mavlink_interface) StdoutLine: {'line': b'-- Up-to-date: /home/a/ws_moveit2/install/stm32_mavlink_interface/include/mavlink/c_library_v2/ardupilotmega/mavlink_msg_device_op_write_reply.h\n'}
[1.712874] (stm32_mavlink_interface) StdoutLine: {'line': b'-- Up-to-date: /home/a/ws_moveit2/install/stm32_mavlink_interface/include/mavlink/c_library_v2/ardupilotmega/mavlink_msg_aoa_ssa.h\n'}
[1.712900] (stm32_mavlink_interface) StdoutLine: {'line': b'-- Up-to-date: /home/a/ws_moveit2/install/stm32_mavlink_interface/include/mavlink/c_library_v2/ardupilotmega/mavlink_msg_data96.h\n'}
[1.712925] (stm32_mavlink_interface) StdoutLine: {'line': b'-- Up-to-date: /home/a/ws_moveit2/install/stm32_mavlink_interface/include/mavlink/c_library_v2/ardupilotmega/mavlink_msg_battery2.h\n'}
[1.712949] (stm32_mavlink_interface) StdoutLine: {'line': b'-- Up-to-date: /home/a/ws_moveit2/install/stm32_mavlink_interface/include/mavlink/c_library_v2/ardupilotmega/mavlink_msg_ahrs2.h\n'}
[1.712974] (stm32_mavlink_interface) StdoutLine: {'line': b'-- Up-to-date: /home/a/ws_moveit2/install/stm32_mavlink_interface/include/mavlink/c_library_v2/ardupilotmega/mavlink_msg_esc_telemetry_29_to_32.h\n'}
[1.713001] (stm32_mavlink_interface) StdoutLine: {'line': b'-- Up-to-date: /home/a/ws_moveit2/install/stm32_mavlink_interface/include/mavlink/c_library_v2/ardupilotmega/mavlink_msg_adap_tuning.h\n'}
[1.713027] (stm32_mavlink_interface) StdoutLine: {'line': b'-- Up-to-date: /home/a/ws_moveit2/install/stm32_mavlink_interface/include/mavlink/c_library_v2/ardupilotmega/mavlink_msg_mount_control.h\n'}
[1.713053] (stm32_mavlink_interface) StdoutLine: {'line': b'-- Up-to-date: /home/a/ws_moveit2/install/stm32_mavlink_interface/include/mavlink/c_library_v2/ardupilotmega/mavlink_msg_device_op_read.h\n'}
[1.713077] (stm32_mavlink_interface) StdoutLine: {'line': b'-- Up-to-date: /home/a/ws_moveit2/install/stm32_mavlink_interface/include/mavlink/c_library_v2/ardupilotmega/mavlink_msg_digicam_control.h\n'}
[1.713103] (stm32_mavlink_interface) StdoutLine: {'line': b'-- Up-to-date: /home/a/ws_moveit2/install/stm32_mavlink_interface/include/mavlink/c_library_v2/ardupilotmega/testsuite.h\n'}
[1.713128] (stm32_mavlink_interface) StdoutLine: {'line': b'-- Up-to-date: /home/a/ws_moveit2/install/stm32_mavlink_interface/include/mavlink/c_library_v2/ardupilotmega/mavlink_msg_esc_telemetry_13_to_16.h\n'}
[1.713153] (stm32_mavlink_interface) StdoutLine: {'line': b'-- Up-to-date: /home/a/ws_moveit2/install/stm32_mavlink_interface/include/mavlink/c_library_v2/ardupilotmega/mavlink_msg_osd_param_config_reply.h\n'}
[1.713179] (stm32_mavlink_interface) StdoutLine: {'line': b'-- Up-to-date: /home/a/ws_moveit2/install/stm32_mavlink_interface/include/mavlink/c_library_v2/ardupilotmega/mavlink_msg_ekf_status_report.h\n'}
[1.713204] (stm32_mavlink_interface) StdoutLine: {'line': b'-- Up-to-date: /home/a/ws_moveit2/install/stm32_mavlink_interface/include/mavlink/c_library_v2/ardupilotmega/mavlink_msg_secure_command_reply.h\n'}
[1.713244] (stm32_mavlink_interface) StdoutLine: {'line': b'-- Up-to-date: /home/a/ws_moveit2/install/stm32_mavlink_interface/include/mavlink/c_library_v2/ardupilotmega/mavlink_msg_digicam_configure.h\n'}
[1.713273] (stm32_mavlink_interface) StdoutLine: {'line': b'-- Up-to-date: /home/a/ws_moveit2/install/stm32_mavlink_interface/include/mavlink/c_library_v2/ardupilotmega/mavlink_msg_simstate.h\n'}
[1.713301] (stm32_mavlink_interface) StdoutLine: {'line': b'-- Up-to-date: /home/a/ws_moveit2/install/stm32_mavlink_interface/include/mavlink/c_library_v2/ardupilotmega/mavlink_msg_pid_tuning.h\n'}
[1.713327] (stm32_mavlink_interface) StdoutLine: {'line': b'-- Up-to-date: /home/a/ws_moveit2/install/stm32_mavlink_interface/include/mavlink/c_library_v2/ardupilotmega/mavlink.h\n'}
[1.713354] (stm32_mavlink_interface) StdoutLine: {'line': b'-- Up-to-date: /home/a/ws_moveit2/install/stm32_mavlink_interface/include/mavlink/c_library_v2/ardupilotmega/mavlink_msg_device_op_write.h\n'}
[1.713380] (stm32_mavlink_interface) StdoutLine: {'line': b'-- Up-to-date: /home/a/ws_moveit2/install/stm32_mavlink_interface/include/mavlink/c_library_v2/ardupilotmega/mavlink_msg_esc_telemetry_21_to_24.h\n'}
[1.713407] (stm32_mavlink_interface) StdoutLine: {'line': b'-- Up-to-date: /home/a/ws_moveit2/install/stm32_mavlink_interface/include/mavlink/c_library_v2/ardupilotmega/mavlink_msg_mcu_status.h\n'}
[1.713433] (stm32_mavlink_interface) StdoutLine: {'line': b'-- Up-to-date: /home/a/ws_moveit2/install/stm32_mavlink_interface/include/mavlink/c_library_v2/ardupilotmega/mavlink_msg_gopro_set_request.h\n'}
[1.713520] (stm32_mavlink_interface) StdoutLine: {'line': b'-- Up-to-date: /home/a/ws_moveit2/install/stm32_mavlink_interface/include/mavlink/c_library_v2/ardupilotmega/mavlink_msg_esc_telemetry_1_to_4.h\n'}
[1.713550] (stm32_mavlink_interface) StdoutLine: {'line': b'-- Up-to-date: /home/a/ws_moveit2/install/stm32_mavlink_interface/include/mavlink/c_library_v2/ardupilotmega/mavlink_msg_osd_param_config.h\n'}
[1.713576] (stm32_mavlink_interface) StdoutLine: {'line': b'-- Up-to-date: /home/a/ws_moveit2/install/stm32_mavlink_interface/include/mavlink/c_library_v2/ardupilotmega/mavlink_msg_gimbal_control.h\n'}
[1.713602] (stm32_mavlink_interface) StdoutLine: {'line': b'-- Up-to-date: /home/a/ws_moveit2/install/stm32_mavlink_interface/include/mavlink/c_library_v2/ardupilotmega/mavlink_msg_data64.h\n'}
[1.713633] (stm32_mavlink_interface) StdoutLine: {'line': b'-- Up-to-date: /home/a/ws_moveit2/install/stm32_mavlink_interface/include/mavlink/c_library_v2/ardupilotmega/mavlink_msg_radio.h\n'}
[1.713659] (stm32_mavlink_interface) StdoutLine: {'line': b'-- Up-to-date: /home/a/ws_moveit2/install/stm32_mavlink_interface/include/mavlink/c_library_v2/ardupilotmega/mavlink_msg_remote_log_data_block.h\n'}
[1.713685] (stm32_mavlink_interface) StdoutLine: {'line': b'-- Up-to-date: /home/a/ws_moveit2/install/stm32_mavlink_interface/include/mavlink/c_library_v2/ardupilotmega/mavlink_msg_airspeed_autocal.h\n'}
[1.713710] (stm32_mavlink_interface) StdoutLine: {'line': b'-- Up-to-date: /home/a/ws_moveit2/install/stm32_mavlink_interface/include/mavlink/c_library_v2/uAvionix\n'}
[1.713736] (stm32_mavlink_interface) StdoutLine: {'line': b'-- Up-to-date: /home/a/ws_moveit2/install/stm32_mavlink_interface/include/mavlink/c_library_v2/uAvionix/mavlink_msg_uavionix_adsb_transceiver_health_report.h\n'}
[1.713762] (stm32_mavlink_interface) StdoutLine: {'line': b'-- Up-to-date: /home/a/ws_moveit2/install/stm32_mavlink_interface/include/mavlink/c_library_v2/uAvionix/mavlink_msg_uavionix_adsb_out_cfg_registration.h\n'}
[1.713787] (stm32_mavlink_interface) StdoutLine: {'line': b'-- Up-to-date: /home/a/ws_moveit2/install/stm32_mavlink_interface/include/mavlink/c_library_v2/uAvionix/mavlink_msg_uavionix_adsb_out_status.h\n'}
[1.713811] (stm32_mavlink_interface) StdoutLine: {'line': b'-- Up-to-date: /home/a/ws_moveit2/install/stm32_mavlink_interface/include/mavlink/c_library_v2/uAvionix/version.h\n'}
[1.713836] (stm32_mavlink_interface) StdoutLine: {'line': b'-- Up-to-date: /home/a/ws_moveit2/install/stm32_mavlink_interface/include/mavlink/c_library_v2/uAvionix/mavlink_msg_uavionix_adsb_out_cfg_flightid.h\n'}
[1.713872] (stm32_mavlink_interface) StdoutLine: {'line': b'-- Up-to-date: /home/a/ws_moveit2/install/stm32_mavlink_interface/include/mavlink/c_library_v2/uAvionix/mavlink_msg_uavionix_adsb_out_cfg.h\n'}
[1.713896] (stm32_mavlink_interface) StdoutLine: {'line': b'-- Up-to-date: /home/a/ws_moveit2/install/stm32_mavlink_interface/include/mavlink/c_library_v2/uAvionix/testsuite.h\n'}
[1.713919] (stm32_mavlink_interface) StdoutLine: {'line': b'-- Up-to-date: /home/a/ws_moveit2/install/stm32_mavlink_interface/include/mavlink/c_library_v2/uAvionix/mavlink_msg_uavionix_adsb_get.h\n'}
[1.713943] (stm32_mavlink_interface) StdoutLine: {'line': b'-- Up-to-date: /home/a/ws_moveit2/install/stm32_mavlink_interface/include/mavlink/c_library_v2/uAvionix/mavlink_msg_uavionix_adsb_out_dynamic.h\n'}
[1.713966] (stm32_mavlink_interface) StdoutLine: {'line': b'-- Up-to-date: /home/a/ws_moveit2/install/stm32_mavlink_interface/include/mavlink/c_library_v2/uAvionix/mavlink.h\n'}
[1.713990] (stm32_mavlink_interface) StdoutLine: {'line': b'-- Up-to-date: /home/a/ws_moveit2/install/stm32_mavlink_interface/include/mavlink/c_library_v2/uAvionix/mavlink_msg_uavionix_adsb_out_control.h\n'}
[1.714016] (stm32_mavlink_interface) StdoutLine: {'line': b'-- Up-to-date: /home/a/ws_moveit2/install/stm32_mavlink_interface/include/mavlink/c_library_v2/uAvionix/uAvionix.h\n'}
[1.714041] (stm32_mavlink_interface) StdoutLine: {'line': b'-- Up-to-date: /home/a/ws_moveit2/install/stm32_mavlink_interface/include/mavlink/c_library_v2/development\n'}
[1.714069] (stm32_mavlink_interface) StdoutLine: {'line': b'-- Up-to-date: /home/a/ws_moveit2/install/stm32_mavlink_interface/include/mavlink/c_library_v2/development/development.h\n'}
[1.714104] (stm32_mavlink_interface) StdoutLine: {'line': b'-- Up-to-date: /home/a/ws_moveit2/install/stm32_mavlink_interface/include/mavlink/c_library_v2/development/mavlink_msg_battery_status_v2.h\n'}
[1.714133] (stm32_mavlink_interface) StdoutLine: {'line': b'-- Up-to-date: /home/a/ws_moveit2/install/stm32_mavlink_interface/include/mavlink/c_library_v2/development/mavlink_msg_control_status.h\n'}
[1.714160] (stm32_mavlink_interface) StdoutLine: {'line': b'-- Up-to-date: /home/a/ws_moveit2/install/stm32_mavlink_interface/include/mavlink/c_library_v2/development/mavlink_msg_gnss_integrity.h\n'}
[1.714187] (stm32_mavlink_interface) StdoutLine: {'line': b'-- Up-to-date: /home/a/ws_moveit2/install/stm32_mavlink_interface/include/mavlink/c_library_v2/development/mavlink_msg_airspeed.h\n'}
[1.714213] (stm32_mavlink_interface) StdoutLine: {'line': b'-- Up-to-date: /home/a/ws_moveit2/install/stm32_mavlink_interface/include/mavlink/c_library_v2/development/mavlink_msg_global_position.h\n'}
[1.714245] (stm32_mavlink_interface) StdoutLine: {'line': b'-- Up-to-date: /home/a/ws_moveit2/install/stm32_mavlink_interface/include/mavlink/c_library_v2/development/version.h\n'}
[1.714312] (stm32_mavlink_interface) StdoutLine: {'line': b'-- Up-to-date: /home/a/ws_moveit2/install/stm32_mavlink_interface/include/mavlink/c_library_v2/development/mavlink_msg_velocity_limits.h\n'}
[1.714364] (stm32_mavlink_interface) StdoutLine: {'line': b'-- Up-to-date: /home/a/ws_moveit2/install/stm32_mavlink_interface/include/mavlink/c_library_v2/development/mavlink_msg_target_absolute.h\n'}
[1.714391] (stm32_mavlink_interface) StdoutLine: {'line': b'-- Up-to-date: /home/a/ws_moveit2/install/stm32_mavlink_interface/include/mavlink/c_library_v2/development/mavlink_msg_target_relative.h\n'}
[1.714416] (stm32_mavlink_interface) StdoutLine: {'line': b'-- Up-to-date: /home/a/ws_moveit2/install/stm32_mavlink_interface/include/mavlink/c_library_v2/development/testsuite.h\n'}
[1.714442] (stm32_mavlink_interface) StdoutLine: {'line': b'-- Up-to-date: /home/a/ws_moveit2/install/stm32_mavlink_interface/include/mavlink/c_library_v2/development/mavlink_msg_figure_eight_execution_status.h\n'}
[1.714466] (stm32_mavlink_interface) StdoutLine: {'line': b'-- Up-to-date: /home/a/ws_moveit2/install/stm32_mavlink_interface/include/mavlink/c_library_v2/development/mavlink_msg_radio_rc_channels.h\n'}
[1.714491] (stm32_mavlink_interface) StdoutLine: {'line': b'-- Up-to-date: /home/a/ws_moveit2/install/stm32_mavlink_interface/include/mavlink/c_library_v2/development/mavlink_msg_set_velocity_limits.h\n'}
[1.714515] (stm32_mavlink_interface) StdoutLine: {'line': b'-- Up-to-date: /home/a/ws_moveit2/install/stm32_mavlink_interface/include/mavlink/c_library_v2/development/mavlink_msg_group_start.h\n'}
[1.714540] (stm32_mavlink_interface) StdoutLine: {'line': b'-- Up-to-date: /home/a/ws_moveit2/install/stm32_mavlink_interface/include/mavlink/c_library_v2/development/mavlink.h\n'}
[1.714566] (stm32_mavlink_interface) StdoutLine: {'line': b'-- Up-to-date: /home/a/ws_moveit2/install/stm32_mavlink_interface/include/mavlink/c_library_v2/development/mavlink_msg_group_end.h\n'}
[1.714591] (stm32_mavlink_interface) StdoutLine: {'line': b'-- Up-to-date: /home/a/ws_moveit2/install/stm32_mavlink_interface/include/mavlink/c_library_v2/.git\n'}
[1.714622] (stm32_mavlink_interface) StdoutLine: {'line': b'-- Up-to-date: /home/a/ws_moveit2/install/stm32_mavlink_interface/include/mavlink/c_library_v2/.git/branches\n'}
[1.714649] (stm32_mavlink_interface) StdoutLine: {'line': b'-- Up-to-date: /home/a/ws_moveit2/install/stm32_mavlink_interface/include/mavlink/c_library_v2/.git/hooks\n'}
[1.714674] (stm32_mavlink_interface) StdoutLine: {'line': b'-- Up-to-date: /home/a/ws_moveit2/install/stm32_mavlink_interface/include/mavlink/c_library_v2/.git/hooks/pre-receive.sample\n'}
[1.714700] (stm32_mavlink_interface) StdoutLine: {'line': b'-- Up-to-date: /home/a/ws_moveit2/install/stm32_mavlink_interface/include/mavlink/c_library_v2/.git/hooks/post-update.sample\n'}
[1.714725] (stm32_mavlink_interface) StdoutLine: {'line': b'-- Up-to-date: /home/a/ws_moveit2/install/stm32_mavlink_interface/include/mavlink/c_library_v2/.git/hooks/pre-rebase.sample\n'}
[1.714750] (stm32_mavlink_interface) StdoutLine: {'line': b'-- Up-to-date: /home/a/ws_moveit2/install/stm32_mavlink_interface/include/mavlink/c_library_v2/.git/hooks/applypatch-msg.sample\n'}
[1.714823] (stm32_mavlink_interface) StdoutLine: {'line': b'-- Up-to-date: /home/a/ws_moveit2/install/stm32_mavlink_interface/include/mavlink/c_library_v2/.git/hooks/commit-msg.sample\n'}
[1.714857] (stm32_mavlink_interface) StdoutLine: {'line': b'-- Up-to-date: /home/a/ws_moveit2/install/stm32_mavlink_interface/include/mavlink/c_library_v2/.git/hooks/update.sample\n'}
[1.714881] (stm32_mavlink_interface) StdoutLine: {'line': b'-- Up-to-date: /home/a/ws_moveit2/install/stm32_mavlink_interface/include/mavlink/c_library_v2/.git/hooks/prepare-commit-msg.sample\n'}
[1.714904] (stm32_mavlink_interface) StdoutLine: {'line': b'-- Up-to-date: /home/a/ws_moveit2/install/stm32_mavlink_interface/include/mavlink/c_library_v2/.git/hooks/push-to-checkout.sample\n'}
[1.714927] (stm32_mavlink_interface) StdoutLine: {'line': b'-- Up-to-date: /home/a/ws_moveit2/install/stm32_mavlink_interface/include/mavlink/c_library_v2/.git/hooks/pre-commit.sample\n'}
[1.714952] (stm32_mavlink_interface) StdoutLine: {'line': b'-- Up-to-date: /home/a/ws_moveit2/install/stm32_mavlink_interface/include/mavlink/c_library_v2/.git/hooks/pre-merge-commit.sample\n'}
[1.714977] (stm32_mavlink_interface) StdoutLine: {'line': b'-- Up-to-date: /home/a/ws_moveit2/install/stm32_mavlink_interface/include/mavlink/c_library_v2/.git/hooks/pre-push.sample\n'}
[1.715003] (stm32_mavlink_interface) StdoutLine: {'line': b'-- Up-to-date: /home/a/ws_moveit2/install/stm32_mavlink_interface/include/mavlink/c_library_v2/.git/hooks/fsmonitor-watchman.sample\n'}
[1.715027] (stm32_mavlink_interface) StdoutLine: {'line': b'-- Up-to-date: /home/a/ws_moveit2/install/stm32_mavlink_interface/include/mavlink/c_library_v2/.git/hooks/pre-applypatch.sample\n'}
[1.715053] (stm32_mavlink_interface) StdoutLine: {'line': b'-- Up-to-date: /home/a/ws_moveit2/install/stm32_mavlink_interface/include/mavlink/c_library_v2/.git/packed-refs\n'}
[1.715079] (stm32_mavlink_interface) StdoutLine: {'line': b'-- Up-to-date: /home/a/ws_moveit2/install/stm32_mavlink_interface/include/mavlink/c_library_v2/.git/refs\n'}
[1.715104] (stm32_mavlink_interface) StdoutLine: {'line': b'-- Up-to-date: /home/a/ws_moveit2/install/stm32_mavlink_interface/include/mavlink/c_library_v2/.git/refs/remotes\n'}
[1.715129] (stm32_mavlink_interface) StdoutLine: {'line': b'-- Up-to-date: /home/a/ws_moveit2/install/stm32_mavlink_interface/include/mavlink/c_library_v2/.git/refs/remotes/origin\n'}
[1.715154] (stm32_mavlink_interface) StdoutLine: {'line': b'-- Up-to-date: /home/a/ws_moveit2/install/stm32_mavlink_interface/include/mavlink/c_library_v2/.git/refs/remotes/origin/HEAD\n'}
[1.715178] (stm32_mavlink_interface) StdoutLine: {'line': b'-- Up-to-date: /home/a/ws_moveit2/install/stm32_mavlink_interface/include/mavlink/c_library_v2/.git/refs/heads\n'}
[1.715204] (stm32_mavlink_interface) StdoutLine: {'line': b'-- Up-to-date: /home/a/ws_moveit2/install/stm32_mavlink_interface/include/mavlink/c_library_v2/.git/refs/heads/master\n'}
[1.715247] (stm32_mavlink_interface) StdoutLine: {'line': b'-- Up-to-date: /home/a/ws_moveit2/install/stm32_mavlink_interface/include/mavlink/c_library_v2/.git/refs/tags\n'}
[1.715274] (stm32_mavlink_interface) StdoutLine: {'line': b'-- Up-to-date: /home/a/ws_moveit2/install/stm32_mavlink_interface/include/mavlink/c_library_v2/.git/config\n'}
[1.715299] (stm32_mavlink_interface) StdoutLine: {'line': b'-- Up-to-date: /home/a/ws_moveit2/install/stm32_mavlink_interface/include/mavlink/c_library_v2/.git/info\n'}
[1.715324] (stm32_mavlink_interface) StdoutLine: {'line': b'-- Up-to-date: /home/a/ws_moveit2/install/stm32_mavlink_interface/include/mavlink/c_library_v2/.git/info/exclude\n'}
[1.715348] (stm32_mavlink_interface) StdoutLine: {'line': b'-- Installing: /home/a/ws_moveit2/install/stm32_mavlink_interface/include/mavlink/c_library_v2/.git/index\n'}
[1.715372] (stm32_mavlink_interface) StdoutLine: {'line': b'-- Up-to-date: /home/a/ws_moveit2/install/stm32_mavlink_interface/include/mavlink/c_library_v2/.git/logs\n'}
[1.715397] (stm32_mavlink_interface) StdoutLine: {'line': b'-- Up-to-date: /home/a/ws_moveit2/install/stm32_mavlink_interface/include/mavlink/c_library_v2/.git/logs/refs\n'}
[1.715421] (stm32_mavlink_interface) StdoutLine: {'line': b'-- Up-to-date: /home/a/ws_moveit2/install/stm32_mavlink_interface/include/mavlink/c_library_v2/.git/logs/refs/remotes\n'}
[1.715554] (stm32_mavlink_interface) StdoutLine: {'line': b'-- Up-to-date: /home/a/ws_moveit2/install/stm32_mavlink_interface/include/mavlink/c_library_v2/.git/logs/refs/remotes/origin\n'}
[1.715583] (stm32_mavlink_interface) StdoutLine: {'line': b'-- Up-to-date: /home/a/ws_moveit2/install/stm32_mavlink_interface/include/mavlink/c_library_v2/.git/logs/refs/remotes/origin/HEAD\n'}
[1.715608] (stm32_mavlink_interface) StdoutLine: {'line': b'-- Up-to-date: /home/a/ws_moveit2/install/stm32_mavlink_interface/include/mavlink/c_library_v2/.git/logs/refs/heads\n'}
[1.715633] (stm32_mavlink_interface) StdoutLine: {'line': b'-- Up-to-date: /home/a/ws_moveit2/install/stm32_mavlink_interface/include/mavlink/c_library_v2/.git/logs/refs/heads/master\n'}
[1.715658] (stm32_mavlink_interface) StdoutLine: {'line': b'-- Up-to-date: /home/a/ws_moveit2/install/stm32_mavlink_interface/include/mavlink/c_library_v2/.git/logs/HEAD\n'}
[1.715683] (stm32_mavlink_interface) StdoutLine: {'line': b'-- Up-to-date: /home/a/ws_moveit2/install/stm32_mavlink_interface/include/mavlink/c_library_v2/.git/HEAD\n'}
[1.715707] (stm32_mavlink_interface) StdoutLine: {'line': b'-- Up-to-date: /home/a/ws_moveit2/install/stm32_mavlink_interface/include/mavlink/c_library_v2/.git/objects\n'}
[1.715731] (stm32_mavlink_interface) StdoutLine: {'line': b'-- Up-to-date: /home/a/ws_moveit2/install/stm32_mavlink_interface/include/mavlink/c_library_v2/.git/objects/info\n'}
[1.715756] (stm32_mavlink_interface) StdoutLine: {'line': b'-- Up-to-date: /home/a/ws_moveit2/install/stm32_mavlink_interface/include/mavlink/c_library_v2/.git/objects/pack\n'}
[1.715781] (stm32_mavlink_interface) StdoutLine: {'line': b'-- Up-to-date: /home/a/ws_moveit2/install/stm32_mavlink_interface/include/mavlink/c_library_v2/.git/objects/pack/pack-885579ba7db053fdc05595b6629040fabfb627f7.idx\n'}
[1.715806] (stm32_mavlink_interface) StdoutLine: {'line': b'-- Up-to-date: /home/a/ws_moveit2/install/stm32_mavlink_interface/include/mavlink/c_library_v2/.git/objects/pack/pack-885579ba7db053fdc05595b6629040fabfb627f7.pack\n'}
[1.715877] (stm32_mavlink_interface) StdoutLine: {'line': b'-- Up-to-date: /home/a/ws_moveit2/install/stm32_mavlink_interface/include/mavlink/c_library_v2/.git/description\n'}
[1.715902] (stm32_mavlink_interface) StdoutLine: {'line': b'-- Up-to-date: /home/a/ws_moveit2/install/stm32_mavlink_interface/include/stm32_mavlink_interface\n'}
[1.715924] (stm32_mavlink_interface) StdoutLine: {'line': b'-- Up-to-date: /home/a/ws_moveit2/install/stm32_mavlink_interface/include/stm32_mavlink_interface/servo_controller.hpp\n'}
[1.715947] (stm32_mavlink_interface) StdoutLine: {'line': b'-- Up-to-date: /home/a/ws_moveit2/install/stm32_mavlink_interface/include/stm32_mavlink_interface/encoder_interface.hpp\n'}
[1.715970] (stm32_mavlink_interface) StdoutLine: {'line': b'-- Up-to-date: /home/a/ws_moveit2/install/stm32_mavlink_interface/include/stm32_mavlink_interface/mavlink_serial_node.hpp\n'}
[1.715995] (stm32_mavlink_interface) StdoutLine: {'line': b'-- Up-to-date: /home/a/ws_moveit2/install/stm32_mavlink_interface/include/stm32_mavlink_interface/robomaster_controller.hpp\n'}
[1.716020] (stm32_mavlink_interface) StdoutLine: {'line': b'-- Up-to-date: /home/a/ws_moveit2/install/stm32_mavlink_interface/include/stm32_mavlink_interface/robomaster\n'}
[1.716043] (stm32_mavlink_interface) StdoutLine: {'line': b'-- Up-to-date: /home/a/ws_moveit2/install/stm32_mavlink_interface/include/stm32_mavlink_interface/robomaster/RoboMasterController.hpp\n'}
[1.716068] (stm32_mavlink_interface) StdoutLine: {'line': b'-- Up-to-date: /home/a/ws_moveit2/install/stm32_mavlink_interface/include/stm32_mavlink_interface/robomaster/RoboMasterMotor.hpp\n'}
[1.716093] (stm32_mavlink_interface) StdoutLine: {'line': b'-- Up-to-date: /home/a/ws_moveit2/install/stm32_mavlink_interface/include/stm32_mavlink_interface/robomaster/RoboMasterCANManager.hpp\n'}
[1.716117] (stm32_mavlink_interface) StdoutLine: {'line': b'-- Up-to-date: /home/a/ws_moveit2/install/stm32_mavlink_interface/include/stm32_mavlink_interface/robomaster/MAVLinkRoboMasterController.hpp\n'}
[1.716144] (stm32_mavlink_interface) StdoutLine: {'line': b'-- Up-to-date: /home/a/ws_moveit2/install/stm32_mavlink_interface/share/ament_index/resource_index/package_run_dependencies/stm32_mavlink_interface\n'}
[1.716248] (stm32_mavlink_interface) StdoutLine: {'line': b'-- Installing: /home/a/ws_moveit2/install/stm32_mavlink_interface/share/ament_index/resource_index/parent_prefix_path/stm32_mavlink_interface\n'}
[1.716279] (stm32_mavlink_interface) StdoutLine: {'line': b'-- Up-to-date: /home/a/ws_moveit2/install/stm32_mavlink_interface/share/stm32_mavlink_interface/environment/ament_prefix_path.sh\n'}
[1.716304] (stm32_mavlink_interface) StdoutLine: {'line': b'-- Installing: /home/a/ws_moveit2/install/stm32_mavlink_interface/share/stm32_mavlink_interface/environment/ament_prefix_path.dsv\n'}
[1.716338] (stm32_mavlink_interface) StdoutLine: {'line': b'-- Up-to-date: /home/a/ws_moveit2/install/stm32_mavlink_interface/share/stm32_mavlink_interface/environment/path.sh\n'}
[1.716363] (stm32_mavlink_interface) StdoutLine: {'line': b'-- Installing: /home/a/ws_moveit2/install/stm32_mavlink_interface/share/stm32_mavlink_interface/environment/path.dsv\n'}
[1.716404] (stm32_mavlink_interface) StdoutLine: {'line': b'-- Up-to-date: /home/a/ws_moveit2/install/stm32_mavlink_interface/share/stm32_mavlink_interface/local_setup.bash\n'}
[1.716438] (stm32_mavlink_interface) StdoutLine: {'line': b'-- Up-to-date: /home/a/ws_moveit2/install/stm32_mavlink_interface/share/stm32_mavlink_interface/local_setup.sh\n'}
[1.716463] (stm32_mavlink_interface) StdoutLine: {'line': b'-- Up-to-date: /home/a/ws_moveit2/install/stm32_mavlink_interface/share/stm32_mavlink_interface/local_setup.zsh\n'}
[1.716487] (stm32_mavlink_interface) StdoutLine: {'line': b'-- Installing: /home/a/ws_moveit2/install/stm32_mavlink_interface/share/stm32_mavlink_interface/local_setup.dsv\n'}
[1.716510] (stm32_mavlink_interface) StdoutLine: {'line': b'-- Installing: /home/a/ws_moveit2/install/stm32_mavlink_interface/share/stm32_mavlink_interface/package.dsv\n'}
[1.716535] (stm32_mavlink_interface) StdoutLine: {'line': b'-- Up-to-date: /home/a/ws_moveit2/install/stm32_mavlink_interface/share/ament_index/resource_index/packages/stm32_mavlink_interface\n'}
[1.716560] (stm32_mavlink_interface) StdoutLine: {'line': b'-- Up-to-date: /home/a/ws_moveit2/install/stm32_mavlink_interface/share/stm32_mavlink_interface/cmake/export_stm32_mavlink_interface__rosidl_generator_cExport.cmake\n'}
[1.716585] (stm32_mavlink_interface) StdoutLine: {'line': b'-- Up-to-date: /home/a/ws_moveit2/install/stm32_mavlink_interface/share/stm32_mavlink_interface/cmake/export_stm32_mavlink_interface__rosidl_generator_cExport-noconfig.cmake\n'}
[1.716610] (stm32_mavlink_interface) StdoutLine: {'line': b'-- Up-to-date: /home/a/ws_moveit2/install/stm32_mavlink_interface/share/stm32_mavlink_interface/cmake/export_stm32_mavlink_interface__rosidl_typesupport_fastrtps_cExport.cmake\n'}
[1.716643] (stm32_mavlink_interface) StdoutLine: {'line': b'-- Up-to-date: /home/a/ws_moveit2/install/stm32_mavlink_interface/share/stm32_mavlink_interface/cmake/export_stm32_mavlink_interface__rosidl_typesupport_fastrtps_cExport-noconfig.cmake\n'}
[1.716668] (stm32_mavlink_interface) StdoutLine: {'line': b'-- Up-to-date: /home/a/ws_moveit2/install/stm32_mavlink_interface/share/stm32_mavlink_interface/cmake/export_stm32_mavlink_interface__rosidl_generator_cppExport.cmake\n'}
[1.716692] (stm32_mavlink_interface) StdoutLine: {'line': b'-- Up-to-date: /home/a/ws_moveit2/install/stm32_mavlink_interface/share/stm32_mavlink_interface/cmake/export_stm32_mavlink_interface__rosidl_typesupport_fastrtps_cppExport.cmake\n'}
[1.716716] (stm32_mavlink_interface) StdoutLine: {'line': b'-- Up-to-date: /home/a/ws_moveit2/install/stm32_mavlink_interface/share/stm32_mavlink_interface/cmake/export_stm32_mavlink_interface__rosidl_typesupport_fastrtps_cppExport-noconfig.cmake\n'}
[1.716766] (stm32_mavlink_interface) StdoutLine: {'line': b'-- Up-to-date: /home/a/ws_moveit2/install/stm32_mavlink_interface/share/stm32_mavlink_interface/cmake/stm32_mavlink_interface__rosidl_typesupport_introspection_cExport.cmake\n'}
[1.716790] (stm32_mavlink_interface) StdoutLine: {'line': b'-- Up-to-date: /home/a/ws_moveit2/install/stm32_mavlink_interface/share/stm32_mavlink_interface/cmake/stm32_mavlink_interface__rosidl_typesupport_introspection_cExport-noconfig.cmake\n'}
[1.716815] (stm32_mavlink_interface) StdoutLine: {'line': b'-- Up-to-date: /home/a/ws_moveit2/install/stm32_mavlink_interface/share/stm32_mavlink_interface/cmake/stm32_mavlink_interface__rosidl_typesupport_cExport.cmake\n'}
[1.716838] (stm32_mavlink_interface) StdoutLine: {'line': b'-- Up-to-date: /home/a/ws_moveit2/install/stm32_mavlink_interface/share/stm32_mavlink_interface/cmake/stm32_mavlink_interface__rosidl_typesupport_cExport-noconfig.cmake\n'}
[1.716862] (stm32_mavlink_interface) StdoutLine: {'line': b'-- Up-to-date: /home/a/ws_moveit2/install/stm32_mavlink_interface/share/stm32_mavlink_interface/cmake/stm32_mavlink_interface__rosidl_typesupport_introspection_cppExport.cmake\n'}
[1.716886] (stm32_mavlink_interface) StdoutLine: {'line': b'-- Up-to-date: /home/a/ws_moveit2/install/stm32_mavlink_interface/share/stm32_mavlink_interface/cmake/stm32_mavlink_interface__rosidl_typesupport_introspection_cppExport-noconfig.cmake\n'}
[1.716910] (stm32_mavlink_interface) StdoutLine: {'line': b'-- Up-to-date: /home/a/ws_moveit2/install/stm32_mavlink_interface/share/stm32_mavlink_interface/cmake/stm32_mavlink_interface__rosidl_typesupport_cppExport.cmake\n'}
[1.716934] (stm32_mavlink_interface) StdoutLine: {'line': b'-- Up-to-date: /home/a/ws_moveit2/install/stm32_mavlink_interface/share/stm32_mavlink_interface/cmake/stm32_mavlink_interface__rosidl_typesupport_cppExport-noconfig.cmake\n'}
[1.716982] (stm32_mavlink_interface) StdoutLine: {'line': b'-- Up-to-date: /home/a/ws_moveit2/install/stm32_mavlink_interface/share/stm32_mavlink_interface/cmake/export_stm32_mavlink_interface__rosidl_generator_pyExport.cmake\n'}
[1.717015] (stm32_mavlink_interface) StdoutLine: {'line': b'-- Up-to-date: /home/a/ws_moveit2/install/stm32_mavlink_interface/share/stm32_mavlink_interface/cmake/export_stm32_mavlink_interface__rosidl_generator_pyExport-noconfig.cmake\n'}
[1.717045] (stm32_mavlink_interface) StdoutLine: {'line': b'-- Up-to-date: /home/a/ws_moveit2/install/stm32_mavlink_interface/share/stm32_mavlink_interface/cmake/rosidl_cmake-extras.cmake\n'}
[1.717071] (stm32_mavlink_interface) StdoutLine: {'line': b'-- Up-to-date: /home/a/ws_moveit2/install/stm32_mavlink_interface/share/stm32_mavlink_interface/cmake/ament_cmake_export_dependencies-extras.cmake\n'}
[1.717097] (stm32_mavlink_interface) StdoutLine: {'line': b'-- Up-to-date: /home/a/ws_moveit2/install/stm32_mavlink_interface/share/stm32_mavlink_interface/cmake/ament_cmake_export_include_directories-extras.cmake\n'}
[1.717122] (stm32_mavlink_interface) StdoutLine: {'line': b'-- Up-to-date: /home/a/ws_moveit2/install/stm32_mavlink_interface/share/stm32_mavlink_interface/cmake/ament_cmake_export_libraries-extras.cmake\n'}
[1.717147] (stm32_mavlink_interface) StdoutLine: {'line': b'-- Up-to-date: /home/a/ws_moveit2/install/stm32_mavlink_interface/share/stm32_mavlink_interface/cmake/ament_cmake_export_targets-extras.cmake\n'}
[1.717173] (stm32_mavlink_interface) StdoutLine: {'line': b'-- Up-to-date: /home/a/ws_moveit2/install/stm32_mavlink_interface/share/stm32_mavlink_interface/cmake/rosidl_cmake_export_typesupport_targets-extras.cmake\n'}
[1.717197] (stm32_mavlink_interface) StdoutLine: {'line': b'-- Up-to-date: /home/a/ws_moveit2/install/stm32_mavlink_interface/share/stm32_mavlink_interface/cmake/rosidl_cmake_export_typesupport_libraries-extras.cmake\n'}
[1.717226] (stm32_mavlink_interface) StdoutLine: {'line': b'-- Up-to-date: /home/a/ws_moveit2/install/stm32_mavlink_interface/share/stm32_mavlink_interface/cmake/stm32_mavlink_interfaceConfig.cmake\n'}
[1.717253] (stm32_mavlink_interface) StdoutLine: {'line': b'-- Up-to-date: /home/a/ws_moveit2/install/stm32_mavlink_interface/share/stm32_mavlink_interface/cmake/stm32_mavlink_interfaceConfig-version.cmake\n'}
[1.717309] (stm32_mavlink_interface) StdoutLine: {'line': b'-- Up-to-date: /home/a/ws_moveit2/install/stm32_mavlink_interface/share/stm32_mavlink_interface/package.xml\n'}
[1.717338] (stm32_mavlink_interface) CommandEnded: {'returncode': 0}
[1.729334] (stm32_mavlink_interface) JobEnded: {'identifier': 'stm32_mavlink_interface', 'rc': 0}
[1.729672] (-) EventReactorShutdown: {}
