[0.000000] (-) TimerEvent: {}
[0.000343] (-) JobUnselected: {'identifier': 'MAVLink_f446re'}
[0.000473] (-) JobUnselected: {'identifier': 'blue_seiretu_description'}
[0.000534] (-) JobUnselected: {'identifier': 'catch_gazebo_ros2_control'}
[0.000565] (-) JobUnselected: {'identifier': 'chomp_motion_planner'}
[0.000602] (-) JobUnselected: {'identifier': 'd415_rgb_depth_3d'}
[0.000630] (-) JobUnselected: {'identifier': 'dynamixel_controller'}
[0.000742] (-) JobUnselected: {'identifier': 'dynamixel_controller_client'}
[0.000924] (-) JobUnselected: {'identifier': 'dynamixel_controller_gui'}
[0.000968] (-) JobUnselected: {'identifier': 'dynamixel_sdk'}
[0.001012] (-) JobUnselected: {'identifier': 'dynamixel_sdk_custom_interfaces'}
[0.001054] (-) JobUnselected: {'identifier': 'dynamixel_sdk_examples'}
[0.001134] (-) JobUnselected: {'identifier': 'field_description'}
[0.001174] (-) JobUnselected: {'identifier': 'hello_moveit'}
[0.001233] (-) JobUnselected: {'identifier': 'launch_param_builder'}
[0.001261] (-) JobUnselected: {'identifier': 'mavlink_controller_client'}
[0.001289] (-) JobUnselected: {'identifier': 'moveit'}
[0.001328] (-) JobUnselected: {'identifier': 'moveit2_tutorials'}
[0.001383] (-) JobUnselected: {'identifier': 'moveit_chomp_optimizer_adapter'}
[0.001426] (-) JobUnselected: {'identifier': 'moveit_common'}
[0.001457] (-) JobUnselected: {'identifier': 'moveit_configs_utils'}
[0.001485] (-) JobUnselected: {'identifier': 'moveit_core'}
[0.001559] (-) JobUnselected: {'identifier': 'moveit_hybrid_planning'}
[0.001587] (-) JobUnselected: {'identifier': 'moveit_kinematics'}
[0.001647] (-) JobUnselected: {'identifier': 'moveit_planners'}
[0.001689] (-) JobUnselected: {'identifier': 'moveit_planners_chomp'}
[0.001755] (-) JobUnselected: {'identifier': 'moveit_planners_ompl'}
[0.001784] (-) JobUnselected: {'identifier': 'moveit_plugins'}
[0.001834] (-) JobUnselected: {'identifier': 'moveit_resources'}
[0.001866] (-) JobUnselected: {'identifier': 'moveit_resources_fanuc_description'}
[0.001875] (-) JobUnselected: {'identifier': 'moveit_resources_fanuc_moveit_config'}
[0.001883] (-) JobUnselected: {'identifier': 'moveit_resources_panda_description'}
[0.001890] (-) JobUnselected: {'identifier': 'moveit_resources_panda_moveit_config'}
[0.001896] (-) JobUnselected: {'identifier': 'moveit_resources_pr2_description'}
[0.001903] (-) JobUnselected: {'identifier': 'moveit_resources_prbt_ikfast_manipulator_plugin'}
[0.001910] (-) JobUnselected: {'identifier': 'moveit_resources_prbt_moveit_config'}
[0.001917] (-) JobUnselected: {'identifier': 'moveit_resources_prbt_pg70_support'}
[0.001925] (-) JobUnselected: {'identifier': 'moveit_resources_prbt_support'}
[0.001933] (-) JobUnselected: {'identifier': 'moveit_ros'}
[0.001940] (-) JobUnselected: {'identifier': 'moveit_ros_benchmarks'}
[0.001948] (-) JobUnselected: {'identifier': 'moveit_ros_control_interface'}
[0.001955] (-) JobUnselected: {'identifier': 'moveit_ros_move_group'}
[0.001963] (-) JobUnselected: {'identifier': 'moveit_ros_occupancy_map_monitor'}
[0.001970] (-) JobUnselected: {'identifier': 'moveit_ros_perception'}
[0.001977] (-) JobUnselected: {'identifier': 'moveit_ros_planning'}
[0.001984] (-) JobUnselected: {'identifier': 'moveit_ros_planning_interface'}
[0.001992] (-) JobUnselected: {'identifier': 'moveit_ros_robot_interaction'}
[0.001999] (-) JobUnselected: {'identifier': 'moveit_ros_visualization'}
[0.002007] (-) JobUnselected: {'identifier': 'moveit_ros_warehouse'}
[0.002014] (-) JobUnselected: {'identifier': 'moveit_runtime'}
[0.002021] (-) JobUnselected: {'identifier': 'moveit_servo'}
[0.002029] (-) JobUnselected: {'identifier': 'moveit_setup_app_plugins'}
[0.002036] (-) JobUnselected: {'identifier': 'moveit_setup_assistant'}
[0.002043] (-) JobUnselected: {'identifier': 'moveit_setup_controllers'}
[0.002050] (-) JobUnselected: {'identifier': 'moveit_setup_core_plugins'}
[0.002058] (-) JobUnselected: {'identifier': 'moveit_setup_framework'}
[0.002065] (-) JobUnselected: {'identifier': 'moveit_setup_srdf_plugins'}
[0.002072] (-) JobUnselected: {'identifier': 'moveit_simple_controller_manager'}
[0.002100] (-) JobUnselected: {'identifier': 'moveit_task_constructor_capabilities'}
[0.002109] (-) JobUnselected: {'identifier': 'moveit_task_constructor_core'}
[0.002116] (-) JobUnselected: {'identifier': 'moveit_task_constructor_demo'}
[0.002124] (-) JobUnselected: {'identifier': 'moveit_task_constructor_msgs'}
[0.002131] (-) JobUnselected: {'identifier': 'moveit_task_constructor_visualization'}
[0.002139] (-) JobUnselected: {'identifier': 'moveit_visual_tools'}
[0.002146] (-) JobUnselected: {'identifier': 'mtc_tutorial'}
[0.002153] (-) JobUnselected: {'identifier': 'object_description'}
[0.002160] (-) JobUnselected: {'identifier': 'pilz_industrial_motion_planner'}
[0.002168] (-) JobUnselected: {'identifier': 'pilz_industrial_motion_planner_testutils'}
[0.002175] (-) JobUnselected: {'identifier': 'realsense2_camera'}
[0.002182] (-) JobUnselected: {'identifier': 'realsense2_camera_msgs'}
[0.002190] (-) JobUnselected: {'identifier': 'realsense2_description'}
[0.002197] (-) JobUnselected: {'identifier': 'realsense2_ros_mqtt_bridge'}
[0.002204] (-) JobUnselected: {'identifier': 'red_seiretu_description'}
[0.002212] (-) JobUnselected: {'identifier': 'robot_config'}
[0.002219] (-) JobUnselected: {'identifier': 'ros_tcp_endpoint'}
[0.002226] (-) JobUnselected: {'identifier': 'rosparam_shortcuts'}
[0.002234] (-) JobUnselected: {'identifier': 'rviz_marker_tools'}
[0.002241] (-) JobUnselected: {'identifier': 'srdfdom'}
[0.002253] (-) JobUnselected: {'identifier': 'stm32_mavlink_interface'}
[0.002261] (-) JobUnselected: {'identifier': 'trac_ik'}
[0.002268] (-) JobUnselected: {'identifier': 'trac_ik_kinematics_plugin'}
[0.002276] (-) JobUnselected: {'identifier': 'trac_ik_lib'}
[0.002283] (-) JobUnselected: {'identifier': 'urdf_0816_description'}
[0.002292] (mavlink_gui_tester) JobQueued: {'identifier': 'mavlink_gui_tester', 'dependencies': OrderedDict()}
[0.002303] (mavlink_gui_tester) JobStarted: {'identifier': 'mavlink_gui_tester'}
[0.014232] (mavlink_gui_tester) JobProgress: {'identifier': 'mavlink_gui_tester', 'progress': 'cmake'}
[0.014939] (mavlink_gui_tester) JobProgress: {'identifier': 'mavlink_gui_tester', 'progress': 'build'}
[0.015762] (mavlink_gui_tester) Command: {'cmd': ['/usr/bin/cmake', '--build', '/home/a/ws_moveit2/build/mavlink_gui_tester', '--', '-j22', '-l22'], 'cwd': '/home/a/ws_moveit2/build/mavlink_gui_tester', 'env': OrderedDict([('GJS_DEBUG_TOPICS', 'JS ERROR;JS LOG'), ('LESSOPEN', '| /usr/bin/lesspipe %s'), ('USER', 'a'), ('XDG_SESSION_TYPE', 'wayland'), ('SHLVL', '1'), ('LD_LIBRARY_PATH', '/home/a/ws_moveit2/install/trac_ik_kinematics_plugin/lib:/home/a/ws_moveit2/install/trac_ik_lib/lib:/home/a/ws_moveit2/install/stm32_mavlink_interface/lib:/home/a/ws_moveit2/install/right_arm_ikfast_plugin/lib:/home/a/ws_moveit2/install/pilz_industrial_motion_planner_testutils/lib:/home/a/ws_moveit2/install/pilz_industrial_motion_planner/lib:/home/a/ws_moveit2/install/moveit_visual_tools/lib:/home/a/ws_moveit2/install/moveit_task_constructor_visualization/lib:/home/a/ws_moveit2/install/moveit_task_constructor_demo/lib:/home/a/ws_moveit2/install/moveit_task_constructor_capabilities/lib:/home/a/ws_moveit2/install/moveit_task_constructor_core/lib:/home/a/ws_moveit2/install/moveit_ros_control_interface/lib:/home/a/ws_moveit2/install/moveit_simple_controller_manager/lib:/home/a/ws_moveit2/install/moveit_setup_assistant/lib:/home/a/ws_moveit2/install/moveit_setup_srdf_plugins/lib:/home/a/ws_moveit2/install/moveit_setup_core_plugins/lib:/home/a/ws_moveit2/install/moveit_setup_controllers/lib:/home/a/ws_moveit2/install/moveit_setup_app_plugins/lib:/home/a/ws_moveit2/install/moveit_setup_framework/lib:/home/a/ws_moveit2/install/moveit_servo/lib:/home/a/ws_moveit2/install/moveit_ros_visualization/lib:/home/a/ws_moveit2/install/moveit_hybrid_planning/lib:/home/a/ws_moveit2/install/moveit_ros_planning_interface/lib:/home/a/ws_moveit2/install/moveit_ros_benchmarks/lib:/home/a/ws_moveit2/install/moveit_ros_warehouse/lib:/home/a/ws_moveit2/install/moveit_ros_robot_interaction/lib:/home/a/ws_moveit2/install/moveit_ros_perception/lib:/home/a/ws_moveit2/install/moveit_ros_move_group/lib:/home/a/ws_moveit2/install/moveit_planners_ompl/lib:/home/a/ws_moveit2/install/left_arm_ikfast_plugin/lib:/home/a/ws_moveit2/install/moveit_ros_planning/lib:/home/a/ws_moveit2/install/moveit_ros_occupancy_map_monitor/lib:/home/a/ws_moveit2/install/moveit_resources_prbt_ikfast_manipulator_plugin/lib:/home/a/ws_moveit2/install/moveit_planners_chomp/lib:/home/a/ws_moveit2/install/moveit_kinematics/lib:/home/a/ws_moveit2/install/moveit_chomp_optimizer_adapter/lib:/home/a/ws_moveit2/install/chomp_motion_planner/lib:/home/a/ws_moveit2/install/moveit_core/lib:/home/a/ws_moveit2/install/srdfdom/lib:/home/a/ws_moveit2/install/rviz_marker_tools/lib:/home/a/ws_moveit2/install/rosparam_shortcuts/lib:/home/a/ws_moveit2/install/realsense2_camera/lib:/home/a/ws_moveit2/install/realsense2_camera_msgs/lib:/home/a/ws_moveit2/install/moveit_task_constructor_msgs/lib:/home/a/ws_moveit2/install/dynamixel_sdk_custom_interfaces/lib:/home/a/ws_moveit2/install/dynamixel_controller/lib:/home/a/ws_moveit2/install/dynamixel_sdk/lib:/usr/lib/x86_64-linux-gnu/gazebo-11/plugins:/opt/ros/humble/opt/rviz_ogre_vendor/lib:/opt/ros/humble/lib/x86_64-linux-gnu:/opt/ros/humble/lib'), ('HOME', '/home/a'), ('OLDPWD', '/home/a/ws_moveit2/src/MAVLink'), ('DESKTOP_SESSION', 'ubuntu'), ('NVM_BIN', '/home/a/.nvm/versions/node/v22.18.0/bin'), ('NVM_INC', '/home/a/.nvm/versions/node/v22.18.0/include/node'), ('GIO_LAUNCHED_DESKTOP_FILE', '/usr/share/applications/terminator.desktop'), ('ROS_PYTHON_VERSION', '3'), ('GNOME_SHELL_SESSION_MODE', 'ubuntu'), ('GTK_MODULES', 'gail:atk-bridge'), ('MANAGERPID', '1213'), ('SYSTEMD_EXEC_PID', '1445'), ('DBUS_SESSION_BUS_ADDRESS', 'unix:path=/run/user/1000/bus'), ('COLORTERM', 'truecolor'), ('TERMINATOR_DBUS_NAME', 'net.tenshu.Terminator25ef4b219e3b005583550f2b0f9f990c3'), ('GIO_LAUNCHED_DESKTOP_FILE_PID', '3048'), ('NVM_DIR', '/home/a/.nvm'), ('IM_CONFIG_PHASE', '1'), ('WAYLAND_DISPLAY', 'wayland-0'), ('COLCON_PREFIX_PATH', '/home/a/ws_moveit2/install'), ('ROS_DISTRO', 'humble'), ('LOGNAME', 'a'), ('JOURNAL_STREAM', '8:3514'), ('_', '/usr/bin/colcon'), ('ROS_VERSION', '2'), ('XDG_SESSION_CLASS', 'user'), ('USERNAME', 'a'), ('TERM', 'xterm-256color'), ('GNOME_DESKTOP_SESSION_ID', 'this-is-deprecated'), ('ROS_LOCALHOST_ONLY', '0'), ('PATH', '/home/a/ws_moveit2/install/moveit_core/bin:/home/a/.nvm/versions/node/v22.18.0/bin:/opt/ros/humble/bin:/home/a/.local/bin:/usr/local/sbin:/usr/local/bin:/usr/sbin:/usr/bin:/sbin:/bin:/usr/games:/usr/local/games:/snap/bin:/snap/bin'), ('SESSION_MANAGER', 'local/a:@/tmp/.ICE-unix/1406,unix/a:/tmp/.ICE-unix/1406'), ('INVOCATION_ID', 'a100030f866a48708cf7905c543bcf13'), ('XDG_MENU_PREFIX', 'gnome-'), ('GNOME_SETUP_DISPLAY', ':1'), ('XDG_RUNTIME_DIR', '/run/user/1000'), ('DISPLAY', ':0'), ('TERMINATOR_DBUS_PATH', '/net/tenshu/Terminator2'), ('LANG', 'en_US.UTF-8'), ('XDG_CURRENT_DESKTOP', 'ubuntu:GNOME'), ('XMODIFIERS', '@im=ibus'), ('XDG_SESSION_DESKTOP', 'ubuntu'), ('XAUTHORITY', '/run/user/1000/.mutter-Xwaylandauth.4WBWC3'), ('LS_COLORS', 'rs=0:di=01;34:ln=01;36:mh=00:pi=40;33:so=01;35:do=01;35:bd=40;33;01:cd=40;33;01:or=40;31;01:mi=00:su=37;41:sg=30;43:ca=30;41:tw=30;42:ow=34;42:st=37;44:ex=01;32:*.tar=01;31:*.tgz=01;31:*.arc=01;31:*.arj=01;31:*.taz=01;31:*.lha=01;31:*.lz4=01;31:*.lzh=01;31:*.lzma=01;31:*.tlz=01;31:*.txz=01;31:*.tzo=01;31:*.t7z=01;31:*.zip=01;31:*.z=01;31:*.dz=01;31:*.gz=01;31:*.lrz=01;31:*.lz=01;31:*.lzo=01;31:*.xz=01;31:*.zst=01;31:*.tzst=01;31:*.bz2=01;31:*.bz=01;31:*.tbz=01;31:*.tbz2=01;31:*.tz=01;31:*.deb=01;31:*.rpm=01;31:*.jar=01;31:*.war=01;31:*.ear=01;31:*.sar=01;31:*.rar=01;31:*.alz=01;31:*.ace=01;31:*.zoo=01;31:*.cpio=01;31:*.7z=01;31:*.rz=01;31:*.cab=01;31:*.wim=01;31:*.swm=01;31:*.dwm=01;31:*.esd=01;31:*.jpg=01;35:*.jpeg=01;35:*.mjpg=01;35:*.mjpeg=01;35:*.gif=01;35:*.bmp=01;35:*.pbm=01;35:*.pgm=01;35:*.ppm=01;35:*.tga=01;35:*.xbm=01;35:*.xpm=01;35:*.tif=01;35:*.tiff=01;35:*.png=01;35:*.svg=01;35:*.svgz=01;35:*.mng=01;35:*.pcx=01;35:*.mov=01;35:*.mpg=01;35:*.mpeg=01;35:*.m2v=01;35:*.mkv=01;35:*.webm=01;35:*.webp=01;35:*.ogm=01;35:*.mp4=01;35:*.m4v=01;35:*.mp4v=01;35:*.vob=01;35:*.qt=01;35:*.nuv=01;35:*.wmv=01;35:*.asf=01;35:*.rm=01;35:*.rmvb=01;35:*.flc=01;35:*.avi=01;35:*.fli=01;35:*.flv=01;35:*.gl=01;35:*.dl=01;35:*.xcf=01;35:*.xwd=01;35:*.yuv=01;35:*.cgm=01;35:*.emf=01;35:*.ogv=01;35:*.ogx=01;35:*.aac=00;36:*.au=00;36:*.flac=00;36:*.m4a=00;36:*.mid=00;36:*.midi=00;36:*.mka=00;36:*.mp3=00;36:*.mpc=00;36:*.ogg=00;36:*.ra=00;36:*.wav=00;36:*.oga=00;36:*.opus=00;36:*.spx=00;36:*.xspf=00;36:'), ('SSH_AGENT_LAUNCHER', 'gnome-keyring'), ('SSH_AUTH_SOCK', '/run/user/1000/keyring/ssh'), ('AMENT_PREFIX_PATH', '/home/a/ws_moveit2/install/urdf_0816_description:/home/a/ws_moveit2/install/trac_ik:/home/a/ws_moveit2/install/robot_config:/home/a/ws_moveit2/install/trac_ik_kinematics_plugin:/home/a/ws_moveit2/install/trac_ik_lib:/home/a/ws_moveit2/install/mavlink_controller_client:/home/a/ws_moveit2/install/stm32_mavlink_interface:/home/a/ws_moveit2/install/right_arm_ikfast_plugin:/home/a/ws_moveit2/install/pilz_industrial_motion_planner_testutils:/home/a/ws_moveit2/install/moveit_runtime:/home/a/ws_moveit2/install/moveit2_tutorials:/home/a/ws_moveit2/install/moveit:/home/a/ws_moveit2/install/moveit_planners:/home/a/ws_moveit2/install/pilz_industrial_motion_planner:/home/a/ws_moveit2/install/mtc_tutorial:/home/a/ws_moveit2/install/hello_moveit:/home/a/ws_moveit2/install/moveit_visual_tools:/home/a/ws_moveit2/install/moveit_task_constructor_visualization:/home/a/ws_moveit2/install/moveit_task_constructor_demo:/home/a/ws_moveit2/install/moveit_task_constructor_capabilities:/home/a/ws_moveit2/install/moveit_task_constructor_core:/home/a/ws_moveit2/install/moveit_ros_control_interface:/home/a/ws_moveit2/install/moveit_plugins:/home/a/ws_moveit2/install/moveit_simple_controller_manager:/home/a/ws_moveit2/install/moveit_setup_assistant:/home/a/ws_moveit2/install/moveit_setup_srdf_plugins:/home/a/ws_moveit2/install/moveit_setup_core_plugins:/home/a/ws_moveit2/install/moveit_setup_controllers:/home/a/ws_moveit2/install/moveit_setup_app_plugins:/home/a/ws_moveit2/install/moveit_setup_framework:/home/a/ws_moveit2/install/moveit_servo:/home/a/ws_moveit2/install/moveit_ros:/home/a/ws_moveit2/install/moveit_ros_visualization:/home/a/ws_moveit2/install/moveit_hybrid_planning:/home/a/ws_moveit2/install/moveit_ros_planning_interface:/home/a/ws_moveit2/install/moveit_ros_benchmarks:/home/a/ws_moveit2/install/moveit_ros_warehouse:/home/a/ws_moveit2/install/moveit_ros_robot_interaction:/home/a/ws_moveit2/install/moveit_ros_perception:/home/a/ws_moveit2/install/moveit_resources_prbt_pg70_support:/home/a/ws_moveit2/install/moveit_resources_prbt_moveit_config:/home/a/ws_moveit2/install/moveit_ros_move_group:/home/a/ws_moveit2/install/moveit_planners_ompl:/home/a/ws_moveit2/install/left_arm_ikfast_plugin:/home/a/ws_moveit2/install/moveit_ros_planning:/home/a/ws_moveit2/install/moveit_ros_occupancy_map_monitor:/home/a/ws_moveit2/install/moveit_resources_prbt_ikfast_manipulator_plugin:/home/a/ws_moveit2/install/moveit_planners_chomp:/home/a/ws_moveit2/install/moveit_kinematics:/home/a/ws_moveit2/install/moveit_chomp_optimizer_adapter:/home/a/ws_moveit2/install/chomp_motion_planner:/home/a/ws_moveit2/install/moveit_core:/home/a/ws_moveit2/install/moveit_configs_utils:/home/a/ws_moveit2/install/srdfdom:/home/a/ws_moveit2/install/rviz_marker_tools:/home/a/ws_moveit2/install/rosparam_shortcuts:/home/a/ws_moveit2/install/ros_tcp_endpoint:/home/a/ws_moveit2/install/red_seiretu_description:/home/a/ws_moveit2/install/realsense2_ros_mqtt_bridge:/home/a/ws_moveit2/install/realsense2_description:/home/a/ws_moveit2/install/realsense2_camera:/home/a/ws_moveit2/install/realsense2_camera_msgs:/home/a/ws_moveit2/install/object_description:/home/a/ws_moveit2/install/moveit_task_constructor_msgs:/home/a/ws_moveit2/install/moveit_resources_prbt_support:/home/a/ws_moveit2/install/moveit_resources:/home/a/ws_moveit2/install/moveit_resources_pr2_description:/home/a/ws_moveit2/install/moveit_resources_panda_moveit_config:/home/a/ws_moveit2/install/moveit_resources_panda_description:/home/a/ws_moveit2/install/moveit_resources_fanuc_moveit_config:/home/a/ws_moveit2/install/moveit_resources_fanuc_description:/home/a/ws_moveit2/install/moveit_common:/home/a/ws_moveit2/install/mavlink_gui_tester:/home/a/ws_moveit2/install/launch_param_builder:/home/a/ws_moveit2/install/field_description_test:/home/a/ws_moveit2/install/field_description:/home/a/ws_moveit2/install/dynamixel_sdk_examples:/home/a/ws_moveit2/install/dynamixel_sdk_custom_interfaces:/home/a/ws_moveit2/install/dynamixel_controller_gui:/home/a/ws_moveit2/install/dynamixel_controller:/home/a/ws_moveit2/install/dynamixel_sdk:/home/a/ws_moveit2/install/dynamixel_controller_client:/home/a/ws_moveit2/install/d415_rgb_depth_3d:/home/a/ws_moveit2/install/catch_gazebo_ros2_control:/home/a/ws_moveit2/install/blue_seiretu_description:/home/a/ws_moveit2/install/0525_arm_description:/opt/ros/humble'), ('SHELL', '/bin/bash'), ('TERMINATOR_UUID', 'urn:uuid:eafdab0d-8274-42e2-8fcd-57b9e3c5174e'), ('QT_ACCESSIBILITY', '1'), ('GDMSESSION', 'ubuntu'), ('LESSCLOSE', '/usr/bin/lesspipe %s %s'), ('CMAKE_MODULE_PATH', '/home/a/ws_moveit2/install/moveit_task_constructor_core/share/moveit_task_constructor_core/cmake'), ('GJS_DEBUG_OUTPUT', 'stderr'), ('QT_IM_MODULE', 'ibus'), ('PWD', '/home/a/ws_moveit2/build/mavlink_gui_tester'), ('LC_ALL', 'en_US.UTF-8'), ('XDG_CONFIG_DIRS', '/etc/xdg/xdg-ubuntu:/etc/xdg'), ('NVM_CD_FLAGS', ''), ('XDG_DATA_DIRS', '/usr/share/ubuntu:/home/a/.local/share/flatpak/exports/share:/var/lib/flatpak/exports/share:/usr/local/share/:/usr/share/:/var/lib/snapd/desktop'), ('PYTHONPATH', '/home/a/ws_moveit2/install/mavlink_controller_client/lib/python3.10/site-packages:/home/a/ws_moveit2/install/stm32_mavlink_interface/local/lib/python3.10/dist-packages:/home/a/ws_moveit2/install/moveit_task_constructor_core/local/lib/python3.10/dist-packages:/home/a/ws_moveit2/install/moveit_configs_utils/lib/python3.10/site-packages:/home/a/ws_moveit2/install/srdfdom/local/lib/python3.10/dist-packages:/home/a/ws_moveit2/install/ros_tcp_endpoint/lib/python3.10/site-packages:/home/a/ws_moveit2/install/realsense2_ros_mqtt_bridge/lib/python3.10/site-packages:/home/a/ws_moveit2/install/realsense2_camera_msgs/local/lib/python3.10/dist-packages:/home/a/ws_moveit2/install/moveit_task_constructor_msgs/local/lib/python3.10/dist-packages:/home/a/ws_moveit2/install/launch_param_builder/lib/python3.10/site-packages:/home/a/ws_moveit2/install/dynamixel_sdk_custom_interfaces/local/lib/python3.10/dist-packages:/home/a/ws_moveit2/install/dynamixel_controller_gui/lib/python3.10/site-packages:/home/a/ws_moveit2/install/dynamixel_controller/local/lib/python3.10/dist-packages:/home/a/ws_moveit2/install/dynamixel_controller_client/lib/python3.10/site-packages:/home/a/ws_moveit2/install/d415_rgb_depth_3d/lib/python3.10/site-packages:/opt/ros/humble/lib/python3.10/site-packages:/opt/ros/humble/local/lib/python3.10/dist-packages'), ('COLCON', '1'), ('VTE_VERSION', '6800'), ('CMAKE_PREFIX_PATH', '/home/a/ws_moveit2/install/urdf_0816_description:/home/a/ws_moveit2/install/trac_ik:/home/a/ws_moveit2/install/robot_config:/home/a/ws_moveit2/install/trac_ik_kinematics_plugin:/home/a/ws_moveit2/install/trac_ik_lib:/home/a/ws_moveit2/install/stm32_mavlink_interface:/home/a/ws_moveit2/install/right_arm_ikfast_plugin:/home/a/ws_moveit2/install/pilz_industrial_motion_planner_testutils:/home/a/ws_moveit2/install/moveit_runtime:/home/a/ws_moveit2/install/moveit2_tutorials:/home/a/ws_moveit2/install/moveit:/home/a/ws_moveit2/install/moveit_planners:/home/a/ws_moveit2/install/pilz_industrial_motion_planner:/home/a/ws_moveit2/install/mtc_tutorial:/home/a/ws_moveit2/install/hello_moveit:/home/a/ws_moveit2/install/moveit_visual_tools:/home/a/ws_moveit2/install/moveit_task_constructor_visualization:/home/a/ws_moveit2/install/moveit_task_constructor_demo:/home/a/ws_moveit2/install/moveit_task_constructor_capabilities:/home/a/ws_moveit2/install/moveit_task_constructor_core:/home/a/ws_moveit2/install/moveit_ros_control_interface:/home/a/ws_moveit2/install/moveit_plugins:/home/a/ws_moveit2/install/moveit_simple_controller_manager:/home/a/ws_moveit2/install/moveit_setup_assistant:/home/a/ws_moveit2/install/moveit_setup_srdf_plugins:/home/a/ws_moveit2/install/moveit_setup_core_plugins:/home/a/ws_moveit2/install/moveit_setup_controllers:/home/a/ws_moveit2/install/moveit_setup_app_plugins:/home/a/ws_moveit2/install/moveit_setup_framework:/home/a/ws_moveit2/install/moveit_servo:/home/a/ws_moveit2/install/moveit_ros:/home/a/ws_moveit2/install/moveit_ros_visualization:/home/a/ws_moveit2/install/moveit_hybrid_planning:/home/a/ws_moveit2/install/moveit_ros_planning_interface:/home/a/ws_moveit2/install/moveit_ros_benchmarks:/home/a/ws_moveit2/install/moveit_ros_warehouse:/home/a/ws_moveit2/install/moveit_ros_robot_interaction:/home/a/ws_moveit2/install/moveit_ros_perception:/home/a/ws_moveit2/install/moveit_resources_prbt_pg70_support:/home/a/ws_moveit2/install/moveit_resources_prbt_moveit_config:/home/a/ws_moveit2/install/moveit_ros_move_group:/home/a/ws_moveit2/install/moveit_planners_ompl:/home/a/ws_moveit2/install/left_arm_ikfast_plugin:/home/a/ws_moveit2/install/moveit_ros_planning:/home/a/ws_moveit2/install/moveit_ros_occupancy_map_monitor:/home/a/ws_moveit2/install/moveit_resources_prbt_ikfast_manipulator_plugin:/home/a/ws_moveit2/install/moveit_planners_chomp:/home/a/ws_moveit2/install/moveit_kinematics:/home/a/ws_moveit2/install/moveit_chomp_optimizer_adapter:/home/a/ws_moveit2/install/chomp_motion_planner:/home/a/ws_moveit2/install/moveit_core:/home/a/ws_moveit2/install/srdfdom:/home/a/ws_moveit2/install/rviz_marker_tools:/home/a/ws_moveit2/install/rosparam_shortcuts:/home/a/ws_moveit2/install/red_seiretu_description:/home/a/ws_moveit2/install/realsense2_description:/home/a/ws_moveit2/install/realsense2_camera:/home/a/ws_moveit2/install/realsense2_camera_msgs:/home/a/ws_moveit2/install/object_description:/home/a/ws_moveit2/install/moveit_task_constructor_msgs:/home/a/ws_moveit2/install/moveit_resources_prbt_support:/home/a/ws_moveit2/install/moveit_resources:/home/a/ws_moveit2/install/moveit_resources_pr2_description:/home/a/ws_moveit2/install/moveit_resources_panda_moveit_config:/home/a/ws_moveit2/install/moveit_resources_panda_description:/home/a/ws_moveit2/install/moveit_resources_fanuc_moveit_config:/home/a/ws_moveit2/install/moveit_resources_fanuc_description:/home/a/ws_moveit2/install/moveit_common:/home/a/ws_moveit2/install/mavlink_gui_tester:/home/a/ws_moveit2/install/field_description_test:/home/a/ws_moveit2/install/field_description:/home/a/ws_moveit2/install/dynamixel_sdk_examples:/home/a/ws_moveit2/install/dynamixel_sdk_custom_interfaces:/home/a/ws_moveit2/install/dynamixel_controller:/home/a/ws_moveit2/install/dynamixel_sdk:/home/a/ws_moveit2/install/catch_gazebo_ros2_control:/home/a/ws_moveit2/install/blue_seiretu_description:/home/a/ws_moveit2/install/0525_arm_description:/home/a/ws_moveit2/install/mavlink_controller_client:/home/a/ws_moveit2/install/moveit_configs_utils:/home/a/ws_moveit2/install/ros_tcp_endpoint:/home/a/ws_moveit2/install/realsense2_ros_mqtt_bridge:/home/a/ws_moveit2/install/launch_param_builder:/home/a/ws_moveit2/install/dynamixel_controller_gui:/home/a/ws_moveit2/install/dynamixel_controller_client:/home/a/ws_moveit2/install/d415_rgb_depth_3d:/opt/ros/humble')]), 'shell': False}
[0.065042] (mavlink_gui_tester) StdoutLine: {'line': b'[ 12%] \x1b[34m\x1b[1mAutomatic MOC and UIC for target mavlink_gui_tester_node\x1b[0m\n'}
[0.085471] (mavlink_gui_tester) StdoutLine: {'line': b'[ 12%] Built target mavlink_gui_tester_node_autogen\n'}
[0.099474] (-) TimerEvent: {}
[0.100716] (mavlink_gui_tester) StdoutLine: {'line': b'\x1b[35m\x1b[1mConsolidate compiler generated dependencies of target mavlink_gui_tester_node\x1b[0m\n'}
[0.119377] (mavlink_gui_tester) StdoutLine: {'line': b'[ 25%] \x1b[32mBuilding CXX object CMakeFiles/mavlink_gui_tester_node.dir/src/mavlink_gui_widget.cpp.o\x1b[0m\n'}
[0.199604] (-) TimerEvent: {}
[0.299937] (-) TimerEvent: {}
[0.400284] (-) TimerEvent: {}
[0.500609] (-) TimerEvent: {}
[0.600967] (-) TimerEvent: {}
[0.701303] (-) TimerEvent: {}
[0.801563] (-) TimerEvent: {}
[0.901916] (-) TimerEvent: {}
[1.002272] (-) TimerEvent: {}
[1.102595] (-) TimerEvent: {}
[1.202895] (-) TimerEvent: {}
[1.303232] (-) TimerEvent: {}
[1.403557] (-) TimerEvent: {}
[1.503919] (-) TimerEvent: {}
[1.604300] (-) TimerEvent: {}
[1.704609] (-) TimerEvent: {}
[1.804990] (-) TimerEvent: {}
[1.905395] (-) TimerEvent: {}
[2.005684] (-) TimerEvent: {}
[2.089825] (mavlink_gui_tester) StderrLine: {'line': b'In file included from \x1b[01m\x1b[K/home/a/ws_moveit2/src/MAVLink/MAVLink_gui_ros2/../MAVLink_ros2/include/mavlink/c_library_v2/common/../protocol.h:4\x1b[m\x1b[K,\n'}
[2.090061] (mavlink_gui_tester) StderrLine: {'line': b'                 from \x1b[01m\x1b[K/home/a/ws_moveit2/src/MAVLink/MAVLink_gui_ros2/../MAVLink_ros2/include/mavlink/c_library_v2/common/common.h:29\x1b[m\x1b[K,\n'}
[2.090131] (mavlink_gui_tester) StderrLine: {'line': b'                 from \x1b[01m\x1b[K/home/a/ws_moveit2/src/MAVLink/MAVLink_gui_ros2/../MAVLink_ros2/include/mavlink/c_library_v2/common/mavlink.h:32\x1b[m\x1b[K,\n'}
[2.090188] (mavlink_gui_tester) StderrLine: {'line': b'                 from \x1b[01m\x1b[K/home/a/ws_moveit2/src/MAVLink/MAVLink_gui_ros2/include/mavlink_gui_tester/mavlink_gui_widget.hpp:45\x1b[m\x1b[K,\n'}
[2.090243] (mavlink_gui_tester) StderrLine: {'line': b'                 from \x1b[01m\x1b[K/home/a/ws_moveit2/src/MAVLink/MAVLink_gui_ros2/src/mavlink_gui_widget.cpp:1\x1b[m\x1b[K:\n'}
[2.090296] (mavlink_gui_tester) StderrLine: {'line': b'\x1b[01m\x1b[K/home/a/ws_moveit2/src/MAVLink/MAVLink_gui_ros2/../MAVLink_ros2/include/mavlink/c_library_v2/common/../mavlink_types.h:78:12:\x1b[m\x1b[K \x1b[01;35m\x1b[Kwarning: \x1b[m\x1b[KISO C++ prohibits anonymous structs [\x1b[01;35m\x1b[K\x1b]8;;https://gcc.gnu.org/onlinedocs/gcc/Warning-Options.html#index-Wpedantic\x07-Wpedantic\x1b]8;;\x07\x1b[m\x1b[K]\n'}
[2.090359] (mavlink_gui_tester) StderrLine: {'line': b'   78 |     struct \x1b[01;35m\x1b[K{\x1b[m\x1b[K\n'}
[2.090412] (mavlink_gui_tester) StderrLine: {'line': b'      |            \x1b[01;35m\x1b[K^\x1b[m\x1b[K\n'}
[2.090463] (mavlink_gui_tester) StderrLine: {'line': b'\x1b[01m\x1b[K/home/a/ws_moveit2/src/MAVLink/MAVLink_gui_ros2/../MAVLink_ros2/include/mavlink/c_library_v2/common/../mavlink_types.h:17:40:\x1b[m\x1b[K \x1b[01;36m\x1b[Knote: \x1b[m\x1b[Kin definition of macro \xe2\x80\x98\x1b[01m\x1b[KMAVPACKED\x1b[m\x1b[K\xe2\x80\x99\n'}
[2.090518] (mavlink_gui_tester) StderrLine: {'line': b'   17 |   #define MAVPACKED( __Declaration__ ) \x1b[01;36m\x1b[K__Declaration__\x1b[m\x1b[K __attribute__((packed))\n'}
[2.090573] (mavlink_gui_tester) StderrLine: {'line': b'      |                                        \x1b[01;36m\x1b[K^~~~~~~~~~~~~~~\x1b[m\x1b[K\n'}
[2.105769] (-) TimerEvent: {}
[2.133005] (mavlink_gui_tester) StderrLine: {'line': b'In file included from \x1b[01m\x1b[K/home/a/ws_moveit2/src/MAVLink/MAVLink_gui_ros2/../MAVLink_ros2/include/mavlink/c_library_v2/common/common.h:2871\x1b[m\x1b[K,\n'}
[2.133207] (mavlink_gui_tester) StderrLine: {'line': b'                 from \x1b[01m\x1b[K/home/a/ws_moveit2/src/MAVLink/MAVLink_gui_ros2/../MAVLink_ros2/include/mavlink/c_library_v2/common/mavlink.h:32\x1b[m\x1b[K,\n'}
[2.133274] (mavlink_gui_tester) StderrLine: {'line': b'                 from \x1b[01m\x1b[K/home/a/ws_moveit2/src/MAVLink/MAVLink_gui_ros2/include/mavlink_gui_tester/mavlink_gui_widget.hpp:45\x1b[m\x1b[K,\n'}
[2.133332] (mavlink_gui_tester) StderrLine: {'line': b'                 from \x1b[01m\x1b[K/home/a/ws_moveit2/src/MAVLink/MAVLink_gui_ros2/src/mavlink_gui_widget.cpp:1\x1b[m\x1b[K:\n'}
[2.133388] (mavlink_gui_tester) StderrLine: {'line': b'\x1b[01m\x1b[K/home/a/ws_moveit2/src/MAVLink/MAVLink_gui_ros2/../MAVLink_ros2/include/mavlink/c_library_v2/common/./mavlink_msg_set_attitude_target.h:\x1b[m\x1b[K In function \xe2\x80\x98\x1b[01m\x1b[Kuint16_t mavlink_msg_set_attitude_target_encode(uint8_t, uint8_t, mavlink_message_t*, const mavlink_set_attitude_target_t*)\x1b[m\x1b[K\xe2\x80\x99:\n'}
[2.133449] (mavlink_gui_tester) StderrLine: {'line': b'\x1b[01m\x1b[K/home/a/ws_moveit2/src/MAVLink/MAVLink_gui_ros2/../MAVLink_ros2/include/mavlink/c_library_v2/common/./mavlink_msg_set_attitude_target.h:241:242:\x1b[m\x1b[K \x1b[01;35m\x1b[Kwarning: \x1b[m\x1b[Ktaking address of packed member of \xe2\x80\x98\x1b[01m\x1b[K__mavlink_set_attitude_target_t\x1b[m\x1b[K\xe2\x80\x99 may result in an unaligned pointer value [\x1b[01;35m\x1b[K\x1b]8;;https://gcc.gnu.org/onlinedocs/gcc/Warning-Options.html#index-Waddress-of-packed-member\x07-Waddress-of-packed-member\x1b]8;;\x07\x1b[m\x1b[K]\n'}
[2.133521] (mavlink_gui_tester) StderrLine: {'line': b'  241 | e_target->target_component, set_attitude_target->type_mask, \x1b[01;35m\x1b[Kset_attitude_target->q\x1b[m\x1b[K, set_attitude_target->body_roll_rate, set_attitude_target->body_pitch_rate, set_attitude_target->body_yaw_rate, set_attitude_target->thrust, set_attitude_target->thrust_body);\n'}
[2.133583] (mavlink_gui_tester) StderrLine: {'line': b'      |                                                             \x1b[01;35m\x1b[K~~~~~~~~~~~~~~~~~~~~~^\x1b[m\x1b[K\n'}
[2.133637] (mavlink_gui_tester) StderrLine: {'line': b'\n'}
[2.133690] (mavlink_gui_tester) StderrLine: {'line': b'In file included from \x1b[01m\x1b[K/home/a/ws_moveit2/src/MAVLink/MAVLink_gui_ros2/../MAVLink_ros2/include/mavlink/c_library_v2/common/common.h:2871\x1b[m\x1b[K,\n'}
[2.133741] (mavlink_gui_tester) StderrLine: {'line': b'                 from \x1b[01m\x1b[K/home/a/ws_moveit2/src/MAVLink/MAVLink_gui_ros2/../MAVLink_ros2/include/mavlink/c_library_v2/common/mavlink.h:32\x1b[m\x1b[K,\n'}
[2.133793] (mavlink_gui_tester) StderrLine: {'line': b'                 from \x1b[01m\x1b[K/home/a/ws_moveit2/src/MAVLink/MAVLink_gui_ros2/include/mavlink_gui_tester/mavlink_gui_widget.hpp:45\x1b[m\x1b[K,\n'}
[2.133858] (mavlink_gui_tester) StderrLine: {'line': b'                 from \x1b[01m\x1b[K/home/a/ws_moveit2/src/MAVLink/MAVLink_gui_ros2/src/mavlink_gui_widget.cpp:1\x1b[m\x1b[K:\n'}
[2.133914] (mavlink_gui_tester) StderrLine: {'line': b'\x1b[01m\x1b[K/home/a/ws_moveit2/src/MAVLink/MAVLink_gui_ros2/../MAVLink_ros2/include/mavlink/c_library_v2/common/./mavlink_msg_set_attitude_target.h:241:406:\x1b[m\x1b[K \x1b[01;35m\x1b[Kwarning: \x1b[m\x1b[Ktaking address of packed member of \xe2\x80\x98\x1b[01m\x1b[K__mavlink_set_attitude_target_t\x1b[m\x1b[K\xe2\x80\x99 may result in an unaligned pointer value [\x1b[01;35m\x1b[K\x1b]8;;https://gcc.gnu.org/onlinedocs/gcc/Warning-Options.html#index-Waddress-of-packed-member\x07-Waddress-of-packed-member\x1b]8;;\x07\x1b[m\x1b[K]\n'}
[2.133977] (mavlink_gui_tester) StderrLine: {'line': b'  241 | ttitude_target->body_yaw_rate, set_attitude_target->thrust, \x1b[01;35m\x1b[Kset_attitude_target->thrust_body\x1b[m\x1b[K);\n'}
[2.134031] (mavlink_gui_tester) StderrLine: {'line': b'      |                                                             \x1b[01;35m\x1b[K~~~~~~~~~~~~~~~~~~~~~^~~~~~~~~~~\x1b[m\x1b[K\n'}
[2.134083] (mavlink_gui_tester) StderrLine: {'line': b'\n'}
[2.134140] (mavlink_gui_tester) StderrLine: {'line': b'\x1b[01m\x1b[K/home/a/ws_moveit2/src/MAVLink/MAVLink_gui_ros2/../MAVLink_ros2/include/mavlink/c_library_v2/common/./mavlink_msg_set_attitude_target.h:\x1b[m\x1b[K In function \xe2\x80\x98\x1b[01m\x1b[Kuint16_t mavlink_msg_set_attitude_target_encode_chan(uint8_t, uint8_t, uint8_t, mavlink_message_t*, const mavlink_set_attitude_target_t*)\x1b[m\x1b[K\xe2\x80\x99:\n'}
[2.134213] (mavlink_gui_tester) StderrLine: {'line': b'\x1b[01m\x1b[K/home/a/ws_moveit2/src/MAVLink/MAVLink_gui_ros2/../MAVLink_ros2/include/mavlink/c_library_v2/common/./mavlink_msg_set_attitude_target.h:255:253:\x1b[m\x1b[K \x1b[01;35m\x1b[Kwarning: \x1b[m\x1b[Ktaking address of packed member of \xe2\x80\x98\x1b[01m\x1b[K__mavlink_set_attitude_target_t\x1b[m\x1b[K\xe2\x80\x99 may result in an unaligned pointer value [\x1b[01;35m\x1b[K\x1b]8;;https://gcc.gnu.org/onlinedocs/gcc/Warning-Options.html#index-Waddress-of-packed-member\x07-Waddress-of-packed-member\x1b]8;;\x07\x1b[m\x1b[K]\n'}
[2.134274] (mavlink_gui_tester) StderrLine: {'line': b'  255 | e_target->target_component, set_attitude_target->type_mask, \x1b[01;35m\x1b[Kset_attitude_target->q\x1b[m\x1b[K, set_attitude_target->body_roll_rate, set_attitude_target->body_pitch_rate, set_attitude_target->body_yaw_rate, set_attitude_target->thrust, set_attitude_target->thrust_body);\n'}
[2.134338] (mavlink_gui_tester) StderrLine: {'line': b'      |                                                             \x1b[01;35m\x1b[K~~~~~~~~~~~~~~~~~~~~~^\x1b[m\x1b[K\n'}
[2.134397] (mavlink_gui_tester) StderrLine: {'line': b'\n'}
[2.134454] (mavlink_gui_tester) StderrLine: {'line': b'\x1b[01m\x1b[K/home/a/ws_moveit2/src/MAVLink/MAVLink_gui_ros2/../MAVLink_ros2/include/mavlink/c_library_v2/common/./mavlink_msg_set_attitude_target.h:255:417:\x1b[m\x1b[K \x1b[01;35m\x1b[Kwarning: \x1b[m\x1b[Ktaking address of packed member of \xe2\x80\x98\x1b[01m\x1b[K__mavlink_set_attitude_target_t\x1b[m\x1b[K\xe2\x80\x99 may result in an unaligned pointer value [\x1b[01;35m\x1b[K\x1b]8;;https://gcc.gnu.org/onlinedocs/gcc/Warning-Options.html#index-Waddress-of-packed-member\x07-Waddress-of-packed-member\x1b]8;;\x07\x1b[m\x1b[K]\n'}
[2.134513] (mavlink_gui_tester) StderrLine: {'line': b'  255 | ttitude_target->body_yaw_rate, set_attitude_target->thrust, \x1b[01;35m\x1b[Kset_attitude_target->thrust_body\x1b[m\x1b[K);\n'}
[2.134571] (mavlink_gui_tester) StderrLine: {'line': b'      |                                                             \x1b[01;35m\x1b[K~~~~~~~~~~~~~~~~~~~~~^~~~~~~~~~~\x1b[m\x1b[K\n'}
[2.134621] (mavlink_gui_tester) StderrLine: {'line': b'\n'}
[2.134668] (mavlink_gui_tester) StderrLine: {'line': b'\x1b[01m\x1b[K/home/a/ws_moveit2/src/MAVLink/MAVLink_gui_ros2/../MAVLink_ros2/include/mavlink/c_library_v2/common/./mavlink_msg_set_attitude_target.h:\x1b[m\x1b[K In function \xe2\x80\x98\x1b[01m\x1b[Kuint16_t mavlink_msg_set_attitude_target_encode_status(uint8_t, uint8_t, mavlink_status_t*, mavlink_message_t*, const mavlink_set_attitude_target_t*)\x1b[m\x1b[K\xe2\x80\x99:\n'}
[2.134718] (mavlink_gui_tester) StderrLine: {'line': b'\x1b[01m\x1b[K/home/a/ws_moveit2/src/MAVLink/MAVLink_gui_ros2/../MAVLink_ros2/include/mavlink/c_library_v2/common/./mavlink_msg_set_attitude_target.h:269:259:\x1b[m\x1b[K \x1b[01;35m\x1b[Kwarning: \x1b[m\x1b[Ktaking address of packed member of \xe2\x80\x98\x1b[01m\x1b[K__mavlink_set_attitude_target_t\x1b[m\x1b[K\xe2\x80\x99 may result in an unaligned pointer value [\x1b[01;35m\x1b[K\x1b]8;;https://gcc.gnu.org/onlinedocs/gcc/Warning-Options.html#index-Waddress-of-packed-member\x07-Waddress-of-packed-member\x1b]8;;\x07\x1b[m\x1b[K]\n'}
[2.134772] (mavlink_gui_tester) StderrLine: {'line': b'  269 | e_target->target_component, set_attitude_target->type_mask, \x1b[01;35m\x1b[Kset_attitude_target->q\x1b[m\x1b[K, set_attitude_target->body_roll_rate, set_attitude_target->body_pitch_rate, set_attitude_target->body_yaw_rate, set_attitude_target->thrust, set_attitude_target->thrust_body);\n'}
[2.134830] (mavlink_gui_tester) StderrLine: {'line': b'      |                                                             \x1b[01;35m\x1b[K~~~~~~~~~~~~~~~~~~~~~^\x1b[m\x1b[K\n'}
[2.134880] (mavlink_gui_tester) StderrLine: {'line': b'\n'}
[2.134930] (mavlink_gui_tester) StderrLine: {'line': b'\x1b[01m\x1b[K/home/a/ws_moveit2/src/MAVLink/MAVLink_gui_ros2/../MAVLink_ros2/include/mavlink/c_library_v2/common/./mavlink_msg_set_attitude_target.h:269:423:\x1b[m\x1b[K \x1b[01;35m\x1b[Kwarning: \x1b[m\x1b[Ktaking address of packed member of \xe2\x80\x98\x1b[01m\x1b[K__mavlink_set_attitude_target_t\x1b[m\x1b[K\xe2\x80\x99 may result in an unaligned pointer value [\x1b[01;35m\x1b[K\x1b]8;;https://gcc.gnu.org/onlinedocs/gcc/Warning-Options.html#index-Waddress-of-packed-member\x07-Waddress-of-packed-member\x1b]8;;\x07\x1b[m\x1b[K]\n'}
[2.134983] (mavlink_gui_tester) StderrLine: {'line': b'  269 | ttitude_target->body_yaw_rate, set_attitude_target->thrust, \x1b[01;35m\x1b[Kset_attitude_target->thrust_body\x1b[m\x1b[K);\n'}
[2.135031] (mavlink_gui_tester) StderrLine: {'line': b'      |                                                             \x1b[01;35m\x1b[K~~~~~~~~~~~~~~~~~~~~~^~~~~~~~~~~\x1b[m\x1b[K\n'}
[2.135085] (mavlink_gui_tester) StderrLine: {'line': b'\n'}
[2.161454] (mavlink_gui_tester) StderrLine: {'line': b'In file included from \x1b[01m\x1b[K/home/a/ws_moveit2/src/MAVLink/MAVLink_gui_ros2/../MAVLink_ros2/include/mavlink/c_library_v2/common/common.h:2914\x1b[m\x1b[K,\n'}
[2.161674] (mavlink_gui_tester) StderrLine: {'line': b'                 from \x1b[01m\x1b[K/home/a/ws_moveit2/src/MAVLink/MAVLink_gui_ros2/../MAVLink_ros2/include/mavlink/c_library_v2/common/mavlink.h:32\x1b[m\x1b[K,\n'}
[2.161751] (mavlink_gui_tester) StderrLine: {'line': b'                 from \x1b[01m\x1b[K/home/a/ws_moveit2/src/MAVLink/MAVLink_gui_ros2/include/mavlink_gui_tester/mavlink_gui_widget.hpp:45\x1b[m\x1b[K,\n'}
[2.161827] (mavlink_gui_tester) StderrLine: {'line': b'                 from \x1b[01m\x1b[K/home/a/ws_moveit2/src/MAVLink/MAVLink_gui_ros2/src/mavlink_gui_widget.cpp:1\x1b[m\x1b[K:\n'}
[2.161922] (mavlink_gui_tester) StderrLine: {'line': b'\x1b[01m\x1b[K/home/a/ws_moveit2/src/MAVLink/MAVLink_gui_ros2/../MAVLink_ros2/include/mavlink/c_library_v2/common/./mavlink_msg_distance_sensor.h:\x1b[m\x1b[K In function \xe2\x80\x98\x1b[01m\x1b[Kuint16_t mavlink_msg_distance_sensor_encode(uint8_t, uint8_t, mavlink_message_t*, const mavlink_distance_sensor_t*)\x1b[m\x1b[K\xe2\x80\x99:\n'}
[2.161991] (mavlink_gui_tester) StderrLine: {'line': b'\x1b[01m\x1b[K/home/a/ws_moveit2/src/MAVLink/MAVLink_gui_ros2/../MAVLink_ros2/include/mavlink/c_library_v2/common/./mavlink_msg_distance_sensor.h:264:387:\x1b[m\x1b[K \x1b[01;35m\x1b[Kwarning: \x1b[m\x1b[Ktaking address of packed member of \xe2\x80\x98\x1b[01m\x1b[K__mavlink_distance_sensor_t\x1b[m\x1b[K\xe2\x80\x99 may result in an unaligned pointer value [\x1b[01;35m\x1b[K\x1b]8;;https://gcc.gnu.org/onlinedocs/gcc/Warning-Options.html#index-Waddress-of-packed-member\x07-Waddress-of-packed-member\x1b]8;;\x07\x1b[m\x1b[K]\n'}
[2.162050] (mavlink_gui_tester) StderrLine: {'line': b'  264 | distance_sensor->horizontal_fov, distance_sensor->vertical_fov, \x1b[01;35m\x1b[Kdistance_sensor->quaternion\x1b[m\x1b[K, distance_sensor->signal_quality);\n'}
[2.162103] (mavlink_gui_tester) StderrLine: {'line': b'      |                                                                 \x1b[01;35m\x1b[K~~~~~~~~~~~~~~~~~^~~~~~~~~~\x1b[m\x1b[K\n'}
[2.162157] (mavlink_gui_tester) StderrLine: {'line': b'\n'}
[2.162209] (mavlink_gui_tester) StderrLine: {'line': b'\x1b[01m\x1b[K/home/a/ws_moveit2/src/MAVLink/MAVLink_gui_ros2/../MAVLink_ros2/include/mavlink/c_library_v2/common/./mavlink_msg_distance_sensor.h:\x1b[m\x1b[K In function \xe2\x80\x98\x1b[01m\x1b[Kuint16_t mavlink_msg_distance_sensor_encode_chan(uint8_t, uint8_t, uint8_t, mavlink_message_t*, const mavlink_distance_sensor_t*)\x1b[m\x1b[K\xe2\x80\x99:\n'}
[2.162265] (mavlink_gui_tester) StderrLine: {'line': b'\x1b[01m\x1b[K/home/a/ws_moveit2/src/MAVLink/MAVLink_gui_ros2/../MAVLink_ros2/include/mavlink/c_library_v2/common/./mavlink_msg_distance_sensor.h:278:398:\x1b[m\x1b[K \x1b[01;35m\x1b[Kwarning: \x1b[m\x1b[Ktaking address of packed member of \xe2\x80\x98\x1b[01m\x1b[K__mavlink_distance_sensor_t\x1b[m\x1b[K\xe2\x80\x99 may result in an unaligned pointer value [\x1b[01;35m\x1b[K\x1b]8;;https://gcc.gnu.org/onlinedocs/gcc/Warning-Options.html#index-Waddress-of-packed-member\x07-Waddress-of-packed-member\x1b]8;;\x07\x1b[m\x1b[K]\n'}
[2.162321] (mavlink_gui_tester) StderrLine: {'line': b'  278 | distance_sensor->horizontal_fov, distance_sensor->vertical_fov, \x1b[01;35m\x1b[Kdistance_sensor->quaternion\x1b[m\x1b[K, distance_sensor->signal_quality);\n'}
[2.162374] (mavlink_gui_tester) StderrLine: {'line': b'      |                                                                 \x1b[01;35m\x1b[K~~~~~~~~~~~~~~~~~^~~~~~~~~~\x1b[m\x1b[K\n'}
[2.162440] (mavlink_gui_tester) StderrLine: {'line': b'\n'}
[2.162489] (mavlink_gui_tester) StderrLine: {'line': b'\x1b[01m\x1b[K/home/a/ws_moveit2/src/MAVLink/MAVLink_gui_ros2/../MAVLink_ros2/include/mavlink/c_library_v2/common/./mavlink_msg_distance_sensor.h:\x1b[m\x1b[K In function \xe2\x80\x98\x1b[01m\x1b[Kuint16_t mavlink_msg_distance_sensor_encode_status(uint8_t, uint8_t, mavlink_status_t*, mavlink_message_t*, const mavlink_distance_sensor_t*)\x1b[m\x1b[K\xe2\x80\x99:\n'}
[2.162546] (mavlink_gui_tester) StderrLine: {'line': b'\x1b[01m\x1b[K/home/a/ws_moveit2/src/MAVLink/MAVLink_gui_ros2/../MAVLink_ros2/include/mavlink/c_library_v2/common/./mavlink_msg_distance_sensor.h:292:404:\x1b[m\x1b[K \x1b[01;35m\x1b[Kwarning: \x1b[m\x1b[Ktaking address of packed member of \xe2\x80\x98\x1b[01m\x1b[K__mavlink_distance_sensor_t\x1b[m\x1b[K\xe2\x80\x99 may result in an unaligned pointer value [\x1b[01;35m\x1b[K\x1b]8;;https://gcc.gnu.org/onlinedocs/gcc/Warning-Options.html#index-Waddress-of-packed-member\x07-Waddress-of-packed-member\x1b]8;;\x07\x1b[m\x1b[K]\n'}
[2.162601] (mavlink_gui_tester) StderrLine: {'line': b'  292 | distance_sensor->horizontal_fov, distance_sensor->vertical_fov, \x1b[01;35m\x1b[Kdistance_sensor->quaternion\x1b[m\x1b[K, distance_sensor->signal_quality);\n'}
[2.162655] (mavlink_gui_tester) StderrLine: {'line': b'      |                                                                 \x1b[01;35m\x1b[K~~~~~~~~~~~~~~~~~^~~~~~~~~~\x1b[m\x1b[K\n'}
[2.162708] (mavlink_gui_tester) StderrLine: {'line': b'\n'}
[2.169508] (mavlink_gui_tester) StderrLine: {'line': b'In file included from \x1b[01m\x1b[K/home/a/ws_moveit2/src/MAVLink/MAVLink_gui_ros2/../MAVLink_ros2/include/mavlink/c_library_v2/common/common.h:2928\x1b[m\x1b[K,\n'}
[2.169659] (mavlink_gui_tester) StderrLine: {'line': b'                 from \x1b[01m\x1b[K/home/a/ws_moveit2/src/MAVLink/MAVLink_gui_ros2/../MAVLink_ros2/include/mavlink/c_library_v2/common/mavlink.h:32\x1b[m\x1b[K,\n'}
[2.169726] (mavlink_gui_tester) StderrLine: {'line': b'                 from \x1b[01m\x1b[K/home/a/ws_moveit2/src/MAVLink/MAVLink_gui_ros2/include/mavlink_gui_tester/mavlink_gui_widget.hpp:45\x1b[m\x1b[K,\n'}
[2.169793] (mavlink_gui_tester) StderrLine: {'line': b'                 from \x1b[01m\x1b[K/home/a/ws_moveit2/src/MAVLink/MAVLink_gui_ros2/src/mavlink_gui_widget.cpp:1\x1b[m\x1b[K:\n'}
[2.169870] (mavlink_gui_tester) StderrLine: {'line': b'\x1b[01m\x1b[K/home/a/ws_moveit2/src/MAVLink/MAVLink_gui_ros2/../MAVLink_ros2/include/mavlink/c_library_v2/common/./mavlink_msg_battery_status.h:\x1b[m\x1b[K In function \xe2\x80\x98\x1b[01m\x1b[Kuint16_t mavlink_msg_battery_status_encode(uint8_t, uint8_t, mavlink_message_t*, const mavlink_battery_status_t*)\x1b[m\x1b[K\xe2\x80\x99:\n'}
[2.169932] (mavlink_gui_tester) StderrLine: {'line': b'\x1b[01m\x1b[K/home/a/ws_moveit2/src/MAVLink/MAVLink_gui_ros2/../MAVLink_ros2/include/mavlink/c_library_v2/common/./mavlink_msg_battery_status.h:289:195:\x1b[m\x1b[K \x1b[01;35m\x1b[Kwarning: \x1b[m\x1b[Ktaking address of packed member of \xe2\x80\x98\x1b[01m\x1b[K__mavlink_battery_status_t\x1b[m\x1b[K\xe2\x80\x99 may result in an unaligned pointer value [\x1b[01;35m\x1b[K\x1b]8;;https://gcc.gnu.org/onlinedocs/gcc/Warning-Options.html#index-Waddress-of-packed-member\x07-Waddress-of-packed-member\x1b]8;;\x07\x1b[m\x1b[K]\n'}
[2.169991] (mavlink_gui_tester) StderrLine: {'line': b'  289 | ery_function, battery_status->type, battery_status->temperature, \x1b[01;35m\x1b[Kbattery_status->voltages\x1b[m\x1b[K, battery_status->current_battery, battery_status->current_consumed, battery_status->energy_consumed, battery_status->battery_remaining, battery_status->time_remaining, battery_status->charge_state, battery_status->voltages_ext, battery_status->mode, battery_status->fault_bitmask);\n'}
[2.170049] (mavlink_gui_tester) StderrLine: {'line': b'      |                                                                  \x1b[01;35m\x1b[K~~~~~~~~~~~~~~~~^~~~~~~~\x1b[m\x1b[K\n'}
[2.170106] (mavlink_gui_tester) StderrLine: {'line': b'\n'}
[2.170159] (mavlink_gui_tester) StderrLine: {'line': b'\x1b[01m\x1b[K/home/a/ws_moveit2/src/MAVLink/MAVLink_gui_ros2/../MAVLink_ros2/include/mavlink/c_library_v2/common/./mavlink_msg_battery_status.h:289:418:\x1b[m\x1b[K \x1b[01;35m\x1b[Kwarning: \x1b[m\x1b[Ktaking address of packed member of \xe2\x80\x98\x1b[01m\x1b[K__mavlink_battery_status_t\x1b[m\x1b[K\xe2\x80\x99 may result in an unaligned pointer value [\x1b[01;35m\x1b[K\x1b]8;;https://gcc.gnu.org/onlinedocs/gcc/Warning-Options.html#index-Waddress-of-packed-member\x07-Waddress-of-packed-member\x1b]8;;\x07\x1b[m\x1b[K]\n'}
[2.170218] (mavlink_gui_tester) StderrLine: {'line': b'  289 | g, battery_status->time_remaining, battery_status->charge_state, \x1b[01;35m\x1b[Kbattery_status->voltages_ext\x1b[m\x1b[K, battery_status->mode, battery_status->fault_bitmask);\n'}
[2.170279] (mavlink_gui_tester) StderrLine: {'line': b'      |                                                                  \x1b[01;35m\x1b[K~~~~~~~~~~~~~~~~^~~~~~~~~~~~\x1b[m\x1b[K\n'}
[2.170336] (mavlink_gui_tester) StderrLine: {'line': b'\n'}
[2.170385] (mavlink_gui_tester) StderrLine: {'line': b'\x1b[01m\x1b[K/home/a/ws_moveit2/src/MAVLink/MAVLink_gui_ros2/../MAVLink_ros2/include/mavlink/c_library_v2/common/./mavlink_msg_battery_status.h:\x1b[m\x1b[K In function \xe2\x80\x98\x1b[01m\x1b[Kuint16_t mavlink_msg_battery_status_encode_chan(uint8_t, uint8_t, uint8_t, mavlink_message_t*, const mavlink_battery_status_t*)\x1b[m\x1b[K\xe2\x80\x99:\n'}
[2.170722] (mavlink_gui_tester) StderrLine: {'line': b'\x1b[01m\x1b[K/home/a/ws_moveit2/src/MAVLink/MAVLink_gui_ros2/../MAVLink_ros2/include/mavlink/c_library_v2/common/./mavlink_msg_battery_status.h:303:206:\x1b[m\x1b[K \x1b[01;35m\x1b[Kwarning: \x1b[m\x1b[Ktaking address of packed member of \xe2\x80\x98\x1b[01m\x1b[K__mavlink_battery_status_t\x1b[m\x1b[K\xe2\x80\x99 may result in an unaligned pointer value [\x1b[01;35m\x1b[K\x1b]8;;https://gcc.gnu.org/onlinedocs/gcc/Warning-Options.html#index-Waddress-of-packed-member\x07-Waddress-of-packed-member\x1b]8;;\x07\x1b[m\x1b[K]\n'}
[2.170830] (mavlink_gui_tester) StderrLine: {'line': b'  303 | ery_function, battery_status->type, battery_status->temperature, \x1b[01;35m\x1b[Kbattery_status->voltages\x1b[m\x1b[K, battery_status->current_battery, battery_status->current_consumed, battery_status->energy_consumed, battery_status->battery_remaining, battery_status->time_remaining, battery_status->charge_state, battery_status->voltages_ext, battery_status->mode, battery_status->fault_bitmask);\n'}
[2.170902] (mavlink_gui_tester) StderrLine: {'line': b'      |                                                                  \x1b[01;35m\x1b[K~~~~~~~~~~~~~~~~^~~~~~~~\x1b[m\x1b[K\n'}
[2.170958] (mavlink_gui_tester) StderrLine: {'line': b'\n'}
[2.171010] (mavlink_gui_tester) StderrLine: {'line': b'\x1b[01m\x1b[K/home/a/ws_moveit2/src/MAVLink/MAVLink_gui_ros2/../MAVLink_ros2/include/mavlink/c_library_v2/common/./mavlink_msg_battery_status.h:303:429:\x1b[m\x1b[K \x1b[01;35m\x1b[Kwarning: \x1b[m\x1b[Ktaking address of packed member of \xe2\x80\x98\x1b[01m\x1b[K__mavlink_battery_status_t\x1b[m\x1b[K\xe2\x80\x99 may result in an unaligned pointer value [\x1b[01;35m\x1b[K\x1b]8;;https://gcc.gnu.org/onlinedocs/gcc/Warning-Options.html#index-Waddress-of-packed-member\x07-Waddress-of-packed-member\x1b]8;;\x07\x1b[m\x1b[K]\n'}
[2.171089] (mavlink_gui_tester) StderrLine: {'line': b'  303 | g, battery_status->time_remaining, battery_status->charge_state, \x1b[01;35m\x1b[Kbattery_status->voltages_ext\x1b[m\x1b[K, battery_status->mode, battery_status->fault_bitmask);\n'}
[2.171143] (mavlink_gui_tester) StderrLine: {'line': b'      |                                                                  \x1b[01;35m\x1b[K~~~~~~~~~~~~~~~~^~~~~~~~~~~~\x1b[m\x1b[K\n'}
[2.171199] (mavlink_gui_tester) StderrLine: {'line': b'\n'}
[2.171247] (mavlink_gui_tester) StderrLine: {'line': b'\x1b[01m\x1b[K/home/a/ws_moveit2/src/MAVLink/MAVLink_gui_ros2/../MAVLink_ros2/include/mavlink/c_library_v2/common/./mavlink_msg_battery_status.h:\x1b[m\x1b[K In function \xe2\x80\x98\x1b[01m\x1b[Kuint16_t mavlink_msg_battery_status_encode_status(uint8_t, uint8_t, mavlink_status_t*, mavlink_message_t*, const mavlink_battery_status_t*)\x1b[m\x1b[K\xe2\x80\x99:\n'}
[2.171287] (mavlink_gui_tester) StderrLine: {'line': b'\x1b[01m\x1b[K/home/a/ws_moveit2/src/MAVLink/MAVLink_gui_ros2/../MAVLink_ros2/include/mavlink/c_library_v2/common/./mavlink_msg_battery_status.h:317:212:\x1b[m\x1b[K \x1b[01;35m\x1b[Kwarning: \x1b[m\x1b[Ktaking address of packed member of \xe2\x80\x98\x1b[01m\x1b[K__mavlink_battery_status_t\x1b[m\x1b[K\xe2\x80\x99 may result in an unaligned pointer value [\x1b[01;35m\x1b[K\x1b]8;;https://gcc.gnu.org/onlinedocs/gcc/Warning-Options.html#index-Waddress-of-packed-member\x07-Waddress-of-packed-member\x1b]8;;\x07\x1b[m\x1b[K]\n'}
[2.171330] (mavlink_gui_tester) StderrLine: {'line': b'  317 | ery_function, battery_status->type, battery_status->temperature, \x1b[01;35m\x1b[Kbattery_status->voltages\x1b[m\x1b[K, battery_status->current_battery, battery_status->current_consumed, battery_status->energy_consumed, battery_status->battery_remaining, battery_status->time_remaining, battery_status->charge_state, battery_status->voltages_ext, battery_status->mode, battery_status->fault_bitmask);\n'}
[2.171370] (mavlink_gui_tester) StderrLine: {'line': b'      |                                                                  \x1b[01;35m\x1b[K~~~~~~~~~~~~~~~~^~~~~~~~\x1b[m\x1b[K\n'}
[2.171409] (mavlink_gui_tester) StderrLine: {'line': b'\n'}
[2.171448] (mavlink_gui_tester) StderrLine: {'line': b'\x1b[01m\x1b[K/home/a/ws_moveit2/src/MAVLink/MAVLink_gui_ros2/../MAVLink_ros2/include/mavlink/c_library_v2/common/./mavlink_msg_battery_status.h:317:435:\x1b[m\x1b[K \x1b[01;35m\x1b[Kwarning: \x1b[m\x1b[Ktaking address of packed member of \xe2\x80\x98\x1b[01m\x1b[K__mavlink_battery_status_t\x1b[m\x1b[K\xe2\x80\x99 may result in an unaligned pointer value [\x1b[01;35m\x1b[K\x1b]8;;https://gcc.gnu.org/onlinedocs/gcc/Warning-Options.html#index-Waddress-of-packed-member\x07-Waddress-of-packed-member\x1b]8;;\x07\x1b[m\x1b[K]\n'}
[2.171489] (mavlink_gui_tester) StderrLine: {'line': b'  317 | g, battery_status->time_remaining, battery_status->charge_state, \x1b[01;35m\x1b[Kbattery_status->voltages_ext\x1b[m\x1b[K, battery_status->mode, battery_status->fault_bitmask);\n'}
[2.171528] (mavlink_gui_tester) StderrLine: {'line': b'      |                                                                  \x1b[01;35m\x1b[K~~~~~~~~~~~~~~~~^~~~~~~~~~~~\x1b[m\x1b[K\n'}
[2.171564] (mavlink_gui_tester) StderrLine: {'line': b'\n'}
[2.171600] (mavlink_gui_tester) StderrLine: {'line': b'In file included from \x1b[01m\x1b[K/home/a/ws_moveit2/src/MAVLink/MAVLink_gui_ros2/../MAVLink_ros2/include/mavlink/c_library_v2/common/common.h:2929\x1b[m\x1b[K,\n'}
[2.171637] (mavlink_gui_tester) StderrLine: {'line': b'                 from \x1b[01m\x1b[K/home/a/ws_moveit2/src/MAVLink/MAVLink_gui_ros2/../MAVLink_ros2/include/mavlink/c_library_v2/common/mavlink.h:32\x1b[m\x1b[K,\n'}
[2.171675] (mavlink_gui_tester) StderrLine: {'line': b'                 from \x1b[01m\x1b[K/home/a/ws_moveit2/src/MAVLink/MAVLink_gui_ros2/include/mavlink_gui_tester/mavlink_gui_widget.hpp:45\x1b[m\x1b[K,\n'}
[2.171713] (mavlink_gui_tester) StderrLine: {'line': b'                 from \x1b[01m\x1b[K/home/a/ws_moveit2/src/MAVLink/MAVLink_gui_ros2/src/mavlink_gui_widget.cpp:1\x1b[m\x1b[K:\n'}
[2.171750] (mavlink_gui_tester) StderrLine: {'line': b'\x1b[01m\x1b[K/home/a/ws_moveit2/src/MAVLink/MAVLink_gui_ros2/../MAVLink_ros2/include/mavlink/c_library_v2/common/./mavlink_msg_landing_target.h:\x1b[m\x1b[K In function \xe2\x80\x98\x1b[01m\x1b[Kuint16_t mavlink_msg_landing_target_encode(uint8_t, uint8_t, mavlink_message_t*, const mavlink_landing_target_t*)\x1b[m\x1b[K\xe2\x80\x99:\n'}
[2.171789] (mavlink_gui_tester) StderrLine: {'line': b'\x1b[01m\x1b[K/home/a/ws_moveit2/src/MAVLink/MAVLink_gui_ros2/../MAVLink_ros2/include/mavlink/c_library_v2/common/./mavlink_msg_landing_target.h:288:349:\x1b[m\x1b[K \x1b[01;35m\x1b[Kwarning: \x1b[m\x1b[Ktaking address of packed member of \xe2\x80\x98\x1b[01m\x1b[K__mavlink_landing_target_t\x1b[m\x1b[K\xe2\x80\x99 may result in an unaligned pointer value [\x1b[01;35m\x1b[K\x1b]8;;https://gcc.gnu.org/onlinedocs/gcc/Warning-Options.html#index-Waddress-of-packed-member\x07-Waddress-of-packed-member\x1b]8;;\x07\x1b[m\x1b[K]\n'}
[2.171833] (mavlink_gui_tester) StderrLine: {'line': b'  288 | size_y, landing_target->x, landing_target->y, landing_target->z, \x1b[01;35m\x1b[Klanding_target->q\x1b[m\x1b[K, landing_target->type, landing_target->position_valid);\n'}
[2.171874] (mavlink_gui_tester) StderrLine: {'line': b'      |                                                                  \x1b[01;35m\x1b[K~~~~~~~~~~~~~~~~^\x1b[m\x1b[K\n'}
[2.171911] (mavlink_gui_tester) StderrLine: {'line': b'\n'}
[2.171947] (mavlink_gui_tester) StderrLine: {'line': b'\x1b[01m\x1b[K/home/a/ws_moveit2/src/MAVLink/MAVLink_gui_ros2/../MAVLink_ros2/include/mavlink/c_library_v2/common/./mavlink_msg_landing_target.h:\x1b[m\x1b[K In function \xe2\x80\x98\x1b[01m\x1b[Kuint16_t mavlink_msg_landing_target_encode_chan(uint8_t, uint8_t, uint8_t, mavlink_message_t*, const mavlink_landing_target_t*)\x1b[m\x1b[K\xe2\x80\x99:\n'}
[2.171988] (mavlink_gui_tester) StderrLine: {'line': b'\x1b[01m\x1b[K/home/a/ws_moveit2/src/MAVLink/MAVLink_gui_ros2/../MAVLink_ros2/include/mavlink/c_library_v2/common/./mavlink_msg_landing_target.h:302:360:\x1b[m\x1b[K \x1b[01;35m\x1b[Kwarning: \x1b[m\x1b[Ktaking address of packed member of \xe2\x80\x98\x1b[01m\x1b[K__mavlink_landing_target_t\x1b[m\x1b[K\xe2\x80\x99 may result in an unaligned pointer value [\x1b[01;35m\x1b[K\x1b]8;;https://gcc.gnu.org/onlinedocs/gcc/Warning-Options.html#index-Waddress-of-packed-member\x07-Waddress-of-packed-member\x1b]8;;\x07\x1b[m\x1b[K]\n'}
[2.172029] (mavlink_gui_tester) StderrLine: {'line': b'  302 | size_y, landing_target->x, landing_target->y, landing_target->z, \x1b[01;35m\x1b[Klanding_target->q\x1b[m\x1b[K, landing_target->type, landing_target->position_valid);\n'}
[2.172068] (mavlink_gui_tester) StderrLine: {'line': b'      |                                                                  \x1b[01;35m\x1b[K~~~~~~~~~~~~~~~~^\x1b[m\x1b[K\n'}
[2.172103] (mavlink_gui_tester) StderrLine: {'line': b'\n'}
[2.172139] (mavlink_gui_tester) StderrLine: {'line': b'\x1b[01m\x1b[K/home/a/ws_moveit2/src/MAVLink/MAVLink_gui_ros2/../MAVLink_ros2/include/mavlink/c_library_v2/common/./mavlink_msg_landing_target.h:\x1b[m\x1b[K In function \xe2\x80\x98\x1b[01m\x1b[Kuint16_t mavlink_msg_landing_target_encode_status(uint8_t, uint8_t, mavlink_status_t*, mavlink_message_t*, const mavlink_landing_target_t*)\x1b[m\x1b[K\xe2\x80\x99:\n'}
[2.172178] (mavlink_gui_tester) StderrLine: {'line': b'\x1b[01m\x1b[K/home/a/ws_moveit2/src/MAVLink/MAVLink_gui_ros2/../MAVLink_ros2/include/mavlink/c_library_v2/common/./mavlink_msg_landing_target.h:316:366:\x1b[m\x1b[K \x1b[01;35m\x1b[Kwarning: \x1b[m\x1b[Ktaking address of packed member of \xe2\x80\x98\x1b[01m\x1b[K__mavlink_landing_target_t\x1b[m\x1b[K\xe2\x80\x99 may result in an unaligned pointer value [\x1b[01;35m\x1b[K\x1b]8;;https://gcc.gnu.org/onlinedocs/gcc/Warning-Options.html#index-Waddress-of-packed-member\x07-Waddress-of-packed-member\x1b]8;;\x07\x1b[m\x1b[K]\n'}
[2.172208] (mavlink_gui_tester) StderrLine: {'line': b'  316 | size_y, landing_target->x, landing_target->y, landing_target->z, \x1b[01;35m\x1b[Klanding_target->q\x1b[m\x1b[K, landing_target->type, landing_target->position_valid);\n'}
[2.172232] (mavlink_gui_tester) StderrLine: {'line': b'      |                                                                  \x1b[01;35m\x1b[K~~~~~~~~~~~~~~~~^\x1b[m\x1b[K\n'}
[2.172257] (mavlink_gui_tester) StderrLine: {'line': b'\n'}
[2.181670] (mavlink_gui_tester) StderrLine: {'line': b'In file included from \x1b[01m\x1b[K/home/a/ws_moveit2/src/MAVLink/MAVLink_gui_ros2/../MAVLink_ros2/include/mavlink/c_library_v2/common/common.h:2940\x1b[m\x1b[K,\n'}
[2.181803] (mavlink_gui_tester) StderrLine: {'line': b'                 from \x1b[01m\x1b[K/home/a/ws_moveit2/src/MAVLink/MAVLink_gui_ros2/../MAVLink_ros2/include/mavlink/c_library_v2/common/mavlink.h:32\x1b[m\x1b[K,\n'}
[2.181875] (mavlink_gui_tester) StderrLine: {'line': b'                 from \x1b[01m\x1b[K/home/a/ws_moveit2/src/MAVLink/MAVLink_gui_ros2/include/mavlink_gui_tester/mavlink_gui_widget.hpp:45\x1b[m\x1b[K,\n'}
[2.181921] (mavlink_gui_tester) StderrLine: {'line': b'                 from \x1b[01m\x1b[K/home/a/ws_moveit2/src/MAVLink/MAVLink_gui_ros2/src/mavlink_gui_widget.cpp:1\x1b[m\x1b[K:\n'}
[2.181977] (mavlink_gui_tester) StderrLine: {'line': b'\x1b[01m\x1b[K/home/a/ws_moveit2/src/MAVLink/MAVLink_gui_ros2/../MAVLink_ros2/include/mavlink/c_library_v2/common/./mavlink_msg_home_position.h:\x1b[m\x1b[K In function \xe2\x80\x98\x1b[01m\x1b[Kuint16_t mavlink_msg_home_position_encode(uint8_t, uint8_t, mavlink_message_t*, const mavlink_home_position_t*)\x1b[m\x1b[K\xe2\x80\x99:\n'}
[2.182025] (mavlink_gui_tester) StderrLine: {'line': b'\x1b[01m\x1b[K/home/a/ws_moveit2/src/MAVLink/MAVLink_gui_ros2/../MAVLink_ros2/include/mavlink/c_library_v2/common/./mavlink_msg_home_position.h:268:218:\x1b[m\x1b[K \x1b[01;35m\x1b[Kwarning: \x1b[m\x1b[Ktaking address of packed member of \xe2\x80\x98\x1b[01m\x1b[K__mavlink_home_position_t\x1b[m\x1b[K\xe2\x80\x99 may result in an unaligned pointer value [\x1b[01;35m\x1b[K\x1b]8;;https://gcc.gnu.org/onlinedocs/gcc/Warning-Options.html#index-Waddress-of-packed-member\x07-Waddress-of-packed-member\x1b]8;;\x07\x1b[m\x1b[K]\n'}
[2.182072] (mavlink_gui_tester) StderrLine: {'line': b'  268 | ->altitude, home_position->x, home_position->y, home_position->z, \x1b[01;35m\x1b[Khome_position->q\x1b[m\x1b[K, home_position->approach_x, home_position->approach_y, home_position->approach_z, home_position->time_usec);\n'}
[2.182115] (mavlink_gui_tester) StderrLine: {'line': b'      |                                                                   \x1b[01;35m\x1b[K~~~~~~~~~~~~~~~^\x1b[m\x1b[K\n'}
[2.182156] (mavlink_gui_tester) StderrLine: {'line': b'\n'}
[2.182195] (mavlink_gui_tester) StderrLine: {'line': b'\x1b[01m\x1b[K/home/a/ws_moveit2/src/MAVLink/MAVLink_gui_ros2/../MAVLink_ros2/include/mavlink/c_library_v2/common/./mavlink_msg_home_position.h:\x1b[m\x1b[K In function \xe2\x80\x98\x1b[01m\x1b[Kuint16_t mavlink_msg_home_position_encode_chan(uint8_t, uint8_t, uint8_t, mavlink_message_t*, const mavlink_home_position_t*)\x1b[m\x1b[K\xe2\x80\x99:\n'}
[2.182239] (mavlink_gui_tester) StderrLine: {'line': b'\x1b[01m\x1b[K/home/a/ws_moveit2/src/MAVLink/MAVLink_gui_ros2/../MAVLink_ros2/include/mavlink/c_library_v2/common/./mavlink_msg_home_position.h:282:229:\x1b[m\x1b[K \x1b[01;35m\x1b[Kwarning: \x1b[m\x1b[Ktaking address of packed member of \xe2\x80\x98\x1b[01m\x1b[K__mavlink_home_position_t\x1b[m\x1b[K\xe2\x80\x99 may result in an unaligned pointer value [\x1b[01;35m\x1b[K\x1b]8;;https://gcc.gnu.org/onlinedocs/gcc/Warning-Options.html#index-Waddress-of-packed-member\x07-Waddress-of-packed-member\x1b]8;;\x07\x1b[m\x1b[K]\n'}
[2.182284] (mavlink_gui_tester) StderrLine: {'line': b'  282 | ->altitude, home_position->x, home_position->y, home_position->z, \x1b[01;35m\x1b[Khome_position->q\x1b[m\x1b[K, home_position->approach_x, home_position->approach_y, home_position->approach_z, home_position->time_usec);\n'}
[2.182328] (mavlink_gui_tester) StderrLine: {'line': b'      |                                                                   \x1b[01;35m\x1b[K~~~~~~~~~~~~~~~^\x1b[m\x1b[K\n'}
[2.182369] (mavlink_gui_tester) StderrLine: {'line': b'\n'}
[2.182410] (mavlink_gui_tester) StderrLine: {'line': b'\x1b[01m\x1b[K/home/a/ws_moveit2/src/MAVLink/MAVLink_gui_ros2/../MAVLink_ros2/include/mavlink/c_library_v2/common/./mavlink_msg_home_position.h:\x1b[m\x1b[K In function \xe2\x80\x98\x1b[01m\x1b[Kuint16_t mavlink_msg_home_position_encode_status(uint8_t, uint8_t, mavlink_status_t*, mavlink_message_t*, const mavlink_home_position_t*)\x1b[m\x1b[K\xe2\x80\x99:\n'}
[2.182451] (mavlink_gui_tester) StderrLine: {'line': b'\x1b[01m\x1b[K/home/a/ws_moveit2/src/MAVLink/MAVLink_gui_ros2/../MAVLink_ros2/include/mavlink/c_library_v2/common/./mavlink_msg_home_position.h:296:235:\x1b[m\x1b[K \x1b[01;35m\x1b[Kwarning: \x1b[m\x1b[Ktaking address of packed member of \xe2\x80\x98\x1b[01m\x1b[K__mavlink_home_position_t\x1b[m\x1b[K\xe2\x80\x99 may result in an unaligned pointer value [\x1b[01;35m\x1b[K\x1b]8;;https://gcc.gnu.org/onlinedocs/gcc/Warning-Options.html#index-Waddress-of-packed-member\x07-Waddress-of-packed-member\x1b]8;;\x07\x1b[m\x1b[K]\n'}
[2.182500] (mavlink_gui_tester) StderrLine: {'line': b'  296 | ->altitude, home_position->x, home_position->y, home_position->z, \x1b[01;35m\x1b[Khome_position->q\x1b[m\x1b[K, home_position->approach_x, home_position->approach_y, home_position->approach_z, home_position->time_usec);\n'}
[2.182541] (mavlink_gui_tester) StderrLine: {'line': b'      |                                                                   \x1b[01;35m\x1b[K~~~~~~~~~~~~~~~^\x1b[m\x1b[K\n'}
[2.182580] (mavlink_gui_tester) StderrLine: {'line': b'\n'}
[2.182799] (mavlink_gui_tester) StderrLine: {'line': b'In file included from \x1b[01m\x1b[K/home/a/ws_moveit2/src/MAVLink/MAVLink_gui_ros2/../MAVLink_ros2/include/mavlink/c_library_v2/common/common.h:2941\x1b[m\x1b[K,\n'}
[2.182900] (mavlink_gui_tester) StderrLine: {'line': b'                 from \x1b[01m\x1b[K/home/a/ws_moveit2/src/MAVLink/MAVLink_gui_ros2/../MAVLink_ros2/include/mavlink/c_library_v2/common/mavlink.h:32\x1b[m\x1b[K,\n'}
[2.182949] (mavlink_gui_tester) StderrLine: {'line': b'                 from \x1b[01m\x1b[K/home/a/ws_moveit2/src/MAVLink/MAVLink_gui_ros2/include/mavlink_gui_tester/mavlink_gui_widget.hpp:45\x1b[m\x1b[K,\n'}
[2.182989] (mavlink_gui_tester) StderrLine: {'line': b'                 from \x1b[01m\x1b[K/home/a/ws_moveit2/src/MAVLink/MAVLink_gui_ros2/src/mavlink_gui_widget.cpp:1\x1b[m\x1b[K:\n'}
[2.183026] (mavlink_gui_tester) StderrLine: {'line': b'\x1b[01m\x1b[K/home/a/ws_moveit2/src/MAVLink/MAVLink_gui_ros2/../MAVLink_ros2/include/mavlink/c_library_v2/common/./mavlink_msg_set_home_position.h:\x1b[m\x1b[K In function \xe2\x80\x98\x1b[01m\x1b[Kuint16_t mavlink_msg_set_home_position_encode(uint8_t, uint8_t, mavlink_message_t*, const mavlink_set_home_position_t*)\x1b[m\x1b[K\xe2\x80\x99:\n'}
[2.183072] (mavlink_gui_tester) StderrLine: {'line': b'\x1b[01m\x1b[K/home/a/ws_moveit2/src/MAVLink/MAVLink_gui_ros2/../MAVLink_ros2/include/mavlink/c_library_v2/common/./mavlink_msg_set_home_position.h:264:284:\x1b[m\x1b[K \x1b[01;35m\x1b[Kwarning: \x1b[m\x1b[Ktaking address of packed member of \xe2\x80\x98\x1b[01m\x1b[K__mavlink_set_home_position_t\x1b[m\x1b[K\xe2\x80\x99 may result in an unaligned pointer value [\x1b[01;35m\x1b[K\x1b]8;;https://gcc.gnu.org/onlinedocs/gcc/Warning-Options.html#index-Waddress-of-packed-member\x07-Waddress-of-packed-member\x1b]8;;\x07\x1b[m\x1b[K]\n'}
[2.183112] (mavlink_gui_tester) StderrLine: {'line': b'  264 | home_position->x, set_home_position->y, set_home_position->z, \x1b[01;35m\x1b[Kset_home_position->q\x1b[m\x1b[K, set_home_position->approach_x, set_home_position->approach_y, set_home_position->approach_z, set_home_position->time_usec);\n'}
[2.183149] (mavlink_gui_tester) StderrLine: {'line': b'      |                                                               \x1b[01;35m\x1b[K~~~~~~~~~~~~~~~~~~~^\x1b[m\x1b[K\n'}
[2.183186] (mavlink_gui_tester) StderrLine: {'line': b'\n'}
[2.183222] (mavlink_gui_tester) StderrLine: {'line': b'\x1b[01m\x1b[K/home/a/ws_moveit2/src/MAVLink/MAVLink_gui_ros2/../MAVLink_ros2/include/mavlink/c_library_v2/common/./mavlink_msg_set_home_position.h:\x1b[m\x1b[K In function \xe2\x80\x98\x1b[01m\x1b[Kuint16_t mavlink_msg_set_home_position_encode_chan(uint8_t, uint8_t, uint8_t, mavlink_message_t*, const mavlink_set_home_position_t*)\x1b[m\x1b[K\xe2\x80\x99:\n'}
[2.183261] (mavlink_gui_tester) StderrLine: {'line': b'\x1b[01m\x1b[K/home/a/ws_moveit2/src/MAVLink/MAVLink_gui_ros2/../MAVLink_ros2/include/mavlink/c_library_v2/common/./mavlink_msg_set_home_position.h:278:295:\x1b[m\x1b[K \x1b[01;35m\x1b[Kwarning: \x1b[m\x1b[Ktaking address of packed member of \xe2\x80\x98\x1b[01m\x1b[K__mavlink_set_home_position_t\x1b[m\x1b[K\xe2\x80\x99 may result in an unaligned pointer value [\x1b[01;35m\x1b[K\x1b]8;;https://gcc.gnu.org/onlinedocs/gcc/Warning-Options.html#index-Waddress-of-packed-member\x07-Waddress-of-packed-member\x1b]8;;\x07\x1b[m\x1b[K]\n'}
[2.183299] (mavlink_gui_tester) StderrLine: {'line': b'  278 | home_position->x, set_home_position->y, set_home_position->z, \x1b[01;35m\x1b[Kset_home_position->q\x1b[m\x1b[K, set_home_position->approach_x, set_home_position->approach_y, set_home_position->approach_z, set_home_position->time_usec);\n'}
[2.183338] (mavlink_gui_tester) StderrLine: {'line': b'      |                                                               \x1b[01;35m\x1b[K~~~~~~~~~~~~~~~~~~~^\x1b[m\x1b[K\n'}
[2.183372] (mavlink_gui_tester) StderrLine: {'line': b'\n'}
[2.183406] (mavlink_gui_tester) StderrLine: {'line': b'\x1b[01m\x1b[K/home/a/ws_moveit2/src/MAVLink/MAVLink_gui_ros2/../MAVLink_ros2/include/mavlink/c_library_v2/common/./mavlink_msg_set_home_position.h:\x1b[m\x1b[K In function \xe2\x80\x98\x1b[01m\x1b[Kuint16_t mavlink_msg_set_home_position_encode_status(uint8_t, uint8_t, mavlink_status_t*, mavlink_message_t*, const mavlink_set_home_position_t*)\x1b[m\x1b[K\xe2\x80\x99:\n'}
[2.183447] (mavlink_gui_tester) StderrLine: {'line': b'\x1b[01m\x1b[K/home/a/ws_moveit2/src/MAVLink/MAVLink_gui_ros2/../MAVLink_ros2/include/mavlink/c_library_v2/common/./mavlink_msg_set_home_position.h:292:301:\x1b[m\x1b[K \x1b[01;35m\x1b[Kwarning: \x1b[m\x1b[Ktaking address of packed member of \xe2\x80\x98\x1b[01m\x1b[K__mavlink_set_home_position_t\x1b[m\x1b[K\xe2\x80\x99 may result in an unaligned pointer value [\x1b[01;35m\x1b[K\x1b]8;;https://gcc.gnu.org/onlinedocs/gcc/Warning-Options.html#index-Waddress-of-packed-member\x07-Waddress-of-packed-member\x1b]8;;\x07\x1b[m\x1b[K]\n'}
[2.183484] (mavlink_gui_tester) StderrLine: {'line': b'  292 | home_position->x, set_home_position->y, set_home_position->z, \x1b[01;35m\x1b[Kset_home_position->q\x1b[m\x1b[K, set_home_position->approach_x, set_home_position->approach_y, set_home_position->approach_z, set_home_position->time_usec);\n'}
[2.183518] (mavlink_gui_tester) StderrLine: {'line': b'      |                                                               \x1b[01;35m\x1b[K~~~~~~~~~~~~~~~~~~~^\x1b[m\x1b[K\n'}
[2.183553] (mavlink_gui_tester) StderrLine: {'line': b'\n'}
[2.204874] (mavlink_gui_tester) StderrLine: {'line': b'In file included from \x1b[01m\x1b[K/home/a/ws_moveit2/src/MAVLink/MAVLink_gui_ros2/../MAVLink_ros2/include/mavlink/c_library_v2/common/common.h:2978\x1b[m\x1b[K,\n'}
[2.205265] (mavlink_gui_tester) StderrLine: {'line': b'                 from \x1b[01m\x1b[K/home/a/ws_moveit2/src/MAVLink/MAVLink_gui_ros2/../MAVLink_ros2/include/mavlink/c_library_v2/common/mavlink.h:32\x1b[m\x1b[K,\n'}
[2.205352] (mavlink_gui_tester) StderrLine: {'line': b'                 from \x1b[01m\x1b[K/home/a/ws_moveit2/src/MAVLink/MAVLink_gui_ros2/include/mavlink_gui_tester/mavlink_gui_widget.hpp:45\x1b[m\x1b[K,\n'}
[2.205414] (mavlink_gui_tester) StderrLine: {'line': b'                 from \x1b[01m\x1b[K/home/a/ws_moveit2/src/MAVLink/MAVLink_gui_ros2/src/mavlink_gui_widget.cpp:1\x1b[m\x1b[K:\n'}
[2.205470] (mavlink_gui_tester) StderrLine: {'line': b'\x1b[01m\x1b[K/home/a/ws_moveit2/src/MAVLink/MAVLink_gui_ros2/../MAVLink_ros2/include/mavlink/c_library_v2/common/./mavlink_msg_autopilot_state_for_gimbal_device.h:\x1b[m\x1b[K In function \xe2\x80\x98\x1b[01m\x1b[Kuint16_t mavlink_msg_autopilot_state_for_gimbal_device_encode(uint8_t, uint8_t, mavlink_message_t*, const mavlink_autopilot_state_for_gimbal_device_t*)\x1b[m\x1b[K\xe2\x80\x99:\n'}
[2.205541] (mavlink_gui_tester) StderrLine: {'line': b'\x1b[01m\x1b[K/home/a/ws_moveit2/src/MAVLink/MAVLink_gui_ros2/../MAVLink_ros2/include/mavlink/c_library_v2/common/./mavlink_msg_autopilot_state_for_gimbal_device.h:276:280:\x1b[m\x1b[K \x1b[01;35m\x1b[Kwarning: \x1b[m\x1b[Ktaking address of packed member of \xe2\x80\x98\x1b[01m\x1b[K__mavlink_autopilot_state_for_gimbal_device_t\x1b[m\x1b[K\xe2\x80\x99 may result in an unaligned pointer value [\x1b[01;35m\x1b[K\x1b]8;;https://gcc.gnu.org/onlinedocs/gcc/Warning-Options.html#index-Waddress-of-packed-member\x07-Waddress-of-packed-member\x1b]8;;\x07\x1b[m\x1b[K]\n'}
[2.205603] (mavlink_gui_tester) StderrLine: {'line': b'  276 | opilot_state_for_gimbal_device->time_boot_us, \x1b[01;35m\x1b[Kautopilot_state_for_gimbal_device->q\x1b[m\x1b[K, autopilot_state_for_gimbal_device->q_estimated_delay_us, autopilot_state_for_gimbal_device->vx, autopilot_state_for_gimbal_device->vy, autopilot_state_for_gimbal_device->vz, autopilot_state_for_gimbal_device->v_estimated_delay_us, autopilot_state_for_gimbal_device->feed_forward_angular_velocity_z, autopilot_state_for_gimbal_device->estimator_status, autopilot_state_for_gimbal_device->landed_state, autopilot_state_for_gimbal_device->angular_velocity_z);\n'}
[2.205662] (mavlink_gui_tester) StderrLine: {'line': b'      |                                               \x1b[01;35m\x1b[K~~~~~~~~~~~~~~~~~~~~~~~~~~~~~~~~~~~^\x1b[m\x1b[K\n'}
[2.205715] (mavlink_gui_tester) StderrLine: {'line': b'\n'}
[2.205766] (-) TimerEvent: {}
[2.205878] (mavlink_gui_tester) StderrLine: {'line': b'In file included from \x1b[01m\x1b[K/home/a/ws_moveit2/src/MAVLink/MAVLink_gui_ros2/../MAVLink_ros2/include/mavlink/c_library_v2/common/common.h:2978\x1b[m\x1b[K,\n'}
[2.205952] (mavlink_gui_tester) StderrLine: {'line': b'                 from \x1b[01m\x1b[K/home/a/ws_moveit2/src/MAVLink/MAVLink_gui_ros2/../MAVLink_ros2/include/mavlink/c_library_v2/common/mavlink.h:32\x1b[m\x1b[K,\n'}
[2.206008] (mavlink_gui_tester) StderrLine: {'line': b'                 from \x1b[01m\x1b[K/home/a/ws_moveit2/src/MAVLink/MAVLink_gui_ros2/include/mavlink_gui_tester/mavlink_gui_widget.hpp:45\x1b[m\x1b[K,\n'}
[2.206062] (mavlink_gui_tester) StderrLine: {'line': b'                 from \x1b[01m\x1b[K/home/a/ws_moveit2/src/MAVLink/MAVLink_gui_ros2/src/mavlink_gui_widget.cpp:1\x1b[m\x1b[K:\n'}
[2.206119] (mavlink_gui_tester) StderrLine: {'line': b'\x1b[01m\x1b[K/home/a/ws_moveit2/src/MAVLink/MAVLink_gui_ros2/../MAVLink_ros2/include/mavlink/c_library_v2/common/./mavlink_msg_autopilot_state_for_gimbal_device.h:\x1b[m\x1b[K In function \xe2\x80\x98\x1b[01m\x1b[Kuint16_t mavlink_msg_autopilot_state_for_gimbal_device_encode_chan(uint8_t, uint8_t, uint8_t, mavlink_message_t*, const mavlink_autopilot_state_for_gimbal_device_t*)\x1b[m\x1b[K\xe2\x80\x99:\n'}
[2.206186] (mavlink_gui_tester) StderrLine: {'line': b'\x1b[01m\x1b[K/home/a/ws_moveit2/src/MAVLink/MAVLink_gui_ros2/../MAVLink_ros2/include/mavlink/c_library_v2/common/./mavlink_msg_autopilot_state_for_gimbal_device.h:290:291:\x1b[m\x1b[K \x1b[01;35m\x1b[Kwarning: \x1b[m\x1b[Ktaking address of packed member of \xe2\x80\x98\x1b[01m\x1b[K__mavlink_autopilot_state_for_gimbal_device_t\x1b[m\x1b[K\xe2\x80\x99 may result in an unaligned pointer value [\x1b[01;35m\x1b[K\x1b]8;;https://gcc.gnu.org/onlinedocs/gcc/Warning-Options.html#index-Waddress-of-packed-member\x07-Waddress-of-packed-member\x1b]8;;\x07\x1b[m\x1b[K]\n'}
[2.206251] (mavlink_gui_tester) StderrLine: {'line': b'  290 | opilot_state_for_gimbal_device->time_boot_us, \x1b[01;35m\x1b[Kautopilot_state_for_gimbal_device->q\x1b[m\x1b[K, autopilot_state_for_gimbal_device->q_estimated_delay_us, autopilot_state_for_gimbal_device->vx, autopilot_state_for_gimbal_device->vy, autopilot_state_for_gimbal_device->vz, autopilot_state_for_gimbal_device->v_estimated_delay_us, autopilot_state_for_gimbal_device->feed_forward_angular_velocity_z, autopilot_state_for_gimbal_device->estimator_status, autopilot_state_for_gimbal_device->landed_state, autopilot_state_for_gimbal_device->angular_velocity_z);\n'}
[2.206307] (mavlink_gui_tester) StderrLine: {'line': b'      |                                               \x1b[01;35m\x1b[K~~~~~~~~~~~~~~~~~~~~~~~~~~~~~~~~~~~^\x1b[m\x1b[K\n'}
[2.206358] (mavlink_gui_tester) StderrLine: {'line': b'\n'}
[2.206412] (mavlink_gui_tester) StderrLine: {'line': b'In file included from \x1b[01m\x1b[K/home/a/ws_moveit2/src/MAVLink/MAVLink_gui_ros2/../MAVLink_ros2/include/mavlink/c_library_v2/common/common.h:2978\x1b[m\x1b[K,\n'}
[2.206466] (mavlink_gui_tester) StderrLine: {'line': b'                 from \x1b[01m\x1b[K/home/a/ws_moveit2/src/MAVLink/MAVLink_gui_ros2/../MAVLink_ros2/include/mavlink/c_library_v2/common/mavlink.h:32\x1b[m\x1b[K,\n'}
[2.206525] (mavlink_gui_tester) StderrLine: {'line': b'                 from \x1b[01m\x1b[K/home/a/ws_moveit2/src/MAVLink/MAVLink_gui_ros2/include/mavlink_gui_tester/mavlink_gui_widget.hpp:45\x1b[m\x1b[K,\n'}
[2.206586] (mavlink_gui_tester) StderrLine: {'line': b'                 from \x1b[01m\x1b[K/home/a/ws_moveit2/src/MAVLink/MAVLink_gui_ros2/src/mavlink_gui_widget.cpp:1\x1b[m\x1b[K:\n'}
[2.206651] (mavlink_gui_tester) StderrLine: {'line': b'\x1b[01m\x1b[K/home/a/ws_moveit2/src/MAVLink/MAVLink_gui_ros2/../MAVLink_ros2/include/mavlink/c_library_v2/common/./mavlink_msg_autopilot_state_for_gimbal_device.h:\x1b[m\x1b[K In function \xe2\x80\x98\x1b[01m\x1b[Kuint16_t mavlink_msg_autopilot_state_for_gimbal_device_encode_status(uint8_t, uint8_t, mavlink_status_t*, mavlink_message_t*, const mavlink_autopilot_state_for_gimbal_device_t*)\x1b[m\x1b[K\xe2\x80\x99:\n'}
[2.206713] (mavlink_gui_tester) StderrLine: {'line': b'\x1b[01m\x1b[K/home/a/ws_moveit2/src/MAVLink/MAVLink_gui_ros2/../MAVLink_ros2/include/mavlink/c_library_v2/common/./mavlink_msg_autopilot_state_for_gimbal_device.h:304:297:\x1b[m\x1b[K \x1b[01;35m\x1b[Kwarning: \x1b[m\x1b[Ktaking address of packed member of \xe2\x80\x98\x1b[01m\x1b[K__mavlink_autopilot_state_for_gimbal_device_t\x1b[m\x1b[K\xe2\x80\x99 may result in an unaligned pointer value [\x1b[01;35m\x1b[K\x1b]8;;https://gcc.gnu.org/onlinedocs/gcc/Warning-Options.html#index-Waddress-of-packed-member\x07-Waddress-of-packed-member\x1b]8;;\x07\x1b[m\x1b[K]\n'}
[2.206771] (mavlink_gui_tester) StderrLine: {'line': b'  304 | opilot_state_for_gimbal_device->time_boot_us, \x1b[01;35m\x1b[Kautopilot_state_for_gimbal_device->q\x1b[m\x1b[K, autopilot_state_for_gimbal_device->q_estimated_delay_us, autopilot_state_for_gimbal_device->vx, autopilot_state_for_gimbal_device->vy, autopilot_state_for_gimbal_device->vz, autopilot_state_for_gimbal_device->v_estimated_delay_us, autopilot_state_for_gimbal_device->feed_forward_angular_velocity_z, autopilot_state_for_gimbal_device->estimator_status, autopilot_state_for_gimbal_device->landed_state, autopilot_state_for_gimbal_device->angular_velocity_z);\n'}
[2.206833] (mavlink_gui_tester) StderrLine: {'line': b'      |                                               \x1b[01;35m\x1b[K~~~~~~~~~~~~~~~~~~~~~~~~~~~~~~~~~~~^\x1b[m\x1b[K\n'}
[2.206880] (mavlink_gui_tester) StderrLine: {'line': b'\n'}
[2.213379] (mavlink_gui_tester) StderrLine: {'line': b'In file included from \x1b[01m\x1b[K/home/a/ws_moveit2/src/MAVLink/MAVLink_gui_ros2/../MAVLink_ros2/include/mavlink/c_library_v2/common/common.h:2992\x1b[m\x1b[K,\n'}
[2.213512] (mavlink_gui_tester) StderrLine: {'line': b'                 from \x1b[01m\x1b[K/home/a/ws_moveit2/src/MAVLink/MAVLink_gui_ros2/../MAVLink_ros2/include/mavlink/c_library_v2/common/mavlink.h:32\x1b[m\x1b[K,\n'}
[2.213578] (mavlink_gui_tester) StderrLine: {'line': b'                 from \x1b[01m\x1b[K/home/a/ws_moveit2/src/MAVLink/MAVLink_gui_ros2/include/mavlink_gui_tester/mavlink_gui_widget.hpp:45\x1b[m\x1b[K,\n'}
[2.213633] (mavlink_gui_tester) StderrLine: {'line': b'                 from \x1b[01m\x1b[K/home/a/ws_moveit2/src/MAVLink/MAVLink_gui_ros2/src/mavlink_gui_widget.cpp:1\x1b[m\x1b[K:\n'}
[2.213687] (mavlink_gui_tester) StderrLine: {'line': b'\x1b[01m\x1b[K/home/a/ws_moveit2/src/MAVLink/MAVLink_gui_ros2/../MAVLink_ros2/include/mavlink/c_library_v2/common/./mavlink_msg_obstacle_distance.h:\x1b[m\x1b[K In function \xe2\x80\x98\x1b[01m\x1b[Kuint16_t mavlink_msg_obstacle_distance_encode(uint8_t, uint8_t, mavlink_message_t*, const mavlink_obstacle_distance_t*)\x1b[m\x1b[K\xe2\x80\x99:\n'}
[2.213755] (mavlink_gui_tester) StderrLine: {'line': b'\x1b[01m\x1b[K/home/a/ws_moveit2/src/MAVLink/MAVLink_gui_ros2/../MAVLink_ros2/include/mavlink/c_library_v2/common/./mavlink_msg_obstacle_distance.h:228:158:\x1b[m\x1b[K \x1b[01;35m\x1b[Kwarning: \x1b[m\x1b[Ktaking address of packed member of \xe2\x80\x98\x1b[01m\x1b[K__mavlink_obstacle_distance_t\x1b[m\x1b[K\xe2\x80\x99 may result in an unaligned pointer value [\x1b[01;35m\x1b[K\x1b]8;;https://gcc.gnu.org/onlinedocs/gcc/Warning-Options.html#index-Waddress-of-packed-member\x07-Waddress-of-packed-member\x1b]8;;\x07\x1b[m\x1b[K]\n'}
[2.213826] (mavlink_gui_tester) StderrLine: {'line': b'  228 | obstacle_distance->time_usec, obstacle_distance->sensor_type, \x1b[01;35m\x1b[Kobstacle_distance->distances\x1b[m\x1b[K, obstacle_distance->increment, obstacle_distance->min_distance, obstacle_distance->max_distance, obstacle_distance->increment_f, obstacle_distance->angle_offset, obstacle_distance->frame);\n'}
[2.213889] (mavlink_gui_tester) StderrLine: {'line': b'      |                                                               \x1b[01;35m\x1b[K~~~~~~~~~~~~~~~~~~~^~~~~~~~~\x1b[m\x1b[K\n'}
[2.213940] (mavlink_gui_tester) StderrLine: {'line': b'\n'}
[2.214213] (mavlink_gui_tester) StderrLine: {'line': b'\x1b[01m\x1b[K/home/a/ws_moveit2/src/MAVLink/MAVLink_gui_ros2/../MAVLink_ros2/include/mavlink/c_library_v2/common/./mavlink_msg_obstacle_distance.h:\x1b[m\x1b[K In function \xe2\x80\x98\x1b[01m\x1b[Kuint16_t mavlink_msg_obstacle_distance_encode_chan(uint8_t, uint8_t, uint8_t, mavlink_message_t*, const mavlink_obstacle_distance_t*)\x1b[m\x1b[K\xe2\x80\x99:\n'}
[2.214305] (mavlink_gui_tester) StderrLine: {'line': b'\x1b[01m\x1b[K/home/a/ws_moveit2/src/MAVLink/MAVLink_gui_ros2/../MAVLink_ros2/include/mavlink/c_library_v2/common/./mavlink_msg_obstacle_distance.h:242:169:\x1b[m\x1b[K \x1b[01;35m\x1b[Kwarning: \x1b[m\x1b[Ktaking address of packed member of \xe2\x80\x98\x1b[01m\x1b[K__mavlink_obstacle_distance_t\x1b[m\x1b[K\xe2\x80\x99 may result in an unaligned pointer value [\x1b[01;35m\x1b[K\x1b]8;;https://gcc.gnu.org/onlinedocs/gcc/Warning-Options.html#index-Waddress-of-packed-member\x07-Waddress-of-packed-member\x1b]8;;\x07\x1b[m\x1b[K]\n'}
[2.214387] (mavlink_gui_tester) StderrLine: {'line': b'  242 | obstacle_distance->time_usec, obstacle_distance->sensor_type, \x1b[01;35m\x1b[Kobstacle_distance->distances\x1b[m\x1b[K, obstacle_distance->increment, obstacle_distance->min_distance, obstacle_distance->max_distance, obstacle_distance->increment_f, obstacle_distance->angle_offset, obstacle_distance->frame);\n'}
[2.214445] (mavlink_gui_tester) StderrLine: {'line': b'      |                                                               \x1b[01;35m\x1b[K~~~~~~~~~~~~~~~~~~~^~~~~~~~~\x1b[m\x1b[K\n'}
[2.214497] (mavlink_gui_tester) StderrLine: {'line': b'\n'}
[2.214549] (mavlink_gui_tester) StderrLine: {'line': b'\x1b[01m\x1b[K/home/a/ws_moveit2/src/MAVLink/MAVLink_gui_ros2/../MAVLink_ros2/include/mavlink/c_library_v2/common/./mavlink_msg_obstacle_distance.h:\x1b[m\x1b[K In function \xe2\x80\x98\x1b[01m\x1b[Kuint16_t mavlink_msg_obstacle_distance_encode_status(uint8_t, uint8_t, mavlink_status_t*, mavlink_message_t*, const mavlink_obstacle_distance_t*)\x1b[m\x1b[K\xe2\x80\x99:\n'}
[2.214605] (mavlink_gui_tester) StderrLine: {'line': b'\x1b[01m\x1b[K/home/a/ws_moveit2/src/MAVLink/MAVLink_gui_ros2/../MAVLink_ros2/include/mavlink/c_library_v2/common/./mavlink_msg_obstacle_distance.h:256:175:\x1b[m\x1b[K \x1b[01;35m\x1b[Kwarning: \x1b[m\x1b[Ktaking address of packed member of \xe2\x80\x98\x1b[01m\x1b[K__mavlink_obstacle_distance_t\x1b[m\x1b[K\xe2\x80\x99 may result in an unaligned pointer value [\x1b[01;35m\x1b[K\x1b]8;;https://gcc.gnu.org/onlinedocs/gcc/Warning-Options.html#index-Waddress-of-packed-member\x07-Waddress-of-packed-member\x1b]8;;\x07\x1b[m\x1b[K]\n'}
[2.214661] (mavlink_gui_tester) StderrLine: {'line': b'  256 | obstacle_distance->time_usec, obstacle_distance->sensor_type, \x1b[01;35m\x1b[Kobstacle_distance->distances\x1b[m\x1b[K, obstacle_distance->increment, obstacle_distance->min_distance, obstacle_distance->max_distance, obstacle_distance->increment_f, obstacle_distance->angle_offset, obstacle_distance->frame);\n'}
[2.214712] (mavlink_gui_tester) StderrLine: {'line': b'      |                                                               \x1b[01;35m\x1b[K~~~~~~~~~~~~~~~~~~~^~~~~~~~~\x1b[m\x1b[K\n'}
[2.214766] (mavlink_gui_tester) StderrLine: {'line': b'\n'}
[2.305900] (-) TimerEvent: {}
[2.406223] (-) TimerEvent: {}
[2.506586] (-) TimerEvent: {}
[2.606916] (-) TimerEvent: {}
[2.707193] (-) TimerEvent: {}
[2.807517] (-) TimerEvent: {}
[2.907846] (-) TimerEvent: {}
[3.008160] (-) TimerEvent: {}
[3.108464] (-) TimerEvent: {}
[3.117104] (mavlink_gui_tester) StdoutLine: {'line': b'[ 37%] \x1b[32m\x1b[1mLinking CXX executable mavlink_gui_tester_node\x1b[0m\n'}
[3.208579] (-) TimerEvent: {}
[3.308929] (-) TimerEvent: {}
[3.409290] (-) TimerEvent: {}
[3.509615] (-) TimerEvent: {}
[3.609980] (-) TimerEvent: {}
[3.710327] (-) TimerEvent: {}
[3.810648] (-) TimerEvent: {}
[3.827359] (mavlink_gui_tester) StdoutLine: {'line': b'[100%] Built target mavlink_gui_tester_node\n'}
[3.838693] (mavlink_gui_tester) CommandEnded: {'returncode': 0}
[3.839319] (mavlink_gui_tester) JobProgress: {'identifier': 'mavlink_gui_tester', 'progress': 'install'}
[3.848688] (mavlink_gui_tester) Command: {'cmd': ['/usr/bin/cmake', '--install', '/home/a/ws_moveit2/build/mavlink_gui_tester'], 'cwd': '/home/a/ws_moveit2/build/mavlink_gui_tester', 'env': OrderedDict([('GJS_DEBUG_TOPICS', 'JS ERROR;JS LOG'), ('LESSOPEN', '| /usr/bin/lesspipe %s'), ('USER', 'a'), ('XDG_SESSION_TYPE', 'wayland'), ('SHLVL', '1'), ('LD_LIBRARY_PATH', '/home/a/ws_moveit2/install/trac_ik_kinematics_plugin/lib:/home/a/ws_moveit2/install/trac_ik_lib/lib:/home/a/ws_moveit2/install/stm32_mavlink_interface/lib:/home/a/ws_moveit2/install/right_arm_ikfast_plugin/lib:/home/a/ws_moveit2/install/pilz_industrial_motion_planner_testutils/lib:/home/a/ws_moveit2/install/pilz_industrial_motion_planner/lib:/home/a/ws_moveit2/install/moveit_visual_tools/lib:/home/a/ws_moveit2/install/moveit_task_constructor_visualization/lib:/home/a/ws_moveit2/install/moveit_task_constructor_demo/lib:/home/a/ws_moveit2/install/moveit_task_constructor_capabilities/lib:/home/a/ws_moveit2/install/moveit_task_constructor_core/lib:/home/a/ws_moveit2/install/moveit_ros_control_interface/lib:/home/a/ws_moveit2/install/moveit_simple_controller_manager/lib:/home/a/ws_moveit2/install/moveit_setup_assistant/lib:/home/a/ws_moveit2/install/moveit_setup_srdf_plugins/lib:/home/a/ws_moveit2/install/moveit_setup_core_plugins/lib:/home/a/ws_moveit2/install/moveit_setup_controllers/lib:/home/a/ws_moveit2/install/moveit_setup_app_plugins/lib:/home/a/ws_moveit2/install/moveit_setup_framework/lib:/home/a/ws_moveit2/install/moveit_servo/lib:/home/a/ws_moveit2/install/moveit_ros_visualization/lib:/home/a/ws_moveit2/install/moveit_hybrid_planning/lib:/home/a/ws_moveit2/install/moveit_ros_planning_interface/lib:/home/a/ws_moveit2/install/moveit_ros_benchmarks/lib:/home/a/ws_moveit2/install/moveit_ros_warehouse/lib:/home/a/ws_moveit2/install/moveit_ros_robot_interaction/lib:/home/a/ws_moveit2/install/moveit_ros_perception/lib:/home/a/ws_moveit2/install/moveit_ros_move_group/lib:/home/a/ws_moveit2/install/moveit_planners_ompl/lib:/home/a/ws_moveit2/install/left_arm_ikfast_plugin/lib:/home/a/ws_moveit2/install/moveit_ros_planning/lib:/home/a/ws_moveit2/install/moveit_ros_occupancy_map_monitor/lib:/home/a/ws_moveit2/install/moveit_resources_prbt_ikfast_manipulator_plugin/lib:/home/a/ws_moveit2/install/moveit_planners_chomp/lib:/home/a/ws_moveit2/install/moveit_kinematics/lib:/home/a/ws_moveit2/install/moveit_chomp_optimizer_adapter/lib:/home/a/ws_moveit2/install/chomp_motion_planner/lib:/home/a/ws_moveit2/install/moveit_core/lib:/home/a/ws_moveit2/install/srdfdom/lib:/home/a/ws_moveit2/install/rviz_marker_tools/lib:/home/a/ws_moveit2/install/rosparam_shortcuts/lib:/home/a/ws_moveit2/install/realsense2_camera/lib:/home/a/ws_moveit2/install/realsense2_camera_msgs/lib:/home/a/ws_moveit2/install/moveit_task_constructor_msgs/lib:/home/a/ws_moveit2/install/dynamixel_sdk_custom_interfaces/lib:/home/a/ws_moveit2/install/dynamixel_controller/lib:/home/a/ws_moveit2/install/dynamixel_sdk/lib:/usr/lib/x86_64-linux-gnu/gazebo-11/plugins:/opt/ros/humble/opt/rviz_ogre_vendor/lib:/opt/ros/humble/lib/x86_64-linux-gnu:/opt/ros/humble/lib'), ('HOME', '/home/a'), ('OLDPWD', '/home/a/ws_moveit2/src/MAVLink'), ('DESKTOP_SESSION', 'ubuntu'), ('NVM_BIN', '/home/a/.nvm/versions/node/v22.18.0/bin'), ('NVM_INC', '/home/a/.nvm/versions/node/v22.18.0/include/node'), ('GIO_LAUNCHED_DESKTOP_FILE', '/usr/share/applications/terminator.desktop'), ('ROS_PYTHON_VERSION', '3'), ('GNOME_SHELL_SESSION_MODE', 'ubuntu'), ('GTK_MODULES', 'gail:atk-bridge'), ('MANAGERPID', '1213'), ('SYSTEMD_EXEC_PID', '1445'), ('DBUS_SESSION_BUS_ADDRESS', 'unix:path=/run/user/1000/bus'), ('COLORTERM', 'truecolor'), ('TERMINATOR_DBUS_NAME', 'net.tenshu.Terminator25ef4b219e3b005583550f2b0f9f990c3'), ('GIO_LAUNCHED_DESKTOP_FILE_PID', '3048'), ('NVM_DIR', '/home/a/.nvm'), ('IM_CONFIG_PHASE', '1'), ('WAYLAND_DISPLAY', 'wayland-0'), ('COLCON_PREFIX_PATH', '/home/a/ws_moveit2/install'), ('ROS_DISTRO', 'humble'), ('LOGNAME', 'a'), ('JOURNAL_STREAM', '8:3514'), ('_', '/usr/bin/colcon'), ('ROS_VERSION', '2'), ('XDG_SESSION_CLASS', 'user'), ('USERNAME', 'a'), ('TERM', 'xterm-256color'), ('GNOME_DESKTOP_SESSION_ID', 'this-is-deprecated'), ('ROS_LOCALHOST_ONLY', '0'), ('PATH', '/home/a/ws_moveit2/install/moveit_core/bin:/home/a/.nvm/versions/node/v22.18.0/bin:/opt/ros/humble/bin:/home/a/.local/bin:/usr/local/sbin:/usr/local/bin:/usr/sbin:/usr/bin:/sbin:/bin:/usr/games:/usr/local/games:/snap/bin:/snap/bin'), ('SESSION_MANAGER', 'local/a:@/tmp/.ICE-unix/1406,unix/a:/tmp/.ICE-unix/1406'), ('INVOCATION_ID', 'a100030f866a48708cf7905c543bcf13'), ('XDG_MENU_PREFIX', 'gnome-'), ('GNOME_SETUP_DISPLAY', ':1'), ('XDG_RUNTIME_DIR', '/run/user/1000'), ('DISPLAY', ':0'), ('TERMINATOR_DBUS_PATH', '/net/tenshu/Terminator2'), ('LANG', 'en_US.UTF-8'), ('XDG_CURRENT_DESKTOP', 'ubuntu:GNOME'), ('XMODIFIERS', '@im=ibus'), ('XDG_SESSION_DESKTOP', 'ubuntu'), ('XAUTHORITY', '/run/user/1000/.mutter-Xwaylandauth.4WBWC3'), ('LS_COLORS', 'rs=0:di=01;34:ln=01;36:mh=00:pi=40;33:so=01;35:do=01;35:bd=40;33;01:cd=40;33;01:or=40;31;01:mi=00:su=37;41:sg=30;43:ca=30;41:tw=30;42:ow=34;42:st=37;44:ex=01;32:*.tar=01;31:*.tgz=01;31:*.arc=01;31:*.arj=01;31:*.taz=01;31:*.lha=01;31:*.lz4=01;31:*.lzh=01;31:*.lzma=01;31:*.tlz=01;31:*.txz=01;31:*.tzo=01;31:*.t7z=01;31:*.zip=01;31:*.z=01;31:*.dz=01;31:*.gz=01;31:*.lrz=01;31:*.lz=01;31:*.lzo=01;31:*.xz=01;31:*.zst=01;31:*.tzst=01;31:*.bz2=01;31:*.bz=01;31:*.tbz=01;31:*.tbz2=01;31:*.tz=01;31:*.deb=01;31:*.rpm=01;31:*.jar=01;31:*.war=01;31:*.ear=01;31:*.sar=01;31:*.rar=01;31:*.alz=01;31:*.ace=01;31:*.zoo=01;31:*.cpio=01;31:*.7z=01;31:*.rz=01;31:*.cab=01;31:*.wim=01;31:*.swm=01;31:*.dwm=01;31:*.esd=01;31:*.jpg=01;35:*.jpeg=01;35:*.mjpg=01;35:*.mjpeg=01;35:*.gif=01;35:*.bmp=01;35:*.pbm=01;35:*.pgm=01;35:*.ppm=01;35:*.tga=01;35:*.xbm=01;35:*.xpm=01;35:*.tif=01;35:*.tiff=01;35:*.png=01;35:*.svg=01;35:*.svgz=01;35:*.mng=01;35:*.pcx=01;35:*.mov=01;35:*.mpg=01;35:*.mpeg=01;35:*.m2v=01;35:*.mkv=01;35:*.webm=01;35:*.webp=01;35:*.ogm=01;35:*.mp4=01;35:*.m4v=01;35:*.mp4v=01;35:*.vob=01;35:*.qt=01;35:*.nuv=01;35:*.wmv=01;35:*.asf=01;35:*.rm=01;35:*.rmvb=01;35:*.flc=01;35:*.avi=01;35:*.fli=01;35:*.flv=01;35:*.gl=01;35:*.dl=01;35:*.xcf=01;35:*.xwd=01;35:*.yuv=01;35:*.cgm=01;35:*.emf=01;35:*.ogv=01;35:*.ogx=01;35:*.aac=00;36:*.au=00;36:*.flac=00;36:*.m4a=00;36:*.mid=00;36:*.midi=00;36:*.mka=00;36:*.mp3=00;36:*.mpc=00;36:*.ogg=00;36:*.ra=00;36:*.wav=00;36:*.oga=00;36:*.opus=00;36:*.spx=00;36:*.xspf=00;36:'), ('SSH_AGENT_LAUNCHER', 'gnome-keyring'), ('SSH_AUTH_SOCK', '/run/user/1000/keyring/ssh'), ('AMENT_PREFIX_PATH', '/home/a/ws_moveit2/install/urdf_0816_description:/home/a/ws_moveit2/install/trac_ik:/home/a/ws_moveit2/install/robot_config:/home/a/ws_moveit2/install/trac_ik_kinematics_plugin:/home/a/ws_moveit2/install/trac_ik_lib:/home/a/ws_moveit2/install/mavlink_controller_client:/home/a/ws_moveit2/install/stm32_mavlink_interface:/home/a/ws_moveit2/install/right_arm_ikfast_plugin:/home/a/ws_moveit2/install/pilz_industrial_motion_planner_testutils:/home/a/ws_moveit2/install/moveit_runtime:/home/a/ws_moveit2/install/moveit2_tutorials:/home/a/ws_moveit2/install/moveit:/home/a/ws_moveit2/install/moveit_planners:/home/a/ws_moveit2/install/pilz_industrial_motion_planner:/home/a/ws_moveit2/install/mtc_tutorial:/home/a/ws_moveit2/install/hello_moveit:/home/a/ws_moveit2/install/moveit_visual_tools:/home/a/ws_moveit2/install/moveit_task_constructor_visualization:/home/a/ws_moveit2/install/moveit_task_constructor_demo:/home/a/ws_moveit2/install/moveit_task_constructor_capabilities:/home/a/ws_moveit2/install/moveit_task_constructor_core:/home/a/ws_moveit2/install/moveit_ros_control_interface:/home/a/ws_moveit2/install/moveit_plugins:/home/a/ws_moveit2/install/moveit_simple_controller_manager:/home/a/ws_moveit2/install/moveit_setup_assistant:/home/a/ws_moveit2/install/moveit_setup_srdf_plugins:/home/a/ws_moveit2/install/moveit_setup_core_plugins:/home/a/ws_moveit2/install/moveit_setup_controllers:/home/a/ws_moveit2/install/moveit_setup_app_plugins:/home/a/ws_moveit2/install/moveit_setup_framework:/home/a/ws_moveit2/install/moveit_servo:/home/a/ws_moveit2/install/moveit_ros:/home/a/ws_moveit2/install/moveit_ros_visualization:/home/a/ws_moveit2/install/moveit_hybrid_planning:/home/a/ws_moveit2/install/moveit_ros_planning_interface:/home/a/ws_moveit2/install/moveit_ros_benchmarks:/home/a/ws_moveit2/install/moveit_ros_warehouse:/home/a/ws_moveit2/install/moveit_ros_robot_interaction:/home/a/ws_moveit2/install/moveit_ros_perception:/home/a/ws_moveit2/install/moveit_resources_prbt_pg70_support:/home/a/ws_moveit2/install/moveit_resources_prbt_moveit_config:/home/a/ws_moveit2/install/moveit_ros_move_group:/home/a/ws_moveit2/install/moveit_planners_ompl:/home/a/ws_moveit2/install/left_arm_ikfast_plugin:/home/a/ws_moveit2/install/moveit_ros_planning:/home/a/ws_moveit2/install/moveit_ros_occupancy_map_monitor:/home/a/ws_moveit2/install/moveit_resources_prbt_ikfast_manipulator_plugin:/home/a/ws_moveit2/install/moveit_planners_chomp:/home/a/ws_moveit2/install/moveit_kinematics:/home/a/ws_moveit2/install/moveit_chomp_optimizer_adapter:/home/a/ws_moveit2/install/chomp_motion_planner:/home/a/ws_moveit2/install/moveit_core:/home/a/ws_moveit2/install/moveit_configs_utils:/home/a/ws_moveit2/install/srdfdom:/home/a/ws_moveit2/install/rviz_marker_tools:/home/a/ws_moveit2/install/rosparam_shortcuts:/home/a/ws_moveit2/install/ros_tcp_endpoint:/home/a/ws_moveit2/install/red_seiretu_description:/home/a/ws_moveit2/install/realsense2_ros_mqtt_bridge:/home/a/ws_moveit2/install/realsense2_description:/home/a/ws_moveit2/install/realsense2_camera:/home/a/ws_moveit2/install/realsense2_camera_msgs:/home/a/ws_moveit2/install/object_description:/home/a/ws_moveit2/install/moveit_task_constructor_msgs:/home/a/ws_moveit2/install/moveit_resources_prbt_support:/home/a/ws_moveit2/install/moveit_resources:/home/a/ws_moveit2/install/moveit_resources_pr2_description:/home/a/ws_moveit2/install/moveit_resources_panda_moveit_config:/home/a/ws_moveit2/install/moveit_resources_panda_description:/home/a/ws_moveit2/install/moveit_resources_fanuc_moveit_config:/home/a/ws_moveit2/install/moveit_resources_fanuc_description:/home/a/ws_moveit2/install/moveit_common:/home/a/ws_moveit2/install/mavlink_gui_tester:/home/a/ws_moveit2/install/launch_param_builder:/home/a/ws_moveit2/install/field_description_test:/home/a/ws_moveit2/install/field_description:/home/a/ws_moveit2/install/dynamixel_sdk_examples:/home/a/ws_moveit2/install/dynamixel_sdk_custom_interfaces:/home/a/ws_moveit2/install/dynamixel_controller_gui:/home/a/ws_moveit2/install/dynamixel_controller:/home/a/ws_moveit2/install/dynamixel_sdk:/home/a/ws_moveit2/install/dynamixel_controller_client:/home/a/ws_moveit2/install/d415_rgb_depth_3d:/home/a/ws_moveit2/install/catch_gazebo_ros2_control:/home/a/ws_moveit2/install/blue_seiretu_description:/home/a/ws_moveit2/install/0525_arm_description:/opt/ros/humble'), ('SHELL', '/bin/bash'), ('TERMINATOR_UUID', 'urn:uuid:eafdab0d-8274-42e2-8fcd-57b9e3c5174e'), ('QT_ACCESSIBILITY', '1'), ('GDMSESSION', 'ubuntu'), ('LESSCLOSE', '/usr/bin/lesspipe %s %s'), ('CMAKE_MODULE_PATH', '/home/a/ws_moveit2/install/moveit_task_constructor_core/share/moveit_task_constructor_core/cmake'), ('GJS_DEBUG_OUTPUT', 'stderr'), ('QT_IM_MODULE', 'ibus'), ('PWD', '/home/a/ws_moveit2/build/mavlink_gui_tester'), ('LC_ALL', 'en_US.UTF-8'), ('XDG_CONFIG_DIRS', '/etc/xdg/xdg-ubuntu:/etc/xdg'), ('NVM_CD_FLAGS', ''), ('XDG_DATA_DIRS', '/usr/share/ubuntu:/home/a/.local/share/flatpak/exports/share:/var/lib/flatpak/exports/share:/usr/local/share/:/usr/share/:/var/lib/snapd/desktop'), ('PYTHONPATH', '/home/a/ws_moveit2/install/mavlink_controller_client/lib/python3.10/site-packages:/home/a/ws_moveit2/install/stm32_mavlink_interface/local/lib/python3.10/dist-packages:/home/a/ws_moveit2/install/moveit_task_constructor_core/local/lib/python3.10/dist-packages:/home/a/ws_moveit2/install/moveit_configs_utils/lib/python3.10/site-packages:/home/a/ws_moveit2/install/srdfdom/local/lib/python3.10/dist-packages:/home/a/ws_moveit2/install/ros_tcp_endpoint/lib/python3.10/site-packages:/home/a/ws_moveit2/install/realsense2_ros_mqtt_bridge/lib/python3.10/site-packages:/home/a/ws_moveit2/install/realsense2_camera_msgs/local/lib/python3.10/dist-packages:/home/a/ws_moveit2/install/moveit_task_constructor_msgs/local/lib/python3.10/dist-packages:/home/a/ws_moveit2/install/launch_param_builder/lib/python3.10/site-packages:/home/a/ws_moveit2/install/dynamixel_sdk_custom_interfaces/local/lib/python3.10/dist-packages:/home/a/ws_moveit2/install/dynamixel_controller_gui/lib/python3.10/site-packages:/home/a/ws_moveit2/install/dynamixel_controller/local/lib/python3.10/dist-packages:/home/a/ws_moveit2/install/dynamixel_controller_client/lib/python3.10/site-packages:/home/a/ws_moveit2/install/d415_rgb_depth_3d/lib/python3.10/site-packages:/opt/ros/humble/lib/python3.10/site-packages:/opt/ros/humble/local/lib/python3.10/dist-packages'), ('COLCON', '1'), ('VTE_VERSION', '6800'), ('CMAKE_PREFIX_PATH', '/home/a/ws_moveit2/install/urdf_0816_description:/home/a/ws_moveit2/install/trac_ik:/home/a/ws_moveit2/install/robot_config:/home/a/ws_moveit2/install/trac_ik_kinematics_plugin:/home/a/ws_moveit2/install/trac_ik_lib:/home/a/ws_moveit2/install/stm32_mavlink_interface:/home/a/ws_moveit2/install/right_arm_ikfast_plugin:/home/a/ws_moveit2/install/pilz_industrial_motion_planner_testutils:/home/a/ws_moveit2/install/moveit_runtime:/home/a/ws_moveit2/install/moveit2_tutorials:/home/a/ws_moveit2/install/moveit:/home/a/ws_moveit2/install/moveit_planners:/home/a/ws_moveit2/install/pilz_industrial_motion_planner:/home/a/ws_moveit2/install/mtc_tutorial:/home/a/ws_moveit2/install/hello_moveit:/home/a/ws_moveit2/install/moveit_visual_tools:/home/a/ws_moveit2/install/moveit_task_constructor_visualization:/home/a/ws_moveit2/install/moveit_task_constructor_demo:/home/a/ws_moveit2/install/moveit_task_constructor_capabilities:/home/a/ws_moveit2/install/moveit_task_constructor_core:/home/a/ws_moveit2/install/moveit_ros_control_interface:/home/a/ws_moveit2/install/moveit_plugins:/home/a/ws_moveit2/install/moveit_simple_controller_manager:/home/a/ws_moveit2/install/moveit_setup_assistant:/home/a/ws_moveit2/install/moveit_setup_srdf_plugins:/home/a/ws_moveit2/install/moveit_setup_core_plugins:/home/a/ws_moveit2/install/moveit_setup_controllers:/home/a/ws_moveit2/install/moveit_setup_app_plugins:/home/a/ws_moveit2/install/moveit_setup_framework:/home/a/ws_moveit2/install/moveit_servo:/home/a/ws_moveit2/install/moveit_ros:/home/a/ws_moveit2/install/moveit_ros_visualization:/home/a/ws_moveit2/install/moveit_hybrid_planning:/home/a/ws_moveit2/install/moveit_ros_planning_interface:/home/a/ws_moveit2/install/moveit_ros_benchmarks:/home/a/ws_moveit2/install/moveit_ros_warehouse:/home/a/ws_moveit2/install/moveit_ros_robot_interaction:/home/a/ws_moveit2/install/moveit_ros_perception:/home/a/ws_moveit2/install/moveit_resources_prbt_pg70_support:/home/a/ws_moveit2/install/moveit_resources_prbt_moveit_config:/home/a/ws_moveit2/install/moveit_ros_move_group:/home/a/ws_moveit2/install/moveit_planners_ompl:/home/a/ws_moveit2/install/left_arm_ikfast_plugin:/home/a/ws_moveit2/install/moveit_ros_planning:/home/a/ws_moveit2/install/moveit_ros_occupancy_map_monitor:/home/a/ws_moveit2/install/moveit_resources_prbt_ikfast_manipulator_plugin:/home/a/ws_moveit2/install/moveit_planners_chomp:/home/a/ws_moveit2/install/moveit_kinematics:/home/a/ws_moveit2/install/moveit_chomp_optimizer_adapter:/home/a/ws_moveit2/install/chomp_motion_planner:/home/a/ws_moveit2/install/moveit_core:/home/a/ws_moveit2/install/srdfdom:/home/a/ws_moveit2/install/rviz_marker_tools:/home/a/ws_moveit2/install/rosparam_shortcuts:/home/a/ws_moveit2/install/red_seiretu_description:/home/a/ws_moveit2/install/realsense2_description:/home/a/ws_moveit2/install/realsense2_camera:/home/a/ws_moveit2/install/realsense2_camera_msgs:/home/a/ws_moveit2/install/object_description:/home/a/ws_moveit2/install/moveit_task_constructor_msgs:/home/a/ws_moveit2/install/moveit_resources_prbt_support:/home/a/ws_moveit2/install/moveit_resources:/home/a/ws_moveit2/install/moveit_resources_pr2_description:/home/a/ws_moveit2/install/moveit_resources_panda_moveit_config:/home/a/ws_moveit2/install/moveit_resources_panda_description:/home/a/ws_moveit2/install/moveit_resources_fanuc_moveit_config:/home/a/ws_moveit2/install/moveit_resources_fanuc_description:/home/a/ws_moveit2/install/moveit_common:/home/a/ws_moveit2/install/mavlink_gui_tester:/home/a/ws_moveit2/install/field_description_test:/home/a/ws_moveit2/install/field_description:/home/a/ws_moveit2/install/dynamixel_sdk_examples:/home/a/ws_moveit2/install/dynamixel_sdk_custom_interfaces:/home/a/ws_moveit2/install/dynamixel_controller:/home/a/ws_moveit2/install/dynamixel_sdk:/home/a/ws_moveit2/install/catch_gazebo_ros2_control:/home/a/ws_moveit2/install/blue_seiretu_description:/home/a/ws_moveit2/install/0525_arm_description:/home/a/ws_moveit2/install/mavlink_controller_client:/home/a/ws_moveit2/install/moveit_configs_utils:/home/a/ws_moveit2/install/ros_tcp_endpoint:/home/a/ws_moveit2/install/realsense2_ros_mqtt_bridge:/home/a/ws_moveit2/install/launch_param_builder:/home/a/ws_moveit2/install/dynamixel_controller_gui:/home/a/ws_moveit2/install/dynamixel_controller_client:/home/a/ws_moveit2/install/d415_rgb_depth_3d:/opt/ros/humble')]), 'shell': False}
[3.854681] (mavlink_gui_tester) StdoutLine: {'line': b'-- Install configuration: ""\n'}
[3.854818] (mavlink_gui_tester) StdoutLine: {'line': b'-- Installing: /home/a/ws_moveit2/install/mavlink_gui_tester/lib/mavlink_gui_tester/mavlink_gui_tester_node\n'}
[3.855513] (mavlink_gui_tester) StdoutLine: {'line': b'-- Set runtime path of "/home/a/ws_moveit2/install/mavlink_gui_tester/lib/mavlink_gui_tester/mavlink_gui_tester_node" to ""\n'}
[3.855710] (mavlink_gui_tester) StdoutLine: {'line': b'-- Up-to-date: /home/a/ws_moveit2/install/mavlink_gui_tester/include/\n'}
[3.855893] (mavlink_gui_tester) StdoutLine: {'line': b'-- Up-to-date: /home/a/ws_moveit2/install/mavlink_gui_tester/include//mavlink_gui_tester\n'}
[3.855978] (mavlink_gui_tester) StdoutLine: {'line': b'-- Up-to-date: /home/a/ws_moveit2/install/mavlink_gui_tester/include//mavlink_gui_tester/line_graph_widget.hpp\n'}
[3.856046] (mavlink_gui_tester) StdoutLine: {'line': b'-- Up-to-date: /home/a/ws_moveit2/install/mavlink_gui_tester/include//mavlink_gui_tester/mavlink_gui_node.hpp\n'}
[3.856103] (mavlink_gui_tester) StdoutLine: {'line': b'-- Up-to-date: /home/a/ws_moveit2/install/mavlink_gui_tester/include//mavlink_gui_tester/mavlink_gui_widget.hpp\n'}
[3.856157] (mavlink_gui_tester) StdoutLine: {'line': b'-- Up-to-date: /home/a/ws_moveit2/install/mavlink_gui_tester/share/mavlink_gui_tester/launch/\n'}
[3.856213] (mavlink_gui_tester) StdoutLine: {'line': b'-- Up-to-date: /home/a/ws_moveit2/install/mavlink_gui_tester/share/mavlink_gui_tester/launch//mavlink_gui_tester.launch.py\n'}
[3.856266] (mavlink_gui_tester) StdoutLine: {'line': b'-- Up-to-date: /home/a/ws_moveit2/install/mavlink_gui_tester/share/ament_index/resource_index/package_run_dependencies/mavlink_gui_tester\n'}
[3.856322] (mavlink_gui_tester) StdoutLine: {'line': b'-- Up-to-date: /home/a/ws_moveit2/install/mavlink_gui_tester/share/ament_index/resource_index/parent_prefix_path/mavlink_gui_tester\n'}
[3.856392] (mavlink_gui_tester) StdoutLine: {'line': b'-- Up-to-date: /home/a/ws_moveit2/install/mavlink_gui_tester/share/mavlink_gui_tester/environment/ament_prefix_path.sh\n'}
[3.856460] (mavlink_gui_tester) StdoutLine: {'line': b'-- Up-to-date: /home/a/ws_moveit2/install/mavlink_gui_tester/share/mavlink_gui_tester/environment/ament_prefix_path.dsv\n'}
[3.856494] (mavlink_gui_tester) StdoutLine: {'line': b'-- Up-to-date: /home/a/ws_moveit2/install/mavlink_gui_tester/share/mavlink_gui_tester/environment/path.sh\n'}
[3.856556] (mavlink_gui_tester) StdoutLine: {'line': b'-- Up-to-date: /home/a/ws_moveit2/install/mavlink_gui_tester/share/mavlink_gui_tester/environment/path.dsv\n'}
[3.856584] (mavlink_gui_tester) StdoutLine: {'line': b'-- Up-to-date: /home/a/ws_moveit2/install/mavlink_gui_tester/share/mavlink_gui_tester/local_setup.bash\n'}
[3.856610] (mavlink_gui_tester) StdoutLine: {'line': b'-- Up-to-date: /home/a/ws_moveit2/install/mavlink_gui_tester/share/mavlink_gui_tester/local_setup.sh\n'}
[3.856635] (mavlink_gui_tester) StdoutLine: {'line': b'-- Up-to-date: /home/a/ws_moveit2/install/mavlink_gui_tester/share/mavlink_gui_tester/local_setup.zsh\n'}
[3.856723] (mavlink_gui_tester) StdoutLine: {'line': b'-- Up-to-date: /home/a/ws_moveit2/install/mavlink_gui_tester/share/mavlink_gui_tester/local_setup.dsv\n'}
[3.856765] (mavlink_gui_tester) StdoutLine: {'line': b'-- Installing: /home/a/ws_moveit2/install/mavlink_gui_tester/share/mavlink_gui_tester/package.dsv\n'}
[3.856793] (mavlink_gui_tester) StdoutLine: {'line': b'-- Up-to-date: /home/a/ws_moveit2/install/mavlink_gui_tester/share/ament_index/resource_index/packages/mavlink_gui_tester\n'}
[3.856831] (mavlink_gui_tester) StdoutLine: {'line': b'-- Up-to-date: /home/a/ws_moveit2/install/mavlink_gui_tester/share/mavlink_gui_tester/cmake/mavlink_gui_testerConfig.cmake\n'}
[3.856860] (mavlink_gui_tester) StdoutLine: {'line': b'-- Up-to-date: /home/a/ws_moveit2/install/mavlink_gui_tester/share/mavlink_gui_tester/cmake/mavlink_gui_testerConfig-version.cmake\n'}
[3.856978] (mavlink_gui_tester) StdoutLine: {'line': b'-- Up-to-date: /home/a/ws_moveit2/install/mavlink_gui_tester/share/mavlink_gui_tester/package.xml\n'}
[3.857367] (mavlink_gui_tester) CommandEnded: {'returncode': 0}
[3.866706] (mavlink_gui_tester) JobEnded: {'identifier': 'mavlink_gui_tester', 'rc': 0}
[3.867569] (-) EventReactorShutdown: {}
