[0.000000] (-) TimerEvent: {}
[0.000516] (-) JobUnselected: {'identifier': 'MAVLink_f446re'}
[0.000532] (-) JobUnselected: {'identifier': 'blue_seiretu_description'}
[0.000541] (-) JobUnselected: {'identifier': 'catch_gazebo_ros2_control'}
[0.000549] (-) JobUnselected: {'identifier': 'chomp_motion_planner'}
[0.000557] (-) JobUnselected: {'identifier': 'd415_rgb_depth_3d'}
[0.000565] (-) JobUnselected: {'identifier': 'dynamixel_controller'}
[0.000572] (-) JobUnselected: {'identifier': 'dynamixel_controller_client'}
[0.000580] (-) JobUnselected: {'identifier': 'dynamixel_controller_gui'}
[0.000587] (-) JobUnselected: {'identifier': 'dynamixel_sdk'}
[0.000594] (-) JobUnselected: {'identifier': 'dynamixel_sdk_custom_interfaces'}
[0.000602] (-) JobUnselected: {'identifier': 'dynamixel_sdk_examples'}
[0.000609] (-) JobUnselected: {'identifier': 'field_description'}
[0.000616] (-) JobUnselected: {'identifier': 'hello_moveit'}
[0.000624] (-) JobUnselected: {'identifier': 'launch_param_builder'}
[0.000631] (-) JobUnselected: {'identifier': 'mavlink_controller_client'}
[0.000639] (-) JobUnselected: {'identifier': 'moveit'}
[0.000646] (-) JobUnselected: {'identifier': 'moveit2_tutorials'}
[0.000653] (-) JobUnselected: {'identifier': 'moveit_chomp_optimizer_adapter'}
[0.000661] (-) JobUnselected: {'identifier': 'moveit_common'}
[0.000668] (-) JobUnselected: {'identifier': 'moveit_configs_utils'}
[0.000676] (-) JobUnselected: {'identifier': 'moveit_core'}
[0.000683] (-) JobUnselected: {'identifier': 'moveit_hybrid_planning'}
[0.000690] (-) JobUnselected: {'identifier': 'moveit_kinematics'}
[0.000697] (-) JobUnselected: {'identifier': 'moveit_planners'}
[0.000704] (-) JobUnselected: {'identifier': 'moveit_planners_chomp'}
[0.000712] (-) JobUnselected: {'identifier': 'moveit_planners_ompl'}
[0.000719] (-) JobUnselected: {'identifier': 'moveit_plugins'}
[0.000726] (-) JobUnselected: {'identifier': 'moveit_resources'}
[0.000733] (-) JobUnselected: {'identifier': 'moveit_resources_fanuc_description'}
[0.000740] (-) JobUnselected: {'identifier': 'moveit_resources_fanuc_moveit_config'}
[0.000754] (-) JobUnselected: {'identifier': 'moveit_resources_panda_description'}
[0.000762] (-) JobUnselected: {'identifier': 'moveit_resources_panda_moveit_config'}
[0.000770] (-) JobUnselected: {'identifier': 'moveit_resources_pr2_description'}
[0.000777] (-) JobUnselected: {'identifier': 'moveit_resources_prbt_ikfast_manipulator_plugin'}
[0.000784] (-) JobUnselected: {'identifier': 'moveit_resources_prbt_moveit_config'}
[0.000791] (-) JobUnselected: {'identifier': 'moveit_resources_prbt_pg70_support'}
[0.000799] (-) JobUnselected: {'identifier': 'moveit_resources_prbt_support'}
[0.000806] (-) JobUnselected: {'identifier': 'moveit_ros'}
[0.000814] (-) JobUnselected: {'identifier': 'moveit_ros_benchmarks'}
[0.000821] (-) JobUnselected: {'identifier': 'moveit_ros_control_interface'}
[0.000828] (-) JobUnselected: {'identifier': 'moveit_ros_move_group'}
[0.000836] (-) JobUnselected: {'identifier': 'moveit_ros_occupancy_map_monitor'}
[0.000843] (-) JobUnselected: {'identifier': 'moveit_ros_perception'}
[0.000850] (-) JobUnselected: {'identifier': 'moveit_ros_planning'}
[0.000857] (-) JobUnselected: {'identifier': 'moveit_ros_planning_interface'}
[0.000864] (-) JobUnselected: {'identifier': 'moveit_ros_robot_interaction'}
[0.000871] (-) JobUnselected: {'identifier': 'moveit_ros_visualization'}
[0.000878] (-) JobUnselected: {'identifier': 'moveit_ros_warehouse'}
[0.000886] (-) JobUnselected: {'identifier': 'moveit_runtime'}
[0.000893] (-) JobUnselected: {'identifier': 'moveit_servo'}
[0.000900] (-) JobUnselected: {'identifier': 'moveit_setup_app_plugins'}
[0.000907] (-) JobUnselected: {'identifier': 'moveit_setup_assistant'}
[0.000914] (-) JobUnselected: {'identifier': 'moveit_setup_controllers'}
[0.000922] (-) JobUnselected: {'identifier': 'moveit_setup_core_plugins'}
[0.000929] (-) JobUnselected: {'identifier': 'moveit_setup_framework'}
[0.000936] (-) JobUnselected: {'identifier': 'moveit_setup_srdf_plugins'}
[0.000944] (-) JobUnselected: {'identifier': 'moveit_simple_controller_manager'}
[0.000975] (-) JobUnselected: {'identifier': 'moveit_task_constructor_capabilities'}
[0.000983] (-) JobUnselected: {'identifier': 'moveit_task_constructor_core'}
[0.000990] (-) JobUnselected: {'identifier': 'moveit_task_constructor_demo'}
[0.000997] (-) JobUnselected: {'identifier': 'moveit_task_constructor_msgs'}
[0.001005] (-) JobUnselected: {'identifier': 'moveit_task_constructor_visualization'}
[0.001012] (-) JobUnselected: {'identifier': 'moveit_visual_tools'}
[0.001019] (-) JobUnselected: {'identifier': 'mtc_tutorial'}
[0.001027] (-) JobUnselected: {'identifier': 'object_description'}
[0.001034] (-) JobUnselected: {'identifier': 'pilz_industrial_motion_planner'}
[0.001041] (-) JobUnselected: {'identifier': 'pilz_industrial_motion_planner_testutils'}
[0.001049] (-) JobUnselected: {'identifier': 'realsense2_camera'}
[0.001056] (-) JobUnselected: {'identifier': 'realsense2_camera_msgs'}
[0.001063] (-) JobUnselected: {'identifier': 'realsense2_description'}
[0.001070] (-) JobUnselected: {'identifier': 'realsense2_ros_mqtt_bridge'}
[0.001078] (-) JobUnselected: {'identifier': 'red_seiretu_description'}
[0.001085] (-) JobUnselected: {'identifier': 'robot_config'}
[0.001092] (-) JobUnselected: {'identifier': 'ros_tcp_endpoint'}
[0.001099] (-) JobUnselected: {'identifier': 'rosparam_shortcuts'}
[0.001106] (-) JobUnselected: {'identifier': 'rviz_marker_tools'}
[0.001114] (-) JobUnselected: {'identifier': 'srdfdom'}
[0.001125] (-) JobUnselected: {'identifier': 'stm32_mavlink_interface'}
[0.001133] (-) JobUnselected: {'identifier': 'trac_ik'}
[0.001141] (-) JobUnselected: {'identifier': 'trac_ik_kinematics_plugin'}
[0.001148] (-) JobUnselected: {'identifier': 'trac_ik_lib'}
[0.001155] (-) JobUnselected: {'identifier': 'urdf_0816_description'}
[0.001164] (mavlink_gui_tester) JobQueued: {'identifier': 'mavlink_gui_tester', 'dependencies': OrderedDict()}
[0.001557] (mavlink_gui_tester) JobStarted: {'identifier': 'mavlink_gui_tester'}
[0.013549] (mavlink_gui_tester) JobProgress: {'identifier': 'mavlink_gui_tester', 'progress': 'cmake'}
[0.014111] (mavlink_gui_tester) JobProgress: {'identifier': 'mavlink_gui_tester', 'progress': 'build'}
[0.014899] (mavlink_gui_tester) Command: {'cmd': ['/usr/bin/cmake', '--build', '/home/a/ws_moveit2/build/mavlink_gui_tester', '--', '-j22', '-l22'], 'cwd': '/home/a/ws_moveit2/build/mavlink_gui_tester', 'env': OrderedDict([('GJS_DEBUG_TOPICS', 'JS ERROR;JS LOG'), ('LESSOPEN', '| /usr/bin/lesspipe %s'), ('USER', 'a'), ('XDG_SESSION_TYPE', 'wayland'), ('SHLVL', '1'), ('LD_LIBRARY_PATH', '/home/a/ws_moveit2/install/trac_ik_kinematics_plugin/lib:/home/a/ws_moveit2/install/trac_ik_lib/lib:/home/a/ws_moveit2/install/stm32_mavlink_interface/lib:/home/a/ws_moveit2/install/right_arm_ikfast_plugin/lib:/home/a/ws_moveit2/install/pilz_industrial_motion_planner_testutils/lib:/home/a/ws_moveit2/install/pilz_industrial_motion_planner/lib:/home/a/ws_moveit2/install/moveit_visual_tools/lib:/home/a/ws_moveit2/install/moveit_task_constructor_visualization/lib:/home/a/ws_moveit2/install/moveit_task_constructor_demo/lib:/home/a/ws_moveit2/install/moveit_task_constructor_capabilities/lib:/home/a/ws_moveit2/install/moveit_task_constructor_core/lib:/home/a/ws_moveit2/install/moveit_ros_control_interface/lib:/home/a/ws_moveit2/install/moveit_simple_controller_manager/lib:/home/a/ws_moveit2/install/moveit_setup_assistant/lib:/home/a/ws_moveit2/install/moveit_setup_srdf_plugins/lib:/home/a/ws_moveit2/install/moveit_setup_core_plugins/lib:/home/a/ws_moveit2/install/moveit_setup_controllers/lib:/home/a/ws_moveit2/install/moveit_setup_app_plugins/lib:/home/a/ws_moveit2/install/moveit_setup_framework/lib:/home/a/ws_moveit2/install/moveit_servo/lib:/home/a/ws_moveit2/install/moveit_ros_visualization/lib:/home/a/ws_moveit2/install/moveit_hybrid_planning/lib:/home/a/ws_moveit2/install/moveit_ros_planning_interface/lib:/home/a/ws_moveit2/install/moveit_ros_benchmarks/lib:/home/a/ws_moveit2/install/moveit_ros_warehouse/lib:/home/a/ws_moveit2/install/moveit_ros_robot_interaction/lib:/home/a/ws_moveit2/install/moveit_ros_perception/lib:/home/a/ws_moveit2/install/moveit_ros_move_group/lib:/home/a/ws_moveit2/install/moveit_planners_ompl/lib:/home/a/ws_moveit2/install/left_arm_ikfast_plugin/lib:/home/a/ws_moveit2/install/moveit_ros_planning/lib:/home/a/ws_moveit2/install/moveit_ros_occupancy_map_monitor/lib:/home/a/ws_moveit2/install/moveit_resources_prbt_ikfast_manipulator_plugin/lib:/home/a/ws_moveit2/install/moveit_planners_chomp/lib:/home/a/ws_moveit2/install/moveit_kinematics/lib:/home/a/ws_moveit2/install/moveit_chomp_optimizer_adapter/lib:/home/a/ws_moveit2/install/chomp_motion_planner/lib:/home/a/ws_moveit2/install/moveit_core/lib:/home/a/ws_moveit2/install/srdfdom/lib:/home/a/ws_moveit2/install/rviz_marker_tools/lib:/home/a/ws_moveit2/install/rosparam_shortcuts/lib:/home/a/ws_moveit2/install/realsense2_camera/lib:/home/a/ws_moveit2/install/realsense2_camera_msgs/lib:/home/a/ws_moveit2/install/moveit_task_constructor_msgs/lib:/home/a/ws_moveit2/install/dynamixel_sdk_custom_interfaces/lib:/home/a/ws_moveit2/install/dynamixel_controller/lib:/home/a/ws_moveit2/install/dynamixel_sdk/lib:/usr/lib/x86_64-linux-gnu/gazebo-11/plugins:/opt/ros/humble/opt/rviz_ogre_vendor/lib:/opt/ros/humble/lib/x86_64-linux-gnu:/opt/ros/humble/lib'), ('HOME', '/home/a'), ('OLDPWD', '/home/a/ws_moveit2/src/MAVLink'), ('DESKTOP_SESSION', 'ubuntu'), ('NVM_BIN', '/home/a/.nvm/versions/node/v22.18.0/bin'), ('NVM_INC', '/home/a/.nvm/versions/node/v22.18.0/include/node'), ('GIO_LAUNCHED_DESKTOP_FILE', '/usr/share/applications/terminator.desktop'), ('ROS_PYTHON_VERSION', '3'), ('GNOME_SHELL_SESSION_MODE', 'ubuntu'), ('GTK_MODULES', 'gail:atk-bridge'), ('MANAGERPID', '1213'), ('SYSTEMD_EXEC_PID', '1445'), ('DBUS_SESSION_BUS_ADDRESS', 'unix:path=/run/user/1000/bus'), ('COLORTERM', 'truecolor'), ('TERMINATOR_DBUS_NAME', 'net.tenshu.Terminator25ef4b219e3b005583550f2b0f9f990c3'), ('GIO_LAUNCHED_DESKTOP_FILE_PID', '3048'), ('NVM_DIR', '/home/a/.nvm'), ('IM_CONFIG_PHASE', '1'), ('WAYLAND_DISPLAY', 'wayland-0'), ('COLCON_PREFIX_PATH', '/home/a/ws_moveit2/install'), ('ROS_DISTRO', 'humble'), ('LOGNAME', 'a'), ('JOURNAL_STREAM', '8:3514'), ('_', '/usr/bin/colcon'), ('ROS_VERSION', '2'), ('XDG_SESSION_CLASS', 'user'), ('USERNAME', 'a'), ('TERM', 'xterm-256color'), ('GNOME_DESKTOP_SESSION_ID', 'this-is-deprecated'), ('ROS_LOCALHOST_ONLY', '0'), ('PATH', '/home/a/ws_moveit2/install/moveit_core/bin:/home/a/.nvm/versions/node/v22.18.0/bin:/opt/ros/humble/bin:/home/a/.local/bin:/usr/local/sbin:/usr/local/bin:/usr/sbin:/usr/bin:/sbin:/bin:/usr/games:/usr/local/games:/snap/bin:/snap/bin'), ('SESSION_MANAGER', 'local/a:@/tmp/.ICE-unix/1406,unix/a:/tmp/.ICE-unix/1406'), ('INVOCATION_ID', 'a100030f866a48708cf7905c543bcf13'), ('XDG_MENU_PREFIX', 'gnome-'), ('GNOME_SETUP_DISPLAY', ':1'), ('XDG_RUNTIME_DIR', '/run/user/1000'), ('DISPLAY', ':0'), ('TERMINATOR_DBUS_PATH', '/net/tenshu/Terminator2'), ('LANG', 'en_US.UTF-8'), ('XDG_CURRENT_DESKTOP', 'ubuntu:GNOME'), ('XMODIFIERS', '@im=ibus'), ('XDG_SESSION_DESKTOP', 'ubuntu'), ('XAUTHORITY', '/run/user/1000/.mutter-Xwaylandauth.4WBWC3'), ('LS_COLORS', 'rs=0:di=01;34:ln=01;36:mh=00:pi=40;33:so=01;35:do=01;35:bd=40;33;01:cd=40;33;01:or=40;31;01:mi=00:su=37;41:sg=30;43:ca=30;41:tw=30;42:ow=34;42:st=37;44:ex=01;32:*.tar=01;31:*.tgz=01;31:*.arc=01;31:*.arj=01;31:*.taz=01;31:*.lha=01;31:*.lz4=01;31:*.lzh=01;31:*.lzma=01;31:*.tlz=01;31:*.txz=01;31:*.tzo=01;31:*.t7z=01;31:*.zip=01;31:*.z=01;31:*.dz=01;31:*.gz=01;31:*.lrz=01;31:*.lz=01;31:*.lzo=01;31:*.xz=01;31:*.zst=01;31:*.tzst=01;31:*.bz2=01;31:*.bz=01;31:*.tbz=01;31:*.tbz2=01;31:*.tz=01;31:*.deb=01;31:*.rpm=01;31:*.jar=01;31:*.war=01;31:*.ear=01;31:*.sar=01;31:*.rar=01;31:*.alz=01;31:*.ace=01;31:*.zoo=01;31:*.cpio=01;31:*.7z=01;31:*.rz=01;31:*.cab=01;31:*.wim=01;31:*.swm=01;31:*.dwm=01;31:*.esd=01;31:*.jpg=01;35:*.jpeg=01;35:*.mjpg=01;35:*.mjpeg=01;35:*.gif=01;35:*.bmp=01;35:*.pbm=01;35:*.pgm=01;35:*.ppm=01;35:*.tga=01;35:*.xbm=01;35:*.xpm=01;35:*.tif=01;35:*.tiff=01;35:*.png=01;35:*.svg=01;35:*.svgz=01;35:*.mng=01;35:*.pcx=01;35:*.mov=01;35:*.mpg=01;35:*.mpeg=01;35:*.m2v=01;35:*.mkv=01;35:*.webm=01;35:*.webp=01;35:*.ogm=01;35:*.mp4=01;35:*.m4v=01;35:*.mp4v=01;35:*.vob=01;35:*.qt=01;35:*.nuv=01;35:*.wmv=01;35:*.asf=01;35:*.rm=01;35:*.rmvb=01;35:*.flc=01;35:*.avi=01;35:*.fli=01;35:*.flv=01;35:*.gl=01;35:*.dl=01;35:*.xcf=01;35:*.xwd=01;35:*.yuv=01;35:*.cgm=01;35:*.emf=01;35:*.ogv=01;35:*.ogx=01;35:*.aac=00;36:*.au=00;36:*.flac=00;36:*.m4a=00;36:*.mid=00;36:*.midi=00;36:*.mka=00;36:*.mp3=00;36:*.mpc=00;36:*.ogg=00;36:*.ra=00;36:*.wav=00;36:*.oga=00;36:*.opus=00;36:*.spx=00;36:*.xspf=00;36:'), ('SSH_AGENT_LAUNCHER', 'gnome-keyring'), ('SSH_AUTH_SOCK', '/run/user/1000/keyring/ssh'), ('AMENT_PREFIX_PATH', '/home/a/ws_moveit2/install/urdf_0816_description:/home/a/ws_moveit2/install/trac_ik:/home/a/ws_moveit2/install/robot_config:/home/a/ws_moveit2/install/trac_ik_kinematics_plugin:/home/a/ws_moveit2/install/trac_ik_lib:/home/a/ws_moveit2/install/mavlink_controller_client:/home/a/ws_moveit2/install/stm32_mavlink_interface:/home/a/ws_moveit2/install/right_arm_ikfast_plugin:/home/a/ws_moveit2/install/pilz_industrial_motion_planner_testutils:/home/a/ws_moveit2/install/moveit_runtime:/home/a/ws_moveit2/install/moveit2_tutorials:/home/a/ws_moveit2/install/moveit:/home/a/ws_moveit2/install/moveit_planners:/home/a/ws_moveit2/install/pilz_industrial_motion_planner:/home/a/ws_moveit2/install/mtc_tutorial:/home/a/ws_moveit2/install/hello_moveit:/home/a/ws_moveit2/install/moveit_visual_tools:/home/a/ws_moveit2/install/moveit_task_constructor_visualization:/home/a/ws_moveit2/install/moveit_task_constructor_demo:/home/a/ws_moveit2/install/moveit_task_constructor_capabilities:/home/a/ws_moveit2/install/moveit_task_constructor_core:/home/a/ws_moveit2/install/moveit_ros_control_interface:/home/a/ws_moveit2/install/moveit_plugins:/home/a/ws_moveit2/install/moveit_simple_controller_manager:/home/a/ws_moveit2/install/moveit_setup_assistant:/home/a/ws_moveit2/install/moveit_setup_srdf_plugins:/home/a/ws_moveit2/install/moveit_setup_core_plugins:/home/a/ws_moveit2/install/moveit_setup_controllers:/home/a/ws_moveit2/install/moveit_setup_app_plugins:/home/a/ws_moveit2/install/moveit_setup_framework:/home/a/ws_moveit2/install/moveit_servo:/home/a/ws_moveit2/install/moveit_ros:/home/a/ws_moveit2/install/moveit_ros_visualization:/home/a/ws_moveit2/install/moveit_hybrid_planning:/home/a/ws_moveit2/install/moveit_ros_planning_interface:/home/a/ws_moveit2/install/moveit_ros_benchmarks:/home/a/ws_moveit2/install/moveit_ros_warehouse:/home/a/ws_moveit2/install/moveit_ros_robot_interaction:/home/a/ws_moveit2/install/moveit_ros_perception:/home/a/ws_moveit2/install/moveit_resources_prbt_pg70_support:/home/a/ws_moveit2/install/moveit_resources_prbt_moveit_config:/home/a/ws_moveit2/install/moveit_ros_move_group:/home/a/ws_moveit2/install/moveit_planners_ompl:/home/a/ws_moveit2/install/left_arm_ikfast_plugin:/home/a/ws_moveit2/install/moveit_ros_planning:/home/a/ws_moveit2/install/moveit_ros_occupancy_map_monitor:/home/a/ws_moveit2/install/moveit_resources_prbt_ikfast_manipulator_plugin:/home/a/ws_moveit2/install/moveit_planners_chomp:/home/a/ws_moveit2/install/moveit_kinematics:/home/a/ws_moveit2/install/moveit_chomp_optimizer_adapter:/home/a/ws_moveit2/install/chomp_motion_planner:/home/a/ws_moveit2/install/moveit_core:/home/a/ws_moveit2/install/moveit_configs_utils:/home/a/ws_moveit2/install/srdfdom:/home/a/ws_moveit2/install/rviz_marker_tools:/home/a/ws_moveit2/install/rosparam_shortcuts:/home/a/ws_moveit2/install/ros_tcp_endpoint:/home/a/ws_moveit2/install/red_seiretu_description:/home/a/ws_moveit2/install/realsense2_ros_mqtt_bridge:/home/a/ws_moveit2/install/realsense2_description:/home/a/ws_moveit2/install/realsense2_camera:/home/a/ws_moveit2/install/realsense2_camera_msgs:/home/a/ws_moveit2/install/object_description:/home/a/ws_moveit2/install/moveit_task_constructor_msgs:/home/a/ws_moveit2/install/moveit_resources_prbt_support:/home/a/ws_moveit2/install/moveit_resources:/home/a/ws_moveit2/install/moveit_resources_pr2_description:/home/a/ws_moveit2/install/moveit_resources_panda_moveit_config:/home/a/ws_moveit2/install/moveit_resources_panda_description:/home/a/ws_moveit2/install/moveit_resources_fanuc_moveit_config:/home/a/ws_moveit2/install/moveit_resources_fanuc_description:/home/a/ws_moveit2/install/moveit_common:/home/a/ws_moveit2/install/mavlink_gui_tester:/home/a/ws_moveit2/install/launch_param_builder:/home/a/ws_moveit2/install/field_description_test:/home/a/ws_moveit2/install/field_description:/home/a/ws_moveit2/install/dynamixel_sdk_examples:/home/a/ws_moveit2/install/dynamixel_sdk_custom_interfaces:/home/a/ws_moveit2/install/dynamixel_controller_gui:/home/a/ws_moveit2/install/dynamixel_controller:/home/a/ws_moveit2/install/dynamixel_sdk:/home/a/ws_moveit2/install/dynamixel_controller_client:/home/a/ws_moveit2/install/d415_rgb_depth_3d:/home/a/ws_moveit2/install/catch_gazebo_ros2_control:/home/a/ws_moveit2/install/blue_seiretu_description:/home/a/ws_moveit2/install/0525_arm_description:/opt/ros/humble'), ('SHELL', '/bin/bash'), ('TERMINATOR_UUID', 'urn:uuid:eafdab0d-8274-42e2-8fcd-57b9e3c5174e'), ('QT_ACCESSIBILITY', '1'), ('GDMSESSION', 'ubuntu'), ('LESSCLOSE', '/usr/bin/lesspipe %s %s'), ('CMAKE_MODULE_PATH', '/home/a/ws_moveit2/install/moveit_task_constructor_core/share/moveit_task_constructor_core/cmake'), ('GJS_DEBUG_OUTPUT', 'stderr'), ('QT_IM_MODULE', 'ibus'), ('PWD', '/home/a/ws_moveit2/build/mavlink_gui_tester'), ('LC_ALL', 'en_US.UTF-8'), ('XDG_CONFIG_DIRS', '/etc/xdg/xdg-ubuntu:/etc/xdg'), ('NVM_CD_FLAGS', ''), ('XDG_DATA_DIRS', '/usr/share/ubuntu:/home/a/.local/share/flatpak/exports/share:/var/lib/flatpak/exports/share:/usr/local/share/:/usr/share/:/var/lib/snapd/desktop'), ('PYTHONPATH', '/home/a/ws_moveit2/install/mavlink_controller_client/lib/python3.10/site-packages:/home/a/ws_moveit2/install/stm32_mavlink_interface/local/lib/python3.10/dist-packages:/home/a/ws_moveit2/install/moveit_task_constructor_core/local/lib/python3.10/dist-packages:/home/a/ws_moveit2/install/moveit_configs_utils/lib/python3.10/site-packages:/home/a/ws_moveit2/install/srdfdom/local/lib/python3.10/dist-packages:/home/a/ws_moveit2/install/ros_tcp_endpoint/lib/python3.10/site-packages:/home/a/ws_moveit2/install/realsense2_ros_mqtt_bridge/lib/python3.10/site-packages:/home/a/ws_moveit2/install/realsense2_camera_msgs/local/lib/python3.10/dist-packages:/home/a/ws_moveit2/install/moveit_task_constructor_msgs/local/lib/python3.10/dist-packages:/home/a/ws_moveit2/install/launch_param_builder/lib/python3.10/site-packages:/home/a/ws_moveit2/install/dynamixel_sdk_custom_interfaces/local/lib/python3.10/dist-packages:/home/a/ws_moveit2/install/dynamixel_controller_gui/lib/python3.10/site-packages:/home/a/ws_moveit2/install/dynamixel_controller/local/lib/python3.10/dist-packages:/home/a/ws_moveit2/install/dynamixel_controller_client/lib/python3.10/site-packages:/home/a/ws_moveit2/install/d415_rgb_depth_3d/lib/python3.10/site-packages:/opt/ros/humble/lib/python3.10/site-packages:/opt/ros/humble/local/lib/python3.10/dist-packages'), ('COLCON', '1'), ('VTE_VERSION', '6800'), ('CMAKE_PREFIX_PATH', '/home/a/ws_moveit2/install/urdf_0816_description:/home/a/ws_moveit2/install/trac_ik:/home/a/ws_moveit2/install/robot_config:/home/a/ws_moveit2/install/trac_ik_kinematics_plugin:/home/a/ws_moveit2/install/trac_ik_lib:/home/a/ws_moveit2/install/stm32_mavlink_interface:/home/a/ws_moveit2/install/right_arm_ikfast_plugin:/home/a/ws_moveit2/install/pilz_industrial_motion_planner_testutils:/home/a/ws_moveit2/install/moveit_runtime:/home/a/ws_moveit2/install/moveit2_tutorials:/home/a/ws_moveit2/install/moveit:/home/a/ws_moveit2/install/moveit_planners:/home/a/ws_moveit2/install/pilz_industrial_motion_planner:/home/a/ws_moveit2/install/mtc_tutorial:/home/a/ws_moveit2/install/hello_moveit:/home/a/ws_moveit2/install/moveit_visual_tools:/home/a/ws_moveit2/install/moveit_task_constructor_visualization:/home/a/ws_moveit2/install/moveit_task_constructor_demo:/home/a/ws_moveit2/install/moveit_task_constructor_capabilities:/home/a/ws_moveit2/install/moveit_task_constructor_core:/home/a/ws_moveit2/install/moveit_ros_control_interface:/home/a/ws_moveit2/install/moveit_plugins:/home/a/ws_moveit2/install/moveit_simple_controller_manager:/home/a/ws_moveit2/install/moveit_setup_assistant:/home/a/ws_moveit2/install/moveit_setup_srdf_plugins:/home/a/ws_moveit2/install/moveit_setup_core_plugins:/home/a/ws_moveit2/install/moveit_setup_controllers:/home/a/ws_moveit2/install/moveit_setup_app_plugins:/home/a/ws_moveit2/install/moveit_setup_framework:/home/a/ws_moveit2/install/moveit_servo:/home/a/ws_moveit2/install/moveit_ros:/home/a/ws_moveit2/install/moveit_ros_visualization:/home/a/ws_moveit2/install/moveit_hybrid_planning:/home/a/ws_moveit2/install/moveit_ros_planning_interface:/home/a/ws_moveit2/install/moveit_ros_benchmarks:/home/a/ws_moveit2/install/moveit_ros_warehouse:/home/a/ws_moveit2/install/moveit_ros_robot_interaction:/home/a/ws_moveit2/install/moveit_ros_perception:/home/a/ws_moveit2/install/moveit_resources_prbt_pg70_support:/home/a/ws_moveit2/install/moveit_resources_prbt_moveit_config:/home/a/ws_moveit2/install/moveit_ros_move_group:/home/a/ws_moveit2/install/moveit_planners_ompl:/home/a/ws_moveit2/install/left_arm_ikfast_plugin:/home/a/ws_moveit2/install/moveit_ros_planning:/home/a/ws_moveit2/install/moveit_ros_occupancy_map_monitor:/home/a/ws_moveit2/install/moveit_resources_prbt_ikfast_manipulator_plugin:/home/a/ws_moveit2/install/moveit_planners_chomp:/home/a/ws_moveit2/install/moveit_kinematics:/home/a/ws_moveit2/install/moveit_chomp_optimizer_adapter:/home/a/ws_moveit2/install/chomp_motion_planner:/home/a/ws_moveit2/install/moveit_core:/home/a/ws_moveit2/install/srdfdom:/home/a/ws_moveit2/install/rviz_marker_tools:/home/a/ws_moveit2/install/rosparam_shortcuts:/home/a/ws_moveit2/install/red_seiretu_description:/home/a/ws_moveit2/install/realsense2_description:/home/a/ws_moveit2/install/realsense2_camera:/home/a/ws_moveit2/install/realsense2_camera_msgs:/home/a/ws_moveit2/install/object_description:/home/a/ws_moveit2/install/moveit_task_constructor_msgs:/home/a/ws_moveit2/install/moveit_resources_prbt_support:/home/a/ws_moveit2/install/moveit_resources:/home/a/ws_moveit2/install/moveit_resources_pr2_description:/home/a/ws_moveit2/install/moveit_resources_panda_moveit_config:/home/a/ws_moveit2/install/moveit_resources_panda_description:/home/a/ws_moveit2/install/moveit_resources_fanuc_moveit_config:/home/a/ws_moveit2/install/moveit_resources_fanuc_description:/home/a/ws_moveit2/install/moveit_common:/home/a/ws_moveit2/install/mavlink_gui_tester:/home/a/ws_moveit2/install/field_description_test:/home/a/ws_moveit2/install/field_description:/home/a/ws_moveit2/install/dynamixel_sdk_examples:/home/a/ws_moveit2/install/dynamixel_sdk_custom_interfaces:/home/a/ws_moveit2/install/dynamixel_controller:/home/a/ws_moveit2/install/dynamixel_sdk:/home/a/ws_moveit2/install/catch_gazebo_ros2_control:/home/a/ws_moveit2/install/blue_seiretu_description:/home/a/ws_moveit2/install/0525_arm_description:/home/a/ws_moveit2/install/mavlink_controller_client:/home/a/ws_moveit2/install/moveit_configs_utils:/home/a/ws_moveit2/install/ros_tcp_endpoint:/home/a/ws_moveit2/install/realsense2_ros_mqtt_bridge:/home/a/ws_moveit2/install/launch_param_builder:/home/a/ws_moveit2/install/dynamixel_controller_gui:/home/a/ws_moveit2/install/dynamixel_controller_client:/home/a/ws_moveit2/install/d415_rgb_depth_3d:/opt/ros/humble')]), 'shell': False}
[0.074894] (mavlink_gui_tester) StdoutLine: {'line': b'[ 12%] \x1b[34m\x1b[1mAutomatic MOC and UIC for target mavlink_gui_tester_node\x1b[0m\n'}
[0.096920] (mavlink_gui_tester) StdoutLine: {'line': b'[ 12%] Built target mavlink_gui_tester_node_autogen\n'}
[0.099983] (-) TimerEvent: {}
[0.114888] (mavlink_gui_tester) StdoutLine: {'line': b'\x1b[35m\x1b[1mConsolidate compiler generated dependencies of target mavlink_gui_tester_node\x1b[0m\n'}
[0.135273] (mavlink_gui_tester) StdoutLine: {'line': b'[ 25%] \x1b[32mBuilding CXX object CMakeFiles/mavlink_gui_tester_node.dir/src/mavlink_gui_widget.cpp.o\x1b[0m\n'}
[0.200120] (-) TimerEvent: {}
[0.300483] (-) TimerEvent: {}
[0.400876] (-) TimerEvent: {}
[0.501237] (-) TimerEvent: {}
[0.601604] (-) TimerEvent: {}
[0.702128] (-) TimerEvent: {}
[0.802468] (-) TimerEvent: {}
[0.902823] (-) TimerEvent: {}
[1.003168] (-) TimerEvent: {}
[1.103496] (-) TimerEvent: {}
[1.203832] (-) TimerEvent: {}
[1.304170] (-) TimerEvent: {}
[1.404504] (-) TimerEvent: {}
[1.504853] (-) TimerEvent: {}
[1.605194] (-) TimerEvent: {}
[1.705531] (-) TimerEvent: {}
[1.805870] (-) TimerEvent: {}
[1.906201] (-) TimerEvent: {}
[2.006539] (-) TimerEvent: {}
[2.013314] (mavlink_gui_tester) StderrLine: {'line': b'In file included from \x1b[01m\x1b[K/home/a/ws_moveit2/src/MAVLink/MAVLink_gui_ros2/../MAVLink_ros2/include/mavlink/c_library_v2/common/../protocol.h:4\x1b[m\x1b[K,\n'}
[2.013518] (mavlink_gui_tester) StderrLine: {'line': b'                 from \x1b[01m\x1b[K/home/a/ws_moveit2/src/MAVLink/MAVLink_gui_ros2/../MAVLink_ros2/include/mavlink/c_library_v2/common/common.h:29\x1b[m\x1b[K,\n'}
[2.013588] (mavlink_gui_tester) StderrLine: {'line': b'                 from \x1b[01m\x1b[K/home/a/ws_moveit2/src/MAVLink/MAVLink_gui_ros2/../MAVLink_ros2/include/mavlink/c_library_v2/common/mavlink.h:32\x1b[m\x1b[K,\n'}
[2.013646] (mavlink_gui_tester) StderrLine: {'line': b'                 from \x1b[01m\x1b[K/home/a/ws_moveit2/src/MAVLink/MAVLink_gui_ros2/include/mavlink_gui_tester/mavlink_gui_widget.hpp:46\x1b[m\x1b[K,\n'}
[2.013700] (mavlink_gui_tester) StderrLine: {'line': b'                 from \x1b[01m\x1b[K/home/a/ws_moveit2/src/MAVLink/MAVLink_gui_ros2/src/mavlink_gui_widget.cpp:1\x1b[m\x1b[K:\n'}
[2.013767] (mavlink_gui_tester) StderrLine: {'line': b'\x1b[01m\x1b[K/home/a/ws_moveit2/src/MAVLink/MAVLink_gui_ros2/../MAVLink_ros2/include/mavlink/c_library_v2/common/../mavlink_types.h:78:12:\x1b[m\x1b[K \x1b[01;35m\x1b[Kwarning: \x1b[m\x1b[KISO C++ prohibits anonymous structs [\x1b[01;35m\x1b[K\x1b]8;;https://gcc.gnu.org/onlinedocs/gcc/Warning-Options.html#index-Wpedantic\x07-Wpedantic\x1b]8;;\x07\x1b[m\x1b[K]\n'}
[2.013833] (mavlink_gui_tester) StderrLine: {'line': b'   78 |     struct \x1b[01;35m\x1b[K{\x1b[m\x1b[K\n'}
[2.013886] (mavlink_gui_tester) StderrLine: {'line': b'      |            \x1b[01;35m\x1b[K^\x1b[m\x1b[K\n'}
[2.013937] (mavlink_gui_tester) StderrLine: {'line': b'\x1b[01m\x1b[K/home/a/ws_moveit2/src/MAVLink/MAVLink_gui_ros2/../MAVLink_ros2/include/mavlink/c_library_v2/common/../mavlink_types.h:17:40:\x1b[m\x1b[K \x1b[01;36m\x1b[Knote: \x1b[m\x1b[Kin definition of macro \xe2\x80\x98\x1b[01m\x1b[KMAVPACKED\x1b[m\x1b[K\xe2\x80\x99\n'}
[2.013992] (mavlink_gui_tester) StderrLine: {'line': b'   17 |   #define MAVPACKED( __Declaration__ ) \x1b[01;36m\x1b[K__Declaration__\x1b[m\x1b[K __attribute__((packed))\n'}
[2.014043] (mavlink_gui_tester) StderrLine: {'line': b'      |                                        \x1b[01;36m\x1b[K^~~~~~~~~~~~~~~\x1b[m\x1b[K\n'}
[2.055768] (mavlink_gui_tester) StderrLine: {'line': b'In file included from \x1b[01m\x1b[K/home/a/ws_moveit2/src/MAVLink/MAVLink_gui_ros2/../MAVLink_ros2/include/mavlink/c_library_v2/common/common.h:2871\x1b[m\x1b[K,\n'}
[2.055998] (mavlink_gui_tester) StderrLine: {'line': b'                 from \x1b[01m\x1b[K/home/a/ws_moveit2/src/MAVLink/MAVLink_gui_ros2/../MAVLink_ros2/include/mavlink/c_library_v2/common/mavlink.h:32\x1b[m\x1b[K,\n'}
[2.056068] (mavlink_gui_tester) StderrLine: {'line': b'                 from \x1b[01m\x1b[K/home/a/ws_moveit2/src/MAVLink/MAVLink_gui_ros2/include/mavlink_gui_tester/mavlink_gui_widget.hpp:46\x1b[m\x1b[K,\n'}
[2.056398] (mavlink_gui_tester) StderrLine: {'line': b'                 from \x1b[01m\x1b[K/home/a/ws_moveit2/src/MAVLink/MAVLink_gui_ros2/src/mavlink_gui_widget.cpp:1\x1b[m\x1b[K:\n'}
[2.056522] (mavlink_gui_tester) StderrLine: {'line': b'\x1b[01m\x1b[K/home/a/ws_moveit2/src/MAVLink/MAVLink_gui_ros2/../MAVLink_ros2/include/mavlink/c_library_v2/common/./mavlink_msg_set_attitude_target.h:\x1b[m\x1b[K In function \xe2\x80\x98\x1b[01m\x1b[Kuint16_t mavlink_msg_set_attitude_target_encode(uint8_t, uint8_t, mavlink_message_t*, const mavlink_set_attitude_target_t*)\x1b[m\x1b[K\xe2\x80\x99:\n'}
[2.056592] (mavlink_gui_tester) StderrLine: {'line': b'\x1b[01m\x1b[K/home/a/ws_moveit2/src/MAVLink/MAVLink_gui_ros2/../MAVLink_ros2/include/mavlink/c_library_v2/common/./mavlink_msg_set_attitude_target.h:241:242:\x1b[m\x1b[K \x1b[01;35m\x1b[Kwarning: \x1b[m\x1b[Ktaking address of packed member of \xe2\x80\x98\x1b[01m\x1b[K__mavlink_set_attitude_target_t\x1b[m\x1b[K\xe2\x80\x99 may result in an unaligned pointer value [\x1b[01;35m\x1b[K\x1b]8;;https://gcc.gnu.org/onlinedocs/gcc/Warning-Options.html#index-Waddress-of-packed-member\x07-Waddress-of-packed-member\x1b]8;;\x07\x1b[m\x1b[K]\n'}
[2.056672] (mavlink_gui_tester) StderrLine: {'line': b'  241 | e_target->target_component, set_attitude_target->type_mask, \x1b[01;35m\x1b[Kset_attitude_target->q\x1b[m\x1b[K, set_attitude_target->body_roll_rate, set_attitude_target->body_pitch_rate, set_attitude_target->body_yaw_rate, set_attitude_target->thrust, set_attitude_target->thrust_body);\n'}
[2.056735] (mavlink_gui_tester) StderrLine: {'line': b'      |                                                             \x1b[01;35m\x1b[K~~~~~~~~~~~~~~~~~~~~~^\x1b[m\x1b[K\n'}
[2.056805] (mavlink_gui_tester) StderrLine: {'line': b'\n'}
[2.056861] (mavlink_gui_tester) StderrLine: {'line': b'In file included from \x1b[01m\x1b[K/home/a/ws_moveit2/src/MAVLink/MAVLink_gui_ros2/../MAVLink_ros2/include/mavlink/c_library_v2/common/common.h:2871\x1b[m\x1b[K,\n'}
[2.056915] (mavlink_gui_tester) StderrLine: {'line': b'                 from \x1b[01m\x1b[K/home/a/ws_moveit2/src/MAVLink/MAVLink_gui_ros2/../MAVLink_ros2/include/mavlink/c_library_v2/common/mavlink.h:32\x1b[m\x1b[K,\n'}
[2.056968] (mavlink_gui_tester) StderrLine: {'line': b'                 from \x1b[01m\x1b[K/home/a/ws_moveit2/src/MAVLink/MAVLink_gui_ros2/include/mavlink_gui_tester/mavlink_gui_widget.hpp:46\x1b[m\x1b[K,\n'}
[2.057020] (mavlink_gui_tester) StderrLine: {'line': b'                 from \x1b[01m\x1b[K/home/a/ws_moveit2/src/MAVLink/MAVLink_gui_ros2/src/mavlink_gui_widget.cpp:1\x1b[m\x1b[K:\n'}
[2.057071] (mavlink_gui_tester) StderrLine: {'line': b'\x1b[01m\x1b[K/home/a/ws_moveit2/src/MAVLink/MAVLink_gui_ros2/../MAVLink_ros2/include/mavlink/c_library_v2/common/./mavlink_msg_set_attitude_target.h:241:406:\x1b[m\x1b[K \x1b[01;35m\x1b[Kwarning: \x1b[m\x1b[Ktaking address of packed member of \xe2\x80\x98\x1b[01m\x1b[K__mavlink_set_attitude_target_t\x1b[m\x1b[K\xe2\x80\x99 may result in an unaligned pointer value [\x1b[01;35m\x1b[K\x1b]8;;https://gcc.gnu.org/onlinedocs/gcc/Warning-Options.html#index-Waddress-of-packed-member\x07-Waddress-of-packed-member\x1b]8;;\x07\x1b[m\x1b[K]\n'}
[2.057133] (mavlink_gui_tester) StderrLine: {'line': b'  241 | ttitude_target->body_yaw_rate, set_attitude_target->thrust, \x1b[01;35m\x1b[Kset_attitude_target->thrust_body\x1b[m\x1b[K);\n'}
[2.057185] (mavlink_gui_tester) StderrLine: {'line': b'      |                                                             \x1b[01;35m\x1b[K~~~~~~~~~~~~~~~~~~~~~^~~~~~~~~~~\x1b[m\x1b[K\n'}
[2.057241] (mavlink_gui_tester) StderrLine: {'line': b'\n'}
[2.057294] (mavlink_gui_tester) StderrLine: {'line': b'\x1b[01m\x1b[K/home/a/ws_moveit2/src/MAVLink/MAVLink_gui_ros2/../MAVLink_ros2/include/mavlink/c_library_v2/common/./mavlink_msg_set_attitude_target.h:\x1b[m\x1b[K In function \xe2\x80\x98\x1b[01m\x1b[Kuint16_t mavlink_msg_set_attitude_target_encode_chan(uint8_t, uint8_t, uint8_t, mavlink_message_t*, const mavlink_set_attitude_target_t*)\x1b[m\x1b[K\xe2\x80\x99:\n'}
[2.057348] (mavlink_gui_tester) StderrLine: {'line': b'\x1b[01m\x1b[K/home/a/ws_moveit2/src/MAVLink/MAVLink_gui_ros2/../MAVLink_ros2/include/mavlink/c_library_v2/common/./mavlink_msg_set_attitude_target.h:255:253:\x1b[m\x1b[K \x1b[01;35m\x1b[Kwarning: \x1b[m\x1b[Ktaking address of packed member of \xe2\x80\x98\x1b[01m\x1b[K__mavlink_set_attitude_target_t\x1b[m\x1b[K\xe2\x80\x99 may result in an unaligned pointer value [\x1b[01;35m\x1b[K\x1b]8;;https://gcc.gnu.org/onlinedocs/gcc/Warning-Options.html#index-Waddress-of-packed-member\x07-Waddress-of-packed-member\x1b]8;;\x07\x1b[m\x1b[K]\n'}
[2.057403] (mavlink_gui_tester) StderrLine: {'line': b'  255 | e_target->target_component, set_attitude_target->type_mask, \x1b[01;35m\x1b[Kset_attitude_target->q\x1b[m\x1b[K, set_attitude_target->body_roll_rate, set_attitude_target->body_pitch_rate, set_attitude_target->body_yaw_rate, set_attitude_target->thrust, set_attitude_target->thrust_body);\n'}
[2.057461] (mavlink_gui_tester) StderrLine: {'line': b'      |                                                             \x1b[01;35m\x1b[K~~~~~~~~~~~~~~~~~~~~~^\x1b[m\x1b[K\n'}
[2.057513] (mavlink_gui_tester) StderrLine: {'line': b'\n'}
[2.057564] (mavlink_gui_tester) StderrLine: {'line': b'\x1b[01m\x1b[K/home/a/ws_moveit2/src/MAVLink/MAVLink_gui_ros2/../MAVLink_ros2/include/mavlink/c_library_v2/common/./mavlink_msg_set_attitude_target.h:255:417:\x1b[m\x1b[K \x1b[01;35m\x1b[Kwarning: \x1b[m\x1b[Ktaking address of packed member of \xe2\x80\x98\x1b[01m\x1b[K__mavlink_set_attitude_target_t\x1b[m\x1b[K\xe2\x80\x99 may result in an unaligned pointer value [\x1b[01;35m\x1b[K\x1b]8;;https://gcc.gnu.org/onlinedocs/gcc/Warning-Options.html#index-Waddress-of-packed-member\x07-Waddress-of-packed-member\x1b]8;;\x07\x1b[m\x1b[K]\n'}
[2.057618] (mavlink_gui_tester) StderrLine: {'line': b'  255 | ttitude_target->body_yaw_rate, set_attitude_target->thrust, \x1b[01;35m\x1b[Kset_attitude_target->thrust_body\x1b[m\x1b[K);\n'}
[2.057668] (mavlink_gui_tester) StderrLine: {'line': b'      |                                                             \x1b[01;35m\x1b[K~~~~~~~~~~~~~~~~~~~~~^~~~~~~~~~~\x1b[m\x1b[K\n'}
[2.057724] (mavlink_gui_tester) StderrLine: {'line': b'\n'}
[2.057783] (mavlink_gui_tester) StderrLine: {'line': b'\x1b[01m\x1b[K/home/a/ws_moveit2/src/MAVLink/MAVLink_gui_ros2/../MAVLink_ros2/include/mavlink/c_library_v2/common/./mavlink_msg_set_attitude_target.h:\x1b[m\x1b[K In function \xe2\x80\x98\x1b[01m\x1b[Kuint16_t mavlink_msg_set_attitude_target_encode_status(uint8_t, uint8_t, mavlink_status_t*, mavlink_message_t*, const mavlink_set_attitude_target_t*)\x1b[m\x1b[K\xe2\x80\x99:\n'}
[2.057836] (mavlink_gui_tester) StderrLine: {'line': b'\x1b[01m\x1b[K/home/a/ws_moveit2/src/MAVLink/MAVLink_gui_ros2/../MAVLink_ros2/include/mavlink/c_library_v2/common/./mavlink_msg_set_attitude_target.h:269:259:\x1b[m\x1b[K \x1b[01;35m\x1b[Kwarning: \x1b[m\x1b[Ktaking address of packed member of \xe2\x80\x98\x1b[01m\x1b[K__mavlink_set_attitude_target_t\x1b[m\x1b[K\xe2\x80\x99 may result in an unaligned pointer value [\x1b[01;35m\x1b[K\x1b]8;;https://gcc.gnu.org/onlinedocs/gcc/Warning-Options.html#index-Waddress-of-packed-member\x07-Waddress-of-packed-member\x1b]8;;\x07\x1b[m\x1b[K]\n'}
[2.057891] (mavlink_gui_tester) StderrLine: {'line': b'  269 | e_target->target_component, set_attitude_target->type_mask, \x1b[01;35m\x1b[Kset_attitude_target->q\x1b[m\x1b[K, set_attitude_target->body_roll_rate, set_attitude_target->body_pitch_rate, set_attitude_target->body_yaw_rate, set_attitude_target->thrust, set_attitude_target->thrust_body);\n'}
[2.057943] (mavlink_gui_tester) StderrLine: {'line': b'      |                                                             \x1b[01;35m\x1b[K~~~~~~~~~~~~~~~~~~~~~^\x1b[m\x1b[K\n'}
[2.057996] (mavlink_gui_tester) StderrLine: {'line': b'\n'}
[2.058050] (mavlink_gui_tester) StderrLine: {'line': b'\x1b[01m\x1b[K/home/a/ws_moveit2/src/MAVLink/MAVLink_gui_ros2/../MAVLink_ros2/include/mavlink/c_library_v2/common/./mavlink_msg_set_attitude_target.h:269:423:\x1b[m\x1b[K \x1b[01;35m\x1b[Kwarning: \x1b[m\x1b[Ktaking address of packed member of \xe2\x80\x98\x1b[01m\x1b[K__mavlink_set_attitude_target_t\x1b[m\x1b[K\xe2\x80\x99 may result in an unaligned pointer value [\x1b[01;35m\x1b[K\x1b]8;;https://gcc.gnu.org/onlinedocs/gcc/Warning-Options.html#index-Waddress-of-packed-member\x07-Waddress-of-packed-member\x1b]8;;\x07\x1b[m\x1b[K]\n'}
[2.058111] (mavlink_gui_tester) StderrLine: {'line': b'  269 | ttitude_target->body_yaw_rate, set_attitude_target->thrust, \x1b[01;35m\x1b[Kset_attitude_target->thrust_body\x1b[m\x1b[K);\n'}
[2.058170] (mavlink_gui_tester) StderrLine: {'line': b'      |                                                             \x1b[01;35m\x1b[K~~~~~~~~~~~~~~~~~~~~~^~~~~~~~~~~\x1b[m\x1b[K\n'}
[2.058228] (mavlink_gui_tester) StderrLine: {'line': b'\n'}
[2.083337] (mavlink_gui_tester) StderrLine: {'line': b'In file included from \x1b[01m\x1b[K/home/a/ws_moveit2/src/MAVLink/MAVLink_gui_ros2/../MAVLink_ros2/include/mavlink/c_library_v2/common/common.h:2914\x1b[m\x1b[K,\n'}
[2.083506] (mavlink_gui_tester) StderrLine: {'line': b'                 from \x1b[01m\x1b[K/home/a/ws_moveit2/src/MAVLink/MAVLink_gui_ros2/../MAVLink_ros2/include/mavlink/c_library_v2/common/mavlink.h:32\x1b[m\x1b[K,\n'}
[2.083575] (mavlink_gui_tester) StderrLine: {'line': b'                 from \x1b[01m\x1b[K/home/a/ws_moveit2/src/MAVLink/MAVLink_gui_ros2/include/mavlink_gui_tester/mavlink_gui_widget.hpp:46\x1b[m\x1b[K,\n'}
[2.083634] (mavlink_gui_tester) StderrLine: {'line': b'                 from \x1b[01m\x1b[K/home/a/ws_moveit2/src/MAVLink/MAVLink_gui_ros2/src/mavlink_gui_widget.cpp:1\x1b[m\x1b[K:\n'}
[2.083689] (mavlink_gui_tester) StderrLine: {'line': b'\x1b[01m\x1b[K/home/a/ws_moveit2/src/MAVLink/MAVLink_gui_ros2/../MAVLink_ros2/include/mavlink/c_library_v2/common/./mavlink_msg_distance_sensor.h:\x1b[m\x1b[K In function \xe2\x80\x98\x1b[01m\x1b[Kuint16_t mavlink_msg_distance_sensor_encode(uint8_t, uint8_t, mavlink_message_t*, const mavlink_distance_sensor_t*)\x1b[m\x1b[K\xe2\x80\x99:\n'}
[2.083756] (mavlink_gui_tester) StderrLine: {'line': b'\x1b[01m\x1b[K/home/a/ws_moveit2/src/MAVLink/MAVLink_gui_ros2/../MAVLink_ros2/include/mavlink/c_library_v2/common/./mavlink_msg_distance_sensor.h:264:387:\x1b[m\x1b[K \x1b[01;35m\x1b[Kwarning: \x1b[m\x1b[Ktaking address of packed member of \xe2\x80\x98\x1b[01m\x1b[K__mavlink_distance_sensor_t\x1b[m\x1b[K\xe2\x80\x99 may result in an unaligned pointer value [\x1b[01;35m\x1b[K\x1b]8;;https://gcc.gnu.org/onlinedocs/gcc/Warning-Options.html#index-Waddress-of-packed-member\x07-Waddress-of-packed-member\x1b]8;;\x07\x1b[m\x1b[K]\n'}
[2.083820] (mavlink_gui_tester) StderrLine: {'line': b'  264 | distance_sensor->horizontal_fov, distance_sensor->vertical_fov, \x1b[01;35m\x1b[Kdistance_sensor->quaternion\x1b[m\x1b[K, distance_sensor->signal_quality);\n'}
[2.084049] (mavlink_gui_tester) StderrLine: {'line': b'      |                                                                 \x1b[01;35m\x1b[K~~~~~~~~~~~~~~~~~^~~~~~~~~~\x1b[m\x1b[K\n'}
[2.084123] (mavlink_gui_tester) StderrLine: {'line': b'\n'}
[2.084187] (mavlink_gui_tester) StderrLine: {'line': b'\x1b[01m\x1b[K/home/a/ws_moveit2/src/MAVLink/MAVLink_gui_ros2/../MAVLink_ros2/include/mavlink/c_library_v2/common/./mavlink_msg_distance_sensor.h:\x1b[m\x1b[K In function \xe2\x80\x98\x1b[01m\x1b[Kuint16_t mavlink_msg_distance_sensor_encode_chan(uint8_t, uint8_t, uint8_t, mavlink_message_t*, const mavlink_distance_sensor_t*)\x1b[m\x1b[K\xe2\x80\x99:\n'}
[2.084260] (mavlink_gui_tester) StderrLine: {'line': b'\x1b[01m\x1b[K/home/a/ws_moveit2/src/MAVLink/MAVLink_gui_ros2/../MAVLink_ros2/include/mavlink/c_library_v2/common/./mavlink_msg_distance_sensor.h:278:398:\x1b[m\x1b[K \x1b[01;35m\x1b[Kwarning: \x1b[m\x1b[Ktaking address of packed member of \xe2\x80\x98\x1b[01m\x1b[K__mavlink_distance_sensor_t\x1b[m\x1b[K\xe2\x80\x99 may result in an unaligned pointer value [\x1b[01;35m\x1b[K\x1b]8;;https://gcc.gnu.org/onlinedocs/gcc/Warning-Options.html#index-Waddress-of-packed-member\x07-Waddress-of-packed-member\x1b]8;;\x07\x1b[m\x1b[K]\n'}
[2.084322] (mavlink_gui_tester) StderrLine: {'line': b'  278 | distance_sensor->horizontal_fov, distance_sensor->vertical_fov, \x1b[01;35m\x1b[Kdistance_sensor->quaternion\x1b[m\x1b[K, distance_sensor->signal_quality);\n'}
[2.084380] (mavlink_gui_tester) StderrLine: {'line': b'      |                                                                 \x1b[01;35m\x1b[K~~~~~~~~~~~~~~~~~^~~~~~~~~~\x1b[m\x1b[K\n'}
[2.084453] (mavlink_gui_tester) StderrLine: {'line': b'\n'}
[2.084514] (mavlink_gui_tester) StderrLine: {'line': b'\x1b[01m\x1b[K/home/a/ws_moveit2/src/MAVLink/MAVLink_gui_ros2/../MAVLink_ros2/include/mavlink/c_library_v2/common/./mavlink_msg_distance_sensor.h:\x1b[m\x1b[K In function \xe2\x80\x98\x1b[01m\x1b[Kuint16_t mavlink_msg_distance_sensor_encode_status(uint8_t, uint8_t, mavlink_status_t*, mavlink_message_t*, const mavlink_distance_sensor_t*)\x1b[m\x1b[K\xe2\x80\x99:\n'}
[2.084585] (mavlink_gui_tester) StderrLine: {'line': b'\x1b[01m\x1b[K/home/a/ws_moveit2/src/MAVLink/MAVLink_gui_ros2/../MAVLink_ros2/include/mavlink/c_library_v2/common/./mavlink_msg_distance_sensor.h:292:404:\x1b[m\x1b[K \x1b[01;35m\x1b[Kwarning: \x1b[m\x1b[Ktaking address of packed member of \xe2\x80\x98\x1b[01m\x1b[K__mavlink_distance_sensor_t\x1b[m\x1b[K\xe2\x80\x99 may result in an unaligned pointer value [\x1b[01;35m\x1b[K\x1b]8;;https://gcc.gnu.org/onlinedocs/gcc/Warning-Options.html#index-Waddress-of-packed-member\x07-Waddress-of-packed-member\x1b]8;;\x07\x1b[m\x1b[K]\n'}
[2.084644] (mavlink_gui_tester) StderrLine: {'line': b'  292 | distance_sensor->horizontal_fov, distance_sensor->vertical_fov, \x1b[01;35m\x1b[Kdistance_sensor->quaternion\x1b[m\x1b[K, distance_sensor->signal_quality);\n'}
[2.084698] (mavlink_gui_tester) StderrLine: {'line': b'      |                                                                 \x1b[01;35m\x1b[K~~~~~~~~~~~~~~~~~^~~~~~~~~~\x1b[m\x1b[K\n'}
[2.084755] (mavlink_gui_tester) StderrLine: {'line': b'\n'}
[2.091342] (mavlink_gui_tester) StderrLine: {'line': b'In file included from \x1b[01m\x1b[K/home/a/ws_moveit2/src/MAVLink/MAVLink_gui_ros2/../MAVLink_ros2/include/mavlink/c_library_v2/common/common.h:2928\x1b[m\x1b[K,\n'}
[2.091483] (mavlink_gui_tester) StderrLine: {'line': b'                 from \x1b[01m\x1b[K/home/a/ws_moveit2/src/MAVLink/MAVLink_gui_ros2/../MAVLink_ros2/include/mavlink/c_library_v2/common/mavlink.h:32\x1b[m\x1b[K,\n'}
[2.091551] (mavlink_gui_tester) StderrLine: {'line': b'                 from \x1b[01m\x1b[K/home/a/ws_moveit2/src/MAVLink/MAVLink_gui_ros2/include/mavlink_gui_tester/mavlink_gui_widget.hpp:46\x1b[m\x1b[K,\n'}
[2.091616] (mavlink_gui_tester) StderrLine: {'line': b'                 from \x1b[01m\x1b[K/home/a/ws_moveit2/src/MAVLink/MAVLink_gui_ros2/src/mavlink_gui_widget.cpp:1\x1b[m\x1b[K:\n'}
[2.091672] (mavlink_gui_tester) StderrLine: {'line': b'\x1b[01m\x1b[K/home/a/ws_moveit2/src/MAVLink/MAVLink_gui_ros2/../MAVLink_ros2/include/mavlink/c_library_v2/common/./mavlink_msg_battery_status.h:\x1b[m\x1b[K In function \xe2\x80\x98\x1b[01m\x1b[Kuint16_t mavlink_msg_battery_status_encode(uint8_t, uint8_t, mavlink_message_t*, const mavlink_battery_status_t*)\x1b[m\x1b[K\xe2\x80\x99:\n'}
[2.091732] (mavlink_gui_tester) StderrLine: {'line': b'\x1b[01m\x1b[K/home/a/ws_moveit2/src/MAVLink/MAVLink_gui_ros2/../MAVLink_ros2/include/mavlink/c_library_v2/common/./mavlink_msg_battery_status.h:289:195:\x1b[m\x1b[K \x1b[01;35m\x1b[Kwarning: \x1b[m\x1b[Ktaking address of packed member of \xe2\x80\x98\x1b[01m\x1b[K__mavlink_battery_status_t\x1b[m\x1b[K\xe2\x80\x99 may result in an unaligned pointer value [\x1b[01;35m\x1b[K\x1b]8;;https://gcc.gnu.org/onlinedocs/gcc/Warning-Options.html#index-Waddress-of-packed-member\x07-Waddress-of-packed-member\x1b]8;;\x07\x1b[m\x1b[K]\n'}
[2.091811] (mavlink_gui_tester) StderrLine: {'line': b'  289 | ery_function, battery_status->type, battery_status->temperature, \x1b[01;35m\x1b[Kbattery_status->voltages\x1b[m\x1b[K, battery_status->current_battery, battery_status->current_consumed, battery_status->energy_consumed, battery_status->battery_remaining, battery_status->time_remaining, battery_status->charge_state, battery_status->voltages_ext, battery_status->mode, battery_status->fault_bitmask);\n'}
[2.091870] (mavlink_gui_tester) StderrLine: {'line': b'      |                                                                  \x1b[01;35m\x1b[K~~~~~~~~~~~~~~~~^~~~~~~~\x1b[m\x1b[K\n'}
[2.091927] (mavlink_gui_tester) StderrLine: {'line': b'\n'}
[2.091982] (mavlink_gui_tester) StderrLine: {'line': b'\x1b[01m\x1b[K/home/a/ws_moveit2/src/MAVLink/MAVLink_gui_ros2/../MAVLink_ros2/include/mavlink/c_library_v2/common/./mavlink_msg_battery_status.h:289:418:\x1b[m\x1b[K \x1b[01;35m\x1b[Kwarning: \x1b[m\x1b[Ktaking address of packed member of \xe2\x80\x98\x1b[01m\x1b[K__mavlink_battery_status_t\x1b[m\x1b[K\xe2\x80\x99 may result in an unaligned pointer value [\x1b[01;35m\x1b[K\x1b]8;;https://gcc.gnu.org/onlinedocs/gcc/Warning-Options.html#index-Waddress-of-packed-member\x07-Waddress-of-packed-member\x1b]8;;\x07\x1b[m\x1b[K]\n'}
[2.092046] (mavlink_gui_tester) StderrLine: {'line': b'  289 | g, battery_status->time_remaining, battery_status->charge_state, \x1b[01;35m\x1b[Kbattery_status->voltages_ext\x1b[m\x1b[K, battery_status->mode, battery_status->fault_bitmask);\n'}
[2.092105] (mavlink_gui_tester) StderrLine: {'line': b'      |                                                                  \x1b[01;35m\x1b[K~~~~~~~~~~~~~~~~^~~~~~~~~~~~\x1b[m\x1b[K\n'}
[2.092163] (mavlink_gui_tester) StderrLine: {'line': b'\n'}
[2.092219] (mavlink_gui_tester) StderrLine: {'line': b'\x1b[01m\x1b[K/home/a/ws_moveit2/src/MAVLink/MAVLink_gui_ros2/../MAVLink_ros2/include/mavlink/c_library_v2/common/./mavlink_msg_battery_status.h:\x1b[m\x1b[K In function \xe2\x80\x98\x1b[01m\x1b[Kuint16_t mavlink_msg_battery_status_encode_chan(uint8_t, uint8_t, uint8_t, mavlink_message_t*, const mavlink_battery_status_t*)\x1b[m\x1b[K\xe2\x80\x99:\n'}
[2.092279] (mavlink_gui_tester) StderrLine: {'line': b'\x1b[01m\x1b[K/home/a/ws_moveit2/src/MAVLink/MAVLink_gui_ros2/../MAVLink_ros2/include/mavlink/c_library_v2/common/./mavlink_msg_battery_status.h:303:206:\x1b[m\x1b[K \x1b[01;35m\x1b[Kwarning: \x1b[m\x1b[Ktaking address of packed member of \xe2\x80\x98\x1b[01m\x1b[K__mavlink_battery_status_t\x1b[m\x1b[K\xe2\x80\x99 may result in an unaligned pointer value [\x1b[01;35m\x1b[K\x1b]8;;https://gcc.gnu.org/onlinedocs/gcc/Warning-Options.html#index-Waddress-of-packed-member\x07-Waddress-of-packed-member\x1b]8;;\x07\x1b[m\x1b[K]\n'}
[2.092336] (mavlink_gui_tester) StderrLine: {'line': b'  303 | ery_function, battery_status->type, battery_status->temperature, \x1b[01;35m\x1b[Kbattery_status->voltages\x1b[m\x1b[K, battery_status->current_battery, battery_status->current_consumed, battery_status->energy_consumed, battery_status->battery_remaining, battery_status->time_remaining, battery_status->charge_state, battery_status->voltages_ext, battery_status->mode, battery_status->fault_bitmask);\n'}
[2.092393] (mavlink_gui_tester) StderrLine: {'line': b'      |                                                                  \x1b[01;35m\x1b[K~~~~~~~~~~~~~~~~^~~~~~~~\x1b[m\x1b[K\n'}
[2.092447] (mavlink_gui_tester) StderrLine: {'line': b'\n'}
[2.092502] (mavlink_gui_tester) StderrLine: {'line': b'\x1b[01m\x1b[K/home/a/ws_moveit2/src/MAVLink/MAVLink_gui_ros2/../MAVLink_ros2/include/mavlink/c_library_v2/common/./mavlink_msg_battery_status.h:303:429:\x1b[m\x1b[K \x1b[01;35m\x1b[Kwarning: \x1b[m\x1b[Ktaking address of packed member of \xe2\x80\x98\x1b[01m\x1b[K__mavlink_battery_status_t\x1b[m\x1b[K\xe2\x80\x99 may result in an unaligned pointer value [\x1b[01;35m\x1b[K\x1b]8;;https://gcc.gnu.org/onlinedocs/gcc/Warning-Options.html#index-Waddress-of-packed-member\x07-Waddress-of-packed-member\x1b]8;;\x07\x1b[m\x1b[K]\n'}
[2.092927] (mavlink_gui_tester) StderrLine: {'line': b'  303 | g, battery_status->time_remaining, battery_status->charge_state, \x1b[01;35m\x1b[Kbattery_status->voltages_ext\x1b[m\x1b[K, battery_status->mode, battery_status->fault_bitmask);\n'}
[2.093046] (mavlink_gui_tester) StderrLine: {'line': b'      |                                                                  \x1b[01;35m\x1b[K~~~~~~~~~~~~~~~~^~~~~~~~~~~~\x1b[m\x1b[K\n'}
[2.093123] (mavlink_gui_tester) StderrLine: {'line': b'\n'}
[2.093177] (mavlink_gui_tester) StderrLine: {'line': b'\x1b[01m\x1b[K/home/a/ws_moveit2/src/MAVLink/MAVLink_gui_ros2/../MAVLink_ros2/include/mavlink/c_library_v2/common/./mavlink_msg_battery_status.h:\x1b[m\x1b[K In function \xe2\x80\x98\x1b[01m\x1b[Kuint16_t mavlink_msg_battery_status_encode_status(uint8_t, uint8_t, mavlink_status_t*, mavlink_message_t*, const mavlink_battery_status_t*)\x1b[m\x1b[K\xe2\x80\x99:\n'}
[2.093235] (mavlink_gui_tester) StderrLine: {'line': b'\x1b[01m\x1b[K/home/a/ws_moveit2/src/MAVLink/MAVLink_gui_ros2/../MAVLink_ros2/include/mavlink/c_library_v2/common/./mavlink_msg_battery_status.h:317:212:\x1b[m\x1b[K \x1b[01;35m\x1b[Kwarning: \x1b[m\x1b[Ktaking address of packed member of \xe2\x80\x98\x1b[01m\x1b[K__mavlink_battery_status_t\x1b[m\x1b[K\xe2\x80\x99 may result in an unaligned pointer value [\x1b[01;35m\x1b[K\x1b]8;;https://gcc.gnu.org/onlinedocs/gcc/Warning-Options.html#index-Waddress-of-packed-member\x07-Waddress-of-packed-member\x1b]8;;\x07\x1b[m\x1b[K]\n'}
[2.093298] (mavlink_gui_tester) StderrLine: {'line': b'  317 | ery_function, battery_status->type, battery_status->temperature, \x1b[01;35m\x1b[Kbattery_status->voltages\x1b[m\x1b[K, battery_status->current_battery, battery_status->current_consumed, battery_status->energy_consumed, battery_status->battery_remaining, battery_status->time_remaining, battery_status->charge_state, battery_status->voltages_ext, battery_status->mode, battery_status->fault_bitmask);\n'}
[2.093351] (mavlink_gui_tester) StderrLine: {'line': b'      |                                                                  \x1b[01;35m\x1b[K~~~~~~~~~~~~~~~~^~~~~~~~\x1b[m\x1b[K\n'}
[2.093403] (mavlink_gui_tester) StderrLine: {'line': b'\n'}
[2.093452] (mavlink_gui_tester) StderrLine: {'line': b'\x1b[01m\x1b[K/home/a/ws_moveit2/src/MAVLink/MAVLink_gui_ros2/../MAVLink_ros2/include/mavlink/c_library_v2/common/./mavlink_msg_battery_status.h:317:435:\x1b[m\x1b[K \x1b[01;35m\x1b[Kwarning: \x1b[m\x1b[Ktaking address of packed member of \xe2\x80\x98\x1b[01m\x1b[K__mavlink_battery_status_t\x1b[m\x1b[K\xe2\x80\x99 may result in an unaligned pointer value [\x1b[01;35m\x1b[K\x1b]8;;https://gcc.gnu.org/onlinedocs/gcc/Warning-Options.html#index-Waddress-of-packed-member\x07-Waddress-of-packed-member\x1b]8;;\x07\x1b[m\x1b[K]\n'}
[2.093508] (mavlink_gui_tester) StderrLine: {'line': b'  317 | g, battery_status->time_remaining, battery_status->charge_state, \x1b[01;35m\x1b[Kbattery_status->voltages_ext\x1b[m\x1b[K, battery_status->mode, battery_status->fault_bitmask);\n'}
[2.093556] (mavlink_gui_tester) StderrLine: {'line': b'      |                                                                  \x1b[01;35m\x1b[K~~~~~~~~~~~~~~~~^~~~~~~~~~~~\x1b[m\x1b[K\n'}
[2.093605] (mavlink_gui_tester) StderrLine: {'line': b'\n'}
[2.093652] (mavlink_gui_tester) StderrLine: {'line': b'In file included from \x1b[01m\x1b[K/home/a/ws_moveit2/src/MAVLink/MAVLink_gui_ros2/../MAVLink_ros2/include/mavlink/c_library_v2/common/common.h:2929\x1b[m\x1b[K,\n'}
[2.093702] (mavlink_gui_tester) StderrLine: {'line': b'                 from \x1b[01m\x1b[K/home/a/ws_moveit2/src/MAVLink/MAVLink_gui_ros2/../MAVLink_ros2/include/mavlink/c_library_v2/common/mavlink.h:32\x1b[m\x1b[K,\n'}
[2.093778] (mavlink_gui_tester) StderrLine: {'line': b'                 from \x1b[01m\x1b[K/home/a/ws_moveit2/src/MAVLink/MAVLink_gui_ros2/include/mavlink_gui_tester/mavlink_gui_widget.hpp:46\x1b[m\x1b[K,\n'}
[2.093833] (mavlink_gui_tester) StderrLine: {'line': b'                 from \x1b[01m\x1b[K/home/a/ws_moveit2/src/MAVLink/MAVLink_gui_ros2/src/mavlink_gui_widget.cpp:1\x1b[m\x1b[K:\n'}
[2.093883] (mavlink_gui_tester) StderrLine: {'line': b'\x1b[01m\x1b[K/home/a/ws_moveit2/src/MAVLink/MAVLink_gui_ros2/../MAVLink_ros2/include/mavlink/c_library_v2/common/./mavlink_msg_landing_target.h:\x1b[m\x1b[K In function \xe2\x80\x98\x1b[01m\x1b[Kuint16_t mavlink_msg_landing_target_encode(uint8_t, uint8_t, mavlink_message_t*, const mavlink_landing_target_t*)\x1b[m\x1b[K\xe2\x80\x99:\n'}
[2.093924] (mavlink_gui_tester) StderrLine: {'line': b'\x1b[01m\x1b[K/home/a/ws_moveit2/src/MAVLink/MAVLink_gui_ros2/../MAVLink_ros2/include/mavlink/c_library_v2/common/./mavlink_msg_landing_target.h:288:349:\x1b[m\x1b[K \x1b[01;35m\x1b[Kwarning: \x1b[m\x1b[Ktaking address of packed member of \xe2\x80\x98\x1b[01m\x1b[K__mavlink_landing_target_t\x1b[m\x1b[K\xe2\x80\x99 may result in an unaligned pointer value [\x1b[01;35m\x1b[K\x1b]8;;https://gcc.gnu.org/onlinedocs/gcc/Warning-Options.html#index-Waddress-of-packed-member\x07-Waddress-of-packed-member\x1b]8;;\x07\x1b[m\x1b[K]\n'}
[2.093958] (mavlink_gui_tester) StderrLine: {'line': b'  288 | size_y, landing_target->x, landing_target->y, landing_target->z, \x1b[01;35m\x1b[Klanding_target->q\x1b[m\x1b[K, landing_target->type, landing_target->position_valid);\n'}
[2.093992] (mavlink_gui_tester) StderrLine: {'line': b'      |                                                                  \x1b[01;35m\x1b[K~~~~~~~~~~~~~~~~^\x1b[m\x1b[K\n'}
[2.094023] (mavlink_gui_tester) StderrLine: {'line': b'\n'}
[2.094054] (mavlink_gui_tester) StderrLine: {'line': b'\x1b[01m\x1b[K/home/a/ws_moveit2/src/MAVLink/MAVLink_gui_ros2/../MAVLink_ros2/include/mavlink/c_library_v2/common/./mavlink_msg_landing_target.h:\x1b[m\x1b[K In function \xe2\x80\x98\x1b[01m\x1b[Kuint16_t mavlink_msg_landing_target_encode_chan(uint8_t, uint8_t, uint8_t, mavlink_message_t*, const mavlink_landing_target_t*)\x1b[m\x1b[K\xe2\x80\x99:\n'}
[2.094088] (mavlink_gui_tester) StderrLine: {'line': b'\x1b[01m\x1b[K/home/a/ws_moveit2/src/MAVLink/MAVLink_gui_ros2/../MAVLink_ros2/include/mavlink/c_library_v2/common/./mavlink_msg_landing_target.h:302:360:\x1b[m\x1b[K \x1b[01;35m\x1b[Kwarning: \x1b[m\x1b[Ktaking address of packed member of \xe2\x80\x98\x1b[01m\x1b[K__mavlink_landing_target_t\x1b[m\x1b[K\xe2\x80\x99 may result in an unaligned pointer value [\x1b[01;35m\x1b[K\x1b]8;;https://gcc.gnu.org/onlinedocs/gcc/Warning-Options.html#index-Waddress-of-packed-member\x07-Waddress-of-packed-member\x1b]8;;\x07\x1b[m\x1b[K]\n'}
[2.094123] (mavlink_gui_tester) StderrLine: {'line': b'  302 | size_y, landing_target->x, landing_target->y, landing_target->z, \x1b[01;35m\x1b[Klanding_target->q\x1b[m\x1b[K, landing_target->type, landing_target->position_valid);\n'}
[2.094155] (mavlink_gui_tester) StderrLine: {'line': b'      |                                                                  \x1b[01;35m\x1b[K~~~~~~~~~~~~~~~~^\x1b[m\x1b[K\n'}
[2.094188] (mavlink_gui_tester) StderrLine: {'line': b'\n'}
[2.094219] (mavlink_gui_tester) StderrLine: {'line': b'\x1b[01m\x1b[K/home/a/ws_moveit2/src/MAVLink/MAVLink_gui_ros2/../MAVLink_ros2/include/mavlink/c_library_v2/common/./mavlink_msg_landing_target.h:\x1b[m\x1b[K In function \xe2\x80\x98\x1b[01m\x1b[Kuint16_t mavlink_msg_landing_target_encode_status(uint8_t, uint8_t, mavlink_status_t*, mavlink_message_t*, const mavlink_landing_target_t*)\x1b[m\x1b[K\xe2\x80\x99:\n'}
[2.094252] (mavlink_gui_tester) StderrLine: {'line': b'\x1b[01m\x1b[K/home/a/ws_moveit2/src/MAVLink/MAVLink_gui_ros2/../MAVLink_ros2/include/mavlink/c_library_v2/common/./mavlink_msg_landing_target.h:316:366:\x1b[m\x1b[K \x1b[01;35m\x1b[Kwarning: \x1b[m\x1b[Ktaking address of packed member of \xe2\x80\x98\x1b[01m\x1b[K__mavlink_landing_target_t\x1b[m\x1b[K\xe2\x80\x99 may result in an unaligned pointer value [\x1b[01;35m\x1b[K\x1b]8;;https://gcc.gnu.org/onlinedocs/gcc/Warning-Options.html#index-Waddress-of-packed-member\x07-Waddress-of-packed-member\x1b]8;;\x07\x1b[m\x1b[K]\n'}
[2.094284] (mavlink_gui_tester) StderrLine: {'line': b'  316 | size_y, landing_target->x, landing_target->y, landing_target->z, \x1b[01;35m\x1b[Klanding_target->q\x1b[m\x1b[K, landing_target->type, landing_target->position_valid);\n'}
[2.094316] (mavlink_gui_tester) StderrLine: {'line': b'      |                                                                  \x1b[01;35m\x1b[K~~~~~~~~~~~~~~~~^\x1b[m\x1b[K\n'}
[2.094347] (mavlink_gui_tester) StderrLine: {'line': b'\n'}
[2.102540] (mavlink_gui_tester) StderrLine: {'line': b'In file included from \x1b[01m\x1b[K/home/a/ws_moveit2/src/MAVLink/MAVLink_gui_ros2/../MAVLink_ros2/include/mavlink/c_library_v2/common/common.h:2940\x1b[m\x1b[K,\n'}
[2.102863] (mavlink_gui_tester) StderrLine: {'line': b'                 from \x1b[01m\x1b[K/home/a/ws_moveit2/src/MAVLink/MAVLink_gui_ros2/../MAVLink_ros2/include/mavlink/c_library_v2/common/mavlink.h:32\x1b[m\x1b[K,\n'}
[2.102922] (mavlink_gui_tester) StderrLine: {'line': b'                 from \x1b[01m\x1b[K/home/a/ws_moveit2/src/MAVLink/MAVLink_gui_ros2/include/mavlink_gui_tester/mavlink_gui_widget.hpp:46\x1b[m\x1b[K,\n'}
[2.102969] (mavlink_gui_tester) StderrLine: {'line': b'                 from \x1b[01m\x1b[K/home/a/ws_moveit2/src/MAVLink/MAVLink_gui_ros2/src/mavlink_gui_widget.cpp:1\x1b[m\x1b[K:\n'}
[2.103031] (mavlink_gui_tester) StderrLine: {'line': b'\x1b[01m\x1b[K/home/a/ws_moveit2/src/MAVLink/MAVLink_gui_ros2/../MAVLink_ros2/include/mavlink/c_library_v2/common/./mavlink_msg_home_position.h:\x1b[m\x1b[K In function \xe2\x80\x98\x1b[01m\x1b[Kuint16_t mavlink_msg_home_position_encode(uint8_t, uint8_t, mavlink_message_t*, const mavlink_home_position_t*)\x1b[m\x1b[K\xe2\x80\x99:\n'}
[2.103083] (mavlink_gui_tester) StderrLine: {'line': b'\x1b[01m\x1b[K/home/a/ws_moveit2/src/MAVLink/MAVLink_gui_ros2/../MAVLink_ros2/include/mavlink/c_library_v2/common/./mavlink_msg_home_position.h:268:218:\x1b[m\x1b[K \x1b[01;35m\x1b[Kwarning: \x1b[m\x1b[Ktaking address of packed member of \xe2\x80\x98\x1b[01m\x1b[K__mavlink_home_position_t\x1b[m\x1b[K\xe2\x80\x99 may result in an unaligned pointer value [\x1b[01;35m\x1b[K\x1b]8;;https://gcc.gnu.org/onlinedocs/gcc/Warning-Options.html#index-Waddress-of-packed-member\x07-Waddress-of-packed-member\x1b]8;;\x07\x1b[m\x1b[K]\n'}
[2.103135] (mavlink_gui_tester) StderrLine: {'line': b'  268 | ->altitude, home_position->x, home_position->y, home_position->z, \x1b[01;35m\x1b[Khome_position->q\x1b[m\x1b[K, home_position->approach_x, home_position->approach_y, home_position->approach_z, home_position->time_usec);\n'}
[2.103182] (mavlink_gui_tester) StderrLine: {'line': b'      |                                                                   \x1b[01;35m\x1b[K~~~~~~~~~~~~~~~^\x1b[m\x1b[K\n'}
[2.103622] (mavlink_gui_tester) StderrLine: {'line': b'\n'}
[2.103720] (mavlink_gui_tester) StderrLine: {'line': b'\x1b[01m\x1b[K/home/a/ws_moveit2/src/MAVLink/MAVLink_gui_ros2/../MAVLink_ros2/include/mavlink/c_library_v2/common/./mavlink_msg_home_position.h:\x1b[m\x1b[K In function \xe2\x80\x98\x1b[01m\x1b[Kuint16_t mavlink_msg_home_position_encode_chan(uint8_t, uint8_t, uint8_t, mavlink_message_t*, const mavlink_home_position_t*)\x1b[m\x1b[K\xe2\x80\x99:\n'}
[2.103794] (mavlink_gui_tester) StderrLine: {'line': b'\x1b[01m\x1b[K/home/a/ws_moveit2/src/MAVLink/MAVLink_gui_ros2/../MAVLink_ros2/include/mavlink/c_library_v2/common/./mavlink_msg_home_position.h:282:229:\x1b[m\x1b[K \x1b[01;35m\x1b[Kwarning: \x1b[m\x1b[Ktaking address of packed member of \xe2\x80\x98\x1b[01m\x1b[K__mavlink_home_position_t\x1b[m\x1b[K\xe2\x80\x99 may result in an unaligned pointer value [\x1b[01;35m\x1b[K\x1b]8;;https://gcc.gnu.org/onlinedocs/gcc/Warning-Options.html#index-Waddress-of-packed-member\x07-Waddress-of-packed-member\x1b]8;;\x07\x1b[m\x1b[K]\n'}
[2.103857] (mavlink_gui_tester) StderrLine: {'line': b'  282 | ->altitude, home_position->x, home_position->y, home_position->z, \x1b[01;35m\x1b[Khome_position->q\x1b[m\x1b[K, home_position->approach_x, home_position->approach_y, home_position->approach_z, home_position->time_usec);\n'}
[2.103909] (mavlink_gui_tester) StderrLine: {'line': b'      |                                                                   \x1b[01;35m\x1b[K~~~~~~~~~~~~~~~^\x1b[m\x1b[K\n'}
[2.103957] (mavlink_gui_tester) StderrLine: {'line': b'\n'}
[2.104004] (mavlink_gui_tester) StderrLine: {'line': b'\x1b[01m\x1b[K/home/a/ws_moveit2/src/MAVLink/MAVLink_gui_ros2/../MAVLink_ros2/include/mavlink/c_library_v2/common/./mavlink_msg_home_position.h:\x1b[m\x1b[K In function \xe2\x80\x98\x1b[01m\x1b[Kuint16_t mavlink_msg_home_position_encode_status(uint8_t, uint8_t, mavlink_status_t*, mavlink_message_t*, const mavlink_home_position_t*)\x1b[m\x1b[K\xe2\x80\x99:\n'}
[2.104053] (mavlink_gui_tester) StderrLine: {'line': b'\x1b[01m\x1b[K/home/a/ws_moveit2/src/MAVLink/MAVLink_gui_ros2/../MAVLink_ros2/include/mavlink/c_library_v2/common/./mavlink_msg_home_position.h:296:235:\x1b[m\x1b[K \x1b[01;35m\x1b[Kwarning: \x1b[m\x1b[Ktaking address of packed member of \xe2\x80\x98\x1b[01m\x1b[K__mavlink_home_position_t\x1b[m\x1b[K\xe2\x80\x99 may result in an unaligned pointer value [\x1b[01;35m\x1b[K\x1b]8;;https://gcc.gnu.org/onlinedocs/gcc/Warning-Options.html#index-Waddress-of-packed-member\x07-Waddress-of-packed-member\x1b]8;;\x07\x1b[m\x1b[K]\n'}
[2.104105] (mavlink_gui_tester) StderrLine: {'line': b'  296 | ->altitude, home_position->x, home_position->y, home_position->z, \x1b[01;35m\x1b[Khome_position->q\x1b[m\x1b[K, home_position->approach_x, home_position->approach_y, home_position->approach_z, home_position->time_usec);\n'}
[2.104150] (mavlink_gui_tester) StderrLine: {'line': b'      |                                                                   \x1b[01;35m\x1b[K~~~~~~~~~~~~~~~^\x1b[m\x1b[K\n'}
[2.104194] (mavlink_gui_tester) StderrLine: {'line': b'\n'}
[2.104238] (mavlink_gui_tester) StderrLine: {'line': b'In file included from \x1b[01m\x1b[K/home/a/ws_moveit2/src/MAVLink/MAVLink_gui_ros2/../MAVLink_ros2/include/mavlink/c_library_v2/common/common.h:2941\x1b[m\x1b[K,\n'}
[2.104284] (mavlink_gui_tester) StderrLine: {'line': b'                 from \x1b[01m\x1b[K/home/a/ws_moveit2/src/MAVLink/MAVLink_gui_ros2/../MAVLink_ros2/include/mavlink/c_library_v2/common/mavlink.h:32\x1b[m\x1b[K,\n'}
[2.104329] (mavlink_gui_tester) StderrLine: {'line': b'                 from \x1b[01m\x1b[K/home/a/ws_moveit2/src/MAVLink/MAVLink_gui_ros2/include/mavlink_gui_tester/mavlink_gui_widget.hpp:46\x1b[m\x1b[K,\n'}
[2.104375] (mavlink_gui_tester) StderrLine: {'line': b'                 from \x1b[01m\x1b[K/home/a/ws_moveit2/src/MAVLink/MAVLink_gui_ros2/src/mavlink_gui_widget.cpp:1\x1b[m\x1b[K:\n'}
[2.104405] (mavlink_gui_tester) StderrLine: {'line': b'\x1b[01m\x1b[K/home/a/ws_moveit2/src/MAVLink/MAVLink_gui_ros2/../MAVLink_ros2/include/mavlink/c_library_v2/common/./mavlink_msg_set_home_position.h:\x1b[m\x1b[K In function \xe2\x80\x98\x1b[01m\x1b[Kuint16_t mavlink_msg_set_home_position_encode(uint8_t, uint8_t, mavlink_message_t*, const mavlink_set_home_position_t*)\x1b[m\x1b[K\xe2\x80\x99:\n'}
[2.104434] (mavlink_gui_tester) StderrLine: {'line': b'\x1b[01m\x1b[K/home/a/ws_moveit2/src/MAVLink/MAVLink_gui_ros2/../MAVLink_ros2/include/mavlink/c_library_v2/common/./mavlink_msg_set_home_position.h:264:284:\x1b[m\x1b[K \x1b[01;35m\x1b[Kwarning: \x1b[m\x1b[Ktaking address of packed member of \xe2\x80\x98\x1b[01m\x1b[K__mavlink_set_home_position_t\x1b[m\x1b[K\xe2\x80\x99 may result in an unaligned pointer value [\x1b[01;35m\x1b[K\x1b]8;;https://gcc.gnu.org/onlinedocs/gcc/Warning-Options.html#index-Waddress-of-packed-member\x07-Waddress-of-packed-member\x1b]8;;\x07\x1b[m\x1b[K]\n'}
[2.104462] (mavlink_gui_tester) StderrLine: {'line': b'  264 | home_position->x, set_home_position->y, set_home_position->z, \x1b[01;35m\x1b[Kset_home_position->q\x1b[m\x1b[K, set_home_position->approach_x, set_home_position->approach_y, set_home_position->approach_z, set_home_position->time_usec);\n'}
[2.104490] (mavlink_gui_tester) StderrLine: {'line': b'      |                                                               \x1b[01;35m\x1b[K~~~~~~~~~~~~~~~~~~~^\x1b[m\x1b[K\n'}
[2.104517] (mavlink_gui_tester) StderrLine: {'line': b'\n'}
[2.104543] (mavlink_gui_tester) StderrLine: {'line': b'\x1b[01m\x1b[K/home/a/ws_moveit2/src/MAVLink/MAVLink_gui_ros2/../MAVLink_ros2/include/mavlink/c_library_v2/common/./mavlink_msg_set_home_position.h:\x1b[m\x1b[K In function \xe2\x80\x98\x1b[01m\x1b[Kuint16_t mavlink_msg_set_home_position_encode_chan(uint8_t, uint8_t, uint8_t, mavlink_message_t*, const mavlink_set_home_position_t*)\x1b[m\x1b[K\xe2\x80\x99:\n'}
[2.104570] (mavlink_gui_tester) StderrLine: {'line': b'\x1b[01m\x1b[K/home/a/ws_moveit2/src/MAVLink/MAVLink_gui_ros2/../MAVLink_ros2/include/mavlink/c_library_v2/common/./mavlink_msg_set_home_position.h:278:295:\x1b[m\x1b[K \x1b[01;35m\x1b[Kwarning: \x1b[m\x1b[Ktaking address of packed member of \xe2\x80\x98\x1b[01m\x1b[K__mavlink_set_home_position_t\x1b[m\x1b[K\xe2\x80\x99 may result in an unaligned pointer value [\x1b[01;35m\x1b[K\x1b]8;;https://gcc.gnu.org/onlinedocs/gcc/Warning-Options.html#index-Waddress-of-packed-member\x07-Waddress-of-packed-member\x1b]8;;\x07\x1b[m\x1b[K]\n'}
[2.104596] (mavlink_gui_tester) StderrLine: {'line': b'  278 | home_position->x, set_home_position->y, set_home_position->z, \x1b[01;35m\x1b[Kset_home_position->q\x1b[m\x1b[K, set_home_position->approach_x, set_home_position->approach_y, set_home_position->approach_z, set_home_position->time_usec);\n'}
[2.104626] (mavlink_gui_tester) StderrLine: {'line': b'      |                                                               \x1b[01;35m\x1b[K~~~~~~~~~~~~~~~~~~~^\x1b[m\x1b[K\n'}
[2.104652] (mavlink_gui_tester) StderrLine: {'line': b'\n'}
[2.104677] (mavlink_gui_tester) StderrLine: {'line': b'\x1b[01m\x1b[K/home/a/ws_moveit2/src/MAVLink/MAVLink_gui_ros2/../MAVLink_ros2/include/mavlink/c_library_v2/common/./mavlink_msg_set_home_position.h:\x1b[m\x1b[K In function \xe2\x80\x98\x1b[01m\x1b[Kuint16_t mavlink_msg_set_home_position_encode_status(uint8_t, uint8_t, mavlink_status_t*, mavlink_message_t*, const mavlink_set_home_position_t*)\x1b[m\x1b[K\xe2\x80\x99:\n'}
[2.104706] (mavlink_gui_tester) StderrLine: {'line': b'\x1b[01m\x1b[K/home/a/ws_moveit2/src/MAVLink/MAVLink_gui_ros2/../MAVLink_ros2/include/mavlink/c_library_v2/common/./mavlink_msg_set_home_position.h:292:301:\x1b[m\x1b[K \x1b[01;35m\x1b[Kwarning: \x1b[m\x1b[Ktaking address of packed member of \xe2\x80\x98\x1b[01m\x1b[K__mavlink_set_home_position_t\x1b[m\x1b[K\xe2\x80\x99 may result in an unaligned pointer value [\x1b[01;35m\x1b[K\x1b]8;;https://gcc.gnu.org/onlinedocs/gcc/Warning-Options.html#index-Waddress-of-packed-member\x07-Waddress-of-packed-member\x1b]8;;\x07\x1b[m\x1b[K]\n'}
[2.104733] (mavlink_gui_tester) StderrLine: {'line': b'  292 | home_position->x, set_home_position->y, set_home_position->z, \x1b[01;35m\x1b[Kset_home_position->q\x1b[m\x1b[K, set_home_position->approach_x, set_home_position->approach_y, set_home_position->approach_z, set_home_position->time_usec);\n'}
[2.104765] (mavlink_gui_tester) StderrLine: {'line': b'      |                                                               \x1b[01;35m\x1b[K~~~~~~~~~~~~~~~~~~~^\x1b[m\x1b[K\n'}
[2.104791] (mavlink_gui_tester) StderrLine: {'line': b'\n'}
[2.106612] (-) TimerEvent: {}
[2.124555] (mavlink_gui_tester) StderrLine: {'line': b'In file included from \x1b[01m\x1b[K/home/a/ws_moveit2/src/MAVLink/MAVLink_gui_ros2/../MAVLink_ros2/include/mavlink/c_library_v2/common/common.h:2978\x1b[m\x1b[K,\n'}
[2.124701] (mavlink_gui_tester) StderrLine: {'line': b'                 from \x1b[01m\x1b[K/home/a/ws_moveit2/src/MAVLink/MAVLink_gui_ros2/../MAVLink_ros2/include/mavlink/c_library_v2/common/mavlink.h:32\x1b[m\x1b[K,\n'}
[2.124788] (mavlink_gui_tester) StderrLine: {'line': b'                 from \x1b[01m\x1b[K/home/a/ws_moveit2/src/MAVLink/MAVLink_gui_ros2/include/mavlink_gui_tester/mavlink_gui_widget.hpp:46\x1b[m\x1b[K,\n'}
[2.124851] (mavlink_gui_tester) StderrLine: {'line': b'                 from \x1b[01m\x1b[K/home/a/ws_moveit2/src/MAVLink/MAVLink_gui_ros2/src/mavlink_gui_widget.cpp:1\x1b[m\x1b[K:\n'}
[2.124910] (mavlink_gui_tester) StderrLine: {'line': b'\x1b[01m\x1b[K/home/a/ws_moveit2/src/MAVLink/MAVLink_gui_ros2/../MAVLink_ros2/include/mavlink/c_library_v2/common/./mavlink_msg_autopilot_state_for_gimbal_device.h:\x1b[m\x1b[K In function \xe2\x80\x98\x1b[01m\x1b[Kuint16_t mavlink_msg_autopilot_state_for_gimbal_device_encode(uint8_t, uint8_t, mavlink_message_t*, const mavlink_autopilot_state_for_gimbal_device_t*)\x1b[m\x1b[K\xe2\x80\x99:\n'}
[2.125032] (mavlink_gui_tester) StderrLine: {'line': b'\x1b[01m\x1b[K/home/a/ws_moveit2/src/MAVLink/MAVLink_gui_ros2/../MAVLink_ros2/include/mavlink/c_library_v2/common/./mavlink_msg_autopilot_state_for_gimbal_device.h:276:280:\x1b[m\x1b[K \x1b[01;35m\x1b[Kwarning: \x1b[m\x1b[Ktaking address of packed member of \xe2\x80\x98\x1b[01m\x1b[K__mavlink_autopilot_state_for_gimbal_device_t\x1b[m\x1b[K\xe2\x80\x99 may result in an unaligned pointer value [\x1b[01;35m\x1b[K\x1b]8;;https://gcc.gnu.org/onlinedocs/gcc/Warning-Options.html#index-Waddress-of-packed-member\x07-Waddress-of-packed-member\x1b]8;;\x07\x1b[m\x1b[K]\n'}
[2.125102] (mavlink_gui_tester) StderrLine: {'line': b'  276 | opilot_state_for_gimbal_device->time_boot_us, \x1b[01;35m\x1b[Kautopilot_state_for_gimbal_device->q\x1b[m\x1b[K, autopilot_state_for_gimbal_device->q_estimated_delay_us, autopilot_state_for_gimbal_device->vx, autopilot_state_for_gimbal_device->vy, autopilot_state_for_gimbal_device->vz, autopilot_state_for_gimbal_device->v_estimated_delay_us, autopilot_state_for_gimbal_device->feed_forward_angular_velocity_z, autopilot_state_for_gimbal_device->estimator_status, autopilot_state_for_gimbal_device->landed_state, autopilot_state_for_gimbal_device->angular_velocity_z);\n'}
[2.125163] (mavlink_gui_tester) StderrLine: {'line': b'      |                                               \x1b[01;35m\x1b[K~~~~~~~~~~~~~~~~~~~~~~~~~~~~~~~~~~~^\x1b[m\x1b[K\n'}
[2.125215] (mavlink_gui_tester) StderrLine: {'line': b'\n'}
[2.125267] (mavlink_gui_tester) StderrLine: {'line': b'In file included from \x1b[01m\x1b[K/home/a/ws_moveit2/src/MAVLink/MAVLink_gui_ros2/../MAVLink_ros2/include/mavlink/c_library_v2/common/common.h:2978\x1b[m\x1b[K,\n'}
[2.125321] (mavlink_gui_tester) StderrLine: {'line': b'                 from \x1b[01m\x1b[K/home/a/ws_moveit2/src/MAVLink/MAVLink_gui_ros2/../MAVLink_ros2/include/mavlink/c_library_v2/common/mavlink.h:32\x1b[m\x1b[K,\n'}
[2.125372] (mavlink_gui_tester) StderrLine: {'line': b'                 from \x1b[01m\x1b[K/home/a/ws_moveit2/src/MAVLink/MAVLink_gui_ros2/include/mavlink_gui_tester/mavlink_gui_widget.hpp:46\x1b[m\x1b[K,\n'}
[2.125423] (mavlink_gui_tester) StderrLine: {'line': b'                 from \x1b[01m\x1b[K/home/a/ws_moveit2/src/MAVLink/MAVLink_gui_ros2/src/mavlink_gui_widget.cpp:1\x1b[m\x1b[K:\n'}
[2.125474] (mavlink_gui_tester) StderrLine: {'line': b'\x1b[01m\x1b[K/home/a/ws_moveit2/src/MAVLink/MAVLink_gui_ros2/../MAVLink_ros2/include/mavlink/c_library_v2/common/./mavlink_msg_autopilot_state_for_gimbal_device.h:\x1b[m\x1b[K In function \xe2\x80\x98\x1b[01m\x1b[Kuint16_t mavlink_msg_autopilot_state_for_gimbal_device_encode_chan(uint8_t, uint8_t, uint8_t, mavlink_message_t*, const mavlink_autopilot_state_for_gimbal_device_t*)\x1b[m\x1b[K\xe2\x80\x99:\n'}
[2.125533] (mavlink_gui_tester) StderrLine: {'line': b'\x1b[01m\x1b[K/home/a/ws_moveit2/src/MAVLink/MAVLink_gui_ros2/../MAVLink_ros2/include/mavlink/c_library_v2/common/./mavlink_msg_autopilot_state_for_gimbal_device.h:290:291:\x1b[m\x1b[K \x1b[01;35m\x1b[Kwarning: \x1b[m\x1b[Ktaking address of packed member of \xe2\x80\x98\x1b[01m\x1b[K__mavlink_autopilot_state_for_gimbal_device_t\x1b[m\x1b[K\xe2\x80\x99 may result in an unaligned pointer value [\x1b[01;35m\x1b[K\x1b]8;;https://gcc.gnu.org/onlinedocs/gcc/Warning-Options.html#index-Waddress-of-packed-member\x07-Waddress-of-packed-member\x1b]8;;\x07\x1b[m\x1b[K]\n'}
[2.125597] (mavlink_gui_tester) StderrLine: {'line': b'  290 | opilot_state_for_gimbal_device->time_boot_us, \x1b[01;35m\x1b[Kautopilot_state_for_gimbal_device->q\x1b[m\x1b[K, autopilot_state_for_gimbal_device->q_estimated_delay_us, autopilot_state_for_gimbal_device->vx, autopilot_state_for_gimbal_device->vy, autopilot_state_for_gimbal_device->vz, autopilot_state_for_gimbal_device->v_estimated_delay_us, autopilot_state_for_gimbal_device->feed_forward_angular_velocity_z, autopilot_state_for_gimbal_device->estimator_status, autopilot_state_for_gimbal_device->landed_state, autopilot_state_for_gimbal_device->angular_velocity_z);\n'}
[2.125652] (mavlink_gui_tester) StderrLine: {'line': b'      |                                               \x1b[01;35m\x1b[K~~~~~~~~~~~~~~~~~~~~~~~~~~~~~~~~~~~^\x1b[m\x1b[K\n'}
[2.125703] (mavlink_gui_tester) StderrLine: {'line': b'\n'}
[2.125761] (mavlink_gui_tester) StderrLine: {'line': b'In file included from \x1b[01m\x1b[K/home/a/ws_moveit2/src/MAVLink/MAVLink_gui_ros2/../MAVLink_ros2/include/mavlink/c_library_v2/common/common.h:2978\x1b[m\x1b[K,\n'}
[2.125816] (mavlink_gui_tester) StderrLine: {'line': b'                 from \x1b[01m\x1b[K/home/a/ws_moveit2/src/MAVLink/MAVLink_gui_ros2/../MAVLink_ros2/include/mavlink/c_library_v2/common/mavlink.h:32\x1b[m\x1b[K,\n'}
[2.125868] (mavlink_gui_tester) StderrLine: {'line': b'                 from \x1b[01m\x1b[K/home/a/ws_moveit2/src/MAVLink/MAVLink_gui_ros2/include/mavlink_gui_tester/mavlink_gui_widget.hpp:46\x1b[m\x1b[K,\n'}
[2.125921] (mavlink_gui_tester) StderrLine: {'line': b'                 from \x1b[01m\x1b[K/home/a/ws_moveit2/src/MAVLink/MAVLink_gui_ros2/src/mavlink_gui_widget.cpp:1\x1b[m\x1b[K:\n'}
[2.125976] (mavlink_gui_tester) StderrLine: {'line': b'\x1b[01m\x1b[K/home/a/ws_moveit2/src/MAVLink/MAVLink_gui_ros2/../MAVLink_ros2/include/mavlink/c_library_v2/common/./mavlink_msg_autopilot_state_for_gimbal_device.h:\x1b[m\x1b[K In function \xe2\x80\x98\x1b[01m\x1b[Kuint16_t mavlink_msg_autopilot_state_for_gimbal_device_encode_status(uint8_t, uint8_t, mavlink_status_t*, mavlink_message_t*, const mavlink_autopilot_state_for_gimbal_device_t*)\x1b[m\x1b[K\xe2\x80\x99:\n'}
[2.126030] (mavlink_gui_tester) StderrLine: {'line': b'\x1b[01m\x1b[K/home/a/ws_moveit2/src/MAVLink/MAVLink_gui_ros2/../MAVLink_ros2/include/mavlink/c_library_v2/common/./mavlink_msg_autopilot_state_for_gimbal_device.h:304:297:\x1b[m\x1b[K \x1b[01;35m\x1b[Kwarning: \x1b[m\x1b[Ktaking address of packed member of \xe2\x80\x98\x1b[01m\x1b[K__mavlink_autopilot_state_for_gimbal_device_t\x1b[m\x1b[K\xe2\x80\x99 may result in an unaligned pointer value [\x1b[01;35m\x1b[K\x1b]8;;https://gcc.gnu.org/onlinedocs/gcc/Warning-Options.html#index-Waddress-of-packed-member\x07-Waddress-of-packed-member\x1b]8;;\x07\x1b[m\x1b[K]\n'}
[2.126089] (mavlink_gui_tester) StderrLine: {'line': b'  304 | opilot_state_for_gimbal_device->time_boot_us, \x1b[01;35m\x1b[Kautopilot_state_for_gimbal_device->q\x1b[m\x1b[K, autopilot_state_for_gimbal_device->q_estimated_delay_us, autopilot_state_for_gimbal_device->vx, autopilot_state_for_gimbal_device->vy, autopilot_state_for_gimbal_device->vz, autopilot_state_for_gimbal_device->v_estimated_delay_us, autopilot_state_for_gimbal_device->feed_forward_angular_velocity_z, autopilot_state_for_gimbal_device->estimator_status, autopilot_state_for_gimbal_device->landed_state, autopilot_state_for_gimbal_device->angular_velocity_z);\n'}
[2.126142] (mavlink_gui_tester) StderrLine: {'line': b'      |                                               \x1b[01;35m\x1b[K~~~~~~~~~~~~~~~~~~~~~~~~~~~~~~~~~~~^\x1b[m\x1b[K\n'}
[2.126193] (mavlink_gui_tester) StderrLine: {'line': b'\n'}
[2.132860] (mavlink_gui_tester) StderrLine: {'line': b'In file included from \x1b[01m\x1b[K/home/a/ws_moveit2/src/MAVLink/MAVLink_gui_ros2/../MAVLink_ros2/include/mavlink/c_library_v2/common/common.h:2992\x1b[m\x1b[K,\n'}
[2.133011] (mavlink_gui_tester) StderrLine: {'line': b'                 from \x1b[01m\x1b[K/home/a/ws_moveit2/src/MAVLink/MAVLink_gui_ros2/../MAVLink_ros2/include/mavlink/c_library_v2/common/mavlink.h:32\x1b[m\x1b[K,\n'}
[2.133078] (mavlink_gui_tester) StderrLine: {'line': b'                 from \x1b[01m\x1b[K/home/a/ws_moveit2/src/MAVLink/MAVLink_gui_ros2/include/mavlink_gui_tester/mavlink_gui_widget.hpp:46\x1b[m\x1b[K,\n'}
[2.133136] (mavlink_gui_tester) StderrLine: {'line': b'                 from \x1b[01m\x1b[K/home/a/ws_moveit2/src/MAVLink/MAVLink_gui_ros2/src/mavlink_gui_widget.cpp:1\x1b[m\x1b[K:\n'}
[2.133193] (mavlink_gui_tester) StderrLine: {'line': b'\x1b[01m\x1b[K/home/a/ws_moveit2/src/MAVLink/MAVLink_gui_ros2/../MAVLink_ros2/include/mavlink/c_library_v2/common/./mavlink_msg_obstacle_distance.h:\x1b[m\x1b[K In function \xe2\x80\x98\x1b[01m\x1b[Kuint16_t mavlink_msg_obstacle_distance_encode(uint8_t, uint8_t, mavlink_message_t*, const mavlink_obstacle_distance_t*)\x1b[m\x1b[K\xe2\x80\x99:\n'}
[2.133262] (mavlink_gui_tester) StderrLine: {'line': b'\x1b[01m\x1b[K/home/a/ws_moveit2/src/MAVLink/MAVLink_gui_ros2/../MAVLink_ros2/include/mavlink/c_library_v2/common/./mavlink_msg_obstacle_distance.h:228:158:\x1b[m\x1b[K \x1b[01;35m\x1b[Kwarning: \x1b[m\x1b[Ktaking address of packed member of \xe2\x80\x98\x1b[01m\x1b[K__mavlink_obstacle_distance_t\x1b[m\x1b[K\xe2\x80\x99 may result in an unaligned pointer value [\x1b[01;35m\x1b[K\x1b]8;;https://gcc.gnu.org/onlinedocs/gcc/Warning-Options.html#index-Waddress-of-packed-member\x07-Waddress-of-packed-member\x1b]8;;\x07\x1b[m\x1b[K]\n'}
[2.133323] (mavlink_gui_tester) StderrLine: {'line': b'  228 | obstacle_distance->time_usec, obstacle_distance->sensor_type, \x1b[01;35m\x1b[Kobstacle_distance->distances\x1b[m\x1b[K, obstacle_distance->increment, obstacle_distance->min_distance, obstacle_distance->max_distance, obstacle_distance->increment_f, obstacle_distance->angle_offset, obstacle_distance->frame);\n'}
[2.133378] (mavlink_gui_tester) StderrLine: {'line': b'      |                                                               \x1b[01;35m\x1b[K~~~~~~~~~~~~~~~~~~~^~~~~~~~~\x1b[m\x1b[K\n'}
[2.133432] (mavlink_gui_tester) StderrLine: {'line': b'\n'}
[2.133483] (mavlink_gui_tester) StderrLine: {'line': b'\x1b[01m\x1b[K/home/a/ws_moveit2/src/MAVLink/MAVLink_gui_ros2/../MAVLink_ros2/include/mavlink/c_library_v2/common/./mavlink_msg_obstacle_distance.h:\x1b[m\x1b[K In function \xe2\x80\x98\x1b[01m\x1b[Kuint16_t mavlink_msg_obstacle_distance_encode_chan(uint8_t, uint8_t, uint8_t, mavlink_message_t*, const mavlink_obstacle_distance_t*)\x1b[m\x1b[K\xe2\x80\x99:\n'}
[2.133538] (mavlink_gui_tester) StderrLine: {'line': b'\x1b[01m\x1b[K/home/a/ws_moveit2/src/MAVLink/MAVLink_gui_ros2/../MAVLink_ros2/include/mavlink/c_library_v2/common/./mavlink_msg_obstacle_distance.h:242:169:\x1b[m\x1b[K \x1b[01;35m\x1b[Kwarning: \x1b[m\x1b[Ktaking address of packed member of \xe2\x80\x98\x1b[01m\x1b[K__mavlink_obstacle_distance_t\x1b[m\x1b[K\xe2\x80\x99 may result in an unaligned pointer value [\x1b[01;35m\x1b[K\x1b]8;;https://gcc.gnu.org/onlinedocs/gcc/Warning-Options.html#index-Waddress-of-packed-member\x07-Waddress-of-packed-member\x1b]8;;\x07\x1b[m\x1b[K]\n'}
[2.133594] (mavlink_gui_tester) StderrLine: {'line': b'  242 | obstacle_distance->time_usec, obstacle_distance->sensor_type, \x1b[01;35m\x1b[Kobstacle_distance->distances\x1b[m\x1b[K, obstacle_distance->increment, obstacle_distance->min_distance, obstacle_distance->max_distance, obstacle_distance->increment_f, obstacle_distance->angle_offset, obstacle_distance->frame);\n'}
[2.133652] (mavlink_gui_tester) StderrLine: {'line': b'      |                                                               \x1b[01;35m\x1b[K~~~~~~~~~~~~~~~~~~~^~~~~~~~~\x1b[m\x1b[K\n'}
[2.133709] (mavlink_gui_tester) StderrLine: {'line': b'\n'}
[2.133773] (mavlink_gui_tester) StderrLine: {'line': b'\x1b[01m\x1b[K/home/a/ws_moveit2/src/MAVLink/MAVLink_gui_ros2/../MAVLink_ros2/include/mavlink/c_library_v2/common/./mavlink_msg_obstacle_distance.h:\x1b[m\x1b[K In function \xe2\x80\x98\x1b[01m\x1b[Kuint16_t mavlink_msg_obstacle_distance_encode_status(uint8_t, uint8_t, mavlink_status_t*, mavlink_message_t*, const mavlink_obstacle_distance_t*)\x1b[m\x1b[K\xe2\x80\x99:\n'}
[2.133830] (mavlink_gui_tester) StderrLine: {'line': b'\x1b[01m\x1b[K/home/a/ws_moveit2/src/MAVLink/MAVLink_gui_ros2/../MAVLink_ros2/include/mavlink/c_library_v2/common/./mavlink_msg_obstacle_distance.h:256:175:\x1b[m\x1b[K \x1b[01;35m\x1b[Kwarning: \x1b[m\x1b[Ktaking address of packed member of \xe2\x80\x98\x1b[01m\x1b[K__mavlink_obstacle_distance_t\x1b[m\x1b[K\xe2\x80\x99 may result in an unaligned pointer value [\x1b[01;35m\x1b[K\x1b]8;;https://gcc.gnu.org/onlinedocs/gcc/Warning-Options.html#index-Waddress-of-packed-member\x07-Waddress-of-packed-member\x1b]8;;\x07\x1b[m\x1b[K]\n'}
[2.133886] (mavlink_gui_tester) StderrLine: {'line': b'  256 | obstacle_distance->time_usec, obstacle_distance->sensor_type, \x1b[01;35m\x1b[Kobstacle_distance->distances\x1b[m\x1b[K, obstacle_distance->increment, obstacle_distance->min_distance, obstacle_distance->max_distance, obstacle_distance->increment_f, obstacle_distance->angle_offset, obstacle_distance->frame);\n'}
[2.133940] (mavlink_gui_tester) StderrLine: {'line': b'      |                                                               \x1b[01;35m\x1b[K~~~~~~~~~~~~~~~~~~~^~~~~~~~~\x1b[m\x1b[K\n'}
[2.133991] (mavlink_gui_tester) StderrLine: {'line': b'\n'}
[2.206752] (-) TimerEvent: {}
[2.307176] (-) TimerEvent: {}
[2.407506] (-) TimerEvent: {}
[2.507830] (-) TimerEvent: {}
[2.608145] (-) TimerEvent: {}
[2.708463] (-) TimerEvent: {}
[2.808784] (-) TimerEvent: {}
[2.909117] (-) TimerEvent: {}
[3.009432] (-) TimerEvent: {}
[3.045136] (mavlink_gui_tester) StdoutLine: {'line': b'[ 37%] \x1b[32m\x1b[1mLinking CXX executable mavlink_gui_tester_node\x1b[0m\n'}
[3.109559] (-) TimerEvent: {}
[3.209915] (-) TimerEvent: {}
[3.310306] (-) TimerEvent: {}
[3.410659] (-) TimerEvent: {}
[3.511047] (-) TimerEvent: {}
[3.611419] (-) TimerEvent: {}
[3.711769] (-) TimerEvent: {}
[3.713549] (mavlink_gui_tester) StdoutLine: {'line': b'[100%] Built target mavlink_gui_tester_node\n'}
[3.724193] (mavlink_gui_tester) CommandEnded: {'returncode': 0}
[3.725064] (mavlink_gui_tester) JobProgress: {'identifier': 'mavlink_gui_tester', 'progress': 'install'}
[3.732474] (mavlink_gui_tester) Command: {'cmd': ['/usr/bin/cmake', '--install', '/home/a/ws_moveit2/build/mavlink_gui_tester'], 'cwd': '/home/a/ws_moveit2/build/mavlink_gui_tester', 'env': OrderedDict([('GJS_DEBUG_TOPICS', 'JS ERROR;JS LOG'), ('LESSOPEN', '| /usr/bin/lesspipe %s'), ('USER', 'a'), ('XDG_SESSION_TYPE', 'wayland'), ('SHLVL', '1'), ('LD_LIBRARY_PATH', '/home/a/ws_moveit2/install/trac_ik_kinematics_plugin/lib:/home/a/ws_moveit2/install/trac_ik_lib/lib:/home/a/ws_moveit2/install/stm32_mavlink_interface/lib:/home/a/ws_moveit2/install/right_arm_ikfast_plugin/lib:/home/a/ws_moveit2/install/pilz_industrial_motion_planner_testutils/lib:/home/a/ws_moveit2/install/pilz_industrial_motion_planner/lib:/home/a/ws_moveit2/install/moveit_visual_tools/lib:/home/a/ws_moveit2/install/moveit_task_constructor_visualization/lib:/home/a/ws_moveit2/install/moveit_task_constructor_demo/lib:/home/a/ws_moveit2/install/moveit_task_constructor_capabilities/lib:/home/a/ws_moveit2/install/moveit_task_constructor_core/lib:/home/a/ws_moveit2/install/moveit_ros_control_interface/lib:/home/a/ws_moveit2/install/moveit_simple_controller_manager/lib:/home/a/ws_moveit2/install/moveit_setup_assistant/lib:/home/a/ws_moveit2/install/moveit_setup_srdf_plugins/lib:/home/a/ws_moveit2/install/moveit_setup_core_plugins/lib:/home/a/ws_moveit2/install/moveit_setup_controllers/lib:/home/a/ws_moveit2/install/moveit_setup_app_plugins/lib:/home/a/ws_moveit2/install/moveit_setup_framework/lib:/home/a/ws_moveit2/install/moveit_servo/lib:/home/a/ws_moveit2/install/moveit_ros_visualization/lib:/home/a/ws_moveit2/install/moveit_hybrid_planning/lib:/home/a/ws_moveit2/install/moveit_ros_planning_interface/lib:/home/a/ws_moveit2/install/moveit_ros_benchmarks/lib:/home/a/ws_moveit2/install/moveit_ros_warehouse/lib:/home/a/ws_moveit2/install/moveit_ros_robot_interaction/lib:/home/a/ws_moveit2/install/moveit_ros_perception/lib:/home/a/ws_moveit2/install/moveit_ros_move_group/lib:/home/a/ws_moveit2/install/moveit_planners_ompl/lib:/home/a/ws_moveit2/install/left_arm_ikfast_plugin/lib:/home/a/ws_moveit2/install/moveit_ros_planning/lib:/home/a/ws_moveit2/install/moveit_ros_occupancy_map_monitor/lib:/home/a/ws_moveit2/install/moveit_resources_prbt_ikfast_manipulator_plugin/lib:/home/a/ws_moveit2/install/moveit_planners_chomp/lib:/home/a/ws_moveit2/install/moveit_kinematics/lib:/home/a/ws_moveit2/install/moveit_chomp_optimizer_adapter/lib:/home/a/ws_moveit2/install/chomp_motion_planner/lib:/home/a/ws_moveit2/install/moveit_core/lib:/home/a/ws_moveit2/install/srdfdom/lib:/home/a/ws_moveit2/install/rviz_marker_tools/lib:/home/a/ws_moveit2/install/rosparam_shortcuts/lib:/home/a/ws_moveit2/install/realsense2_camera/lib:/home/a/ws_moveit2/install/realsense2_camera_msgs/lib:/home/a/ws_moveit2/install/moveit_task_constructor_msgs/lib:/home/a/ws_moveit2/install/dynamixel_sdk_custom_interfaces/lib:/home/a/ws_moveit2/install/dynamixel_controller/lib:/home/a/ws_moveit2/install/dynamixel_sdk/lib:/usr/lib/x86_64-linux-gnu/gazebo-11/plugins:/opt/ros/humble/opt/rviz_ogre_vendor/lib:/opt/ros/humble/lib/x86_64-linux-gnu:/opt/ros/humble/lib'), ('HOME', '/home/a'), ('OLDPWD', '/home/a/ws_moveit2/src/MAVLink'), ('DESKTOP_SESSION', 'ubuntu'), ('NVM_BIN', '/home/a/.nvm/versions/node/v22.18.0/bin'), ('NVM_INC', '/home/a/.nvm/versions/node/v22.18.0/include/node'), ('GIO_LAUNCHED_DESKTOP_FILE', '/usr/share/applications/terminator.desktop'), ('ROS_PYTHON_VERSION', '3'), ('GNOME_SHELL_SESSION_MODE', 'ubuntu'), ('GTK_MODULES', 'gail:atk-bridge'), ('MANAGERPID', '1213'), ('SYSTEMD_EXEC_PID', '1445'), ('DBUS_SESSION_BUS_ADDRESS', 'unix:path=/run/user/1000/bus'), ('COLORTERM', 'truecolor'), ('TERMINATOR_DBUS_NAME', 'net.tenshu.Terminator25ef4b219e3b005583550f2b0f9f990c3'), ('GIO_LAUNCHED_DESKTOP_FILE_PID', '3048'), ('NVM_DIR', '/home/a/.nvm'), ('IM_CONFIG_PHASE', '1'), ('WAYLAND_DISPLAY', 'wayland-0'), ('COLCON_PREFIX_PATH', '/home/a/ws_moveit2/install'), ('ROS_DISTRO', 'humble'), ('LOGNAME', 'a'), ('JOURNAL_STREAM', '8:3514'), ('_', '/usr/bin/colcon'), ('ROS_VERSION', '2'), ('XDG_SESSION_CLASS', 'user'), ('USERNAME', 'a'), ('TERM', 'xterm-256color'), ('GNOME_DESKTOP_SESSION_ID', 'this-is-deprecated'), ('ROS_LOCALHOST_ONLY', '0'), ('PATH', '/home/a/ws_moveit2/install/moveit_core/bin:/home/a/.nvm/versions/node/v22.18.0/bin:/opt/ros/humble/bin:/home/a/.local/bin:/usr/local/sbin:/usr/local/bin:/usr/sbin:/usr/bin:/sbin:/bin:/usr/games:/usr/local/games:/snap/bin:/snap/bin'), ('SESSION_MANAGER', 'local/a:@/tmp/.ICE-unix/1406,unix/a:/tmp/.ICE-unix/1406'), ('INVOCATION_ID', 'a100030f866a48708cf7905c543bcf13'), ('XDG_MENU_PREFIX', 'gnome-'), ('GNOME_SETUP_DISPLAY', ':1'), ('XDG_RUNTIME_DIR', '/run/user/1000'), ('DISPLAY', ':0'), ('TERMINATOR_DBUS_PATH', '/net/tenshu/Terminator2'), ('LANG', 'en_US.UTF-8'), ('XDG_CURRENT_DESKTOP', 'ubuntu:GNOME'), ('XMODIFIERS', '@im=ibus'), ('XDG_SESSION_DESKTOP', 'ubuntu'), ('XAUTHORITY', '/run/user/1000/.mutter-Xwaylandauth.4WBWC3'), ('LS_COLORS', 'rs=0:di=01;34:ln=01;36:mh=00:pi=40;33:so=01;35:do=01;35:bd=40;33;01:cd=40;33;01:or=40;31;01:mi=00:su=37;41:sg=30;43:ca=30;41:tw=30;42:ow=34;42:st=37;44:ex=01;32:*.tar=01;31:*.tgz=01;31:*.arc=01;31:*.arj=01;31:*.taz=01;31:*.lha=01;31:*.lz4=01;31:*.lzh=01;31:*.lzma=01;31:*.tlz=01;31:*.txz=01;31:*.tzo=01;31:*.t7z=01;31:*.zip=01;31:*.z=01;31:*.dz=01;31:*.gz=01;31:*.lrz=01;31:*.lz=01;31:*.lzo=01;31:*.xz=01;31:*.zst=01;31:*.tzst=01;31:*.bz2=01;31:*.bz=01;31:*.tbz=01;31:*.tbz2=01;31:*.tz=01;31:*.deb=01;31:*.rpm=01;31:*.jar=01;31:*.war=01;31:*.ear=01;31:*.sar=01;31:*.rar=01;31:*.alz=01;31:*.ace=01;31:*.zoo=01;31:*.cpio=01;31:*.7z=01;31:*.rz=01;31:*.cab=01;31:*.wim=01;31:*.swm=01;31:*.dwm=01;31:*.esd=01;31:*.jpg=01;35:*.jpeg=01;35:*.mjpg=01;35:*.mjpeg=01;35:*.gif=01;35:*.bmp=01;35:*.pbm=01;35:*.pgm=01;35:*.ppm=01;35:*.tga=01;35:*.xbm=01;35:*.xpm=01;35:*.tif=01;35:*.tiff=01;35:*.png=01;35:*.svg=01;35:*.svgz=01;35:*.mng=01;35:*.pcx=01;35:*.mov=01;35:*.mpg=01;35:*.mpeg=01;35:*.m2v=01;35:*.mkv=01;35:*.webm=01;35:*.webp=01;35:*.ogm=01;35:*.mp4=01;35:*.m4v=01;35:*.mp4v=01;35:*.vob=01;35:*.qt=01;35:*.nuv=01;35:*.wmv=01;35:*.asf=01;35:*.rm=01;35:*.rmvb=01;35:*.flc=01;35:*.avi=01;35:*.fli=01;35:*.flv=01;35:*.gl=01;35:*.dl=01;35:*.xcf=01;35:*.xwd=01;35:*.yuv=01;35:*.cgm=01;35:*.emf=01;35:*.ogv=01;35:*.ogx=01;35:*.aac=00;36:*.au=00;36:*.flac=00;36:*.m4a=00;36:*.mid=00;36:*.midi=00;36:*.mka=00;36:*.mp3=00;36:*.mpc=00;36:*.ogg=00;36:*.ra=00;36:*.wav=00;36:*.oga=00;36:*.opus=00;36:*.spx=00;36:*.xspf=00;36:'), ('SSH_AGENT_LAUNCHER', 'gnome-keyring'), ('SSH_AUTH_SOCK', '/run/user/1000/keyring/ssh'), ('AMENT_PREFIX_PATH', '/home/a/ws_moveit2/install/urdf_0816_description:/home/a/ws_moveit2/install/trac_ik:/home/a/ws_moveit2/install/robot_config:/home/a/ws_moveit2/install/trac_ik_kinematics_plugin:/home/a/ws_moveit2/install/trac_ik_lib:/home/a/ws_moveit2/install/mavlink_controller_client:/home/a/ws_moveit2/install/stm32_mavlink_interface:/home/a/ws_moveit2/install/right_arm_ikfast_plugin:/home/a/ws_moveit2/install/pilz_industrial_motion_planner_testutils:/home/a/ws_moveit2/install/moveit_runtime:/home/a/ws_moveit2/install/moveit2_tutorials:/home/a/ws_moveit2/install/moveit:/home/a/ws_moveit2/install/moveit_planners:/home/a/ws_moveit2/install/pilz_industrial_motion_planner:/home/a/ws_moveit2/install/mtc_tutorial:/home/a/ws_moveit2/install/hello_moveit:/home/a/ws_moveit2/install/moveit_visual_tools:/home/a/ws_moveit2/install/moveit_task_constructor_visualization:/home/a/ws_moveit2/install/moveit_task_constructor_demo:/home/a/ws_moveit2/install/moveit_task_constructor_capabilities:/home/a/ws_moveit2/install/moveit_task_constructor_core:/home/a/ws_moveit2/install/moveit_ros_control_interface:/home/a/ws_moveit2/install/moveit_plugins:/home/a/ws_moveit2/install/moveit_simple_controller_manager:/home/a/ws_moveit2/install/moveit_setup_assistant:/home/a/ws_moveit2/install/moveit_setup_srdf_plugins:/home/a/ws_moveit2/install/moveit_setup_core_plugins:/home/a/ws_moveit2/install/moveit_setup_controllers:/home/a/ws_moveit2/install/moveit_setup_app_plugins:/home/a/ws_moveit2/install/moveit_setup_framework:/home/a/ws_moveit2/install/moveit_servo:/home/a/ws_moveit2/install/moveit_ros:/home/a/ws_moveit2/install/moveit_ros_visualization:/home/a/ws_moveit2/install/moveit_hybrid_planning:/home/a/ws_moveit2/install/moveit_ros_planning_interface:/home/a/ws_moveit2/install/moveit_ros_benchmarks:/home/a/ws_moveit2/install/moveit_ros_warehouse:/home/a/ws_moveit2/install/moveit_ros_robot_interaction:/home/a/ws_moveit2/install/moveit_ros_perception:/home/a/ws_moveit2/install/moveit_resources_prbt_pg70_support:/home/a/ws_moveit2/install/moveit_resources_prbt_moveit_config:/home/a/ws_moveit2/install/moveit_ros_move_group:/home/a/ws_moveit2/install/moveit_planners_ompl:/home/a/ws_moveit2/install/left_arm_ikfast_plugin:/home/a/ws_moveit2/install/moveit_ros_planning:/home/a/ws_moveit2/install/moveit_ros_occupancy_map_monitor:/home/a/ws_moveit2/install/moveit_resources_prbt_ikfast_manipulator_plugin:/home/a/ws_moveit2/install/moveit_planners_chomp:/home/a/ws_moveit2/install/moveit_kinematics:/home/a/ws_moveit2/install/moveit_chomp_optimizer_adapter:/home/a/ws_moveit2/install/chomp_motion_planner:/home/a/ws_moveit2/install/moveit_core:/home/a/ws_moveit2/install/moveit_configs_utils:/home/a/ws_moveit2/install/srdfdom:/home/a/ws_moveit2/install/rviz_marker_tools:/home/a/ws_moveit2/install/rosparam_shortcuts:/home/a/ws_moveit2/install/ros_tcp_endpoint:/home/a/ws_moveit2/install/red_seiretu_description:/home/a/ws_moveit2/install/realsense2_ros_mqtt_bridge:/home/a/ws_moveit2/install/realsense2_description:/home/a/ws_moveit2/install/realsense2_camera:/home/a/ws_moveit2/install/realsense2_camera_msgs:/home/a/ws_moveit2/install/object_description:/home/a/ws_moveit2/install/moveit_task_constructor_msgs:/home/a/ws_moveit2/install/moveit_resources_prbt_support:/home/a/ws_moveit2/install/moveit_resources:/home/a/ws_moveit2/install/moveit_resources_pr2_description:/home/a/ws_moveit2/install/moveit_resources_panda_moveit_config:/home/a/ws_moveit2/install/moveit_resources_panda_description:/home/a/ws_moveit2/install/moveit_resources_fanuc_moveit_config:/home/a/ws_moveit2/install/moveit_resources_fanuc_description:/home/a/ws_moveit2/install/moveit_common:/home/a/ws_moveit2/install/mavlink_gui_tester:/home/a/ws_moveit2/install/launch_param_builder:/home/a/ws_moveit2/install/field_description_test:/home/a/ws_moveit2/install/field_description:/home/a/ws_moveit2/install/dynamixel_sdk_examples:/home/a/ws_moveit2/install/dynamixel_sdk_custom_interfaces:/home/a/ws_moveit2/install/dynamixel_controller_gui:/home/a/ws_moveit2/install/dynamixel_controller:/home/a/ws_moveit2/install/dynamixel_sdk:/home/a/ws_moveit2/install/dynamixel_controller_client:/home/a/ws_moveit2/install/d415_rgb_depth_3d:/home/a/ws_moveit2/install/catch_gazebo_ros2_control:/home/a/ws_moveit2/install/blue_seiretu_description:/home/a/ws_moveit2/install/0525_arm_description:/opt/ros/humble'), ('SHELL', '/bin/bash'), ('TERMINATOR_UUID', 'urn:uuid:eafdab0d-8274-42e2-8fcd-57b9e3c5174e'), ('QT_ACCESSIBILITY', '1'), ('GDMSESSION', 'ubuntu'), ('LESSCLOSE', '/usr/bin/lesspipe %s %s'), ('CMAKE_MODULE_PATH', '/home/a/ws_moveit2/install/moveit_task_constructor_core/share/moveit_task_constructor_core/cmake'), ('GJS_DEBUG_OUTPUT', 'stderr'), ('QT_IM_MODULE', 'ibus'), ('PWD', '/home/a/ws_moveit2/build/mavlink_gui_tester'), ('LC_ALL', 'en_US.UTF-8'), ('XDG_CONFIG_DIRS', '/etc/xdg/xdg-ubuntu:/etc/xdg'), ('NVM_CD_FLAGS', ''), ('XDG_DATA_DIRS', '/usr/share/ubuntu:/home/a/.local/share/flatpak/exports/share:/var/lib/flatpak/exports/share:/usr/local/share/:/usr/share/:/var/lib/snapd/desktop'), ('PYTHONPATH', '/home/a/ws_moveit2/install/mavlink_controller_client/lib/python3.10/site-packages:/home/a/ws_moveit2/install/stm32_mavlink_interface/local/lib/python3.10/dist-packages:/home/a/ws_moveit2/install/moveit_task_constructor_core/local/lib/python3.10/dist-packages:/home/a/ws_moveit2/install/moveit_configs_utils/lib/python3.10/site-packages:/home/a/ws_moveit2/install/srdfdom/local/lib/python3.10/dist-packages:/home/a/ws_moveit2/install/ros_tcp_endpoint/lib/python3.10/site-packages:/home/a/ws_moveit2/install/realsense2_ros_mqtt_bridge/lib/python3.10/site-packages:/home/a/ws_moveit2/install/realsense2_camera_msgs/local/lib/python3.10/dist-packages:/home/a/ws_moveit2/install/moveit_task_constructor_msgs/local/lib/python3.10/dist-packages:/home/a/ws_moveit2/install/launch_param_builder/lib/python3.10/site-packages:/home/a/ws_moveit2/install/dynamixel_sdk_custom_interfaces/local/lib/python3.10/dist-packages:/home/a/ws_moveit2/install/dynamixel_controller_gui/lib/python3.10/site-packages:/home/a/ws_moveit2/install/dynamixel_controller/local/lib/python3.10/dist-packages:/home/a/ws_moveit2/install/dynamixel_controller_client/lib/python3.10/site-packages:/home/a/ws_moveit2/install/d415_rgb_depth_3d/lib/python3.10/site-packages:/opt/ros/humble/lib/python3.10/site-packages:/opt/ros/humble/local/lib/python3.10/dist-packages'), ('COLCON', '1'), ('VTE_VERSION', '6800'), ('CMAKE_PREFIX_PATH', '/home/a/ws_moveit2/install/urdf_0816_description:/home/a/ws_moveit2/install/trac_ik:/home/a/ws_moveit2/install/robot_config:/home/a/ws_moveit2/install/trac_ik_kinematics_plugin:/home/a/ws_moveit2/install/trac_ik_lib:/home/a/ws_moveit2/install/stm32_mavlink_interface:/home/a/ws_moveit2/install/right_arm_ikfast_plugin:/home/a/ws_moveit2/install/pilz_industrial_motion_planner_testutils:/home/a/ws_moveit2/install/moveit_runtime:/home/a/ws_moveit2/install/moveit2_tutorials:/home/a/ws_moveit2/install/moveit:/home/a/ws_moveit2/install/moveit_planners:/home/a/ws_moveit2/install/pilz_industrial_motion_planner:/home/a/ws_moveit2/install/mtc_tutorial:/home/a/ws_moveit2/install/hello_moveit:/home/a/ws_moveit2/install/moveit_visual_tools:/home/a/ws_moveit2/install/moveit_task_constructor_visualization:/home/a/ws_moveit2/install/moveit_task_constructor_demo:/home/a/ws_moveit2/install/moveit_task_constructor_capabilities:/home/a/ws_moveit2/install/moveit_task_constructor_core:/home/a/ws_moveit2/install/moveit_ros_control_interface:/home/a/ws_moveit2/install/moveit_plugins:/home/a/ws_moveit2/install/moveit_simple_controller_manager:/home/a/ws_moveit2/install/moveit_setup_assistant:/home/a/ws_moveit2/install/moveit_setup_srdf_plugins:/home/a/ws_moveit2/install/moveit_setup_core_plugins:/home/a/ws_moveit2/install/moveit_setup_controllers:/home/a/ws_moveit2/install/moveit_setup_app_plugins:/home/a/ws_moveit2/install/moveit_setup_framework:/home/a/ws_moveit2/install/moveit_servo:/home/a/ws_moveit2/install/moveit_ros:/home/a/ws_moveit2/install/moveit_ros_visualization:/home/a/ws_moveit2/install/moveit_hybrid_planning:/home/a/ws_moveit2/install/moveit_ros_planning_interface:/home/a/ws_moveit2/install/moveit_ros_benchmarks:/home/a/ws_moveit2/install/moveit_ros_warehouse:/home/a/ws_moveit2/install/moveit_ros_robot_interaction:/home/a/ws_moveit2/install/moveit_ros_perception:/home/a/ws_moveit2/install/moveit_resources_prbt_pg70_support:/home/a/ws_moveit2/install/moveit_resources_prbt_moveit_config:/home/a/ws_moveit2/install/moveit_ros_move_group:/home/a/ws_moveit2/install/moveit_planners_ompl:/home/a/ws_moveit2/install/left_arm_ikfast_plugin:/home/a/ws_moveit2/install/moveit_ros_planning:/home/a/ws_moveit2/install/moveit_ros_occupancy_map_monitor:/home/a/ws_moveit2/install/moveit_resources_prbt_ikfast_manipulator_plugin:/home/a/ws_moveit2/install/moveit_planners_chomp:/home/a/ws_moveit2/install/moveit_kinematics:/home/a/ws_moveit2/install/moveit_chomp_optimizer_adapter:/home/a/ws_moveit2/install/chomp_motion_planner:/home/a/ws_moveit2/install/moveit_core:/home/a/ws_moveit2/install/srdfdom:/home/a/ws_moveit2/install/rviz_marker_tools:/home/a/ws_moveit2/install/rosparam_shortcuts:/home/a/ws_moveit2/install/red_seiretu_description:/home/a/ws_moveit2/install/realsense2_description:/home/a/ws_moveit2/install/realsense2_camera:/home/a/ws_moveit2/install/realsense2_camera_msgs:/home/a/ws_moveit2/install/object_description:/home/a/ws_moveit2/install/moveit_task_constructor_msgs:/home/a/ws_moveit2/install/moveit_resources_prbt_support:/home/a/ws_moveit2/install/moveit_resources:/home/a/ws_moveit2/install/moveit_resources_pr2_description:/home/a/ws_moveit2/install/moveit_resources_panda_moveit_config:/home/a/ws_moveit2/install/moveit_resources_panda_description:/home/a/ws_moveit2/install/moveit_resources_fanuc_moveit_config:/home/a/ws_moveit2/install/moveit_resources_fanuc_description:/home/a/ws_moveit2/install/moveit_common:/home/a/ws_moveit2/install/mavlink_gui_tester:/home/a/ws_moveit2/install/field_description_test:/home/a/ws_moveit2/install/field_description:/home/a/ws_moveit2/install/dynamixel_sdk_examples:/home/a/ws_moveit2/install/dynamixel_sdk_custom_interfaces:/home/a/ws_moveit2/install/dynamixel_controller:/home/a/ws_moveit2/install/dynamixel_sdk:/home/a/ws_moveit2/install/catch_gazebo_ros2_control:/home/a/ws_moveit2/install/blue_seiretu_description:/home/a/ws_moveit2/install/0525_arm_description:/home/a/ws_moveit2/install/mavlink_controller_client:/home/a/ws_moveit2/install/moveit_configs_utils:/home/a/ws_moveit2/install/ros_tcp_endpoint:/home/a/ws_moveit2/install/realsense2_ros_mqtt_bridge:/home/a/ws_moveit2/install/launch_param_builder:/home/a/ws_moveit2/install/dynamixel_controller_gui:/home/a/ws_moveit2/install/dynamixel_controller_client:/home/a/ws_moveit2/install/d415_rgb_depth_3d:/opt/ros/humble')]), 'shell': False}
[3.741715] (mavlink_gui_tester) StdoutLine: {'line': b'-- Install configuration: ""\n'}
[3.741883] (mavlink_gui_tester) StdoutLine: {'line': b'-- Installing: /home/a/ws_moveit2/install/mavlink_gui_tester/lib/mavlink_gui_tester/mavlink_gui_tester_node\n'}
[3.742380] (mavlink_gui_tester) StdoutLine: {'line': b'-- Set runtime path of "/home/a/ws_moveit2/install/mavlink_gui_tester/lib/mavlink_gui_tester/mavlink_gui_tester_node" to ""\n'}
[3.742562] (mavlink_gui_tester) StdoutLine: {'line': b'-- Up-to-date: /home/a/ws_moveit2/install/mavlink_gui_tester/include/\n'}
[3.742656] (mavlink_gui_tester) StdoutLine: {'line': b'-- Up-to-date: /home/a/ws_moveit2/install/mavlink_gui_tester/include//mavlink_gui_tester\n'}
[3.742738] (mavlink_gui_tester) StdoutLine: {'line': b'-- Up-to-date: /home/a/ws_moveit2/install/mavlink_gui_tester/include//mavlink_gui_tester/line_graph_widget.hpp\n'}
[3.743100] (mavlink_gui_tester) StdoutLine: {'line': b'-- Up-to-date: /home/a/ws_moveit2/install/mavlink_gui_tester/include//mavlink_gui_tester/mavlink_gui_node.hpp\n'}
[3.743193] (mavlink_gui_tester) StdoutLine: {'line': b'-- Up-to-date: /home/a/ws_moveit2/install/mavlink_gui_tester/include//mavlink_gui_tester/mavlink_gui_widget.hpp\n'}
[3.743270] (mavlink_gui_tester) StdoutLine: {'line': b'-- Up-to-date: /home/a/ws_moveit2/install/mavlink_gui_tester/share/mavlink_gui_tester/launch/\n'}
[3.743489] (mavlink_gui_tester) StdoutLine: {'line': b'-- Up-to-date: /home/a/ws_moveit2/install/mavlink_gui_tester/share/mavlink_gui_tester/launch//mavlink_gui_tester.launch.py\n'}
[3.743599] (mavlink_gui_tester) StdoutLine: {'line': b'-- Up-to-date: /home/a/ws_moveit2/install/mavlink_gui_tester/share/ament_index/resource_index/package_run_dependencies/mavlink_gui_tester\n'}
[3.743688] (mavlink_gui_tester) StdoutLine: {'line': b'-- Up-to-date: /home/a/ws_moveit2/install/mavlink_gui_tester/share/ament_index/resource_index/parent_prefix_path/mavlink_gui_tester\n'}
[3.743780] (mavlink_gui_tester) StdoutLine: {'line': b'-- Up-to-date: /home/a/ws_moveit2/install/mavlink_gui_tester/share/mavlink_gui_tester/environment/ament_prefix_path.sh\n'}
[3.745366] (mavlink_gui_tester) StdoutLine: {'line': b'-- Up-to-date: /home/a/ws_moveit2/install/mavlink_gui_tester/share/mavlink_gui_tester/environment/ament_prefix_path.dsv\n'}
[3.745545] (mavlink_gui_tester) StdoutLine: {'line': b'-- Up-to-date: /home/a/ws_moveit2/install/mavlink_gui_tester/share/mavlink_gui_tester/environment/path.sh\n'}
[3.745644] (mavlink_gui_tester) StdoutLine: {'line': b'-- Up-to-date: /home/a/ws_moveit2/install/mavlink_gui_tester/share/mavlink_gui_tester/environment/path.dsv\n'}
[3.745721] (mavlink_gui_tester) StdoutLine: {'line': b'-- Up-to-date: /home/a/ws_moveit2/install/mavlink_gui_tester/share/mavlink_gui_tester/local_setup.bash\n'}
[3.745880] (mavlink_gui_tester) StdoutLine: {'line': b'-- Up-to-date: /home/a/ws_moveit2/install/mavlink_gui_tester/share/mavlink_gui_tester/local_setup.sh\n'}
[3.745945] (mavlink_gui_tester) StdoutLine: {'line': b'-- Up-to-date: /home/a/ws_moveit2/install/mavlink_gui_tester/share/mavlink_gui_tester/local_setup.zsh\n'}
[3.745987] (mavlink_gui_tester) StdoutLine: {'line': b'-- Up-to-date: /home/a/ws_moveit2/install/mavlink_gui_tester/share/mavlink_gui_tester/local_setup.dsv\n'}
[3.746014] (mavlink_gui_tester) StdoutLine: {'line': b'-- Installing: /home/a/ws_moveit2/install/mavlink_gui_tester/share/mavlink_gui_tester/package.dsv\n'}
[3.746050] (mavlink_gui_tester) StdoutLine: {'line': b'-- Up-to-date: /home/a/ws_moveit2/install/mavlink_gui_tester/share/ament_index/resource_index/packages/mavlink_gui_tester\n'}
[3.746165] (mavlink_gui_tester) StdoutLine: {'line': b'-- Up-to-date: /home/a/ws_moveit2/install/mavlink_gui_tester/share/mavlink_gui_tester/cmake/mavlink_gui_testerConfig.cmake\n'}
[3.746210] (mavlink_gui_tester) StdoutLine: {'line': b'-- Up-to-date: /home/a/ws_moveit2/install/mavlink_gui_tester/share/mavlink_gui_tester/cmake/mavlink_gui_testerConfig-version.cmake\n'}
[3.746255] (mavlink_gui_tester) StdoutLine: {'line': b'-- Up-to-date: /home/a/ws_moveit2/install/mavlink_gui_tester/share/mavlink_gui_tester/package.xml\n'}
[3.746283] (mavlink_gui_tester) CommandEnded: {'returncode': 0}
[3.754658] (mavlink_gui_tester) JobEnded: {'identifier': 'mavlink_gui_tester', 'rc': 0}
[3.755651] (-) EventReactorShutdown: {}
