[0.000000] (-) TimerEvent: {}
[0.000563] (-) JobUnselected: {'identifier': 'MAVLink_f446re'}
[0.000620] (-) JobUnselected: {'identifier': 'blue_seiretu_description'}
[0.000652] (-) JobUnselected: {'identifier': 'catch_gazebo_ros2_control'}
[0.000803] (-) JobUnselected: {'identifier': 'chomp_motion_planner'}
[0.000832] (-) JobUnselected: {'identifier': 'd415_rgb_depth_3d'}
[0.000870] (-) JobUnselected: {'identifier': 'dynamixel_controller'}
[0.000962] (-) JobUnselected: {'identifier': 'dynamixel_controller_client'}
[0.001015] (-) JobUnselected: {'identifier': 'dynamixel_controller_gui'}
[0.001041] (-) JobUnselected: {'identifier': 'dynamixel_sdk'}
[0.001076] (-) JobUnselected: {'identifier': 'dynamixel_sdk_custom_interfaces'}
[0.001103] (-) JobUnselected: {'identifier': 'dynamixel_sdk_examples'}
[0.001247] (-) JobUnselected: {'identifier': 'field_description'}
[0.001383] (-) JobUnselected: {'identifier': 'hello_moveit'}
[0.001421] (-) JobUnselected: {'identifier': 'launch_param_builder'}
[0.001474] (-) JobUnselected: {'identifier': 'mavlink_controller_client'}
[0.001500] (-) JobUnselected: {'identifier': 'mavlink_gui_tester'}
[0.001527] (-) JobUnselected: {'identifier': 'moveit'}
[0.001562] (-) JobUnselected: {'identifier': 'moveit2_tutorials'}
[0.001587] (-) JobUnselected: {'identifier': 'moveit_chomp_optimizer_adapter'}
[0.001653] (-) JobUnselected: {'identifier': 'moveit_common'}
[0.001681] (-) JobUnselected: {'identifier': 'moveit_configs_utils'}
[0.001707] (-) JobUnselected: {'identifier': 'moveit_core'}
[0.001734] (-) JobUnselected: {'identifier': 'moveit_hybrid_planning'}
[0.001759] (-) JobUnselected: {'identifier': 'moveit_kinematics'}
[0.001795] (-) JobUnselected: {'identifier': 'moveit_planners'}
[0.001850] (-) JobUnselected: {'identifier': 'moveit_planners_chomp'}
[0.001878] (-) JobUnselected: {'identifier': 'moveit_planners_ompl'}
[0.001903] (-) JobUnselected: {'identifier': 'moveit_plugins'}
[0.001962] (-) JobUnselected: {'identifier': 'moveit_resources'}
[0.001985] (-) JobUnselected: {'identifier': 'moveit_resources_fanuc_description'}
[0.001995] (-) JobUnselected: {'identifier': 'moveit_resources_fanuc_moveit_config'}
[0.002004] (-) JobUnselected: {'identifier': 'moveit_resources_panda_description'}
[0.002012] (-) JobUnselected: {'identifier': 'moveit_resources_panda_moveit_config'}
[0.002020] (-) JobUnselected: {'identifier': 'moveit_resources_pr2_description'}
[0.002027] (-) JobUnselected: {'identifier': 'moveit_resources_prbt_ikfast_manipulator_plugin'}
[0.002035] (-) JobUnselected: {'identifier': 'moveit_resources_prbt_moveit_config'}
[0.002042] (-) JobUnselected: {'identifier': 'moveit_resources_prbt_pg70_support'}
[0.002050] (-) JobUnselected: {'identifier': 'moveit_resources_prbt_support'}
[0.002057] (-) JobUnselected: {'identifier': 'moveit_ros'}
[0.002065] (-) JobUnselected: {'identifier': 'moveit_ros_benchmarks'}
[0.002073] (-) JobUnselected: {'identifier': 'moveit_ros_control_interface'}
[0.002081] (-) JobUnselected: {'identifier': 'moveit_ros_move_group'}
[0.002088] (-) JobUnselected: {'identifier': 'moveit_ros_occupancy_map_monitor'}
[0.002096] (-) JobUnselected: {'identifier': 'moveit_ros_perception'}
[0.002103] (-) JobUnselected: {'identifier': 'moveit_ros_planning'}
[0.002110] (-) JobUnselected: {'identifier': 'moveit_ros_planning_interface'}
[0.002118] (-) JobUnselected: {'identifier': 'moveit_ros_robot_interaction'}
[0.002125] (-) JobUnselected: {'identifier': 'moveit_ros_visualization'}
[0.002133] (-) JobUnselected: {'identifier': 'moveit_ros_warehouse'}
[0.002140] (-) JobUnselected: {'identifier': 'moveit_runtime'}
[0.002148] (-) JobUnselected: {'identifier': 'moveit_servo'}
[0.002155] (-) JobUnselected: {'identifier': 'moveit_setup_app_plugins'}
[0.002163] (-) JobUnselected: {'identifier': 'moveit_setup_assistant'}
[0.002170] (-) JobUnselected: {'identifier': 'moveit_setup_controllers'}
[0.002177] (-) JobUnselected: {'identifier': 'moveit_setup_core_plugins'}
[0.002184] (-) JobUnselected: {'identifier': 'moveit_setup_framework'}
[0.002191] (-) JobUnselected: {'identifier': 'moveit_setup_srdf_plugins'}
[0.002269] (-) JobUnselected: {'identifier': 'moveit_simple_controller_manager'}
[0.002277] (-) JobUnselected: {'identifier': 'moveit_task_constructor_capabilities'}
[0.002285] (-) JobUnselected: {'identifier': 'moveit_task_constructor_core'}
[0.002292] (-) JobUnselected: {'identifier': 'moveit_task_constructor_demo'}
[0.002299] (-) JobUnselected: {'identifier': 'moveit_task_constructor_msgs'}
[0.002307] (-) JobUnselected: {'identifier': 'moveit_task_constructor_visualization'}
[0.002314] (-) JobUnselected: {'identifier': 'moveit_visual_tools'}
[0.002322] (-) JobUnselected: {'identifier': 'mtc_tutorial'}
[0.002329] (-) JobUnselected: {'identifier': 'object_description'}
[0.002337] (-) JobUnselected: {'identifier': 'pilz_industrial_motion_planner'}
[0.002345] (-) JobUnselected: {'identifier': 'pilz_industrial_motion_planner_testutils'}
[0.002352] (-) JobUnselected: {'identifier': 'realsense2_camera'}
[0.002359] (-) JobUnselected: {'identifier': 'realsense2_camera_msgs'}
[0.002367] (-) JobUnselected: {'identifier': 'realsense2_description'}
[0.002374] (-) JobUnselected: {'identifier': 'realsense2_ros_mqtt_bridge'}
[0.002382] (-) JobUnselected: {'identifier': 'red_seiretu_description'}
[0.002389] (-) JobUnselected: {'identifier': 'robot_config'}
[0.002397] (-) JobUnselected: {'identifier': 'ros_tcp_endpoint'}
[0.002404] (-) JobUnselected: {'identifier': 'rosparam_shortcuts'}
[0.002412] (-) JobUnselected: {'identifier': 'rviz_marker_tools'}
[0.002426] (-) JobUnselected: {'identifier': 'srdfdom'}
[0.002433] (-) JobUnselected: {'identifier': 'trac_ik'}
[0.002441] (-) JobUnselected: {'identifier': 'trac_ik_kinematics_plugin'}
[0.002449] (-) JobUnselected: {'identifier': 'trac_ik_lib'}
[0.002456] (-) JobUnselected: {'identifier': 'urdf_0816_description'}
[0.002466] (stm32_mavlink_interface) JobQueued: {'identifier': 'stm32_mavlink_interface', 'dependencies': OrderedDict()}
[0.002477] (stm32_mavlink_interface) JobStarted: {'identifier': 'stm32_mavlink_interface'}
[0.014909] (stm32_mavlink_interface) JobProgress: {'identifier': 'stm32_mavlink_interface', 'progress': 'cmake'}
[0.015747] (stm32_mavlink_interface) JobProgress: {'identifier': 'stm32_mavlink_interface', 'progress': 'build'}
[0.016717] (stm32_mavlink_interface) Command: {'cmd': ['/usr/bin/cmake', '--build', '/home/a/ws_moveit2/build/stm32_mavlink_interface', '--', '-j22', '-l22'], 'cwd': '/home/a/ws_moveit2/build/stm32_mavlink_interface', 'env': OrderedDict([('GJS_DEBUG_TOPICS', 'JS ERROR;JS LOG'), ('LESSOPEN', '| /usr/bin/lesspipe %s'), ('USER', 'a'), ('XDG_SESSION_TYPE', 'wayland'), ('SHLVL', '1'), ('LD_LIBRARY_PATH', '/home/a/ws_moveit2/install/trac_ik_kinematics_plugin/lib:/home/a/ws_moveit2/install/trac_ik_lib/lib:/home/a/ws_moveit2/install/stm32_mavlink_interface/lib:/home/a/ws_moveit2/install/right_arm_ikfast_plugin/lib:/home/a/ws_moveit2/install/pilz_industrial_motion_planner_testutils/lib:/home/a/ws_moveit2/install/pilz_industrial_motion_planner/lib:/home/a/ws_moveit2/install/moveit_visual_tools/lib:/home/a/ws_moveit2/install/moveit_task_constructor_visualization/lib:/home/a/ws_moveit2/install/moveit_task_constructor_demo/lib:/home/a/ws_moveit2/install/moveit_task_constructor_capabilities/lib:/home/a/ws_moveit2/install/moveit_task_constructor_core/lib:/home/a/ws_moveit2/install/moveit_ros_control_interface/lib:/home/a/ws_moveit2/install/moveit_simple_controller_manager/lib:/home/a/ws_moveit2/install/moveit_setup_assistant/lib:/home/a/ws_moveit2/install/moveit_setup_srdf_plugins/lib:/home/a/ws_moveit2/install/moveit_setup_core_plugins/lib:/home/a/ws_moveit2/install/moveit_setup_controllers/lib:/home/a/ws_moveit2/install/moveit_setup_app_plugins/lib:/home/a/ws_moveit2/install/moveit_setup_framework/lib:/home/a/ws_moveit2/install/moveit_servo/lib:/home/a/ws_moveit2/install/moveit_ros_visualization/lib:/home/a/ws_moveit2/install/moveit_hybrid_planning/lib:/home/a/ws_moveit2/install/moveit_ros_planning_interface/lib:/home/a/ws_moveit2/install/moveit_ros_benchmarks/lib:/home/a/ws_moveit2/install/moveit_ros_warehouse/lib:/home/a/ws_moveit2/install/moveit_ros_robot_interaction/lib:/home/a/ws_moveit2/install/moveit_ros_perception/lib:/home/a/ws_moveit2/install/moveit_ros_move_group/lib:/home/a/ws_moveit2/install/moveit_planners_ompl/lib:/home/a/ws_moveit2/install/left_arm_ikfast_plugin/lib:/home/a/ws_moveit2/install/moveit_ros_planning/lib:/home/a/ws_moveit2/install/moveit_ros_occupancy_map_monitor/lib:/home/a/ws_moveit2/install/moveit_resources_prbt_ikfast_manipulator_plugin/lib:/home/a/ws_moveit2/install/moveit_planners_chomp/lib:/home/a/ws_moveit2/install/moveit_kinematics/lib:/home/a/ws_moveit2/install/moveit_chomp_optimizer_adapter/lib:/home/a/ws_moveit2/install/chomp_motion_planner/lib:/home/a/ws_moveit2/install/moveit_core/lib:/home/a/ws_moveit2/install/srdfdom/lib:/home/a/ws_moveit2/install/rviz_marker_tools/lib:/home/a/ws_moveit2/install/rosparam_shortcuts/lib:/home/a/ws_moveit2/install/realsense2_camera/lib:/home/a/ws_moveit2/install/realsense2_camera_msgs/lib:/home/a/ws_moveit2/install/moveit_task_constructor_msgs/lib:/home/a/ws_moveit2/install/dynamixel_sdk_custom_interfaces/lib:/home/a/ws_moveit2/install/dynamixel_controller/lib:/home/a/ws_moveit2/install/dynamixel_sdk/lib:/usr/lib/x86_64-linux-gnu/gazebo-11/plugins:/opt/ros/humble/opt/rviz_ogre_vendor/lib:/opt/ros/humble/lib/x86_64-linux-gnu:/opt/ros/humble/lib'), ('HOME', '/home/a'), ('DESKTOP_SESSION', 'ubuntu'), ('NVM_BIN', '/home/a/.nvm/versions/node/v22.18.0/bin'), ('NVM_INC', '/home/a/.nvm/versions/node/v22.18.0/include/node'), ('GIO_LAUNCHED_DESKTOP_FILE', '/usr/share/applications/terminator.desktop'), ('ROS_PYTHON_VERSION', '3'), ('GNOME_SHELL_SESSION_MODE', 'ubuntu'), ('GTK_MODULES', 'gail:atk-bridge'), ('MANAGERPID', '1213'), ('SYSTEMD_EXEC_PID', '1445'), ('DBUS_SESSION_BUS_ADDRESS', 'unix:path=/run/user/1000/bus'), ('COLORTERM', 'truecolor'), ('TERMINATOR_DBUS_NAME', 'net.tenshu.Terminator25ef4b219e3b005583550f2b0f9f990c3'), ('GIO_LAUNCHED_DESKTOP_FILE_PID', '3048'), ('NVM_DIR', '/home/a/.nvm'), ('IM_CONFIG_PHASE', '1'), ('WAYLAND_DISPLAY', 'wayland-0'), ('COLCON_PREFIX_PATH', '/home/a/ws_moveit2/install'), ('ROS_DISTRO', 'humble'), ('LOGNAME', 'a'), ('JOURNAL_STREAM', '8:3514'), ('_', '/usr/bin/colcon'), ('ROS_VERSION', '2'), ('XDG_SESSION_CLASS', 'user'), ('USERNAME', 'a'), ('TERM', 'xterm-256color'), ('GNOME_DESKTOP_SESSION_ID', 'this-is-deprecated'), ('ROS_LOCALHOST_ONLY', '0'), ('PATH', '/home/a/ws_moveit2/install/moveit_core/bin:/home/a/.nvm/versions/node/v22.18.0/bin:/opt/ros/humble/bin:/home/a/.local/bin:/usr/local/sbin:/usr/local/bin:/usr/sbin:/usr/bin:/sbin:/bin:/usr/games:/usr/local/games:/snap/bin:/snap/bin'), ('SESSION_MANAGER', 'local/a:@/tmp/.ICE-unix/1406,unix/a:/tmp/.ICE-unix/1406'), ('INVOCATION_ID', 'a100030f866a48708cf7905c543bcf13'), ('XDG_MENU_PREFIX', 'gnome-'), ('GNOME_SETUP_DISPLAY', ':1'), ('XDG_RUNTIME_DIR', '/run/user/1000'), ('DISPLAY', ':0'), ('TERMINATOR_DBUS_PATH', '/net/tenshu/Terminator2'), ('LANG', 'en_US.UTF-8'), ('XDG_CURRENT_DESKTOP', 'ubuntu:GNOME'), ('XMODIFIERS', '@im=ibus'), ('XDG_SESSION_DESKTOP', 'ubuntu'), ('XAUTHORITY', '/run/user/1000/.mutter-Xwaylandauth.4WBWC3'), ('LS_COLORS', 'rs=0:di=01;34:ln=01;36:mh=00:pi=40;33:so=01;35:do=01;35:bd=40;33;01:cd=40;33;01:or=40;31;01:mi=00:su=37;41:sg=30;43:ca=30;41:tw=30;42:ow=34;42:st=37;44:ex=01;32:*.tar=01;31:*.tgz=01;31:*.arc=01;31:*.arj=01;31:*.taz=01;31:*.lha=01;31:*.lz4=01;31:*.lzh=01;31:*.lzma=01;31:*.tlz=01;31:*.txz=01;31:*.tzo=01;31:*.t7z=01;31:*.zip=01;31:*.z=01;31:*.dz=01;31:*.gz=01;31:*.lrz=01;31:*.lz=01;31:*.lzo=01;31:*.xz=01;31:*.zst=01;31:*.tzst=01;31:*.bz2=01;31:*.bz=01;31:*.tbz=01;31:*.tbz2=01;31:*.tz=01;31:*.deb=01;31:*.rpm=01;31:*.jar=01;31:*.war=01;31:*.ear=01;31:*.sar=01;31:*.rar=01;31:*.alz=01;31:*.ace=01;31:*.zoo=01;31:*.cpio=01;31:*.7z=01;31:*.rz=01;31:*.cab=01;31:*.wim=01;31:*.swm=01;31:*.dwm=01;31:*.esd=01;31:*.jpg=01;35:*.jpeg=01;35:*.mjpg=01;35:*.mjpeg=01;35:*.gif=01;35:*.bmp=01;35:*.pbm=01;35:*.pgm=01;35:*.ppm=01;35:*.tga=01;35:*.xbm=01;35:*.xpm=01;35:*.tif=01;35:*.tiff=01;35:*.png=01;35:*.svg=01;35:*.svgz=01;35:*.mng=01;35:*.pcx=01;35:*.mov=01;35:*.mpg=01;35:*.mpeg=01;35:*.m2v=01;35:*.mkv=01;35:*.webm=01;35:*.webp=01;35:*.ogm=01;35:*.mp4=01;35:*.m4v=01;35:*.mp4v=01;35:*.vob=01;35:*.qt=01;35:*.nuv=01;35:*.wmv=01;35:*.asf=01;35:*.rm=01;35:*.rmvb=01;35:*.flc=01;35:*.avi=01;35:*.fli=01;35:*.flv=01;35:*.gl=01;35:*.dl=01;35:*.xcf=01;35:*.xwd=01;35:*.yuv=01;35:*.cgm=01;35:*.emf=01;35:*.ogv=01;35:*.ogx=01;35:*.aac=00;36:*.au=00;36:*.flac=00;36:*.m4a=00;36:*.mid=00;36:*.midi=00;36:*.mka=00;36:*.mp3=00;36:*.mpc=00;36:*.ogg=00;36:*.ra=00;36:*.wav=00;36:*.oga=00;36:*.opus=00;36:*.spx=00;36:*.xspf=00;36:'), ('SSH_AGENT_LAUNCHER', 'gnome-keyring'), ('SSH_AUTH_SOCK', '/run/user/1000/keyring/ssh'), ('AMENT_PREFIX_PATH', '/home/a/ws_moveit2/install/urdf_0816_description:/home/a/ws_moveit2/install/trac_ik:/home/a/ws_moveit2/install/robot_config:/home/a/ws_moveit2/install/trac_ik_kinematics_plugin:/home/a/ws_moveit2/install/trac_ik_lib:/home/a/ws_moveit2/install/mavlink_controller_client:/home/a/ws_moveit2/install/stm32_mavlink_interface:/home/a/ws_moveit2/install/right_arm_ikfast_plugin:/home/a/ws_moveit2/install/pilz_industrial_motion_planner_testutils:/home/a/ws_moveit2/install/moveit_runtime:/home/a/ws_moveit2/install/moveit2_tutorials:/home/a/ws_moveit2/install/moveit:/home/a/ws_moveit2/install/moveit_planners:/home/a/ws_moveit2/install/pilz_industrial_motion_planner:/home/a/ws_moveit2/install/mtc_tutorial:/home/a/ws_moveit2/install/hello_moveit:/home/a/ws_moveit2/install/moveit_visual_tools:/home/a/ws_moveit2/install/moveit_task_constructor_visualization:/home/a/ws_moveit2/install/moveit_task_constructor_demo:/home/a/ws_moveit2/install/moveit_task_constructor_capabilities:/home/a/ws_moveit2/install/moveit_task_constructor_core:/home/a/ws_moveit2/install/moveit_ros_control_interface:/home/a/ws_moveit2/install/moveit_plugins:/home/a/ws_moveit2/install/moveit_simple_controller_manager:/home/a/ws_moveit2/install/moveit_setup_assistant:/home/a/ws_moveit2/install/moveit_setup_srdf_plugins:/home/a/ws_moveit2/install/moveit_setup_core_plugins:/home/a/ws_moveit2/install/moveit_setup_controllers:/home/a/ws_moveit2/install/moveit_setup_app_plugins:/home/a/ws_moveit2/install/moveit_setup_framework:/home/a/ws_moveit2/install/moveit_servo:/home/a/ws_moveit2/install/moveit_ros:/home/a/ws_moveit2/install/moveit_ros_visualization:/home/a/ws_moveit2/install/moveit_hybrid_planning:/home/a/ws_moveit2/install/moveit_ros_planning_interface:/home/a/ws_moveit2/install/moveit_ros_benchmarks:/home/a/ws_moveit2/install/moveit_ros_warehouse:/home/a/ws_moveit2/install/moveit_ros_robot_interaction:/home/a/ws_moveit2/install/moveit_ros_perception:/home/a/ws_moveit2/install/moveit_resources_prbt_pg70_support:/home/a/ws_moveit2/install/moveit_resources_prbt_moveit_config:/home/a/ws_moveit2/install/moveit_ros_move_group:/home/a/ws_moveit2/install/moveit_planners_ompl:/home/a/ws_moveit2/install/left_arm_ikfast_plugin:/home/a/ws_moveit2/install/moveit_ros_planning:/home/a/ws_moveit2/install/moveit_ros_occupancy_map_monitor:/home/a/ws_moveit2/install/moveit_resources_prbt_ikfast_manipulator_plugin:/home/a/ws_moveit2/install/moveit_planners_chomp:/home/a/ws_moveit2/install/moveit_kinematics:/home/a/ws_moveit2/install/moveit_chomp_optimizer_adapter:/home/a/ws_moveit2/install/chomp_motion_planner:/home/a/ws_moveit2/install/moveit_core:/home/a/ws_moveit2/install/moveit_configs_utils:/home/a/ws_moveit2/install/srdfdom:/home/a/ws_moveit2/install/rviz_marker_tools:/home/a/ws_moveit2/install/rosparam_shortcuts:/home/a/ws_moveit2/install/ros_tcp_endpoint:/home/a/ws_moveit2/install/red_seiretu_description:/home/a/ws_moveit2/install/realsense2_ros_mqtt_bridge:/home/a/ws_moveit2/install/realsense2_description:/home/a/ws_moveit2/install/realsense2_camera:/home/a/ws_moveit2/install/realsense2_camera_msgs:/home/a/ws_moveit2/install/object_description:/home/a/ws_moveit2/install/moveit_task_constructor_msgs:/home/a/ws_moveit2/install/moveit_resources_prbt_support:/home/a/ws_moveit2/install/moveit_resources:/home/a/ws_moveit2/install/moveit_resources_pr2_description:/home/a/ws_moveit2/install/moveit_resources_panda_moveit_config:/home/a/ws_moveit2/install/moveit_resources_panda_description:/home/a/ws_moveit2/install/moveit_resources_fanuc_moveit_config:/home/a/ws_moveit2/install/moveit_resources_fanuc_description:/home/a/ws_moveit2/install/moveit_common:/home/a/ws_moveit2/install/mavlink_gui_tester:/home/a/ws_moveit2/install/launch_param_builder:/home/a/ws_moveit2/install/field_description_test:/home/a/ws_moveit2/install/field_description:/home/a/ws_moveit2/install/dynamixel_sdk_examples:/home/a/ws_moveit2/install/dynamixel_sdk_custom_interfaces:/home/a/ws_moveit2/install/dynamixel_controller_gui:/home/a/ws_moveit2/install/dynamixel_controller:/home/a/ws_moveit2/install/dynamixel_sdk:/home/a/ws_moveit2/install/dynamixel_controller_client:/home/a/ws_moveit2/install/d415_rgb_depth_3d:/home/a/ws_moveit2/install/catch_gazebo_ros2_control:/home/a/ws_moveit2/install/blue_seiretu_description:/home/a/ws_moveit2/install/0525_arm_description:/opt/ros/humble'), ('SHELL', '/bin/bash'), ('TERMINATOR_UUID', 'urn:uuid:a64a22d0-cde5-4baa-9a97-059ea5635fde'), ('QT_ACCESSIBILITY', '1'), ('GDMSESSION', 'ubuntu'), ('LESSCLOSE', '/usr/bin/lesspipe %s %s'), ('CMAKE_MODULE_PATH', '/home/a/ws_moveit2/install/moveit_task_constructor_core/share/moveit_task_constructor_core/cmake'), ('GJS_DEBUG_OUTPUT', 'stderr'), ('QT_IM_MODULE', 'ibus'), ('PWD', '/home/a/ws_moveit2/build/stm32_mavlink_interface'), ('LC_ALL', 'en_US.UTF-8'), ('XDG_CONFIG_DIRS', '/etc/xdg/xdg-ubuntu:/etc/xdg'), ('NVM_CD_FLAGS', ''), ('XDG_DATA_DIRS', '/usr/share/ubuntu:/home/a/.local/share/flatpak/exports/share:/var/lib/flatpak/exports/share:/usr/local/share/:/usr/share/:/var/lib/snapd/desktop'), ('PYTHONPATH', '/home/a/ws_moveit2/install/mavlink_controller_client/lib/python3.10/site-packages:/home/a/ws_moveit2/install/stm32_mavlink_interface/local/lib/python3.10/dist-packages:/home/a/ws_moveit2/install/moveit_task_constructor_core/local/lib/python3.10/dist-packages:/home/a/ws_moveit2/install/moveit_configs_utils/lib/python3.10/site-packages:/home/a/ws_moveit2/install/srdfdom/local/lib/python3.10/dist-packages:/home/a/ws_moveit2/install/ros_tcp_endpoint/lib/python3.10/site-packages:/home/a/ws_moveit2/install/realsense2_ros_mqtt_bridge/lib/python3.10/site-packages:/home/a/ws_moveit2/install/realsense2_camera_msgs/local/lib/python3.10/dist-packages:/home/a/ws_moveit2/install/moveit_task_constructor_msgs/local/lib/python3.10/dist-packages:/home/a/ws_moveit2/install/launch_param_builder/lib/python3.10/site-packages:/home/a/ws_moveit2/install/dynamixel_sdk_custom_interfaces/local/lib/python3.10/dist-packages:/home/a/ws_moveit2/install/dynamixel_controller_gui/lib/python3.10/site-packages:/home/a/ws_moveit2/install/dynamixel_controller/local/lib/python3.10/dist-packages:/home/a/ws_moveit2/install/dynamixel_controller_client/lib/python3.10/site-packages:/home/a/ws_moveit2/install/d415_rgb_depth_3d/lib/python3.10/site-packages:/opt/ros/humble/lib/python3.10/site-packages:/opt/ros/humble/local/lib/python3.10/dist-packages'), ('COLCON', '1'), ('VTE_VERSION', '6800'), ('CMAKE_PREFIX_PATH', '/home/a/ws_moveit2/install/stm32_mavlink_interface:/home/a/ws_moveit2/install/urdf_0816_description:/home/a/ws_moveit2/install/trac_ik:/home/a/ws_moveit2/install/robot_config:/home/a/ws_moveit2/install/trac_ik_kinematics_plugin:/home/a/ws_moveit2/install/right_arm_ikfast_plugin:/home/a/ws_moveit2/install/pilz_industrial_motion_planner_testutils:/home/a/ws_moveit2/install/moveit_runtime:/home/a/ws_moveit2/install/moveit2_tutorials:/home/a/ws_moveit2/install/moveit:/home/a/ws_moveit2/install/moveit_planners:/home/a/ws_moveit2/install/pilz_industrial_motion_planner:/home/a/ws_moveit2/install/mtc_tutorial:/home/a/ws_moveit2/install/hello_moveit:/home/a/ws_moveit2/install/moveit_visual_tools:/home/a/ws_moveit2/install/moveit_task_constructor_visualization:/home/a/ws_moveit2/install/moveit_task_constructor_demo:/home/a/ws_moveit2/install/moveit_task_constructor_capabilities:/home/a/ws_moveit2/install/moveit_task_constructor_core:/home/a/ws_moveit2/install/moveit_ros_control_interface:/home/a/ws_moveit2/install/moveit_plugins:/home/a/ws_moveit2/install/moveit_simple_controller_manager:/home/a/ws_moveit2/install/moveit_setup_assistant:/home/a/ws_moveit2/install/moveit_setup_srdf_plugins:/home/a/ws_moveit2/install/moveit_setup_core_plugins:/home/a/ws_moveit2/install/moveit_setup_controllers:/home/a/ws_moveit2/install/moveit_setup_app_plugins:/home/a/ws_moveit2/install/moveit_setup_framework:/home/a/ws_moveit2/install/moveit_servo:/home/a/ws_moveit2/install/moveit_ros:/home/a/ws_moveit2/install/moveit_ros_visualization:/home/a/ws_moveit2/install/moveit_hybrid_planning:/home/a/ws_moveit2/install/moveit_ros_planning_interface:/home/a/ws_moveit2/install/moveit_ros_benchmarks:/home/a/ws_moveit2/install/moveit_ros_warehouse:/home/a/ws_moveit2/install/moveit_ros_robot_interaction:/home/a/ws_moveit2/install/moveit_ros_perception:/home/a/ws_moveit2/install/moveit_resources_prbt_pg70_support:/home/a/ws_moveit2/install/moveit_resources_prbt_moveit_config:/home/a/ws_moveit2/install/moveit_ros_move_group:/home/a/ws_moveit2/install/moveit_planners_ompl:/home/a/ws_moveit2/install/left_arm_ikfast_plugin:/home/a/ws_moveit2/install/moveit_ros_planning:/home/a/ws_moveit2/install/moveit_ros_occupancy_map_monitor:/home/a/ws_moveit2/install/moveit_resources_prbt_ikfast_manipulator_plugin:/home/a/ws_moveit2/install/moveit_planners_chomp:/home/a/ws_moveit2/install/moveit_kinematics:/home/a/ws_moveit2/install/moveit_chomp_optimizer_adapter:/home/a/ws_moveit2/install/chomp_motion_planner:/home/a/ws_moveit2/install/moveit_core:/home/a/ws_moveit2/install/rviz_marker_tools:/home/a/ws_moveit2/install/rosparam_shortcuts:/home/a/ws_moveit2/install/red_seiretu_description:/home/a/ws_moveit2/install/realsense2_description:/home/a/ws_moveit2/install/realsense2_camera:/home/a/ws_moveit2/install/object_description:/home/a/ws_moveit2/install/moveit_resources:/home/a/ws_moveit2/install/moveit_resources_panda_moveit_config:/home/a/ws_moveit2/install/moveit_resources_fanuc_moveit_config:/home/a/ws_moveit2/install/mavlink_gui_tester:/home/a/ws_moveit2/install/field_description_test:/home/a/ws_moveit2/install/field_description:/home/a/ws_moveit2/install/dynamixel_sdk_examples:/home/a/ws_moveit2/install/dynamixel_controller:/home/a/ws_moveit2/install/0525_arm_description:/home/a/ws_moveit2/install/trac_ik_lib:/home/a/ws_moveit2/install/mavlink_controller_client:/home/a/ws_moveit2/install/moveit_configs_utils:/home/a/ws_moveit2/install/srdfdom:/home/a/ws_moveit2/install/ros_tcp_endpoint:/home/a/ws_moveit2/install/realsense2_ros_mqtt_bridge:/home/a/ws_moveit2/install/realsense2_camera_msgs:/home/a/ws_moveit2/install/moveit_task_constructor_msgs:/home/a/ws_moveit2/install/moveit_resources_prbt_support:/home/a/ws_moveit2/install/moveit_resources_pr2_description:/home/a/ws_moveit2/install/moveit_resources_panda_description:/home/a/ws_moveit2/install/moveit_resources_fanuc_description:/home/a/ws_moveit2/install/moveit_common:/home/a/ws_moveit2/install/launch_param_builder:/home/a/ws_moveit2/install/dynamixel_sdk_custom_interfaces:/home/a/ws_moveit2/install/dynamixel_controller_gui:/home/a/ws_moveit2/install/dynamixel_sdk:/home/a/ws_moveit2/install/dynamixel_controller_client:/home/a/ws_moveit2/install/d415_rgb_depth_3d:/home/a/ws_moveit2/install/catch_gazebo_ros2_control:/home/a/ws_moveit2/install/blue_seiretu_description:/opt/ros/humble')]), 'shell': False}
[0.072176] (stm32_mavlink_interface) StdoutLine: {'line': b'[  1%] Built target stm32_mavlink_interface__cpp\n'}
[0.075447] (stm32_mavlink_interface) StdoutLine: {'line': b'[ 12%] Built target stm32_mavlink_interface__rosidl_generator_c\n'}
[0.082077] (stm32_mavlink_interface) StdoutLine: {'line': b'[ 12%] Built target ament_cmake_python_copy_stm32_mavlink_interface\n'}
[0.093736] (stm32_mavlink_interface) StdoutLine: {'line': b'[ 23%] Built target stm32_mavlink_interface__rosidl_typesupport_c\n'}
[0.096805] (stm32_mavlink_interface) StdoutLine: {'line': b'[ 34%] Built target stm32_mavlink_interface__rosidl_typesupport_fastrtps_cpp\n'}
[0.097302] (stm32_mavlink_interface) StdoutLine: {'line': b'[ 46%] Built target stm32_mavlink_interface__rosidl_typesupport_introspection_cpp\n'}
[0.099122] (stm32_mavlink_interface) StdoutLine: {'line': b'[ 57%] Built target stm32_mavlink_interface__rosidl_typesupport_fastrtps_c\n'}
[0.099717] (-) TimerEvent: {}
[0.100308] (stm32_mavlink_interface) StdoutLine: {'line': b'[ 69%] Built target stm32_mavlink_interface__rosidl_typesupport_introspection_c\n'}
[0.102277] (stm32_mavlink_interface) StdoutLine: {'line': b'[ 80%] Built target stm32_mavlink_interface__rosidl_typesupport_cpp\n'}
[0.116769] (stm32_mavlink_interface) StdoutLine: {'line': b'\x1b[35m\x1b[1mConsolidate compiler generated dependencies of target mavlink_serial_node\x1b[0m\n'}
[0.124389] (stm32_mavlink_interface) StdoutLine: {'line': b'[ 80%] Built target stm32_mavlink_interface\n'}
[0.139321] (stm32_mavlink_interface) StdoutLine: {'line': b'[ 81%] \x1b[32mBuilding CXX object CMakeFiles/mavlink_serial_node.dir/src/robomaster_controller.cpp.o\x1b[0m\n'}
[0.149662] (stm32_mavlink_interface) StdoutLine: {'line': b'[ 82%] Built target stm32_mavlink_interface__py\n'}
[0.181145] (stm32_mavlink_interface) StdoutLine: {'line': b'[ 92%] Built target stm32_mavlink_interface__rosidl_generator_py\n'}
[0.199835] (-) TimerEvent: {}
[0.206311] (stm32_mavlink_interface) StdoutLine: {'line': b'[ 94%] Built target stm32_mavlink_interface__rosidl_typesupport_c__pyext\n'}
[0.208227] (stm32_mavlink_interface) StdoutLine: {'line': b'[ 95%] Built target stm32_mavlink_interface__rosidl_typesupport_introspection_c__pyext\n'}
[0.209414] (stm32_mavlink_interface) StdoutLine: {'line': b'[ 97%] Built target stm32_mavlink_interface__rosidl_typesupport_fastrtps_c__pyext\n'}
[0.266429] (stm32_mavlink_interface) StdoutLine: {'line': b'running egg_info\n'}
[0.266831] (stm32_mavlink_interface) StdoutLine: {'line': b'writing stm32_mavlink_interface.egg-info/PKG-INFO\n'}
[0.267139] (stm32_mavlink_interface) StdoutLine: {'line': b'writing dependency_links to stm32_mavlink_interface.egg-info/dependency_links.txt\n'}
[0.267264] (stm32_mavlink_interface) StdoutLine: {'line': b'writing top-level names to stm32_mavlink_interface.egg-info/top_level.txt\n'}
[0.268764] (stm32_mavlink_interface) StdoutLine: {'line': b"reading manifest file 'stm32_mavlink_interface.egg-info/SOURCES.txt'\n"}
[0.269225] (stm32_mavlink_interface) StdoutLine: {'line': b"writing manifest file 'stm32_mavlink_interface.egg-info/SOURCES.txt'\n"}
[0.292838] (stm32_mavlink_interface) StdoutLine: {'line': b'[ 97%] Built target ament_cmake_python_build_stm32_mavlink_interface_egg\n'}
[0.299960] (-) TimerEvent: {}
[0.400293] (-) TimerEvent: {}
[0.500632] (-) TimerEvent: {}
[0.600974] (-) TimerEvent: {}
[0.701297] (-) TimerEvent: {}
[0.801611] (-) TimerEvent: {}
[0.901955] (-) TimerEvent: {}
[1.002293] (-) TimerEvent: {}
[1.102616] (-) TimerEvent: {}
[1.202951] (-) TimerEvent: {}
[1.303276] (-) TimerEvent: {}
[1.403602] (-) TimerEvent: {}
[1.503922] (-) TimerEvent: {}
[1.562913] (stm32_mavlink_interface) StderrLine: {'line': b'In file included from \x1b[01m\x1b[K/home/a/ws_moveit2/src/MAVLink/MAVLink_ros2/include/mavlink/c_library_v2/common/../protocol.h:4\x1b[m\x1b[K,\n'}
[1.563202] (stm32_mavlink_interface) StderrLine: {'line': b'                 from \x1b[01m\x1b[K/home/a/ws_moveit2/src/MAVLink/MAVLink_ros2/include/mavlink/c_library_v2/common/common.h:29\x1b[m\x1b[K,\n'}
[1.563304] (stm32_mavlink_interface) StderrLine: {'line': b'                 from \x1b[01m\x1b[K/home/a/ws_moveit2/src/MAVLink/MAVLink_ros2/include/mavlink/c_library_v2/common/mavlink.h:32\x1b[m\x1b[K,\n'}
[1.563389] (stm32_mavlink_interface) StderrLine: {'line': b'                 from \x1b[01m\x1b[K/home/a/ws_moveit2/src/MAVLink/MAVLink_ros2/include/stm32_mavlink_interface/robomaster_controller.hpp:13\x1b[m\x1b[K,\n'}
[1.563470] (stm32_mavlink_interface) StderrLine: {'line': b'                 from \x1b[01m\x1b[K/home/a/ws_moveit2/src/MAVLink/MAVLink_ros2/src/robomaster_controller.cpp:1\x1b[m\x1b[K:\n'}
[1.563552] (stm32_mavlink_interface) StderrLine: {'line': b'\x1b[01m\x1b[K/home/a/ws_moveit2/src/MAVLink/MAVLink_ros2/include/mavlink/c_library_v2/common/../mavlink_types.h:78:12:\x1b[m\x1b[K \x1b[01;35m\x1b[Kwarning: \x1b[m\x1b[KISO C++ prohibits anonymous structs [\x1b[01;35m\x1b[K\x1b]8;;https://gcc.gnu.org/onlinedocs/gcc/Warning-Options.html#index-Wpedantic\x07-Wpedantic\x1b]8;;\x07\x1b[m\x1b[K]\n'}
[1.563652] (stm32_mavlink_interface) StderrLine: {'line': b'   78 |     struct \x1b[01;35m\x1b[K{\x1b[m\x1b[K\n'}
[1.563733] (stm32_mavlink_interface) StderrLine: {'line': b'      |            \x1b[01;35m\x1b[K^\x1b[m\x1b[K\n'}
[1.563810] (stm32_mavlink_interface) StderrLine: {'line': b'\x1b[01m\x1b[K/home/a/ws_moveit2/src/MAVLink/MAVLink_ros2/include/mavlink/c_library_v2/common/../mavlink_types.h:17:40:\x1b[m\x1b[K \x1b[01;36m\x1b[Knote: \x1b[m\x1b[Kin definition of macro \xe2\x80\x98\x1b[01m\x1b[KMAVPACKED\x1b[m\x1b[K\xe2\x80\x99\n'}
[1.563891] (stm32_mavlink_interface) StderrLine: {'line': b'   17 |   #define MAVPACKED( __Declaration__ ) \x1b[01;36m\x1b[K__Declaration__\x1b[m\x1b[K __attribute__((packed))\n'}
[1.563981] (stm32_mavlink_interface) StderrLine: {'line': b'      |                                        \x1b[01;36m\x1b[K^~~~~~~~~~~~~~~\x1b[m\x1b[K\n'}
[1.604050] (-) TimerEvent: {}
[1.704434] (-) TimerEvent: {}
[1.804823] (-) TimerEvent: {}
[1.905218] (-) TimerEvent: {}
[2.005603] (-) TimerEvent: {}
[2.106486] (-) TimerEvent: {}
[2.206866] (-) TimerEvent: {}
[2.307287] (-) TimerEvent: {}
[2.407705] (-) TimerEvent: {}
[2.508268] (-) TimerEvent: {}
[2.608601] (-) TimerEvent: {}
[2.708958] (-) TimerEvent: {}
[2.809301] (-) TimerEvent: {}
[2.909716] (-) TimerEvent: {}
[3.010041] (-) TimerEvent: {}
[3.110367] (-) TimerEvent: {}
[3.210695] (-) TimerEvent: {}
[3.311017] (-) TimerEvent: {}
[3.411365] (-) TimerEvent: {}
[3.511700] (-) TimerEvent: {}
[3.612033] (-) TimerEvent: {}
[3.712386] (-) TimerEvent: {}
[3.812711] (-) TimerEvent: {}
[3.913040] (-) TimerEvent: {}
[4.013366] (-) TimerEvent: {}
[4.113687] (-) TimerEvent: {}
[4.214011] (-) TimerEvent: {}
[4.314329] (-) TimerEvent: {}
[4.414644] (-) TimerEvent: {}
[4.514967] (-) TimerEvent: {}
[4.615274] (-) TimerEvent: {}
[4.715585] (-) TimerEvent: {}
[4.815906] (-) TimerEvent: {}
[4.916230] (-) TimerEvent: {}
[5.016543] (-) TimerEvent: {}
[5.116867] (-) TimerEvent: {}
[5.217200] (-) TimerEvent: {}
[5.317522] (-) TimerEvent: {}
[5.417846] (-) TimerEvent: {}
[5.518260] (-) TimerEvent: {}
[5.618607] (-) TimerEvent: {}
[5.718937] (-) TimerEvent: {}
[5.819256] (-) TimerEvent: {}
[5.919575] (-) TimerEvent: {}
[6.019895] (-) TimerEvent: {}
[6.120226] (-) TimerEvent: {}
[6.220575] (-) TimerEvent: {}
[6.320899] (-) TimerEvent: {}
[6.421247] (-) TimerEvent: {}
[6.473787] (stm32_mavlink_interface) StdoutLine: {'line': b'[ 98%] \x1b[32m\x1b[1mLinking CXX executable mavlink_serial_node\x1b[0m\n'}
[6.521367] (-) TimerEvent: {}
[6.621663] (-) TimerEvent: {}
[6.721999] (-) TimerEvent: {}
[6.822338] (-) TimerEvent: {}
[6.922671] (-) TimerEvent: {}
[7.023016] (-) TimerEvent: {}
[7.123360] (-) TimerEvent: {}
[7.127404] (stm32_mavlink_interface) StdoutLine: {'line': b'[100%] Built target mavlink_serial_node\n'}
[7.139583] (stm32_mavlink_interface) CommandEnded: {'returncode': 0}
[7.140999] (stm32_mavlink_interface) JobProgress: {'identifier': 'stm32_mavlink_interface', 'progress': 'install'}
[7.148860] (stm32_mavlink_interface) Command: {'cmd': ['/usr/bin/cmake', '--install', '/home/a/ws_moveit2/build/stm32_mavlink_interface'], 'cwd': '/home/a/ws_moveit2/build/stm32_mavlink_interface', 'env': OrderedDict([('GJS_DEBUG_TOPICS', 'JS ERROR;JS LOG'), ('LESSOPEN', '| /usr/bin/lesspipe %s'), ('USER', 'a'), ('XDG_SESSION_TYPE', 'wayland'), ('SHLVL', '1'), ('LD_LIBRARY_PATH', '/home/a/ws_moveit2/install/trac_ik_kinematics_plugin/lib:/home/a/ws_moveit2/install/trac_ik_lib/lib:/home/a/ws_moveit2/install/stm32_mavlink_interface/lib:/home/a/ws_moveit2/install/right_arm_ikfast_plugin/lib:/home/a/ws_moveit2/install/pilz_industrial_motion_planner_testutils/lib:/home/a/ws_moveit2/install/pilz_industrial_motion_planner/lib:/home/a/ws_moveit2/install/moveit_visual_tools/lib:/home/a/ws_moveit2/install/moveit_task_constructor_visualization/lib:/home/a/ws_moveit2/install/moveit_task_constructor_demo/lib:/home/a/ws_moveit2/install/moveit_task_constructor_capabilities/lib:/home/a/ws_moveit2/install/moveit_task_constructor_core/lib:/home/a/ws_moveit2/install/moveit_ros_control_interface/lib:/home/a/ws_moveit2/install/moveit_simple_controller_manager/lib:/home/a/ws_moveit2/install/moveit_setup_assistant/lib:/home/a/ws_moveit2/install/moveit_setup_srdf_plugins/lib:/home/a/ws_moveit2/install/moveit_setup_core_plugins/lib:/home/a/ws_moveit2/install/moveit_setup_controllers/lib:/home/a/ws_moveit2/install/moveit_setup_app_plugins/lib:/home/a/ws_moveit2/install/moveit_setup_framework/lib:/home/a/ws_moveit2/install/moveit_servo/lib:/home/a/ws_moveit2/install/moveit_ros_visualization/lib:/home/a/ws_moveit2/install/moveit_hybrid_planning/lib:/home/a/ws_moveit2/install/moveit_ros_planning_interface/lib:/home/a/ws_moveit2/install/moveit_ros_benchmarks/lib:/home/a/ws_moveit2/install/moveit_ros_warehouse/lib:/home/a/ws_moveit2/install/moveit_ros_robot_interaction/lib:/home/a/ws_moveit2/install/moveit_ros_perception/lib:/home/a/ws_moveit2/install/moveit_ros_move_group/lib:/home/a/ws_moveit2/install/moveit_planners_ompl/lib:/home/a/ws_moveit2/install/left_arm_ikfast_plugin/lib:/home/a/ws_moveit2/install/moveit_ros_planning/lib:/home/a/ws_moveit2/install/moveit_ros_occupancy_map_monitor/lib:/home/a/ws_moveit2/install/moveit_resources_prbt_ikfast_manipulator_plugin/lib:/home/a/ws_moveit2/install/moveit_planners_chomp/lib:/home/a/ws_moveit2/install/moveit_kinematics/lib:/home/a/ws_moveit2/install/moveit_chomp_optimizer_adapter/lib:/home/a/ws_moveit2/install/chomp_motion_planner/lib:/home/a/ws_moveit2/install/moveit_core/lib:/home/a/ws_moveit2/install/srdfdom/lib:/home/a/ws_moveit2/install/rviz_marker_tools/lib:/home/a/ws_moveit2/install/rosparam_shortcuts/lib:/home/a/ws_moveit2/install/realsense2_camera/lib:/home/a/ws_moveit2/install/realsense2_camera_msgs/lib:/home/a/ws_moveit2/install/moveit_task_constructor_msgs/lib:/home/a/ws_moveit2/install/dynamixel_sdk_custom_interfaces/lib:/home/a/ws_moveit2/install/dynamixel_controller/lib:/home/a/ws_moveit2/install/dynamixel_sdk/lib:/usr/lib/x86_64-linux-gnu/gazebo-11/plugins:/opt/ros/humble/opt/rviz_ogre_vendor/lib:/opt/ros/humble/lib/x86_64-linux-gnu:/opt/ros/humble/lib'), ('HOME', '/home/a'), ('DESKTOP_SESSION', 'ubuntu'), ('NVM_BIN', '/home/a/.nvm/versions/node/v22.18.0/bin'), ('NVM_INC', '/home/a/.nvm/versions/node/v22.18.0/include/node'), ('GIO_LAUNCHED_DESKTOP_FILE', '/usr/share/applications/terminator.desktop'), ('ROS_PYTHON_VERSION', '3'), ('GNOME_SHELL_SESSION_MODE', 'ubuntu'), ('GTK_MODULES', 'gail:atk-bridge'), ('MANAGERPID', '1213'), ('SYSTEMD_EXEC_PID', '1445'), ('DBUS_SESSION_BUS_ADDRESS', 'unix:path=/run/user/1000/bus'), ('COLORTERM', 'truecolor'), ('TERMINATOR_DBUS_NAME', 'net.tenshu.Terminator25ef4b219e3b005583550f2b0f9f990c3'), ('GIO_LAUNCHED_DESKTOP_FILE_PID', '3048'), ('NVM_DIR', '/home/a/.nvm'), ('IM_CONFIG_PHASE', '1'), ('WAYLAND_DISPLAY', 'wayland-0'), ('COLCON_PREFIX_PATH', '/home/a/ws_moveit2/install'), ('ROS_DISTRO', 'humble'), ('LOGNAME', 'a'), ('JOURNAL_STREAM', '8:3514'), ('_', '/usr/bin/colcon'), ('ROS_VERSION', '2'), ('XDG_SESSION_CLASS', 'user'), ('USERNAME', 'a'), ('TERM', 'xterm-256color'), ('GNOME_DESKTOP_SESSION_ID', 'this-is-deprecated'), ('ROS_LOCALHOST_ONLY', '0'), ('PATH', '/home/a/ws_moveit2/install/moveit_core/bin:/home/a/.nvm/versions/node/v22.18.0/bin:/opt/ros/humble/bin:/home/a/.local/bin:/usr/local/sbin:/usr/local/bin:/usr/sbin:/usr/bin:/sbin:/bin:/usr/games:/usr/local/games:/snap/bin:/snap/bin'), ('SESSION_MANAGER', 'local/a:@/tmp/.ICE-unix/1406,unix/a:/tmp/.ICE-unix/1406'), ('INVOCATION_ID', 'a100030f866a48708cf7905c543bcf13'), ('XDG_MENU_PREFIX', 'gnome-'), ('GNOME_SETUP_DISPLAY', ':1'), ('XDG_RUNTIME_DIR', '/run/user/1000'), ('DISPLAY', ':0'), ('TERMINATOR_DBUS_PATH', '/net/tenshu/Terminator2'), ('LANG', 'en_US.UTF-8'), ('XDG_CURRENT_DESKTOP', 'ubuntu:GNOME'), ('XMODIFIERS', '@im=ibus'), ('XDG_SESSION_DESKTOP', 'ubuntu'), ('XAUTHORITY', '/run/user/1000/.mutter-Xwaylandauth.4WBWC3'), ('LS_COLORS', 'rs=0:di=01;34:ln=01;36:mh=00:pi=40;33:so=01;35:do=01;35:bd=40;33;01:cd=40;33;01:or=40;31;01:mi=00:su=37;41:sg=30;43:ca=30;41:tw=30;42:ow=34;42:st=37;44:ex=01;32:*.tar=01;31:*.tgz=01;31:*.arc=01;31:*.arj=01;31:*.taz=01;31:*.lha=01;31:*.lz4=01;31:*.lzh=01;31:*.lzma=01;31:*.tlz=01;31:*.txz=01;31:*.tzo=01;31:*.t7z=01;31:*.zip=01;31:*.z=01;31:*.dz=01;31:*.gz=01;31:*.lrz=01;31:*.lz=01;31:*.lzo=01;31:*.xz=01;31:*.zst=01;31:*.tzst=01;31:*.bz2=01;31:*.bz=01;31:*.tbz=01;31:*.tbz2=01;31:*.tz=01;31:*.deb=01;31:*.rpm=01;31:*.jar=01;31:*.war=01;31:*.ear=01;31:*.sar=01;31:*.rar=01;31:*.alz=01;31:*.ace=01;31:*.zoo=01;31:*.cpio=01;31:*.7z=01;31:*.rz=01;31:*.cab=01;31:*.wim=01;31:*.swm=01;31:*.dwm=01;31:*.esd=01;31:*.jpg=01;35:*.jpeg=01;35:*.mjpg=01;35:*.mjpeg=01;35:*.gif=01;35:*.bmp=01;35:*.pbm=01;35:*.pgm=01;35:*.ppm=01;35:*.tga=01;35:*.xbm=01;35:*.xpm=01;35:*.tif=01;35:*.tiff=01;35:*.png=01;35:*.svg=01;35:*.svgz=01;35:*.mng=01;35:*.pcx=01;35:*.mov=01;35:*.mpg=01;35:*.mpeg=01;35:*.m2v=01;35:*.mkv=01;35:*.webm=01;35:*.webp=01;35:*.ogm=01;35:*.mp4=01;35:*.m4v=01;35:*.mp4v=01;35:*.vob=01;35:*.qt=01;35:*.nuv=01;35:*.wmv=01;35:*.asf=01;35:*.rm=01;35:*.rmvb=01;35:*.flc=01;35:*.avi=01;35:*.fli=01;35:*.flv=01;35:*.gl=01;35:*.dl=01;35:*.xcf=01;35:*.xwd=01;35:*.yuv=01;35:*.cgm=01;35:*.emf=01;35:*.ogv=01;35:*.ogx=01;35:*.aac=00;36:*.au=00;36:*.flac=00;36:*.m4a=00;36:*.mid=00;36:*.midi=00;36:*.mka=00;36:*.mp3=00;36:*.mpc=00;36:*.ogg=00;36:*.ra=00;36:*.wav=00;36:*.oga=00;36:*.opus=00;36:*.spx=00;36:*.xspf=00;36:'), ('SSH_AGENT_LAUNCHER', 'gnome-keyring'), ('SSH_AUTH_SOCK', '/run/user/1000/keyring/ssh'), ('AMENT_PREFIX_PATH', '/home/a/ws_moveit2/install/urdf_0816_description:/home/a/ws_moveit2/install/trac_ik:/home/a/ws_moveit2/install/robot_config:/home/a/ws_moveit2/install/trac_ik_kinematics_plugin:/home/a/ws_moveit2/install/trac_ik_lib:/home/a/ws_moveit2/install/mavlink_controller_client:/home/a/ws_moveit2/install/stm32_mavlink_interface:/home/a/ws_moveit2/install/right_arm_ikfast_plugin:/home/a/ws_moveit2/install/pilz_industrial_motion_planner_testutils:/home/a/ws_moveit2/install/moveit_runtime:/home/a/ws_moveit2/install/moveit2_tutorials:/home/a/ws_moveit2/install/moveit:/home/a/ws_moveit2/install/moveit_planners:/home/a/ws_moveit2/install/pilz_industrial_motion_planner:/home/a/ws_moveit2/install/mtc_tutorial:/home/a/ws_moveit2/install/hello_moveit:/home/a/ws_moveit2/install/moveit_visual_tools:/home/a/ws_moveit2/install/moveit_task_constructor_visualization:/home/a/ws_moveit2/install/moveit_task_constructor_demo:/home/a/ws_moveit2/install/moveit_task_constructor_capabilities:/home/a/ws_moveit2/install/moveit_task_constructor_core:/home/a/ws_moveit2/install/moveit_ros_control_interface:/home/a/ws_moveit2/install/moveit_plugins:/home/a/ws_moveit2/install/moveit_simple_controller_manager:/home/a/ws_moveit2/install/moveit_setup_assistant:/home/a/ws_moveit2/install/moveit_setup_srdf_plugins:/home/a/ws_moveit2/install/moveit_setup_core_plugins:/home/a/ws_moveit2/install/moveit_setup_controllers:/home/a/ws_moveit2/install/moveit_setup_app_plugins:/home/a/ws_moveit2/install/moveit_setup_framework:/home/a/ws_moveit2/install/moveit_servo:/home/a/ws_moveit2/install/moveit_ros:/home/a/ws_moveit2/install/moveit_ros_visualization:/home/a/ws_moveit2/install/moveit_hybrid_planning:/home/a/ws_moveit2/install/moveit_ros_planning_interface:/home/a/ws_moveit2/install/moveit_ros_benchmarks:/home/a/ws_moveit2/install/moveit_ros_warehouse:/home/a/ws_moveit2/install/moveit_ros_robot_interaction:/home/a/ws_moveit2/install/moveit_ros_perception:/home/a/ws_moveit2/install/moveit_resources_prbt_pg70_support:/home/a/ws_moveit2/install/moveit_resources_prbt_moveit_config:/home/a/ws_moveit2/install/moveit_ros_move_group:/home/a/ws_moveit2/install/moveit_planners_ompl:/home/a/ws_moveit2/install/left_arm_ikfast_plugin:/home/a/ws_moveit2/install/moveit_ros_planning:/home/a/ws_moveit2/install/moveit_ros_occupancy_map_monitor:/home/a/ws_moveit2/install/moveit_resources_prbt_ikfast_manipulator_plugin:/home/a/ws_moveit2/install/moveit_planners_chomp:/home/a/ws_moveit2/install/moveit_kinematics:/home/a/ws_moveit2/install/moveit_chomp_optimizer_adapter:/home/a/ws_moveit2/install/chomp_motion_planner:/home/a/ws_moveit2/install/moveit_core:/home/a/ws_moveit2/install/moveit_configs_utils:/home/a/ws_moveit2/install/srdfdom:/home/a/ws_moveit2/install/rviz_marker_tools:/home/a/ws_moveit2/install/rosparam_shortcuts:/home/a/ws_moveit2/install/ros_tcp_endpoint:/home/a/ws_moveit2/install/red_seiretu_description:/home/a/ws_moveit2/install/realsense2_ros_mqtt_bridge:/home/a/ws_moveit2/install/realsense2_description:/home/a/ws_moveit2/install/realsense2_camera:/home/a/ws_moveit2/install/realsense2_camera_msgs:/home/a/ws_moveit2/install/object_description:/home/a/ws_moveit2/install/moveit_task_constructor_msgs:/home/a/ws_moveit2/install/moveit_resources_prbt_support:/home/a/ws_moveit2/install/moveit_resources:/home/a/ws_moveit2/install/moveit_resources_pr2_description:/home/a/ws_moveit2/install/moveit_resources_panda_moveit_config:/home/a/ws_moveit2/install/moveit_resources_panda_description:/home/a/ws_moveit2/install/moveit_resources_fanuc_moveit_config:/home/a/ws_moveit2/install/moveit_resources_fanuc_description:/home/a/ws_moveit2/install/moveit_common:/home/a/ws_moveit2/install/mavlink_gui_tester:/home/a/ws_moveit2/install/launch_param_builder:/home/a/ws_moveit2/install/field_description_test:/home/a/ws_moveit2/install/field_description:/home/a/ws_moveit2/install/dynamixel_sdk_examples:/home/a/ws_moveit2/install/dynamixel_sdk_custom_interfaces:/home/a/ws_moveit2/install/dynamixel_controller_gui:/home/a/ws_moveit2/install/dynamixel_controller:/home/a/ws_moveit2/install/dynamixel_sdk:/home/a/ws_moveit2/install/dynamixel_controller_client:/home/a/ws_moveit2/install/d415_rgb_depth_3d:/home/a/ws_moveit2/install/catch_gazebo_ros2_control:/home/a/ws_moveit2/install/blue_seiretu_description:/home/a/ws_moveit2/install/0525_arm_description:/opt/ros/humble'), ('SHELL', '/bin/bash'), ('TERMINATOR_UUID', 'urn:uuid:a64a22d0-cde5-4baa-9a97-059ea5635fde'), ('QT_ACCESSIBILITY', '1'), ('GDMSESSION', 'ubuntu'), ('LESSCLOSE', '/usr/bin/lesspipe %s %s'), ('CMAKE_MODULE_PATH', '/home/a/ws_moveit2/install/moveit_task_constructor_core/share/moveit_task_constructor_core/cmake'), ('GJS_DEBUG_OUTPUT', 'stderr'), ('QT_IM_MODULE', 'ibus'), ('PWD', '/home/a/ws_moveit2/build/stm32_mavlink_interface'), ('LC_ALL', 'en_US.UTF-8'), ('XDG_CONFIG_DIRS', '/etc/xdg/xdg-ubuntu:/etc/xdg'), ('NVM_CD_FLAGS', ''), ('XDG_DATA_DIRS', '/usr/share/ubuntu:/home/a/.local/share/flatpak/exports/share:/var/lib/flatpak/exports/share:/usr/local/share/:/usr/share/:/var/lib/snapd/desktop'), ('PYTHONPATH', '/home/a/ws_moveit2/install/mavlink_controller_client/lib/python3.10/site-packages:/home/a/ws_moveit2/install/stm32_mavlink_interface/local/lib/python3.10/dist-packages:/home/a/ws_moveit2/install/moveit_task_constructor_core/local/lib/python3.10/dist-packages:/home/a/ws_moveit2/install/moveit_configs_utils/lib/python3.10/site-packages:/home/a/ws_moveit2/install/srdfdom/local/lib/python3.10/dist-packages:/home/a/ws_moveit2/install/ros_tcp_endpoint/lib/python3.10/site-packages:/home/a/ws_moveit2/install/realsense2_ros_mqtt_bridge/lib/python3.10/site-packages:/home/a/ws_moveit2/install/realsense2_camera_msgs/local/lib/python3.10/dist-packages:/home/a/ws_moveit2/install/moveit_task_constructor_msgs/local/lib/python3.10/dist-packages:/home/a/ws_moveit2/install/launch_param_builder/lib/python3.10/site-packages:/home/a/ws_moveit2/install/dynamixel_sdk_custom_interfaces/local/lib/python3.10/dist-packages:/home/a/ws_moveit2/install/dynamixel_controller_gui/lib/python3.10/site-packages:/home/a/ws_moveit2/install/dynamixel_controller/local/lib/python3.10/dist-packages:/home/a/ws_moveit2/install/dynamixel_controller_client/lib/python3.10/site-packages:/home/a/ws_moveit2/install/d415_rgb_depth_3d/lib/python3.10/site-packages:/opt/ros/humble/lib/python3.10/site-packages:/opt/ros/humble/local/lib/python3.10/dist-packages'), ('COLCON', '1'), ('VTE_VERSION', '6800'), ('CMAKE_PREFIX_PATH', '/home/a/ws_moveit2/install/stm32_mavlink_interface:/home/a/ws_moveit2/install/urdf_0816_description:/home/a/ws_moveit2/install/trac_ik:/home/a/ws_moveit2/install/robot_config:/home/a/ws_moveit2/install/trac_ik_kinematics_plugin:/home/a/ws_moveit2/install/right_arm_ikfast_plugin:/home/a/ws_moveit2/install/pilz_industrial_motion_planner_testutils:/home/a/ws_moveit2/install/moveit_runtime:/home/a/ws_moveit2/install/moveit2_tutorials:/home/a/ws_moveit2/install/moveit:/home/a/ws_moveit2/install/moveit_planners:/home/a/ws_moveit2/install/pilz_industrial_motion_planner:/home/a/ws_moveit2/install/mtc_tutorial:/home/a/ws_moveit2/install/hello_moveit:/home/a/ws_moveit2/install/moveit_visual_tools:/home/a/ws_moveit2/install/moveit_task_constructor_visualization:/home/a/ws_moveit2/install/moveit_task_constructor_demo:/home/a/ws_moveit2/install/moveit_task_constructor_capabilities:/home/a/ws_moveit2/install/moveit_task_constructor_core:/home/a/ws_moveit2/install/moveit_ros_control_interface:/home/a/ws_moveit2/install/moveit_plugins:/home/a/ws_moveit2/install/moveit_simple_controller_manager:/home/a/ws_moveit2/install/moveit_setup_assistant:/home/a/ws_moveit2/install/moveit_setup_srdf_plugins:/home/a/ws_moveit2/install/moveit_setup_core_plugins:/home/a/ws_moveit2/install/moveit_setup_controllers:/home/a/ws_moveit2/install/moveit_setup_app_plugins:/home/a/ws_moveit2/install/moveit_setup_framework:/home/a/ws_moveit2/install/moveit_servo:/home/a/ws_moveit2/install/moveit_ros:/home/a/ws_moveit2/install/moveit_ros_visualization:/home/a/ws_moveit2/install/moveit_hybrid_planning:/home/a/ws_moveit2/install/moveit_ros_planning_interface:/home/a/ws_moveit2/install/moveit_ros_benchmarks:/home/a/ws_moveit2/install/moveit_ros_warehouse:/home/a/ws_moveit2/install/moveit_ros_robot_interaction:/home/a/ws_moveit2/install/moveit_ros_perception:/home/a/ws_moveit2/install/moveit_resources_prbt_pg70_support:/home/a/ws_moveit2/install/moveit_resources_prbt_moveit_config:/home/a/ws_moveit2/install/moveit_ros_move_group:/home/a/ws_moveit2/install/moveit_planners_ompl:/home/a/ws_moveit2/install/left_arm_ikfast_plugin:/home/a/ws_moveit2/install/moveit_ros_planning:/home/a/ws_moveit2/install/moveit_ros_occupancy_map_monitor:/home/a/ws_moveit2/install/moveit_resources_prbt_ikfast_manipulator_plugin:/home/a/ws_moveit2/install/moveit_planners_chomp:/home/a/ws_moveit2/install/moveit_kinematics:/home/a/ws_moveit2/install/moveit_chomp_optimizer_adapter:/home/a/ws_moveit2/install/chomp_motion_planner:/home/a/ws_moveit2/install/moveit_core:/home/a/ws_moveit2/install/rviz_marker_tools:/home/a/ws_moveit2/install/rosparam_shortcuts:/home/a/ws_moveit2/install/red_seiretu_description:/home/a/ws_moveit2/install/realsense2_description:/home/a/ws_moveit2/install/realsense2_camera:/home/a/ws_moveit2/install/object_description:/home/a/ws_moveit2/install/moveit_resources:/home/a/ws_moveit2/install/moveit_resources_panda_moveit_config:/home/a/ws_moveit2/install/moveit_resources_fanuc_moveit_config:/home/a/ws_moveit2/install/mavlink_gui_tester:/home/a/ws_moveit2/install/field_description_test:/home/a/ws_moveit2/install/field_description:/home/a/ws_moveit2/install/dynamixel_sdk_examples:/home/a/ws_moveit2/install/dynamixel_controller:/home/a/ws_moveit2/install/0525_arm_description:/home/a/ws_moveit2/install/trac_ik_lib:/home/a/ws_moveit2/install/mavlink_controller_client:/home/a/ws_moveit2/install/moveit_configs_utils:/home/a/ws_moveit2/install/srdfdom:/home/a/ws_moveit2/install/ros_tcp_endpoint:/home/a/ws_moveit2/install/realsense2_ros_mqtt_bridge:/home/a/ws_moveit2/install/realsense2_camera_msgs:/home/a/ws_moveit2/install/moveit_task_constructor_msgs:/home/a/ws_moveit2/install/moveit_resources_prbt_support:/home/a/ws_moveit2/install/moveit_resources_pr2_description:/home/a/ws_moveit2/install/moveit_resources_panda_description:/home/a/ws_moveit2/install/moveit_resources_fanuc_description:/home/a/ws_moveit2/install/moveit_common:/home/a/ws_moveit2/install/launch_param_builder:/home/a/ws_moveit2/install/dynamixel_sdk_custom_interfaces:/home/a/ws_moveit2/install/dynamixel_controller_gui:/home/a/ws_moveit2/install/dynamixel_sdk:/home/a/ws_moveit2/install/dynamixel_controller_client:/home/a/ws_moveit2/install/d415_rgb_depth_3d:/home/a/ws_moveit2/install/catch_gazebo_ros2_control:/home/a/ws_moveit2/install/blue_seiretu_description:/opt/ros/humble')]), 'shell': False}
[7.155441] (stm32_mavlink_interface) StdoutLine: {'line': b'-- Install configuration: ""\n'}
[7.155686] (stm32_mavlink_interface) StdoutLine: {'line': b'-- Up-to-date: /home/a/ws_moveit2/install/stm32_mavlink_interface/share/ament_index/resource_index/rosidl_interfaces/stm32_mavlink_interface\n'}
[7.155773] (stm32_mavlink_interface) StdoutLine: {'line': b'-- Up-to-date: /home/a/ws_moveit2/install/stm32_mavlink_interface/include/stm32_mavlink_interface/stm32_mavlink_interface\n'}
[7.155829] (stm32_mavlink_interface) StdoutLine: {'line': b'-- Up-to-date: /home/a/ws_moveit2/install/stm32_mavlink_interface/include/stm32_mavlink_interface/stm32_mavlink_interface/msg\n'}
[7.155885] (stm32_mavlink_interface) StdoutLine: {'line': b'-- Up-to-date: /home/a/ws_moveit2/install/stm32_mavlink_interface/include/stm32_mavlink_interface/stm32_mavlink_interface/msg/robomaster_motor_command.h\n'}
[7.156049] (stm32_mavlink_interface) StdoutLine: {'line': b'-- Up-to-date: /home/a/ws_moveit2/install/stm32_mavlink_interface/include/stm32_mavlink_interface/stm32_mavlink_interface/msg/servo_command.h\n'}
[7.156129] (stm32_mavlink_interface) StdoutLine: {'line': b'-- Up-to-date: /home/a/ws_moveit2/install/stm32_mavlink_interface/include/stm32_mavlink_interface/stm32_mavlink_interface/msg/encoder_config.h\n'}
[7.156305] (stm32_mavlink_interface) StdoutLine: {'line': b'-- Up-to-date: /home/a/ws_moveit2/install/stm32_mavlink_interface/include/stm32_mavlink_interface/stm32_mavlink_interface/msg/rosidl_generator_c__visibility_control.h\n'}
[7.156506] (stm32_mavlink_interface) StdoutLine: {'line': b'-- Up-to-date: /home/a/ws_moveit2/install/stm32_mavlink_interface/include/stm32_mavlink_interface/stm32_mavlink_interface/msg/servo_state.h\n'}
[7.156590] (stm32_mavlink_interface) StdoutLine: {'line': b'-- Up-to-date: /home/a/ws_moveit2/install/stm32_mavlink_interface/include/stm32_mavlink_interface/stm32_mavlink_interface/msg/robomaster_motor_config.h\n'}
[7.156660] (stm32_mavlink_interface) StdoutLine: {'line': b'-- Up-to-date: /home/a/ws_moveit2/install/stm32_mavlink_interface/include/stm32_mavlink_interface/stm32_mavlink_interface/msg/detail\n'}
[7.156713] (stm32_mavlink_interface) StdoutLine: {'line': b'-- Up-to-date: /home/a/ws_moveit2/install/stm32_mavlink_interface/include/stm32_mavlink_interface/stm32_mavlink_interface/msg/detail/robomaster_motor_state__type_support.h\n'}
[7.156793] (stm32_mavlink_interface) StdoutLine: {'line': b'-- Up-to-date: /home/a/ws_moveit2/install/stm32_mavlink_interface/include/stm32_mavlink_interface/stm32_mavlink_interface/msg/detail/robomaster_motor_command__functions.c\n'}
[7.156861] (stm32_mavlink_interface) StdoutLine: {'line': b'-- Up-to-date: /home/a/ws_moveit2/install/stm32_mavlink_interface/include/stm32_mavlink_interface/stm32_mavlink_interface/msg/detail/encoder_config__functions.c\n'}
[7.156931] (stm32_mavlink_interface) StdoutLine: {'line': b'-- Up-to-date: /home/a/ws_moveit2/install/stm32_mavlink_interface/include/stm32_mavlink_interface/stm32_mavlink_interface/msg/detail/robomaster_motor_command__type_support.h\n'}
[7.157018] (stm32_mavlink_interface) StdoutLine: {'line': b'-- Up-to-date: /home/a/ws_moveit2/install/stm32_mavlink_interface/include/stm32_mavlink_interface/stm32_mavlink_interface/msg/detail/encoder_config__struct.h\n'}
[7.157081] (stm32_mavlink_interface) StdoutLine: {'line': b'-- Up-to-date: /home/a/ws_moveit2/install/stm32_mavlink_interface/include/stm32_mavlink_interface/stm32_mavlink_interface/msg/detail/encoder_config__functions.h\n'}
[7.157182] (stm32_mavlink_interface) StdoutLine: {'line': b'-- Up-to-date: /home/a/ws_moveit2/install/stm32_mavlink_interface/include/stm32_mavlink_interface/stm32_mavlink_interface/msg/detail/robomaster_motor_state__struct.h\n'}
[7.157258] (stm32_mavlink_interface) StdoutLine: {'line': b'-- Up-to-date: /home/a/ws_moveit2/install/stm32_mavlink_interface/include/stm32_mavlink_interface/stm32_mavlink_interface/msg/detail/servo_command__functions.h\n'}
[7.157422] (stm32_mavlink_interface) StdoutLine: {'line': b'-- Up-to-date: /home/a/ws_moveit2/install/stm32_mavlink_interface/include/stm32_mavlink_interface/stm32_mavlink_interface/msg/detail/servo_state__type_support.h\n'}
[7.157499] (stm32_mavlink_interface) StdoutLine: {'line': b'-- Up-to-date: /home/a/ws_moveit2/install/stm32_mavlink_interface/include/stm32_mavlink_interface/stm32_mavlink_interface/msg/detail/robomaster_motor_command__functions.h\n'}
[7.157576] (stm32_mavlink_interface) StdoutLine: {'line': b'-- Up-to-date: /home/a/ws_moveit2/install/stm32_mavlink_interface/include/stm32_mavlink_interface/stm32_mavlink_interface/msg/detail/servo_command__type_support.h\n'}
[7.157652] (stm32_mavlink_interface) StdoutLine: {'line': b'-- Up-to-date: /home/a/ws_moveit2/install/stm32_mavlink_interface/include/stm32_mavlink_interface/stm32_mavlink_interface/msg/detail/encoder_config__type_support.h\n'}
[7.157729] (stm32_mavlink_interface) StdoutLine: {'line': b'-- Up-to-date: /home/a/ws_moveit2/install/stm32_mavlink_interface/include/stm32_mavlink_interface/stm32_mavlink_interface/msg/detail/servo_command__struct.h\n'}
[7.157805] (stm32_mavlink_interface) StdoutLine: {'line': b'-- Up-to-date: /home/a/ws_moveit2/install/stm32_mavlink_interface/include/stm32_mavlink_interface/stm32_mavlink_interface/msg/detail/servo_state__functions.c\n'}
[7.157881] (stm32_mavlink_interface) StdoutLine: {'line': b'-- Up-to-date: /home/a/ws_moveit2/install/stm32_mavlink_interface/include/stm32_mavlink_interface/stm32_mavlink_interface/msg/detail/servo_state__struct.h\n'}
[7.157967] (stm32_mavlink_interface) StdoutLine: {'line': b'-- Up-to-date: /home/a/ws_moveit2/install/stm32_mavlink_interface/include/stm32_mavlink_interface/stm32_mavlink_interface/msg/detail/servo_command__functions.c\n'}
[7.158437] (stm32_mavlink_interface) StdoutLine: {'line': b'-- Up-to-date: /home/a/ws_moveit2/install/stm32_mavlink_interface/include/stm32_mavlink_interface/stm32_mavlink_interface/msg/detail/encoder_state__struct.h\n'}
[7.158501] (stm32_mavlink_interface) StdoutLine: {'line': b'-- Up-to-date: /home/a/ws_moveit2/install/stm32_mavlink_interface/include/stm32_mavlink_interface/stm32_mavlink_interface/msg/detail/robomaster_motor_state__functions.c\n'}
[7.158566] (stm32_mavlink_interface) StdoutLine: {'line': b'-- Up-to-date: /home/a/ws_moveit2/install/stm32_mavlink_interface/include/stm32_mavlink_interface/stm32_mavlink_interface/msg/detail/robomaster_motor_config__functions.h\n'}
[7.158629] (stm32_mavlink_interface) StdoutLine: {'line': b'-- Up-to-date: /home/a/ws_moveit2/install/stm32_mavlink_interface/include/stm32_mavlink_interface/stm32_mavlink_interface/msg/detail/robomaster_motor_config__functions.c\n'}
[7.158764] (stm32_mavlink_interface) StdoutLine: {'line': b'-- Up-to-date: /home/a/ws_moveit2/install/stm32_mavlink_interface/include/stm32_mavlink_interface/stm32_mavlink_interface/msg/detail/encoder_state__functions.c\n'}
[7.158833] (stm32_mavlink_interface) StdoutLine: {'line': b'-- Up-to-date: /home/a/ws_moveit2/install/stm32_mavlink_interface/include/stm32_mavlink_interface/stm32_mavlink_interface/msg/detail/robomaster_motor_config__struct.h\n'}
[7.158994] (stm32_mavlink_interface) StdoutLine: {'line': b'-- Up-to-date: /home/a/ws_moveit2/install/stm32_mavlink_interface/include/stm32_mavlink_interface/stm32_mavlink_interface/msg/detail/robomaster_motor_command__struct.h\n'}
[7.159219] (stm32_mavlink_interface) StdoutLine: {'line': b'-- Up-to-date: /home/a/ws_moveit2/install/stm32_mavlink_interface/include/stm32_mavlink_interface/stm32_mavlink_interface/msg/detail/robomaster_motor_config__type_support.h\n'}
[7.159277] (stm32_mavlink_interface) StdoutLine: {'line': b'-- Up-to-date: /home/a/ws_moveit2/install/stm32_mavlink_interface/include/stm32_mavlink_interface/stm32_mavlink_interface/msg/detail/encoder_state__functions.h\n'}
[7.159324] (stm32_mavlink_interface) StdoutLine: {'line': b'-- Up-to-date: /home/a/ws_moveit2/install/stm32_mavlink_interface/include/stm32_mavlink_interface/stm32_mavlink_interface/msg/detail/robomaster_motor_state__functions.h\n'}
[7.159373] (stm32_mavlink_interface) StdoutLine: {'line': b'-- Up-to-date: /home/a/ws_moveit2/install/stm32_mavlink_interface/include/stm32_mavlink_interface/stm32_mavlink_interface/msg/detail/servo_state__functions.h\n'}
[7.159419] (stm32_mavlink_interface) StdoutLine: {'line': b'-- Up-to-date: /home/a/ws_moveit2/install/stm32_mavlink_interface/include/stm32_mavlink_interface/stm32_mavlink_interface/msg/detail/encoder_state__type_support.h\n'}
[7.159464] (stm32_mavlink_interface) StdoutLine: {'line': b'-- Up-to-date: /home/a/ws_moveit2/install/stm32_mavlink_interface/include/stm32_mavlink_interface/stm32_mavlink_interface/msg/encoder_state.h\n'}
[7.159510] (stm32_mavlink_interface) StdoutLine: {'line': b'-- Up-to-date: /home/a/ws_moveit2/install/stm32_mavlink_interface/include/stm32_mavlink_interface/stm32_mavlink_interface/msg/robomaster_motor_state.h\n'}
[7.159555] (stm32_mavlink_interface) StdoutLine: {'line': b'-- Up-to-date: /home/a/ws_moveit2/install/stm32_mavlink_interface/include/stm32_mavlink_interface/stm32_mavlink_interface/srv\n'}
[7.159602] (stm32_mavlink_interface) StdoutLine: {'line': b'-- Up-to-date: /home/a/ws_moveit2/install/stm32_mavlink_interface/include/stm32_mavlink_interface/stm32_mavlink_interface/srv/set_robomaster_motor_config.h\n'}
[7.159648] (stm32_mavlink_interface) StdoutLine: {'line': b'-- Up-to-date: /home/a/ws_moveit2/install/stm32_mavlink_interface/include/stm32_mavlink_interface/stm32_mavlink_interface/srv/set_encoder_config.h\n'}
[7.159693] (stm32_mavlink_interface) StdoutLine: {'line': b'-- Up-to-date: /home/a/ws_moveit2/install/stm32_mavlink_interface/include/stm32_mavlink_interface/stm32_mavlink_interface/srv/detail\n'}
[7.159738] (stm32_mavlink_interface) StdoutLine: {'line': b'-- Up-to-date: /home/a/ws_moveit2/install/stm32_mavlink_interface/include/stm32_mavlink_interface/stm32_mavlink_interface/srv/detail/get_robomaster_motor_config__functions.h\n'}
[7.159783] (stm32_mavlink_interface) StdoutLine: {'line': b'-- Up-to-date: /home/a/ws_moveit2/install/stm32_mavlink_interface/include/stm32_mavlink_interface/stm32_mavlink_interface/srv/detail/get_robomaster_motor_config__struct.h\n'}
[7.159828] (stm32_mavlink_interface) StdoutLine: {'line': b'-- Up-to-date: /home/a/ws_moveit2/install/stm32_mavlink_interface/include/stm32_mavlink_interface/stm32_mavlink_interface/srv/detail/set_encoder_config__struct.h\n'}
[7.159873] (stm32_mavlink_interface) StdoutLine: {'line': b'-- Up-to-date: /home/a/ws_moveit2/install/stm32_mavlink_interface/include/stm32_mavlink_interface/stm32_mavlink_interface/srv/detail/set_robomaster_motor_config__struct.h\n'}
[7.159918] (stm32_mavlink_interface) StdoutLine: {'line': b'-- Up-to-date: /home/a/ws_moveit2/install/stm32_mavlink_interface/include/stm32_mavlink_interface/stm32_mavlink_interface/srv/detail/set_robomaster_motor_config__functions.c\n'}
[7.159969] (stm32_mavlink_interface) StdoutLine: {'line': b'-- Up-to-date: /home/a/ws_moveit2/install/stm32_mavlink_interface/include/stm32_mavlink_interface/stm32_mavlink_interface/srv/detail/get_robomaster_motor_config__functions.c\n'}
[7.160015] (stm32_mavlink_interface) StdoutLine: {'line': b'-- Up-to-date: /home/a/ws_moveit2/install/stm32_mavlink_interface/include/stm32_mavlink_interface/stm32_mavlink_interface/srv/detail/set_robomaster_motor_config__type_support.h\n'}
[7.160060] (stm32_mavlink_interface) StdoutLine: {'line': b'-- Up-to-date: /home/a/ws_moveit2/install/stm32_mavlink_interface/include/stm32_mavlink_interface/stm32_mavlink_interface/srv/detail/set_servo_config__struct.h\n'}
[7.160105] (stm32_mavlink_interface) StdoutLine: {'line': b'-- Up-to-date: /home/a/ws_moveit2/install/stm32_mavlink_interface/include/stm32_mavlink_interface/stm32_mavlink_interface/srv/detail/set_servo_config__functions.c\n'}
[7.160149] (stm32_mavlink_interface) StdoutLine: {'line': b'-- Up-to-date: /home/a/ws_moveit2/install/stm32_mavlink_interface/include/stm32_mavlink_interface/stm32_mavlink_interface/srv/detail/set_robomaster_motor_config__functions.h\n'}
[7.160197] (stm32_mavlink_interface) StdoutLine: {'line': b'-- Up-to-date: /home/a/ws_moveit2/install/stm32_mavlink_interface/include/stm32_mavlink_interface/stm32_mavlink_interface/srv/detail/set_encoder_config__functions.h\n'}
[7.160244] (stm32_mavlink_interface) StdoutLine: {'line': b'-- Up-to-date: /home/a/ws_moveit2/install/stm32_mavlink_interface/include/stm32_mavlink_interface/stm32_mavlink_interface/srv/detail/set_encoder_config__type_support.h\n'}
[7.160289] (stm32_mavlink_interface) StdoutLine: {'line': b'-- Up-to-date: /home/a/ws_moveit2/install/stm32_mavlink_interface/include/stm32_mavlink_interface/stm32_mavlink_interface/srv/detail/set_servo_config__functions.h\n'}
[7.160334] (stm32_mavlink_interface) StdoutLine: {'line': b'-- Up-to-date: /home/a/ws_moveit2/install/stm32_mavlink_interface/include/stm32_mavlink_interface/stm32_mavlink_interface/srv/detail/get_robomaster_motor_config__type_support.h\n'}
[7.160381] (stm32_mavlink_interface) StdoutLine: {'line': b'-- Up-to-date: /home/a/ws_moveit2/install/stm32_mavlink_interface/include/stm32_mavlink_interface/stm32_mavlink_interface/srv/detail/set_servo_config__type_support.h\n'}
[7.160454] (stm32_mavlink_interface) StdoutLine: {'line': b'-- Up-to-date: /home/a/ws_moveit2/install/stm32_mavlink_interface/include/stm32_mavlink_interface/stm32_mavlink_interface/srv/detail/set_encoder_config__functions.c\n'}
[7.160593] (stm32_mavlink_interface) StdoutLine: {'line': b'-- Up-to-date: /home/a/ws_moveit2/install/stm32_mavlink_interface/include/stm32_mavlink_interface/stm32_mavlink_interface/srv/get_robomaster_motor_config.h\n'}
[7.160661] (stm32_mavlink_interface) StdoutLine: {'line': b'-- Up-to-date: /home/a/ws_moveit2/install/stm32_mavlink_interface/include/stm32_mavlink_interface/stm32_mavlink_interface/srv/set_servo_config.h\n'}
[7.160719] (stm32_mavlink_interface) StdoutLine: {'line': b'-- Up-to-date: /home/a/ws_moveit2/install/stm32_mavlink_interface/share/stm32_mavlink_interface/environment/library_path.sh\n'}
[7.160775] (stm32_mavlink_interface) StdoutLine: {'line': b'-- Up-to-date: /home/a/ws_moveit2/install/stm32_mavlink_interface/share/stm32_mavlink_interface/environment/library_path.dsv\n'}
[7.160829] (stm32_mavlink_interface) StdoutLine: {'line': b'-- Up-to-date: /home/a/ws_moveit2/install/stm32_mavlink_interface/lib/libstm32_mavlink_interface__rosidl_generator_c.so\n'}
[7.160885] (stm32_mavlink_interface) StdoutLine: {'line': b'-- Up-to-date: /home/a/ws_moveit2/install/stm32_mavlink_interface/include/stm32_mavlink_interface/stm32_mavlink_interface\n'}
[7.160943] (stm32_mavlink_interface) StdoutLine: {'line': b'-- Up-to-date: /home/a/ws_moveit2/install/stm32_mavlink_interface/include/stm32_mavlink_interface/stm32_mavlink_interface/msg\n'}
[7.161006] (stm32_mavlink_interface) StdoutLine: {'line': b'-- Up-to-date: /home/a/ws_moveit2/install/stm32_mavlink_interface/include/stm32_mavlink_interface/stm32_mavlink_interface/msg/rosidl_typesupport_fastrtps_c__visibility_control.h\n'}
[7.161072] (stm32_mavlink_interface) StdoutLine: {'line': b'-- Up-to-date: /home/a/ws_moveit2/install/stm32_mavlink_interface/include/stm32_mavlink_interface/stm32_mavlink_interface/msg/detail\n'}
[7.161126] (stm32_mavlink_interface) StdoutLine: {'line': b'-- Up-to-date: /home/a/ws_moveit2/install/stm32_mavlink_interface/include/stm32_mavlink_interface/stm32_mavlink_interface/msg/detail/encoder_state__rosidl_typesupport_fastrtps_c.h\n'}
[7.161180] (stm32_mavlink_interface) StdoutLine: {'line': b'-- Up-to-date: /home/a/ws_moveit2/install/stm32_mavlink_interface/include/stm32_mavlink_interface/stm32_mavlink_interface/msg/detail/robomaster_motor_config__rosidl_typesupport_fastrtps_c.h\n'}
[7.161233] (stm32_mavlink_interface) StdoutLine: {'line': b'-- Up-to-date: /home/a/ws_moveit2/install/stm32_mavlink_interface/include/stm32_mavlink_interface/stm32_mavlink_interface/msg/detail/encoder_config__rosidl_typesupport_fastrtps_c.h\n'}
[7.161286] (stm32_mavlink_interface) StdoutLine: {'line': b'-- Up-to-date: /home/a/ws_moveit2/install/stm32_mavlink_interface/include/stm32_mavlink_interface/stm32_mavlink_interface/msg/detail/servo_command__rosidl_typesupport_fastrtps_c.h\n'}
[7.161341] (stm32_mavlink_interface) StdoutLine: {'line': b'-- Up-to-date: /home/a/ws_moveit2/install/stm32_mavlink_interface/include/stm32_mavlink_interface/stm32_mavlink_interface/msg/detail/robomaster_motor_state__rosidl_typesupport_fastrtps_c.h\n'}
[7.161392] (stm32_mavlink_interface) StdoutLine: {'line': b'-- Up-to-date: /home/a/ws_moveit2/install/stm32_mavlink_interface/include/stm32_mavlink_interface/stm32_mavlink_interface/msg/detail/robomaster_motor_command__rosidl_typesupport_fastrtps_c.h\n'}
[7.161441] (stm32_mavlink_interface) StdoutLine: {'line': b'-- Up-to-date: /home/a/ws_moveit2/install/stm32_mavlink_interface/include/stm32_mavlink_interface/stm32_mavlink_interface/msg/detail/servo_state__rosidl_typesupport_fastrtps_c.h\n'}
[7.161492] (stm32_mavlink_interface) StdoutLine: {'line': b'-- Up-to-date: /home/a/ws_moveit2/install/stm32_mavlink_interface/include/stm32_mavlink_interface/stm32_mavlink_interface/srv\n'}
[7.161544] (stm32_mavlink_interface) StdoutLine: {'line': b'-- Up-to-date: /home/a/ws_moveit2/install/stm32_mavlink_interface/include/stm32_mavlink_interface/stm32_mavlink_interface/srv/detail\n'}
[7.161595] (stm32_mavlink_interface) StdoutLine: {'line': b'-- Up-to-date: /home/a/ws_moveit2/install/stm32_mavlink_interface/include/stm32_mavlink_interface/stm32_mavlink_interface/srv/detail/set_encoder_config__rosidl_typesupport_fastrtps_c.h\n'}
[7.161650] (stm32_mavlink_interface) StdoutLine: {'line': b'-- Up-to-date: /home/a/ws_moveit2/install/stm32_mavlink_interface/include/stm32_mavlink_interface/stm32_mavlink_interface/srv/detail/set_servo_config__rosidl_typesupport_fastrtps_c.h\n'}
[7.161701] (stm32_mavlink_interface) StdoutLine: {'line': b'-- Up-to-date: /home/a/ws_moveit2/install/stm32_mavlink_interface/include/stm32_mavlink_interface/stm32_mavlink_interface/srv/detail/get_robomaster_motor_config__rosidl_typesupport_fastrtps_c.h\n'}
[7.161754] (stm32_mavlink_interface) StdoutLine: {'line': b'-- Up-to-date: /home/a/ws_moveit2/install/stm32_mavlink_interface/include/stm32_mavlink_interface/stm32_mavlink_interface/srv/detail/set_robomaster_motor_config__rosidl_typesupport_fastrtps_c.h\n'}
[7.161808] (stm32_mavlink_interface) StdoutLine: {'line': b'-- Up-to-date: /home/a/ws_moveit2/install/stm32_mavlink_interface/lib/libstm32_mavlink_interface__rosidl_typesupport_fastrtps_c.so\n'}
[7.161862] (stm32_mavlink_interface) StdoutLine: {'line': b'-- Up-to-date: /home/a/ws_moveit2/install/stm32_mavlink_interface/include/stm32_mavlink_interface/stm32_mavlink_interface\n'}
[7.161915] (stm32_mavlink_interface) StdoutLine: {'line': b'-- Up-to-date: /home/a/ws_moveit2/install/stm32_mavlink_interface/include/stm32_mavlink_interface/stm32_mavlink_interface/msg\n'}
[7.161978] (stm32_mavlink_interface) StdoutLine: {'line': b'-- Up-to-date: /home/a/ws_moveit2/install/stm32_mavlink_interface/include/stm32_mavlink_interface/stm32_mavlink_interface/msg/servo_command.hpp\n'}
[7.162030] (stm32_mavlink_interface) StdoutLine: {'line': b'-- Up-to-date: /home/a/ws_moveit2/install/stm32_mavlink_interface/include/stm32_mavlink_interface/stm32_mavlink_interface/msg/robomaster_motor_config.hpp\n'}
[7.162082] (stm32_mavlink_interface) StdoutLine: {'line': b'-- Up-to-date: /home/a/ws_moveit2/install/stm32_mavlink_interface/include/stm32_mavlink_interface/stm32_mavlink_interface/msg/encoder_config.hpp\n'}
[7.162133] (stm32_mavlink_interface) StdoutLine: {'line': b'-- Up-to-date: /home/a/ws_moveit2/install/stm32_mavlink_interface/include/stm32_mavlink_interface/stm32_mavlink_interface/msg/encoder_state.hpp\n'}
[7.162181] (stm32_mavlink_interface) StdoutLine: {'line': b'-- Up-to-date: /home/a/ws_moveit2/install/stm32_mavlink_interface/include/stm32_mavlink_interface/stm32_mavlink_interface/msg/robomaster_motor_state.hpp\n'}
[7.162233] (stm32_mavlink_interface) StdoutLine: {'line': b'-- Up-to-date: /home/a/ws_moveit2/install/stm32_mavlink_interface/include/stm32_mavlink_interface/stm32_mavlink_interface/msg/robomaster_motor_command.hpp\n'}
[7.162282] (stm32_mavlink_interface) StdoutLine: {'line': b'-- Up-to-date: /home/a/ws_moveit2/install/stm32_mavlink_interface/include/stm32_mavlink_interface/stm32_mavlink_interface/msg/servo_state.hpp\n'}
[7.162338] (stm32_mavlink_interface) StdoutLine: {'line': b'-- Up-to-date: /home/a/ws_moveit2/install/stm32_mavlink_interface/include/stm32_mavlink_interface/stm32_mavlink_interface/msg/rosidl_generator_cpp__visibility_control.hpp\n'}
[7.162389] (stm32_mavlink_interface) StdoutLine: {'line': b'-- Up-to-date: /home/a/ws_moveit2/install/stm32_mavlink_interface/include/stm32_mavlink_interface/stm32_mavlink_interface/msg/detail\n'}
[7.162435] (stm32_mavlink_interface) StdoutLine: {'line': b'-- Up-to-date: /home/a/ws_moveit2/install/stm32_mavlink_interface/include/stm32_mavlink_interface/stm32_mavlink_interface/msg/detail/encoder_state__type_support.hpp\n'}
[7.162477] (stm32_mavlink_interface) StdoutLine: {'line': b'-- Up-to-date: /home/a/ws_moveit2/install/stm32_mavlink_interface/include/stm32_mavlink_interface/stm32_mavlink_interface/msg/detail/robomaster_motor_state__traits.hpp\n'}
[7.162522] (stm32_mavlink_interface) StdoutLine: {'line': b'-- Up-to-date: /home/a/ws_moveit2/install/stm32_mavlink_interface/include/stm32_mavlink_interface/stm32_mavlink_interface/msg/detail/servo_state__struct.hpp\n'}
[7.162565] (stm32_mavlink_interface) StdoutLine: {'line': b'-- Up-to-date: /home/a/ws_moveit2/install/stm32_mavlink_interface/include/stm32_mavlink_interface/stm32_mavlink_interface/msg/detail/encoder_state__builder.hpp\n'}
[7.162609] (stm32_mavlink_interface) StdoutLine: {'line': b'-- Up-to-date: /home/a/ws_moveit2/install/stm32_mavlink_interface/include/stm32_mavlink_interface/stm32_mavlink_interface/msg/detail/robomaster_motor_config__type_support.hpp\n'}
[7.162653] (stm32_mavlink_interface) StdoutLine: {'line': b'-- Up-to-date: /home/a/ws_moveit2/install/stm32_mavlink_interface/include/stm32_mavlink_interface/stm32_mavlink_interface/msg/detail/servo_state__traits.hpp\n'}
[7.162697] (stm32_mavlink_interface) StdoutLine: {'line': b'-- Up-to-date: /home/a/ws_moveit2/install/stm32_mavlink_interface/include/stm32_mavlink_interface/stm32_mavlink_interface/msg/detail/robomaster_motor_config__traits.hpp\n'}
[7.162740] (stm32_mavlink_interface) StdoutLine: {'line': b'-- Up-to-date: /home/a/ws_moveit2/install/stm32_mavlink_interface/include/stm32_mavlink_interface/stm32_mavlink_interface/msg/detail/robomaster_motor_state__builder.hpp\n'}
[7.162783] (stm32_mavlink_interface) StdoutLine: {'line': b'-- Up-to-date: /home/a/ws_moveit2/install/stm32_mavlink_interface/include/stm32_mavlink_interface/stm32_mavlink_interface/msg/detail/robomaster_motor_command__struct.hpp\n'}
[7.162830] (stm32_mavlink_interface) StdoutLine: {'line': b'-- Up-to-date: /home/a/ws_moveit2/install/stm32_mavlink_interface/include/stm32_mavlink_interface/stm32_mavlink_interface/msg/detail/servo_command__struct.hpp\n'}
[7.162875] (stm32_mavlink_interface) StdoutLine: {'line': b'-- Up-to-date: /home/a/ws_moveit2/install/stm32_mavlink_interface/include/stm32_mavlink_interface/stm32_mavlink_interface/msg/detail/servo_state__type_support.hpp\n'}
[7.162918] (stm32_mavlink_interface) StdoutLine: {'line': b'-- Up-to-date: /home/a/ws_moveit2/install/stm32_mavlink_interface/include/stm32_mavlink_interface/stm32_mavlink_interface/msg/detail/encoder_state__struct.hpp\n'}
[7.162968] (stm32_mavlink_interface) StdoutLine: {'line': b'-- Up-to-date: /home/a/ws_moveit2/install/stm32_mavlink_interface/include/stm32_mavlink_interface/stm32_mavlink_interface/msg/detail/encoder_config__traits.hpp\n'}
[7.163014] (stm32_mavlink_interface) StdoutLine: {'line': b'-- Up-to-date: /home/a/ws_moveit2/install/stm32_mavlink_interface/include/stm32_mavlink_interface/stm32_mavlink_interface/msg/detail/encoder_config__builder.hpp\n'}
[7.163058] (stm32_mavlink_interface) StdoutLine: {'line': b'-- Up-to-date: /home/a/ws_moveit2/install/stm32_mavlink_interface/include/stm32_mavlink_interface/stm32_mavlink_interface/msg/detail/robomaster_motor_state__struct.hpp\n'}
[7.163102] (stm32_mavlink_interface) StdoutLine: {'line': b'-- Up-to-date: /home/a/ws_moveit2/install/stm32_mavlink_interface/include/stm32_mavlink_interface/stm32_mavlink_interface/msg/detail/servo_command__builder.hpp\n'}
[7.163149] (stm32_mavlink_interface) StdoutLine: {'line': b'-- Up-to-date: /home/a/ws_moveit2/install/stm32_mavlink_interface/include/stm32_mavlink_interface/stm32_mavlink_interface/msg/detail/encoder_state__traits.hpp\n'}
[7.163180] (stm32_mavlink_interface) StdoutLine: {'line': b'-- Up-to-date: /home/a/ws_moveit2/install/stm32_mavlink_interface/include/stm32_mavlink_interface/stm32_mavlink_interface/msg/detail/robomaster_motor_state__type_support.hpp\n'}
[7.163210] (stm32_mavlink_interface) StdoutLine: {'line': b'-- Up-to-date: /home/a/ws_moveit2/install/stm32_mavlink_interface/include/stm32_mavlink_interface/stm32_mavlink_interface/msg/detail/encoder_config__type_support.hpp\n'}
[7.163239] (stm32_mavlink_interface) StdoutLine: {'line': b'-- Up-to-date: /home/a/ws_moveit2/install/stm32_mavlink_interface/include/stm32_mavlink_interface/stm32_mavlink_interface/msg/detail/servo_command__traits.hpp\n'}
[7.163270] (stm32_mavlink_interface) StdoutLine: {'line': b'-- Up-to-date: /home/a/ws_moveit2/install/stm32_mavlink_interface/include/stm32_mavlink_interface/stm32_mavlink_interface/msg/detail/servo_state__builder.hpp\n'}
[7.163300] (stm32_mavlink_interface) StdoutLine: {'line': b'-- Up-to-date: /home/a/ws_moveit2/install/stm32_mavlink_interface/include/stm32_mavlink_interface/stm32_mavlink_interface/msg/detail/robomaster_motor_command__builder.hpp\n'}
[7.163330] (stm32_mavlink_interface) StdoutLine: {'line': b'-- Up-to-date: /home/a/ws_moveit2/install/stm32_mavlink_interface/include/stm32_mavlink_interface/stm32_mavlink_interface/msg/detail/robomaster_motor_command__traits.hpp\n'}
[7.163359] (stm32_mavlink_interface) StdoutLine: {'line': b'-- Up-to-date: /home/a/ws_moveit2/install/stm32_mavlink_interface/include/stm32_mavlink_interface/stm32_mavlink_interface/msg/detail/robomaster_motor_command__type_support.hpp\n'}
[7.163390] (stm32_mavlink_interface) StdoutLine: {'line': b'-- Up-to-date: /home/a/ws_moveit2/install/stm32_mavlink_interface/include/stm32_mavlink_interface/stm32_mavlink_interface/msg/detail/robomaster_motor_config__builder.hpp\n'}
[7.163419] (stm32_mavlink_interface) StdoutLine: {'line': b'-- Up-to-date: /home/a/ws_moveit2/install/stm32_mavlink_interface/include/stm32_mavlink_interface/stm32_mavlink_interface/msg/detail/robomaster_motor_config__struct.hpp\n'}
[7.163450] (stm32_mavlink_interface) StdoutLine: {'line': b'-- Up-to-date: /home/a/ws_moveit2/install/stm32_mavlink_interface/include/stm32_mavlink_interface/stm32_mavlink_interface/msg/detail/encoder_config__struct.hpp\n'}
[7.163479] (stm32_mavlink_interface) StdoutLine: {'line': b'-- Up-to-date: /home/a/ws_moveit2/install/stm32_mavlink_interface/include/stm32_mavlink_interface/stm32_mavlink_interface/msg/detail/servo_command__type_support.hpp\n'}
[7.163509] (stm32_mavlink_interface) StdoutLine: {'line': b'-- Up-to-date: /home/a/ws_moveit2/install/stm32_mavlink_interface/include/stm32_mavlink_interface/stm32_mavlink_interface/srv\n'}
[7.163539] (stm32_mavlink_interface) StdoutLine: {'line': b'-- Up-to-date: /home/a/ws_moveit2/install/stm32_mavlink_interface/include/stm32_mavlink_interface/stm32_mavlink_interface/srv/set_robomaster_motor_config.hpp\n'}
[7.163568] (stm32_mavlink_interface) StdoutLine: {'line': b'-- Up-to-date: /home/a/ws_moveit2/install/stm32_mavlink_interface/include/stm32_mavlink_interface/stm32_mavlink_interface/srv/set_encoder_config.hpp\n'}
[7.163598] (stm32_mavlink_interface) StdoutLine: {'line': b'-- Up-to-date: /home/a/ws_moveit2/install/stm32_mavlink_interface/include/stm32_mavlink_interface/stm32_mavlink_interface/srv/get_robomaster_motor_config.hpp\n'}
[7.163628] (stm32_mavlink_interface) StdoutLine: {'line': b'-- Up-to-date: /home/a/ws_moveit2/install/stm32_mavlink_interface/include/stm32_mavlink_interface/stm32_mavlink_interface/srv/detail\n'}
[7.163660] (stm32_mavlink_interface) StdoutLine: {'line': b'-- Up-to-date: /home/a/ws_moveit2/install/stm32_mavlink_interface/include/stm32_mavlink_interface/stm32_mavlink_interface/srv/detail/set_robomaster_motor_config__builder.hpp\n'}
[7.163692] (stm32_mavlink_interface) StdoutLine: {'line': b'-- Up-to-date: /home/a/ws_moveit2/install/stm32_mavlink_interface/include/stm32_mavlink_interface/stm32_mavlink_interface/srv/detail/set_servo_config__builder.hpp\n'}
[7.163721] (stm32_mavlink_interface) StdoutLine: {'line': b'-- Up-to-date: /home/a/ws_moveit2/install/stm32_mavlink_interface/include/stm32_mavlink_interface/stm32_mavlink_interface/srv/detail/set_servo_config__traits.hpp\n'}
[7.163751] (stm32_mavlink_interface) StdoutLine: {'line': b'-- Up-to-date: /home/a/ws_moveit2/install/stm32_mavlink_interface/include/stm32_mavlink_interface/stm32_mavlink_interface/srv/detail/set_encoder_config__type_support.hpp\n'}
[7.163781] (stm32_mavlink_interface) StdoutLine: {'line': b'-- Up-to-date: /home/a/ws_moveit2/install/stm32_mavlink_interface/include/stm32_mavlink_interface/stm32_mavlink_interface/srv/detail/get_robomaster_motor_config__struct.hpp\n'}
[7.163810] (stm32_mavlink_interface) StdoutLine: {'line': b'-- Up-to-date: /home/a/ws_moveit2/install/stm32_mavlink_interface/include/stm32_mavlink_interface/stm32_mavlink_interface/srv/detail/set_servo_config__type_support.hpp\n'}
[7.163841] (stm32_mavlink_interface) StdoutLine: {'line': b'-- Up-to-date: /home/a/ws_moveit2/install/stm32_mavlink_interface/include/stm32_mavlink_interface/stm32_mavlink_interface/srv/detail/set_encoder_config__traits.hpp\n'}
[7.163871] (stm32_mavlink_interface) StdoutLine: {'line': b'-- Up-to-date: /home/a/ws_moveit2/install/stm32_mavlink_interface/include/stm32_mavlink_interface/stm32_mavlink_interface/srv/detail/set_robomaster_motor_config__struct.hpp\n'}
[7.163903] (stm32_mavlink_interface) StdoutLine: {'line': b'-- Up-to-date: /home/a/ws_moveit2/install/stm32_mavlink_interface/include/stm32_mavlink_interface/stm32_mavlink_interface/srv/detail/set_servo_config__struct.hpp\n'}
[7.163937] (stm32_mavlink_interface) StdoutLine: {'line': b'-- Up-to-date: /home/a/ws_moveit2/install/stm32_mavlink_interface/include/stm32_mavlink_interface/stm32_mavlink_interface/srv/detail/get_robomaster_motor_config__type_support.hpp\n'}
[7.163969] (stm32_mavlink_interface) StdoutLine: {'line': b'-- Up-to-date: /home/a/ws_moveit2/install/stm32_mavlink_interface/include/stm32_mavlink_interface/stm32_mavlink_interface/srv/detail/get_robomaster_motor_config__builder.hpp\n'}
[7.163999] (stm32_mavlink_interface) StdoutLine: {'line': b'-- Up-to-date: /home/a/ws_moveit2/install/stm32_mavlink_interface/include/stm32_mavlink_interface/stm32_mavlink_interface/srv/detail/set_robomaster_motor_config__traits.hpp\n'}
[7.164028] (stm32_mavlink_interface) StdoutLine: {'line': b'-- Up-to-date: /home/a/ws_moveit2/install/stm32_mavlink_interface/include/stm32_mavlink_interface/stm32_mavlink_interface/srv/detail/set_encoder_config__builder.hpp\n'}
[7.164059] (stm32_mavlink_interface) StdoutLine: {'line': b'-- Up-to-date: /home/a/ws_moveit2/install/stm32_mavlink_interface/include/stm32_mavlink_interface/stm32_mavlink_interface/srv/detail/set_encoder_config__struct.hpp\n'}
[7.164090] (stm32_mavlink_interface) StdoutLine: {'line': b'-- Up-to-date: /home/a/ws_moveit2/install/stm32_mavlink_interface/include/stm32_mavlink_interface/stm32_mavlink_interface/srv/detail/get_robomaster_motor_config__traits.hpp\n'}
[7.164121] (stm32_mavlink_interface) StdoutLine: {'line': b'-- Up-to-date: /home/a/ws_moveit2/install/stm32_mavlink_interface/include/stm32_mavlink_interface/stm32_mavlink_interface/srv/detail/set_robomaster_motor_config__type_support.hpp\n'}
[7.164147] (stm32_mavlink_interface) StdoutLine: {'line': b'-- Up-to-date: /home/a/ws_moveit2/install/stm32_mavlink_interface/include/stm32_mavlink_interface/stm32_mavlink_interface/srv/set_servo_config.hpp\n'}
[7.164170] (stm32_mavlink_interface) StdoutLine: {'line': b'-- Up-to-date: /home/a/ws_moveit2/install/stm32_mavlink_interface/include/stm32_mavlink_interface/stm32_mavlink_interface\n'}
[7.164194] (stm32_mavlink_interface) StdoutLine: {'line': b'-- Up-to-date: /home/a/ws_moveit2/install/stm32_mavlink_interface/include/stm32_mavlink_interface/stm32_mavlink_interface/msg\n'}
[7.164221] (stm32_mavlink_interface) StdoutLine: {'line': b'-- Up-to-date: /home/a/ws_moveit2/install/stm32_mavlink_interface/include/stm32_mavlink_interface/stm32_mavlink_interface/msg/detail\n'}
[7.164244] (stm32_mavlink_interface) StdoutLine: {'line': b'-- Up-to-date: /home/a/ws_moveit2/install/stm32_mavlink_interface/include/stm32_mavlink_interface/stm32_mavlink_interface/msg/detail/robomaster_motor_command__rosidl_typesupport_fastrtps_cpp.hpp\n'}
[7.164268] (stm32_mavlink_interface) StdoutLine: {'line': b'-- Up-to-date: /home/a/ws_moveit2/install/stm32_mavlink_interface/include/stm32_mavlink_interface/stm32_mavlink_interface/msg/detail/encoder_state__rosidl_typesupport_fastrtps_cpp.hpp\n'}
[7.164292] (stm32_mavlink_interface) StdoutLine: {'line': b'-- Up-to-date: /home/a/ws_moveit2/install/stm32_mavlink_interface/include/stm32_mavlink_interface/stm32_mavlink_interface/msg/detail/encoder_config__rosidl_typesupport_fastrtps_cpp.hpp\n'}
[7.164316] (stm32_mavlink_interface) StdoutLine: {'line': b'-- Up-to-date: /home/a/ws_moveit2/install/stm32_mavlink_interface/include/stm32_mavlink_interface/stm32_mavlink_interface/msg/detail/robomaster_motor_config__rosidl_typesupport_fastrtps_cpp.hpp\n'}
[7.164341] (stm32_mavlink_interface) StdoutLine: {'line': b'-- Up-to-date: /home/a/ws_moveit2/install/stm32_mavlink_interface/include/stm32_mavlink_interface/stm32_mavlink_interface/msg/detail/robomaster_motor_state__rosidl_typesupport_fastrtps_cpp.hpp\n'}
[7.164364] (stm32_mavlink_interface) StdoutLine: {'line': b'-- Up-to-date: /home/a/ws_moveit2/install/stm32_mavlink_interface/include/stm32_mavlink_interface/stm32_mavlink_interface/msg/detail/servo_state__rosidl_typesupport_fastrtps_cpp.hpp\n'}
[7.164388] (stm32_mavlink_interface) StdoutLine: {'line': b'-- Up-to-date: /home/a/ws_moveit2/install/stm32_mavlink_interface/include/stm32_mavlink_interface/stm32_mavlink_interface/msg/detail/servo_command__rosidl_typesupport_fastrtps_cpp.hpp\n'}
[7.164413] (stm32_mavlink_interface) StdoutLine: {'line': b'-- Up-to-date: /home/a/ws_moveit2/install/stm32_mavlink_interface/include/stm32_mavlink_interface/stm32_mavlink_interface/msg/detail/dds_fastrtps\n'}
[7.164436] (stm32_mavlink_interface) StdoutLine: {'line': b'-- Up-to-date: /home/a/ws_moveit2/install/stm32_mavlink_interface/include/stm32_mavlink_interface/stm32_mavlink_interface/msg/rosidl_typesupport_fastrtps_cpp__visibility_control.h\n'}
[7.164459] (stm32_mavlink_interface) StdoutLine: {'line': b'-- Up-to-date: /home/a/ws_moveit2/install/stm32_mavlink_interface/include/stm32_mavlink_interface/stm32_mavlink_interface/srv\n'}
[7.164482] (stm32_mavlink_interface) StdoutLine: {'line': b'-- Up-to-date: /home/a/ws_moveit2/install/stm32_mavlink_interface/include/stm32_mavlink_interface/stm32_mavlink_interface/srv/detail\n'}
[7.164506] (stm32_mavlink_interface) StdoutLine: {'line': b'-- Up-to-date: /home/a/ws_moveit2/install/stm32_mavlink_interface/include/stm32_mavlink_interface/stm32_mavlink_interface/srv/detail/set_encoder_config__rosidl_typesupport_fastrtps_cpp.hpp\n'}
[7.164531] (stm32_mavlink_interface) StdoutLine: {'line': b'-- Up-to-date: /home/a/ws_moveit2/install/stm32_mavlink_interface/include/stm32_mavlink_interface/stm32_mavlink_interface/srv/detail/set_servo_config__rosidl_typesupport_fastrtps_cpp.hpp\n'}
[7.164555] (stm32_mavlink_interface) StdoutLine: {'line': b'-- Up-to-date: /home/a/ws_moveit2/install/stm32_mavlink_interface/include/stm32_mavlink_interface/stm32_mavlink_interface/srv/detail/set_robomaster_motor_config__rosidl_typesupport_fastrtps_cpp.hpp\n'}
[7.164579] (stm32_mavlink_interface) StdoutLine: {'line': b'-- Up-to-date: /home/a/ws_moveit2/install/stm32_mavlink_interface/include/stm32_mavlink_interface/stm32_mavlink_interface/srv/detail/get_robomaster_motor_config__rosidl_typesupport_fastrtps_cpp.hpp\n'}
[7.164603] (stm32_mavlink_interface) StdoutLine: {'line': b'-- Up-to-date: /home/a/ws_moveit2/install/stm32_mavlink_interface/include/stm32_mavlink_interface/stm32_mavlink_interface/srv/detail/dds_fastrtps\n'}
[7.164628] (stm32_mavlink_interface) StdoutLine: {'line': b'-- Up-to-date: /home/a/ws_moveit2/install/stm32_mavlink_interface/lib/libstm32_mavlink_interface__rosidl_typesupport_fastrtps_cpp.so\n'}
[7.164652] (stm32_mavlink_interface) StdoutLine: {'line': b'-- Up-to-date: /home/a/ws_moveit2/install/stm32_mavlink_interface/include/stm32_mavlink_interface/stm32_mavlink_interface\n'}
[7.164676] (stm32_mavlink_interface) StdoutLine: {'line': b'-- Up-to-date: /home/a/ws_moveit2/install/stm32_mavlink_interface/include/stm32_mavlink_interface/stm32_mavlink_interface/msg\n'}
[7.164701] (stm32_mavlink_interface) StdoutLine: {'line': b'-- Up-to-date: /home/a/ws_moveit2/install/stm32_mavlink_interface/include/stm32_mavlink_interface/stm32_mavlink_interface/msg/rosidl_typesupport_introspection_c__visibility_control.h\n'}
[7.164728] (stm32_mavlink_interface) StdoutLine: {'line': b'-- Up-to-date: /home/a/ws_moveit2/install/stm32_mavlink_interface/include/stm32_mavlink_interface/stm32_mavlink_interface/msg/detail\n'}
[7.164755] (stm32_mavlink_interface) StdoutLine: {'line': b'-- Up-to-date: /home/a/ws_moveit2/install/stm32_mavlink_interface/include/stm32_mavlink_interface/stm32_mavlink_interface/msg/detail/robomaster_motor_state__type_support.c\n'}
[7.164780] (stm32_mavlink_interface) StdoutLine: {'line': b'-- Up-to-date: /home/a/ws_moveit2/install/stm32_mavlink_interface/include/stm32_mavlink_interface/stm32_mavlink_interface/msg/detail/robomaster_motor_command__rosidl_typesupport_introspection_c.h\n'}
[7.164804] (stm32_mavlink_interface) StdoutLine: {'line': b'-- Up-to-date: /home/a/ws_moveit2/install/stm32_mavlink_interface/include/stm32_mavlink_interface/stm32_mavlink_interface/msg/detail/robomaster_motor_config__rosidl_typesupport_introspection_c.h\n'}
[7.164829] (stm32_mavlink_interface) StdoutLine: {'line': b'-- Up-to-date: /home/a/ws_moveit2/install/stm32_mavlink_interface/include/stm32_mavlink_interface/stm32_mavlink_interface/msg/detail/robomaster_motor_state__rosidl_typesupport_introspection_c.h\n'}
[7.164853] (stm32_mavlink_interface) StdoutLine: {'line': b'-- Up-to-date: /home/a/ws_moveit2/install/stm32_mavlink_interface/include/stm32_mavlink_interface/stm32_mavlink_interface/msg/detail/servo_state__rosidl_typesupport_introspection_c.h\n'}
[7.164878] (stm32_mavlink_interface) StdoutLine: {'line': b'-- Up-to-date: /home/a/ws_moveit2/install/stm32_mavlink_interface/include/stm32_mavlink_interface/stm32_mavlink_interface/msg/detail/encoder_state__type_support.c\n'}
[7.164904] (stm32_mavlink_interface) StdoutLine: {'line': b'-- Up-to-date: /home/a/ws_moveit2/install/stm32_mavlink_interface/include/stm32_mavlink_interface/stm32_mavlink_interface/msg/detail/servo_state__type_support.c\n'}
[7.164931] (stm32_mavlink_interface) StdoutLine: {'line': b'-- Up-to-date: /home/a/ws_moveit2/install/stm32_mavlink_interface/include/stm32_mavlink_interface/stm32_mavlink_interface/msg/detail/encoder_config__type_support.c\n'}
[7.164959] (stm32_mavlink_interface) StdoutLine: {'line': b'-- Up-to-date: /home/a/ws_moveit2/install/stm32_mavlink_interface/include/stm32_mavlink_interface/stm32_mavlink_interface/msg/detail/encoder_state__rosidl_typesupport_introspection_c.h\n'}
[7.164983] (stm32_mavlink_interface) StdoutLine: {'line': b'-- Up-to-date: /home/a/ws_moveit2/install/stm32_mavlink_interface/include/stm32_mavlink_interface/stm32_mavlink_interface/msg/detail/robomaster_motor_config__type_support.c\n'}
[7.165007] (stm32_mavlink_interface) StdoutLine: {'line': b'-- Up-to-date: /home/a/ws_moveit2/install/stm32_mavlink_interface/include/stm32_mavlink_interface/stm32_mavlink_interface/msg/detail/servo_command__type_support.c\n'}
[7.165031] (stm32_mavlink_interface) StdoutLine: {'line': b'-- Up-to-date: /home/a/ws_moveit2/install/stm32_mavlink_interface/include/stm32_mavlink_interface/stm32_mavlink_interface/msg/detail/encoder_config__rosidl_typesupport_introspection_c.h\n'}
[7.165054] (stm32_mavlink_interface) StdoutLine: {'line': b'-- Up-to-date: /home/a/ws_moveit2/install/stm32_mavlink_interface/include/stm32_mavlink_interface/stm32_mavlink_interface/msg/detail/servo_command__rosidl_typesupport_introspection_c.h\n'}
[7.165079] (stm32_mavlink_interface) StdoutLine: {'line': b'-- Up-to-date: /home/a/ws_moveit2/install/stm32_mavlink_interface/include/stm32_mavlink_interface/stm32_mavlink_interface/msg/detail/robomaster_motor_command__type_support.c\n'}
[7.165103] (stm32_mavlink_interface) StdoutLine: {'line': b'-- Up-to-date: /home/a/ws_moveit2/install/stm32_mavlink_interface/include/stm32_mavlink_interface/stm32_mavlink_interface/srv\n'}
[7.165127] (stm32_mavlink_interface) StdoutLine: {'line': b'-- Up-to-date: /home/a/ws_moveit2/install/stm32_mavlink_interface/include/stm32_mavlink_interface/stm32_mavlink_interface/srv/detail\n'}
[7.165152] (stm32_mavlink_interface) StdoutLine: {'line': b'-- Up-to-date: /home/a/ws_moveit2/install/stm32_mavlink_interface/include/stm32_mavlink_interface/stm32_mavlink_interface/srv/detail/get_robomaster_motor_config__type_support.c\n'}
[7.165176] (stm32_mavlink_interface) StdoutLine: {'line': b'-- Up-to-date: /home/a/ws_moveit2/install/stm32_mavlink_interface/include/stm32_mavlink_interface/stm32_mavlink_interface/srv/detail/set_robomaster_motor_config__type_support.c\n'}
[7.165200] (stm32_mavlink_interface) StdoutLine: {'line': b'-- Up-to-date: /home/a/ws_moveit2/install/stm32_mavlink_interface/include/stm32_mavlink_interface/stm32_mavlink_interface/srv/detail/get_robomaster_motor_config__rosidl_typesupport_introspection_c.h\n'}
[7.165224] (stm32_mavlink_interface) StdoutLine: {'line': b'-- Up-to-date: /home/a/ws_moveit2/install/stm32_mavlink_interface/include/stm32_mavlink_interface/stm32_mavlink_interface/srv/detail/set_servo_config__type_support.c\n'}
[7.165248] (stm32_mavlink_interface) StdoutLine: {'line': b'-- Up-to-date: /home/a/ws_moveit2/install/stm32_mavlink_interface/include/stm32_mavlink_interface/stm32_mavlink_interface/srv/detail/set_robomaster_motor_config__rosidl_typesupport_introspection_c.h\n'}
[7.165272] (stm32_mavlink_interface) StdoutLine: {'line': b'-- Up-to-date: /home/a/ws_moveit2/install/stm32_mavlink_interface/include/stm32_mavlink_interface/stm32_mavlink_interface/srv/detail/set_servo_config__rosidl_typesupport_introspection_c.h\n'}
[7.165295] (stm32_mavlink_interface) StdoutLine: {'line': b'-- Up-to-date: /home/a/ws_moveit2/install/stm32_mavlink_interface/include/stm32_mavlink_interface/stm32_mavlink_interface/srv/detail/set_encoder_config__rosidl_typesupport_introspection_c.h\n'}
[7.165319] (stm32_mavlink_interface) StdoutLine: {'line': b'-- Up-to-date: /home/a/ws_moveit2/install/stm32_mavlink_interface/include/stm32_mavlink_interface/stm32_mavlink_interface/srv/detail/set_encoder_config__type_support.c\n'}
[7.165344] (stm32_mavlink_interface) StdoutLine: {'line': b'-- Up-to-date: /home/a/ws_moveit2/install/stm32_mavlink_interface/lib/libstm32_mavlink_interface__rosidl_typesupport_introspection_c.so\n'}
[7.165367] (stm32_mavlink_interface) StdoutLine: {'line': b'-- Up-to-date: /home/a/ws_moveit2/install/stm32_mavlink_interface/lib/libstm32_mavlink_interface__rosidl_typesupport_c.so\n'}
[7.165390] (stm32_mavlink_interface) StdoutLine: {'line': b'-- Up-to-date: /home/a/ws_moveit2/install/stm32_mavlink_interface/include/stm32_mavlink_interface/stm32_mavlink_interface\n'}
[7.165414] (stm32_mavlink_interface) StdoutLine: {'line': b'-- Up-to-date: /home/a/ws_moveit2/install/stm32_mavlink_interface/include/stm32_mavlink_interface/stm32_mavlink_interface/msg\n'}
[7.165437] (stm32_mavlink_interface) StdoutLine: {'line': b'-- Up-to-date: /home/a/ws_moveit2/install/stm32_mavlink_interface/include/stm32_mavlink_interface/stm32_mavlink_interface/msg/detail\n'}
[7.165460] (stm32_mavlink_interface) StdoutLine: {'line': b'-- Up-to-date: /home/a/ws_moveit2/install/stm32_mavlink_interface/include/stm32_mavlink_interface/stm32_mavlink_interface/msg/detail/servo_state__rosidl_typesupport_introspection_cpp.hpp\n'}
[7.165485] (stm32_mavlink_interface) StdoutLine: {'line': b'-- Up-to-date: /home/a/ws_moveit2/install/stm32_mavlink_interface/include/stm32_mavlink_interface/stm32_mavlink_interface/msg/detail/encoder_config__type_support.cpp\n'}
[7.165511] (stm32_mavlink_interface) StdoutLine: {'line': b'-- Up-to-date: /home/a/ws_moveit2/install/stm32_mavlink_interface/include/stm32_mavlink_interface/stm32_mavlink_interface/msg/detail/robomaster_motor_command__type_support.cpp\n'}
[7.165536] (stm32_mavlink_interface) StdoutLine: {'line': b'-- Up-to-date: /home/a/ws_moveit2/install/stm32_mavlink_interface/include/stm32_mavlink_interface/stm32_mavlink_interface/msg/detail/servo_command__type_support.cpp\n'}
[7.165559] (stm32_mavlink_interface) StdoutLine: {'line': b'-- Up-to-date: /home/a/ws_moveit2/install/stm32_mavlink_interface/include/stm32_mavlink_interface/stm32_mavlink_interface/msg/detail/robomaster_motor_command__rosidl_typesupport_introspection_cpp.hpp\n'}
[7.165582] (stm32_mavlink_interface) StdoutLine: {'line': b'-- Up-to-date: /home/a/ws_moveit2/install/stm32_mavlink_interface/include/stm32_mavlink_interface/stm32_mavlink_interface/msg/detail/servo_state__type_support.cpp\n'}
[7.165606] (stm32_mavlink_interface) StdoutLine: {'line': b'-- Up-to-date: /home/a/ws_moveit2/install/stm32_mavlink_interface/include/stm32_mavlink_interface/stm32_mavlink_interface/msg/detail/robomaster_motor_config__type_support.cpp\n'}
[7.165630] (stm32_mavlink_interface) StdoutLine: {'line': b'-- Up-to-date: /home/a/ws_moveit2/install/stm32_mavlink_interface/include/stm32_mavlink_interface/stm32_mavlink_interface/msg/detail/robomaster_motor_config__rosidl_typesupport_introspection_cpp.hpp\n'}
[7.165653] (stm32_mavlink_interface) StdoutLine: {'line': b'-- Up-to-date: /home/a/ws_moveit2/install/stm32_mavlink_interface/include/stm32_mavlink_interface/stm32_mavlink_interface/msg/detail/servo_command__rosidl_typesupport_introspection_cpp.hpp\n'}
[7.165677] (stm32_mavlink_interface) StdoutLine: {'line': b'-- Up-to-date: /home/a/ws_moveit2/install/stm32_mavlink_interface/include/stm32_mavlink_interface/stm32_mavlink_interface/msg/detail/robomaster_motor_state__rosidl_typesupport_introspection_cpp.hpp\n'}
[7.165700] (stm32_mavlink_interface) StdoutLine: {'line': b'-- Up-to-date: /home/a/ws_moveit2/install/stm32_mavlink_interface/include/stm32_mavlink_interface/stm32_mavlink_interface/msg/detail/encoder_state__type_support.cpp\n'}
[7.165725] (stm32_mavlink_interface) StdoutLine: {'line': b'-- Up-to-date: /home/a/ws_moveit2/install/stm32_mavlink_interface/include/stm32_mavlink_interface/stm32_mavlink_interface/msg/detail/encoder_config__rosidl_typesupport_introspection_cpp.hpp\n'}
[7.165750] (stm32_mavlink_interface) StdoutLine: {'line': b'-- Up-to-date: /home/a/ws_moveit2/install/stm32_mavlink_interface/include/stm32_mavlink_interface/stm32_mavlink_interface/msg/detail/robomaster_motor_state__type_support.cpp\n'}
[7.165784] (stm32_mavlink_interface) StdoutLine: {'line': b'-- Up-to-date: /home/a/ws_moveit2/install/stm32_mavlink_interface/include/stm32_mavlink_interface/stm32_mavlink_interface/msg/detail/encoder_state__rosidl_typesupport_introspection_cpp.hpp\n'}
[7.165808] (stm32_mavlink_interface) StdoutLine: {'line': b'-- Up-to-date: /home/a/ws_moveit2/install/stm32_mavlink_interface/include/stm32_mavlink_interface/stm32_mavlink_interface/srv\n'}
[7.165831] (stm32_mavlink_interface) StdoutLine: {'line': b'-- Up-to-date: /home/a/ws_moveit2/install/stm32_mavlink_interface/include/stm32_mavlink_interface/stm32_mavlink_interface/srv/detail\n'}
[7.165854] (stm32_mavlink_interface) StdoutLine: {'line': b'-- Up-to-date: /home/a/ws_moveit2/install/stm32_mavlink_interface/include/stm32_mavlink_interface/stm32_mavlink_interface/srv/detail/set_robomaster_motor_config__rosidl_typesupport_introspection_cpp.hpp\n'}
[7.165878] (stm32_mavlink_interface) StdoutLine: {'line': b'-- Up-to-date: /home/a/ws_moveit2/install/stm32_mavlink_interface/include/stm32_mavlink_interface/stm32_mavlink_interface/srv/detail/set_encoder_config__rosidl_typesupport_introspection_cpp.hpp\n'}
[7.165902] (stm32_mavlink_interface) StdoutLine: {'line': b'-- Up-to-date: /home/a/ws_moveit2/install/stm32_mavlink_interface/include/stm32_mavlink_interface/stm32_mavlink_interface/srv/detail/set_servo_config__rosidl_typesupport_introspection_cpp.hpp\n'}
[7.165936] (stm32_mavlink_interface) StdoutLine: {'line': b'-- Up-to-date: /home/a/ws_moveit2/install/stm32_mavlink_interface/include/stm32_mavlink_interface/stm32_mavlink_interface/srv/detail/set_encoder_config__type_support.cpp\n'}
[7.165967] (stm32_mavlink_interface) StdoutLine: {'line': b'-- Up-to-date: /home/a/ws_moveit2/install/stm32_mavlink_interface/include/stm32_mavlink_interface/stm32_mavlink_interface/srv/detail/get_robomaster_motor_config__type_support.cpp\n'}
[7.165992] (stm32_mavlink_interface) StdoutLine: {'line': b'-- Up-to-date: /home/a/ws_moveit2/install/stm32_mavlink_interface/include/stm32_mavlink_interface/stm32_mavlink_interface/srv/detail/get_robomaster_motor_config__rosidl_typesupport_introspection_cpp.hpp\n'}
[7.166017] (stm32_mavlink_interface) StdoutLine: {'line': b'-- Up-to-date: /home/a/ws_moveit2/install/stm32_mavlink_interface/include/stm32_mavlink_interface/stm32_mavlink_interface/srv/detail/set_robomaster_motor_config__type_support.cpp\n'}
[7.166040] (stm32_mavlink_interface) StdoutLine: {'line': b'-- Up-to-date: /home/a/ws_moveit2/install/stm32_mavlink_interface/include/stm32_mavlink_interface/stm32_mavlink_interface/srv/detail/set_servo_config__type_support.cpp\n'}
[7.166063] (stm32_mavlink_interface) StdoutLine: {'line': b'-- Up-to-date: /home/a/ws_moveit2/install/stm32_mavlink_interface/lib/libstm32_mavlink_interface__rosidl_typesupport_introspection_cpp.so\n'}
[7.166087] (stm32_mavlink_interface) StdoutLine: {'line': b'-- Up-to-date: /home/a/ws_moveit2/install/stm32_mavlink_interface/lib/libstm32_mavlink_interface__rosidl_typesupport_cpp.so\n'}
[7.166111] (stm32_mavlink_interface) StdoutLine: {'line': b'-- Up-to-date: /home/a/ws_moveit2/install/stm32_mavlink_interface/share/stm32_mavlink_interface/environment/pythonpath.sh\n'}
[7.166134] (stm32_mavlink_interface) StdoutLine: {'line': b'-- Up-to-date: /home/a/ws_moveit2/install/stm32_mavlink_interface/share/stm32_mavlink_interface/environment/pythonpath.dsv\n'}
[7.166157] (stm32_mavlink_interface) StdoutLine: {'line': b'-- Up-to-date: /home/a/ws_moveit2/install/stm32_mavlink_interface/local/lib/python3.10/dist-packages/stm32_mavlink_interface-1.0.0-py3.10.egg-info\n'}
[7.166182] (stm32_mavlink_interface) StdoutLine: {'line': b'-- Installing: /home/a/ws_moveit2/install/stm32_mavlink_interface/local/lib/python3.10/dist-packages/stm32_mavlink_interface-1.0.0-py3.10.egg-info/top_level.txt\n'}
[7.166205] (stm32_mavlink_interface) StdoutLine: {'line': b'-- Installing: /home/a/ws_moveit2/install/stm32_mavlink_interface/local/lib/python3.10/dist-packages/stm32_mavlink_interface-1.0.0-py3.10.egg-info/SOURCES.txt\n'}
[7.166229] (stm32_mavlink_interface) StdoutLine: {'line': b'-- Installing: /home/a/ws_moveit2/install/stm32_mavlink_interface/local/lib/python3.10/dist-packages/stm32_mavlink_interface-1.0.0-py3.10.egg-info/PKG-INFO\n'}
[7.166252] (stm32_mavlink_interface) StdoutLine: {'line': b'-- Installing: /home/a/ws_moveit2/install/stm32_mavlink_interface/local/lib/python3.10/dist-packages/stm32_mavlink_interface-1.0.0-py3.10.egg-info/dependency_links.txt\n'}
[7.166276] (stm32_mavlink_interface) StdoutLine: {'line': b'-- Up-to-date: /home/a/ws_moveit2/install/stm32_mavlink_interface/local/lib/python3.10/dist-packages/stm32_mavlink_interface\n'}
[7.166299] (stm32_mavlink_interface) StdoutLine: {'line': b'-- Up-to-date: /home/a/ws_moveit2/install/stm32_mavlink_interface/local/lib/python3.10/dist-packages/stm32_mavlink_interface/stm32_mavlink_interface_s__rosidl_typesupport_c.cpython-310-x86_64-linux-gnu.so\n'}
[7.166323] (stm32_mavlink_interface) StdoutLine: {'line': b'-- Up-to-date: /home/a/ws_moveit2/install/stm32_mavlink_interface/local/lib/python3.10/dist-packages/stm32_mavlink_interface/msg\n'}
[7.166350] (stm32_mavlink_interface) StdoutLine: {'line': b'-- Up-to-date: /home/a/ws_moveit2/install/stm32_mavlink_interface/local/lib/python3.10/dist-packages/stm32_mavlink_interface/msg/_servo_command_s.c\n'}
[7.166374] (stm32_mavlink_interface) StdoutLine: {'line': b'-- Up-to-date: /home/a/ws_moveit2/install/stm32_mavlink_interface/local/lib/python3.10/dist-packages/stm32_mavlink_interface/msg/_servo_command.py\n'}
[7.166399] (stm32_mavlink_interface) StdoutLine: {'line': b'-- Up-to-date: /home/a/ws_moveit2/install/stm32_mavlink_interface/local/lib/python3.10/dist-packages/stm32_mavlink_interface/msg/_servo_state_s.c\n'}
[7.166422] (stm32_mavlink_interface) StdoutLine: {'line': b'-- Up-to-date: /home/a/ws_moveit2/install/stm32_mavlink_interface/local/lib/python3.10/dist-packages/stm32_mavlink_interface/msg/_robomaster_motor_state.py\n'}
[7.166447] (stm32_mavlink_interface) StdoutLine: {'line': b'-- Up-to-date: /home/a/ws_moveit2/install/stm32_mavlink_interface/local/lib/python3.10/dist-packages/stm32_mavlink_interface/msg/_robomaster_motor_config_s.c\n'}
[7.166471] (stm32_mavlink_interface) StdoutLine: {'line': b'-- Up-to-date: /home/a/ws_moveit2/install/stm32_mavlink_interface/local/lib/python3.10/dist-packages/stm32_mavlink_interface/msg/_robomaster_motor_state_s.c\n'}
[7.166495] (stm32_mavlink_interface) StdoutLine: {'line': b'-- Up-to-date: /home/a/ws_moveit2/install/stm32_mavlink_interface/local/lib/python3.10/dist-packages/stm32_mavlink_interface/msg/_robomaster_motor_command_s.c\n'}
[7.166519] (stm32_mavlink_interface) StdoutLine: {'line': b'-- Up-to-date: /home/a/ws_moveit2/install/stm32_mavlink_interface/local/lib/python3.10/dist-packages/stm32_mavlink_interface/msg/_encoder_config.py\n'}
[7.166543] (stm32_mavlink_interface) StdoutLine: {'line': b'-- Up-to-date: /home/a/ws_moveit2/install/stm32_mavlink_interface/local/lib/python3.10/dist-packages/stm32_mavlink_interface/msg/__init__.py\n'}
[7.166568] (stm32_mavlink_interface) StdoutLine: {'line': b'-- Up-to-date: /home/a/ws_moveit2/install/stm32_mavlink_interface/local/lib/python3.10/dist-packages/stm32_mavlink_interface/msg/_robomaster_motor_config.py\n'}
[7.166592] (stm32_mavlink_interface) StdoutLine: {'line': b'-- Up-to-date: /home/a/ws_moveit2/install/stm32_mavlink_interface/local/lib/python3.10/dist-packages/stm32_mavlink_interface/msg/_servo_state.py\n'}
[7.166617] (stm32_mavlink_interface) StdoutLine: {'line': b'-- Up-to-date: /home/a/ws_moveit2/install/stm32_mavlink_interface/local/lib/python3.10/dist-packages/stm32_mavlink_interface/msg/_encoder_state.py\n'}
[7.166641] (stm32_mavlink_interface) StdoutLine: {'line': b'-- Up-to-date: /home/a/ws_moveit2/install/stm32_mavlink_interface/local/lib/python3.10/dist-packages/stm32_mavlink_interface/msg/_encoder_state_s.c\n'}
[7.166665] (stm32_mavlink_interface) StdoutLine: {'line': b'-- Up-to-date: /home/a/ws_moveit2/install/stm32_mavlink_interface/local/lib/python3.10/dist-packages/stm32_mavlink_interface/msg/_encoder_config_s.c\n'}
[7.166688] (stm32_mavlink_interface) StdoutLine: {'line': b'-- Up-to-date: /home/a/ws_moveit2/install/stm32_mavlink_interface/local/lib/python3.10/dist-packages/stm32_mavlink_interface/msg/_robomaster_motor_command.py\n'}
[7.166711] (stm32_mavlink_interface) StdoutLine: {'line': b'-- Up-to-date: /home/a/ws_moveit2/install/stm32_mavlink_interface/local/lib/python3.10/dist-packages/stm32_mavlink_interface/_stm32_mavlink_interface_s.ep.rosidl_typesupport_introspection_c.c\n'}
[7.166735] (stm32_mavlink_interface) StdoutLine: {'line': b'-- Up-to-date: /home/a/ws_moveit2/install/stm32_mavlink_interface/local/lib/python3.10/dist-packages/stm32_mavlink_interface/_stm32_mavlink_interface_s.ep.rosidl_typesupport_c.c\n'}
[7.166759] (stm32_mavlink_interface) StdoutLine: {'line': b'-- Up-to-date: /home/a/ws_moveit2/install/stm32_mavlink_interface/local/lib/python3.10/dist-packages/stm32_mavlink_interface/_stm32_mavlink_interface_s.ep.rosidl_typesupport_fastrtps_c.c\n'}
[7.166783] (stm32_mavlink_interface) StdoutLine: {'line': b'-- Up-to-date: /home/a/ws_moveit2/install/stm32_mavlink_interface/local/lib/python3.10/dist-packages/stm32_mavlink_interface/__init__.py\n'}
[7.166806] (stm32_mavlink_interface) StdoutLine: {'line': b'-- Up-to-date: /home/a/ws_moveit2/install/stm32_mavlink_interface/local/lib/python3.10/dist-packages/stm32_mavlink_interface/stm32_mavlink_interface_s__rosidl_typesupport_fastrtps_c.cpython-310-x86_64-linux-gnu.so\n'}
[7.166833] (stm32_mavlink_interface) StdoutLine: {'line': b'-- Up-to-date: /home/a/ws_moveit2/install/stm32_mavlink_interface/local/lib/python3.10/dist-packages/stm32_mavlink_interface/libstm32_mavlink_interface__rosidl_generator_py.so\n'}
[7.166857] (stm32_mavlink_interface) StdoutLine: {'line': b'-- Up-to-date: /home/a/ws_moveit2/install/stm32_mavlink_interface/local/lib/python3.10/dist-packages/stm32_mavlink_interface/srv\n'}
[7.166882] (stm32_mavlink_interface) StdoutLine: {'line': b'-- Up-to-date: /home/a/ws_moveit2/install/stm32_mavlink_interface/local/lib/python3.10/dist-packages/stm32_mavlink_interface/srv/_set_encoder_config.py\n'}
[7.166905] (stm32_mavlink_interface) StdoutLine: {'line': b'-- Up-to-date: /home/a/ws_moveit2/install/stm32_mavlink_interface/local/lib/python3.10/dist-packages/stm32_mavlink_interface/srv/_set_servo_config.py\n'}
[7.166940] (stm32_mavlink_interface) StdoutLine: {'line': b'-- Up-to-date: /home/a/ws_moveit2/install/stm32_mavlink_interface/local/lib/python3.10/dist-packages/stm32_mavlink_interface/srv/_get_robomaster_motor_config.py\n'}
[7.166968] (stm32_mavlink_interface) StdoutLine: {'line': b'-- Up-to-date: /home/a/ws_moveit2/install/stm32_mavlink_interface/local/lib/python3.10/dist-packages/stm32_mavlink_interface/srv/_set_robomaster_motor_config.py\n'}
[7.166997] (stm32_mavlink_interface) StdoutLine: {'line': b'-- Up-to-date: /home/a/ws_moveit2/install/stm32_mavlink_interface/local/lib/python3.10/dist-packages/stm32_mavlink_interface/srv/_get_robomaster_motor_config_s.c\n'}
[7.167023] (stm32_mavlink_interface) StdoutLine: {'line': b'-- Up-to-date: /home/a/ws_moveit2/install/stm32_mavlink_interface/local/lib/python3.10/dist-packages/stm32_mavlink_interface/srv/_set_robomaster_motor_config_s.c\n'}
[7.167048] (stm32_mavlink_interface) StdoutLine: {'line': b'-- Up-to-date: /home/a/ws_moveit2/install/stm32_mavlink_interface/local/lib/python3.10/dist-packages/stm32_mavlink_interface/srv/__init__.py\n'}
[7.167071] (stm32_mavlink_interface) StdoutLine: {'line': b'-- Up-to-date: /home/a/ws_moveit2/install/stm32_mavlink_interface/local/lib/python3.10/dist-packages/stm32_mavlink_interface/srv/_set_servo_config_s.c\n'}
[7.167095] (stm32_mavlink_interface) StdoutLine: {'line': b'-- Up-to-date: /home/a/ws_moveit2/install/stm32_mavlink_interface/local/lib/python3.10/dist-packages/stm32_mavlink_interface/srv/_set_encoder_config_s.c\n'}
[7.167119] (stm32_mavlink_interface) StdoutLine: {'line': b'-- Up-to-date: /home/a/ws_moveit2/install/stm32_mavlink_interface/local/lib/python3.10/dist-packages/stm32_mavlink_interface/stm32_mavlink_interface_s__rosidl_typesupport_introspection_c.cpython-310-x86_64-linux-gnu.so\n'}
[7.186344] (stm32_mavlink_interface) StdoutLine: {'line': b"Listing '/home/a/ws_moveit2/install/stm32_mavlink_interface/local/lib/python3.10/dist-packages/stm32_mavlink_interface'...\n"}
[7.186447] (stm32_mavlink_interface) StdoutLine: {'line': b"Listing '/home/a/ws_moveit2/install/stm32_mavlink_interface/local/lib/python3.10/dist-packages/stm32_mavlink_interface/msg'...\n"}
[7.186480] (stm32_mavlink_interface) StdoutLine: {'line': b"Listing '/home/a/ws_moveit2/install/stm32_mavlink_interface/local/lib/python3.10/dist-packages/stm32_mavlink_interface/srv'...\n"}
[7.189256] (stm32_mavlink_interface) StdoutLine: {'line': b'-- Up-to-date: /home/a/ws_moveit2/install/stm32_mavlink_interface/local/lib/python3.10/dist-packages/stm32_mavlink_interface/stm32_mavlink_interface_s__rosidl_typesupport_fastrtps_c.cpython-310-x86_64-linux-gnu.so\n'}
[7.189411] (stm32_mavlink_interface) StdoutLine: {'line': b'-- Up-to-date: /home/a/ws_moveit2/install/stm32_mavlink_interface/local/lib/python3.10/dist-packages/stm32_mavlink_interface/stm32_mavlink_interface_s__rosidl_typesupport_introspection_c.cpython-310-x86_64-linux-gnu.so\n'}
[7.189464] (stm32_mavlink_interface) StdoutLine: {'line': b'-- Up-to-date: /home/a/ws_moveit2/install/stm32_mavlink_interface/local/lib/python3.10/dist-packages/stm32_mavlink_interface/stm32_mavlink_interface_s__rosidl_typesupport_c.cpython-310-x86_64-linux-gnu.so\n'}
[7.189660] (stm32_mavlink_interface) StdoutLine: {'line': b'-- Up-to-date: /home/a/ws_moveit2/install/stm32_mavlink_interface/lib/libstm32_mavlink_interface__rosidl_generator_py.so\n'}
[7.189704] (stm32_mavlink_interface) StdoutLine: {'line': b'-- Up-to-date: /home/a/ws_moveit2/install/stm32_mavlink_interface/share/stm32_mavlink_interface/msg/ServoCommand.idl\n'}
[7.189743] (stm32_mavlink_interface) StdoutLine: {'line': b'-- Up-to-date: /home/a/ws_moveit2/install/stm32_mavlink_interface/share/stm32_mavlink_interface/msg/ServoState.idl\n'}
[7.189784] (stm32_mavlink_interface) StdoutLine: {'line': b'-- Up-to-date: /home/a/ws_moveit2/install/stm32_mavlink_interface/share/stm32_mavlink_interface/msg/EncoderState.idl\n'}
[7.189852] (stm32_mavlink_interface) StdoutLine: {'line': b'-- Up-to-date: /home/a/ws_moveit2/install/stm32_mavlink_interface/share/stm32_mavlink_interface/msg/EncoderConfig.idl\n'}
[7.189943] (stm32_mavlink_interface) StdoutLine: {'line': b'-- Up-to-date: /home/a/ws_moveit2/install/stm32_mavlink_interface/share/stm32_mavlink_interface/msg/RobomasterMotorCommand.idl\n'}
[7.189988] (stm32_mavlink_interface) StdoutLine: {'line': b'-- Up-to-date: /home/a/ws_moveit2/install/stm32_mavlink_interface/share/stm32_mavlink_interface/msg/RobomasterMotorState.idl\n'}
[7.190036] (stm32_mavlink_interface) StdoutLine: {'line': b'-- Up-to-date: /home/a/ws_moveit2/install/stm32_mavlink_interface/share/stm32_mavlink_interface/msg/RobomasterMotorConfig.idl\n'}
[7.190088] (stm32_mavlink_interface) StdoutLine: {'line': b'-- Up-to-date: /home/a/ws_moveit2/install/stm32_mavlink_interface/share/stm32_mavlink_interface/srv/SetServoConfig.idl\n'}
[7.190136] (stm32_mavlink_interface) StdoutLine: {'line': b'-- Up-to-date: /home/a/ws_moveit2/install/stm32_mavlink_interface/share/stm32_mavlink_interface/srv/SetEncoderConfig.idl\n'}
[7.190187] (stm32_mavlink_interface) StdoutLine: {'line': b'-- Up-to-date: /home/a/ws_moveit2/install/stm32_mavlink_interface/share/stm32_mavlink_interface/srv/SetRobomasterMotorConfig.idl\n'}
[7.190237] (stm32_mavlink_interface) StdoutLine: {'line': b'-- Up-to-date: /home/a/ws_moveit2/install/stm32_mavlink_interface/share/stm32_mavlink_interface/srv/GetRobomasterMotorConfig.idl\n'}
[7.190288] (stm32_mavlink_interface) StdoutLine: {'line': b'-- Up-to-date: /home/a/ws_moveit2/install/stm32_mavlink_interface/share/stm32_mavlink_interface/msg/ServoCommand.msg\n'}
[7.190362] (stm32_mavlink_interface) StdoutLine: {'line': b'-- Up-to-date: /home/a/ws_moveit2/install/stm32_mavlink_interface/share/stm32_mavlink_interface/msg/ServoState.msg\n'}
[7.190401] (stm32_mavlink_interface) StdoutLine: {'line': b'-- Up-to-date: /home/a/ws_moveit2/install/stm32_mavlink_interface/share/stm32_mavlink_interface/msg/EncoderState.msg\n'}
[7.190439] (stm32_mavlink_interface) StdoutLine: {'line': b'-- Up-to-date: /home/a/ws_moveit2/install/stm32_mavlink_interface/share/stm32_mavlink_interface/msg/EncoderConfig.msg\n'}
[7.190478] (stm32_mavlink_interface) StdoutLine: {'line': b'-- Up-to-date: /home/a/ws_moveit2/install/stm32_mavlink_interface/share/stm32_mavlink_interface/msg/RobomasterMotorCommand.msg\n'}
[7.190578] (stm32_mavlink_interface) StdoutLine: {'line': b'-- Up-to-date: /home/a/ws_moveit2/install/stm32_mavlink_interface/share/stm32_mavlink_interface/msg/RobomasterMotorState.msg\n'}
[7.190615] (stm32_mavlink_interface) StdoutLine: {'line': b'-- Up-to-date: /home/a/ws_moveit2/install/stm32_mavlink_interface/share/stm32_mavlink_interface/msg/RobomasterMotorConfig.msg\n'}
[7.190649] (stm32_mavlink_interface) StdoutLine: {'line': b'-- Up-to-date: /home/a/ws_moveit2/install/stm32_mavlink_interface/share/stm32_mavlink_interface/srv/SetServoConfig.srv\n'}
[7.190682] (stm32_mavlink_interface) StdoutLine: {'line': b'-- Up-to-date: /home/a/ws_moveit2/install/stm32_mavlink_interface/share/stm32_mavlink_interface/srv/SetServoConfig_Request.msg\n'}
[7.190716] (stm32_mavlink_interface) StdoutLine: {'line': b'-- Up-to-date: /home/a/ws_moveit2/install/stm32_mavlink_interface/share/stm32_mavlink_interface/srv/SetServoConfig_Response.msg\n'}
[7.190750] (stm32_mavlink_interface) StdoutLine: {'line': b'-- Up-to-date: /home/a/ws_moveit2/install/stm32_mavlink_interface/share/stm32_mavlink_interface/srv/SetEncoderConfig.srv\n'}
[7.190782] (stm32_mavlink_interface) StdoutLine: {'line': b'-- Up-to-date: /home/a/ws_moveit2/install/stm32_mavlink_interface/share/stm32_mavlink_interface/srv/SetEncoderConfig_Request.msg\n'}
[7.190815] (stm32_mavlink_interface) StdoutLine: {'line': b'-- Up-to-date: /home/a/ws_moveit2/install/stm32_mavlink_interface/share/stm32_mavlink_interface/srv/SetEncoderConfig_Response.msg\n'}
[7.190847] (stm32_mavlink_interface) StdoutLine: {'line': b'-- Up-to-date: /home/a/ws_moveit2/install/stm32_mavlink_interface/share/stm32_mavlink_interface/srv/SetRobomasterMotorConfig.srv\n'}
[7.190878] (stm32_mavlink_interface) StdoutLine: {'line': b'-- Up-to-date: /home/a/ws_moveit2/install/stm32_mavlink_interface/share/stm32_mavlink_interface/srv/SetRobomasterMotorConfig_Request.msg\n'}
[7.190908] (stm32_mavlink_interface) StdoutLine: {'line': b'-- Up-to-date: /home/a/ws_moveit2/install/stm32_mavlink_interface/share/stm32_mavlink_interface/srv/SetRobomasterMotorConfig_Response.msg\n'}
[7.190944] (stm32_mavlink_interface) StdoutLine: {'line': b'-- Up-to-date: /home/a/ws_moveit2/install/stm32_mavlink_interface/share/stm32_mavlink_interface/srv/GetRobomasterMotorConfig.srv\n'}
[7.190976] (stm32_mavlink_interface) StdoutLine: {'line': b'-- Up-to-date: /home/a/ws_moveit2/install/stm32_mavlink_interface/share/stm32_mavlink_interface/srv/GetRobomasterMotorConfig_Request.msg\n'}
[7.191005] (stm32_mavlink_interface) StdoutLine: {'line': b'-- Up-to-date: /home/a/ws_moveit2/install/stm32_mavlink_interface/share/stm32_mavlink_interface/srv/GetRobomasterMotorConfig_Response.msg\n'}
[7.191034] (stm32_mavlink_interface) StdoutLine: {'line': b'-- Installing: /home/a/ws_moveit2/install/stm32_mavlink_interface/lib/stm32_mavlink_interface/mavlink_serial_node\n'}
[7.194163] (stm32_mavlink_interface) StdoutLine: {'line': b'-- Set runtime path of "/home/a/ws_moveit2/install/stm32_mavlink_interface/lib/stm32_mavlink_interface/mavlink_serial_node" to ""\n'}
[7.194269] (stm32_mavlink_interface) StdoutLine: {'line': b'-- Up-to-date: /home/a/ws_moveit2/install/stm32_mavlink_interface/share/stm32_mavlink_interface/launch\n'}
[7.194336] (stm32_mavlink_interface) StdoutLine: {'line': b'-- Up-to-date: /home/a/ws_moveit2/install/stm32_mavlink_interface/share/stm32_mavlink_interface/launch/stm32_interface.launch.py\n'}
[7.194365] (stm32_mavlink_interface) StdoutLine: {'line': b'-- Up-to-date: /home/a/ws_moveit2/install/stm32_mavlink_interface/share/stm32_mavlink_interface/config\n'}
[7.194392] (stm32_mavlink_interface) StdoutLine: {'line': b'-- Up-to-date: /home/a/ws_moveit2/install/stm32_mavlink_interface/share/stm32_mavlink_interface/config/serial_config.yaml\n'}
[7.194419] (stm32_mavlink_interface) StdoutLine: {'line': b'-- Up-to-date: /home/a/ws_moveit2/install/stm32_mavlink_interface/include\n'}
[7.194447] (stm32_mavlink_interface) StdoutLine: {'line': b'-- Up-to-date: /home/a/ws_moveit2/install/stm32_mavlink_interface/include/mavlink\n'}
[7.194475] (stm32_mavlink_interface) StdoutLine: {'line': b'-- Up-to-date: /home/a/ws_moveit2/install/stm32_mavlink_interface/include/mavlink/c_library_v2\n'}
[7.194501] (stm32_mavlink_interface) StdoutLine: {'line': b'-- Up-to-date: /home/a/ws_moveit2/install/stm32_mavlink_interface/include/mavlink/c_library_v2/protocol.h\n'}
[7.194569] (stm32_mavlink_interface) StdoutLine: {'line': b'-- Up-to-date: /home/a/ws_moveit2/install/stm32_mavlink_interface/include/mavlink/c_library_v2/mavlink_helpers.h\n'}
[7.194600] (stm32_mavlink_interface) StdoutLine: {'line': b'-- Up-to-date: /home/a/ws_moveit2/install/stm32_mavlink_interface/include/mavlink/c_library_v2/checksum.h\n'}
[7.194690] (stm32_mavlink_interface) StdoutLine: {'line': b'-- Up-to-date: /home/a/ws_moveit2/install/stm32_mavlink_interface/include/mavlink/c_library_v2/paparazzi\n'}
[7.194719] (stm32_mavlink_interface) StdoutLine: {'line': b'-- Up-to-date: /home/a/ws_moveit2/install/stm32_mavlink_interface/include/mavlink/c_library_v2/paparazzi/mavlink_msg_script_count.h\n'}
[7.194800] (stm32_mavlink_interface) StdoutLine: {'line': b'-- Up-to-date: /home/a/ws_moveit2/install/stm32_mavlink_interface/include/mavlink/c_library_v2/paparazzi/mavlink_msg_script_item.h\n'}
[7.194830] (stm32_mavlink_interface) StdoutLine: {'line': b'-- Up-to-date: /home/a/ws_moveit2/install/stm32_mavlink_interface/include/mavlink/c_library_v2/paparazzi/mavlink_msg_script_request_list.h\n'}
[7.194901] (stm32_mavlink_interface) StdoutLine: {'line': b'-- Up-to-date: /home/a/ws_moveit2/install/stm32_mavlink_interface/include/mavlink/c_library_v2/paparazzi/paparazzi.h\n'}
[7.194934] (stm32_mavlink_interface) StdoutLine: {'line': b'-- Up-to-date: /home/a/ws_moveit2/install/stm32_mavlink_interface/include/mavlink/c_library_v2/paparazzi/version.h\n'}
[7.194965] (stm32_mavlink_interface) StdoutLine: {'line': b'-- Up-to-date: /home/a/ws_moveit2/install/stm32_mavlink_interface/include/mavlink/c_library_v2/paparazzi/mavlink_msg_script_request.h\n'}
[7.194995] (stm32_mavlink_interface) StdoutLine: {'line': b'-- Up-to-date: /home/a/ws_moveit2/install/stm32_mavlink_interface/include/mavlink/c_library_v2/paparazzi/mavlink_msg_script_current.h\n'}
[7.195024] (stm32_mavlink_interface) StdoutLine: {'line': b'-- Up-to-date: /home/a/ws_moveit2/install/stm32_mavlink_interface/include/mavlink/c_library_v2/paparazzi/testsuite.h\n'}
[7.195051] (stm32_mavlink_interface) StdoutLine: {'line': b'-- Up-to-date: /home/a/ws_moveit2/install/stm32_mavlink_interface/include/mavlink/c_library_v2/paparazzi/mavlink.h\n'}
[7.195078] (stm32_mavlink_interface) StdoutLine: {'line': b'-- Up-to-date: /home/a/ws_moveit2/install/stm32_mavlink_interface/include/mavlink/c_library_v2/common\n'}
[7.195105] (stm32_mavlink_interface) StdoutLine: {'line': b'-- Up-to-date: /home/a/ws_moveit2/install/stm32_mavlink_interface/include/mavlink/c_library_v2/common/mavlink_msg_v2_extension.h\n'}
[7.195131] (stm32_mavlink_interface) StdoutLine: {'line': b'-- Up-to-date: /home/a/ws_moveit2/install/stm32_mavlink_interface/include/mavlink/c_library_v2/common/mavlink_msg_logging_data.h\n'}
[7.195157] (stm32_mavlink_interface) StdoutLine: {'line': b'-- Up-to-date: /home/a/ws_moveit2/install/stm32_mavlink_interface/include/mavlink/c_library_v2/common/mavlink_msg_hil_gps.h\n'}
[7.195182] (stm32_mavlink_interface) StdoutLine: {'line': b'-- Up-to-date: /home/a/ws_moveit2/install/stm32_mavlink_interface/include/mavlink/c_library_v2/common/mavlink_msg_resource_request.h\n'}
[7.195209] (stm32_mavlink_interface) StdoutLine: {'line': b'-- Up-to-date: /home/a/ws_moveit2/install/stm32_mavlink_interface/include/mavlink/c_library_v2/common/mavlink_msg_local_position_ned.h\n'}
[7.195235] (stm32_mavlink_interface) StdoutLine: {'line': b'-- Up-to-date: /home/a/ws_moveit2/install/stm32_mavlink_interface/include/mavlink/c_library_v2/common/mavlink_msg_generator_status.h\n'}
[7.195265] (stm32_mavlink_interface) StdoutLine: {'line': b'-- Up-to-date: /home/a/ws_moveit2/install/stm32_mavlink_interface/include/mavlink/c_library_v2/common/mavlink_msg_named_value_float.h\n'}
[7.195291] (stm32_mavlink_interface) StdoutLine: {'line': b'-- Up-to-date: /home/a/ws_moveit2/install/stm32_mavlink_interface/include/mavlink/c_library_v2/common/mavlink_msg_command_ack.h\n'}
[7.195318] (stm32_mavlink_interface) StdoutLine: {'line': b'-- Up-to-date: /home/a/ws_moveit2/install/stm32_mavlink_interface/include/mavlink/c_library_v2/common/mavlink_msg_log_request_end.h\n'}
[7.195346] (stm32_mavlink_interface) StdoutLine: {'line': b'-- Up-to-date: /home/a/ws_moveit2/install/stm32_mavlink_interface/include/mavlink/c_library_v2/common/mavlink_msg_change_operator_control.h\n'}
[7.195371] (stm32_mavlink_interface) StdoutLine: {'line': b'-- Up-to-date: /home/a/ws_moveit2/install/stm32_mavlink_interface/include/mavlink/c_library_v2/common/mavlink_msg_encapsulated_data.h\n'}
[7.195397] (stm32_mavlink_interface) StdoutLine: {'line': b'-- Up-to-date: /home/a/ws_moveit2/install/stm32_mavlink_interface/include/mavlink/c_library_v2/common/mavlink_msg_current_event_sequence.h\n'}
[7.195424] (stm32_mavlink_interface) StdoutLine: {'line': b'-- Up-to-date: /home/a/ws_moveit2/install/stm32_mavlink_interface/include/mavlink/c_library_v2/common/mavlink_msg_available_modes.h\n'}
[7.195451] (stm32_mavlink_interface) StdoutLine: {'line': b'-- Up-to-date: /home/a/ws_moveit2/install/stm32_mavlink_interface/include/mavlink/c_library_v2/common/mavlink_msg_set_gps_global_origin.h\n'}
[7.195478] (stm32_mavlink_interface) StdoutLine: {'line': b'-- Up-to-date: /home/a/ws_moveit2/install/stm32_mavlink_interface/include/mavlink/c_library_v2/common/mavlink_msg_param_set.h\n'}
[7.195506] (stm32_mavlink_interface) StdoutLine: {'line': b'-- Up-to-date: /home/a/ws_moveit2/install/stm32_mavlink_interface/include/mavlink/c_library_v2/common/mavlink_msg_rc_channels_raw.h\n'}
[7.195532] (stm32_mavlink_interface) StdoutLine: {'line': b'-- Up-to-date: /home/a/ws_moveit2/install/stm32_mavlink_interface/include/mavlink/c_library_v2/common/mavlink_msg_auth_key.h\n'}
[7.195559] (stm32_mavlink_interface) StdoutLine: {'line': b'-- Up-to-date: /home/a/ws_moveit2/install/stm32_mavlink_interface/include/mavlink/c_library_v2/common/mavlink_msg_manual_control.h\n'}
[7.195584] (stm32_mavlink_interface) StdoutLine: {'line': b'-- Up-to-date: /home/a/ws_moveit2/install/stm32_mavlink_interface/include/mavlink/c_library_v2/common/mavlink_msg_setup_signing.h\n'}
[7.195612] (stm32_mavlink_interface) StdoutLine: {'line': b'-- Up-to-date: /home/a/ws_moveit2/install/stm32_mavlink_interface/include/mavlink/c_library_v2/common/mavlink_msg_request_data_stream.h\n'}
[7.195639] (stm32_mavlink_interface) StdoutLine: {'line': b'-- Up-to-date: /home/a/ws_moveit2/install/stm32_mavlink_interface/include/mavlink/c_library_v2/common/mavlink_msg_mission_set_current.h\n'}
[7.195667] (stm32_mavlink_interface) StdoutLine: {'line': b'-- Up-to-date: /home/a/ws_moveit2/install/stm32_mavlink_interface/include/mavlink/c_library_v2/common/mavlink_msg_command_cancel.h\n'}
[7.195694] (stm32_mavlink_interface) StdoutLine: {'line': b'-- Up-to-date: /home/a/ws_moveit2/install/stm32_mavlink_interface/include/mavlink/c_library_v2/common/mavlink_msg_mission_request_partial_list.h\n'}
[7.195721] (stm32_mavlink_interface) StdoutLine: {'line': b'-- Up-to-date: /home/a/ws_moveit2/install/stm32_mavlink_interface/include/mavlink/c_library_v2/common/mavlink_msg_component_metadata.h\n'}
[7.195746] (stm32_mavlink_interface) StdoutLine: {'line': b'-- Up-to-date: /home/a/ws_moveit2/install/stm32_mavlink_interface/include/mavlink/c_library_v2/common/mavlink_msg_terrain_check.h\n'}
[7.195774] (stm32_mavlink_interface) StdoutLine: {'line': b'-- Up-to-date: /home/a/ws_moveit2/install/stm32_mavlink_interface/include/mavlink/c_library_v2/common/mavlink_msg_open_drone_id_operator_id.h\n'}
[7.195799] (stm32_mavlink_interface) StdoutLine: {'line': b'-- Up-to-date: /home/a/ws_moveit2/install/stm32_mavlink_interface/include/mavlink/c_library_v2/common/mavlink_msg_gimbal_manager_status.h\n'}
[7.195825] (stm32_mavlink_interface) StdoutLine: {'line': b'-- Up-to-date: /home/a/ws_moveit2/install/stm32_mavlink_interface/include/mavlink/c_library_v2/common/mavlink_msg_raw_pressure.h\n'}
[7.195850] (stm32_mavlink_interface) StdoutLine: {'line': b'-- Up-to-date: /home/a/ws_moveit2/install/stm32_mavlink_interface/include/mavlink/c_library_v2/common/mavlink_msg_response_event_error.h\n'}
[7.195879] (stm32_mavlink_interface) StdoutLine: {'line': b'-- Up-to-date: /home/a/ws_moveit2/install/stm32_mavlink_interface/include/mavlink/c_library_v2/common/mavlink_msg_can_frame.h\n'}
[7.195906] (stm32_mavlink_interface) StdoutLine: {'line': b'-- Up-to-date: /home/a/ws_moveit2/install/stm32_mavlink_interface/include/mavlink/c_library_v2/common/mavlink_msg_log_entry.h\n'}
[7.195961] (stm32_mavlink_interface) StdoutLine: {'line': b'-- Up-to-date: /home/a/ws_moveit2/install/stm32_mavlink_interface/include/mavlink/c_library_v2/common/mavlink_msg_follow_target.h\n'}
[7.196087] (stm32_mavlink_interface) StdoutLine: {'line': b'-- Up-to-date: /home/a/ws_moveit2/install/stm32_mavlink_interface/include/mavlink/c_library_v2/common/mavlink_msg_camera_fov_status.h\n'}
[7.196206] (stm32_mavlink_interface) StdoutLine: {'line': b'-- Up-to-date: /home/a/ws_moveit2/install/stm32_mavlink_interface/include/mavlink/c_library_v2/common/mavlink_msg_log_data.h\n'}
[7.196238] (stm32_mavlink_interface) StdoutLine: {'line': b'-- Up-to-date: /home/a/ws_moveit2/install/stm32_mavlink_interface/include/mavlink/c_library_v2/common/mavlink_msg_autopilot_state_for_gimbal_device.h\n'}
[7.196269] (stm32_mavlink_interface) StdoutLine: {'line': b'-- Up-to-date: /home/a/ws_moveit2/install/stm32_mavlink_interface/include/mavlink/c_library_v2/common/mavlink_msg_open_drone_id_authentication.h\n'}
[7.196298] (stm32_mavlink_interface) StdoutLine: {'line': b'-- Up-to-date: /home/a/ws_moveit2/install/stm32_mavlink_interface/include/mavlink/c_library_v2/common/mavlink_msg_gps2_raw.h\n'}
[7.196327] (stm32_mavlink_interface) StdoutLine: {'line': b'-- Up-to-date: /home/a/ws_moveit2/install/stm32_mavlink_interface/include/mavlink/c_library_v2/common/mavlink_msg_battery_info.h\n'}
[7.196354] (stm32_mavlink_interface) StdoutLine: {'line': b'-- Up-to-date: /home/a/ws_moveit2/install/stm32_mavlink_interface/include/mavlink/c_library_v2/common/mavlink_msg_can_filter_modify.h\n'}
[7.196383] (stm32_mavlink_interface) StdoutLine: {'line': b'-- Up-to-date: /home/a/ws_moveit2/install/stm32_mavlink_interface/include/mavlink/c_library_v2/common/mavlink_msg_hil_state_quaternion.h\n'}
[7.196409] (stm32_mavlink_interface) StdoutLine: {'line': b'-- Up-to-date: /home/a/ws_moveit2/install/stm32_mavlink_interface/include/mavlink/c_library_v2/common/mavlink_msg_trajectory_representation_bezier.h\n'}
[7.196435] (stm32_mavlink_interface) StdoutLine: {'line': b'-- Up-to-date: /home/a/ws_moveit2/install/stm32_mavlink_interface/include/mavlink/c_library_v2/common/mavlink_msg_open_drone_id_arm_status.h\n'}
[7.196460] (stm32_mavlink_interface) StdoutLine: {'line': b'-- Up-to-date: /home/a/ws_moveit2/install/stm32_mavlink_interface/include/mavlink/c_library_v2/common/mavlink_msg_open_drone_id_system.h\n'}
[7.196487] (stm32_mavlink_interface) StdoutLine: {'line': b'-- Up-to-date: /home/a/ws_moveit2/install/stm32_mavlink_interface/include/mavlink/c_library_v2/common/mavlink_msg_log_request_data.h\n'}
[7.196513] (stm32_mavlink_interface) StdoutLine: {'line': b'-- Up-to-date: /home/a/ws_moveit2/install/stm32_mavlink_interface/include/mavlink/c_library_v2/common/mavlink_msg_storage_information.h\n'}
[7.196537] (stm32_mavlink_interface) StdoutLine: {'line': b'-- Up-to-date: /home/a/ws_moveit2/install/stm32_mavlink_interface/include/mavlink/c_library_v2/common/mavlink_msg_open_drone_id_location.h\n'}
[7.196563] (stm32_mavlink_interface) StdoutLine: {'line': b'-- Up-to-date: /home/a/ws_moveit2/install/stm32_mavlink_interface/include/mavlink/c_library_v2/common/mavlink_msg_wind_cov.h\n'}
[7.196589] (stm32_mavlink_interface) StdoutLine: {'line': b'-- Up-to-date: /home/a/ws_moveit2/install/stm32_mavlink_interface/include/mavlink/c_library_v2/common/mavlink_msg_set_position_target_global_int.h\n'}
[7.196615] (stm32_mavlink_interface) StdoutLine: {'line': b'-- Up-to-date: /home/a/ws_moveit2/install/stm32_mavlink_interface/include/mavlink/c_library_v2/common/mavlink_msg_flight_information.h\n'}
[7.196856] (stm32_mavlink_interface) StdoutLine: {'line': b'-- Up-to-date: /home/a/ws_moveit2/install/stm32_mavlink_interface/include/mavlink/c_library_v2/common/mavlink_msg_named_value_int.h\n'}
[7.196886] (stm32_mavlink_interface) StdoutLine: {'line': b'-- Up-to-date: /home/a/ws_moveit2/install/stm32_mavlink_interface/include/mavlink/c_library_v2/common/mavlink_msg_nav_controller_output.h\n'}
[7.196914] (stm32_mavlink_interface) StdoutLine: {'line': b'-- Up-to-date: /home/a/ws_moveit2/install/stm32_mavlink_interface/include/mavlink/c_library_v2/common/mavlink_msg_isbd_link_status.h\n'}
[7.197044] (stm32_mavlink_interface) StdoutLine: {'line': b'-- Up-to-date: /home/a/ws_moveit2/install/stm32_mavlink_interface/include/mavlink/c_library_v2/common/mavlink_msg_scaled_imu.h\n'}
[7.197073] (stm32_mavlink_interface) StdoutLine: {'line': b'-- Up-to-date: /home/a/ws_moveit2/install/stm32_mavlink_interface/include/mavlink/c_library_v2/common/mavlink_msg_set_position_target_local_ned.h\n'}
[7.197101] (stm32_mavlink_interface) StdoutLine: {'line': b'-- Up-to-date: /home/a/ws_moveit2/install/stm32_mavlink_interface/include/mavlink/c_library_v2/common/mavlink_msg_data_transmission_handshake.h\n'}
[7.197131] (stm32_mavlink_interface) StdoutLine: {'line': b'-- Up-to-date: /home/a/ws_moveit2/install/stm32_mavlink_interface/include/mavlink/c_library_v2/common/mavlink_msg_camera_image_captured.h\n'}
[7.197157] (stm32_mavlink_interface) StdoutLine: {'line': b'-- Up-to-date: /home/a/ws_moveit2/install/stm32_mavlink_interface/include/mavlink/c_library_v2/common/mavlink_msg_mission_ack.h\n'}
[7.197266] (stm32_mavlink_interface) StdoutLine: {'line': b'-- Up-to-date: /home/a/ws_moveit2/install/stm32_mavlink_interface/include/mavlink/c_library_v2/common/mavlink_msg_hygrometer_sensor.h\n'}
[7.197293] (stm32_mavlink_interface) StdoutLine: {'line': b'-- Up-to-date: /home/a/ws_moveit2/install/stm32_mavlink_interface/include/mavlink/c_library_v2/common/mavlink_msg_esc_info.h\n'}
[7.197393] (stm32_mavlink_interface) StdoutLine: {'line': b'-- Up-to-date: /home/a/ws_moveit2/install/stm32_mavlink_interface/include/mavlink/c_library_v2/common/mavlink_msg_attitude_quaternion_cov.h\n'}
[7.197418] (stm32_mavlink_interface) StdoutLine: {'line': b'-- Up-to-date: /home/a/ws_moveit2/install/stm32_mavlink_interface/include/mavlink/c_library_v2/common/mavlink_msg_link_node_status.h\n'}
[7.197443] (stm32_mavlink_interface) StdoutLine: {'line': b'-- Up-to-date: /home/a/ws_moveit2/install/stm32_mavlink_interface/include/mavlink/c_library_v2/common/mavlink_msg_sys_status.h\n'}
[7.197468] (stm32_mavlink_interface) StdoutLine: {'line': b'-- Up-to-date: /home/a/ws_moveit2/install/stm32_mavlink_interface/include/mavlink/c_library_v2/common/mavlink_msg_mission_item.h\n'}
[7.197636] (stm32_mavlink_interface) StdoutLine: {'line': b'-- Up-to-date: /home/a/ws_moveit2/install/stm32_mavlink_interface/include/mavlink/c_library_v2/common/mavlink_msg_supported_tunes.h\n'}
[7.197664] (stm32_mavlink_interface) StdoutLine: {'line': b'-- Up-to-date: /home/a/ws_moveit2/install/stm32_mavlink_interface/include/mavlink/c_library_v2/common/mavlink_msg_gimbal_device_attitude_status.h\n'}
[7.197690] (stm32_mavlink_interface) StdoutLine: {'line': b'-- Up-to-date: /home/a/ws_moveit2/install/stm32_mavlink_interface/include/mavlink/c_library_v2/common/mavlink_msg_open_drone_id_message_pack.h\n'}
[7.197715] (stm32_mavlink_interface) StdoutLine: {'line': b'-- Up-to-date: /home/a/ws_moveit2/install/stm32_mavlink_interface/include/mavlink/c_library_v2/common/mavlink_msg_terrain_report.h\n'}
[7.197740] (stm32_mavlink_interface) StdoutLine: {'line': b'-- Up-to-date: /home/a/ws_moveit2/install/stm32_mavlink_interface/include/mavlink/c_library_v2/common/mavlink_msg_estimator_status.h\n'}
[7.197766] (stm32_mavlink_interface) StdoutLine: {'line': b'-- Up-to-date: /home/a/ws_moveit2/install/stm32_mavlink_interface/include/mavlink/c_library_v2/common/mavlink_msg_rc_channels.h\n'}
[7.197793] (stm32_mavlink_interface) StdoutLine: {'line': b'-- Up-to-date: /home/a/ws_moveit2/install/stm32_mavlink_interface/include/mavlink/c_library_v2/common/mavlink_msg_hil_rc_inputs_raw.h\n'}
[7.197817] (stm32_mavlink_interface) StdoutLine: {'line': b'-- Up-to-date: /home/a/ws_moveit2/install/stm32_mavlink_interface/include/mavlink/c_library_v2/common/mavlink_msg_param_ext_ack.h\n'}
[7.197917] (stm32_mavlink_interface) StdoutLine: {'line': b'-- Up-to-date: /home/a/ws_moveit2/install/stm32_mavlink_interface/include/mavlink/c_library_v2/common/mavlink_msg_global_position_int_cov.h\n'}
[7.197951] (stm32_mavlink_interface) StdoutLine: {'line': b'-- Up-to-date: /home/a/ws_moveit2/install/stm32_mavlink_interface/include/mavlink/c_library_v2/common/mavlink_msg_actuator_output_status.h\n'}
[7.197977] (stm32_mavlink_interface) StdoutLine: {'line': b'-- Up-to-date: /home/a/ws_moveit2/install/stm32_mavlink_interface/include/mavlink/c_library_v2/common/mavlink_msg_gps_inject_data.h\n'}
[7.198008] (stm32_mavlink_interface) StdoutLine: {'line': b'-- Up-to-date: /home/a/ws_moveit2/install/stm32_mavlink_interface/include/mavlink/c_library_v2/common/mavlink_msg_log_request_list.h\n'}
[7.198034] (stm32_mavlink_interface) StdoutLine: {'line': b'-- Up-to-date: /home/a/ws_moveit2/install/stm32_mavlink_interface/include/mavlink/c_library_v2/common/mavlink_msg_ping.h\n'}
[7.198136] (stm32_mavlink_interface) StdoutLine: {'line': b'-- Up-to-date: /home/a/ws_moveit2/install/stm32_mavlink_interface/include/mavlink/c_library_v2/common/mavlink_msg_command_long.h\n'}
[7.198162] (stm32_mavlink_interface) StdoutLine: {'line': b'-- Up-to-date: /home/a/ws_moveit2/install/stm32_mavlink_interface/include/mavlink/c_library_v2/common/mavlink_msg_system_time.h\n'}
[7.198187] (stm32_mavlink_interface) StdoutLine: {'line': b'-- Up-to-date: /home/a/ws_moveit2/install/stm32_mavlink_interface/include/mavlink/c_library_v2/common/mavlink_msg_memory_vect.h\n'}
[7.198211] (stm32_mavlink_interface) StdoutLine: {'line': b'-- Up-to-date: /home/a/ws_moveit2/install/stm32_mavlink_interface/include/mavlink/c_library_v2/common/mavlink_msg_event.h\n'}
[7.198238] (stm32_mavlink_interface) StdoutLine: {'line': b'-- Up-to-date: /home/a/ws_moveit2/install/stm32_mavlink_interface/include/mavlink/c_library_v2/common/mavlink_msg_scaled_imu2.h\n'}
[7.198266] (stm32_mavlink_interface) StdoutLine: {'line': b'-- Up-to-date: /home/a/ws_moveit2/install/stm32_mavlink_interface/include/mavlink/c_library_v2/common/mavlink_msg_gps_rtk.h\n'}
[7.198290] (stm32_mavlink_interface) StdoutLine: {'line': b'-- Up-to-date: /home/a/ws_moveit2/install/stm32_mavlink_interface/include/mavlink/c_library_v2/common/mavlink_msg_camera_thermal_range.h\n'}
[7.198316] (stm32_mavlink_interface) StdoutLine: {'line': b'-- Up-to-date: /home/a/ws_moveit2/install/stm32_mavlink_interface/include/mavlink/c_library_v2/common/mavlink_msg_high_latency.h\n'}
[7.198341] (stm32_mavlink_interface) StdoutLine: {'line': b'-- Up-to-date: /home/a/ws_moveit2/install/stm32_mavlink_interface/include/mavlink/c_library_v2/common/mavlink_msg_manual_setpoint.h\n'}
[7.198441] (stm32_mavlink_interface) StdoutLine: {'line': b'-- Up-to-date: /home/a/ws_moveit2/install/stm32_mavlink_interface/include/mavlink/c_library_v2/common/mavlink_msg_open_drone_id_self_id.h\n'}
[7.198468] (stm32_mavlink_interface) StdoutLine: {'line': b'-- Up-to-date: /home/a/ws_moveit2/install/stm32_mavlink_interface/include/mavlink/c_library_v2/common/mavlink_msg_global_vision_position_estimate.h\n'}
[7.198493] (stm32_mavlink_interface) StdoutLine: {'line': b'-- Up-to-date: /home/a/ws_moveit2/install/stm32_mavlink_interface/include/mavlink/c_library_v2/common/mavlink_msg_trajectory_representation_waypoints.h\n'}
[7.198517] (stm32_mavlink_interface) StdoutLine: {'line': b'-- Up-to-date: /home/a/ws_moveit2/install/stm32_mavlink_interface/include/mavlink/c_library_v2/common/mavlink_msg_rc_channels_override.h\n'}
[7.198542] (stm32_mavlink_interface) StdoutLine: {'line': b'-- Up-to-date: /home/a/ws_moveit2/install/stm32_mavlink_interface/include/mavlink/c_library_v2/common/mavlink_msg_camera_trigger.h\n'}
[7.198568] (stm32_mavlink_interface) StdoutLine: {'line': b'-- Up-to-date: /home/a/ws_moveit2/install/stm32_mavlink_interface/include/mavlink/c_library_v2/common/mavlink_msg_component_information.h\n'}
[7.198693] (stm32_mavlink_interface) StdoutLine: {'line': b'-- Up-to-date: /home/a/ws_moveit2/install/stm32_mavlink_interface/include/mavlink/c_library_v2/common/mavlink_msg_scaled_pressure3.h\n'}
[7.198719] (stm32_mavlink_interface) StdoutLine: {'line': b'-- Up-to-date: /home/a/ws_moveit2/install/stm32_mavlink_interface/include/mavlink/c_library_v2/common/mavlink_msg_gps_global_origin.h\n'}
[7.198745] (stm32_mavlink_interface) StdoutLine: {'line': b'-- Up-to-date: /home/a/ws_moveit2/install/stm32_mavlink_interface/include/mavlink/c_library_v2/common/mavlink_msg_set_actuator_control_target.h\n'}
[7.198769] (stm32_mavlink_interface) StdoutLine: {'line': b'-- Up-to-date: /home/a/ws_moveit2/install/stm32_mavlink_interface/include/mavlink/c_library_v2/common/mavlink_msg_cellular_status.h\n'}
[7.198795] (stm32_mavlink_interface) StdoutLine: {'line': b'-- Up-to-date: /home/a/ws_moveit2/install/stm32_mavlink_interface/include/mavlink/c_library_v2/common/mavlink_msg_time_estimate_to_target.h\n'}
[7.198892] (stm32_mavlink_interface) StdoutLine: {'line': b'-- Up-to-date: /home/a/ws_moveit2/install/stm32_mavlink_interface/include/mavlink/c_library_v2/common/mavlink_msg_logging_ack.h\n'}
[7.198919] (stm32_mavlink_interface) StdoutLine: {'line': b'-- Up-to-date: /home/a/ws_moveit2/install/stm32_mavlink_interface/include/mavlink/c_library_v2/common/mavlink_msg_wheel_distance.h\n'}
[7.198954] (stm32_mavlink_interface) StdoutLine: {'line': b'-- Up-to-date: /home/a/ws_moveit2/install/stm32_mavlink_interface/include/mavlink/c_library_v2/common/mavlink_msg_terrain_data.h\n'}
[7.198980] (stm32_mavlink_interface) StdoutLine: {'line': b'-- Up-to-date: /home/a/ws_moveit2/install/stm32_mavlink_interface/include/mavlink/c_library_v2/common/mavlink_msg_obstacle_distance.h\n'}
[7.199080] (stm32_mavlink_interface) StdoutLine: {'line': b'-- Up-to-date: /home/a/ws_moveit2/install/stm32_mavlink_interface/include/mavlink/c_library_v2/common/mavlink_msg_sim_state.h\n'}
[7.199108] (stm32_mavlink_interface) StdoutLine: {'line': b'-- Up-to-date: /home/a/ws_moveit2/install/stm32_mavlink_interface/include/mavlink/c_library_v2/common/mavlink_msg_utm_global_position.h\n'}
[7.199136] (stm32_mavlink_interface) StdoutLine: {'line': b'-- Up-to-date: /home/a/ws_moveit2/install/stm32_mavlink_interface/include/mavlink/c_library_v2/common/mavlink_msg_current_mode.h\n'}
[7.199162] (stm32_mavlink_interface) StdoutLine: {'line': b'-- Up-to-date: /home/a/ws_moveit2/install/stm32_mavlink_interface/include/mavlink/c_library_v2/common/mavlink_msg_set_home_position.h\n'}
[7.199188] (stm32_mavlink_interface) StdoutLine: {'line': b'-- Up-to-date: /home/a/ws_moveit2/install/stm32_mavlink_interface/include/mavlink/c_library_v2/common/mavlink_msg_scaled_imu3.h\n'}
[7.199214] (stm32_mavlink_interface) StdoutLine: {'line': b'-- Up-to-date: /home/a/ws_moveit2/install/stm32_mavlink_interface/include/mavlink/c_library_v2/common/mavlink_msg_rc_channels_scaled.h\n'}
[7.199239] (stm32_mavlink_interface) StdoutLine: {'line': b'-- Up-to-date: /home/a/ws_moveit2/install/stm32_mavlink_interface/include/mavlink/c_library_v2/common/mavlink_msg_mission_item_int.h\n'}
[7.199265] (stm32_mavlink_interface) StdoutLine: {'line': b'-- Up-to-date: /home/a/ws_moveit2/install/stm32_mavlink_interface/include/mavlink/c_library_v2/common/mavlink_msg_param_ext_request_list.h\n'}
[7.199291] (stm32_mavlink_interface) StdoutLine: {'line': b'-- Up-to-date: /home/a/ws_moveit2/install/stm32_mavlink_interface/include/mavlink/c_library_v2/common/mavlink_msg_att_pos_mocap.h\n'}
[7.199318] (stm32_mavlink_interface) StdoutLine: {'line': b'-- Up-to-date: /home/a/ws_moveit2/install/stm32_mavlink_interface/include/mavlink/c_library_v2/common/version.h\n'}
[7.199343] (stm32_mavlink_interface) StdoutLine: {'line': b'-- Up-to-date: /home/a/ws_moveit2/install/stm32_mavlink_interface/include/mavlink/c_library_v2/common/mavlink_msg_camera_capture_status.h\n'}
[7.199368] (stm32_mavlink_interface) StdoutLine: {'line': b'-- Up-to-date: /home/a/ws_moveit2/install/stm32_mavlink_interface/include/mavlink/c_library_v2/common/mavlink_msg_serial_control.h\n'}
[7.199394] (stm32_mavlink_interface) StdoutLine: {'line': b'-- Up-to-date: /home/a/ws_moveit2/install/stm32_mavlink_interface/include/mavlink/c_library_v2/common/mavlink_msg_camera_tracking_geo_status.h\n'}
[7.199419] (stm32_mavlink_interface) StdoutLine: {'line': b'-- Up-to-date: /home/a/ws_moveit2/install/stm32_mavlink_interface/include/mavlink/c_library_v2/common/mavlink_msg_mission_request_int.h\n'}
[7.199445] (stm32_mavlink_interface) StdoutLine: {'line': b'-- Up-to-date: /home/a/ws_moveit2/install/stm32_mavlink_interface/include/mavlink/c_library_v2/common/mavlink_msg_open_drone_id_system_update.h\n'}
[7.199470] (stm32_mavlink_interface) StdoutLine: {'line': b'-- Up-to-date: /home/a/ws_moveit2/install/stm32_mavlink_interface/include/mavlink/c_library_v2/common/mavlink_msg_fence_status.h\n'}
[7.199527] (stm32_mavlink_interface) StdoutLine: {'line': b'-- Up-to-date: /home/a/ws_moveit2/install/stm32_mavlink_interface/include/mavlink/c_library_v2/common/mavlink_msg_fuel_status.h\n'}
[7.199554] (stm32_mavlink_interface) StdoutLine: {'line': b'-- Up-to-date: /home/a/ws_moveit2/install/stm32_mavlink_interface/include/mavlink/c_library_v2/common/mavlink_msg_gps_input.h\n'}
[7.199580] (stm32_mavlink_interface) StdoutLine: {'line': b'-- Up-to-date: /home/a/ws_moveit2/install/stm32_mavlink_interface/include/mavlink/c_library_v2/common/mavlink_msg_gimbal_manager_information.h\n'}
[7.199607] (stm32_mavlink_interface) StdoutLine: {'line': b'-- Up-to-date: /home/a/ws_moveit2/install/stm32_mavlink_interface/include/mavlink/c_library_v2/common/mavlink_msg_camera_settings.h\n'}
[7.199704] (stm32_mavlink_interface) StdoutLine: {'line': b'-- Up-to-date: /home/a/ws_moveit2/install/stm32_mavlink_interface/include/mavlink/c_library_v2/common/mavlink_msg_param_value.h\n'}
[7.199729] (stm32_mavlink_interface) StdoutLine: {'line': b'-- Up-to-date: /home/a/ws_moveit2/install/stm32_mavlink_interface/include/mavlink/c_library_v2/common/mavlink_msg_video_stream_status.h\n'}
[7.199754] (stm32_mavlink_interface) StdoutLine: {'line': b'-- Up-to-date: /home/a/ws_moveit2/install/stm32_mavlink_interface/include/mavlink/c_library_v2/common/mavlink_msg_actuator_control_target.h\n'}
[7.199778] (stm32_mavlink_interface) StdoutLine: {'line': b'-- Up-to-date: /home/a/ws_moveit2/install/stm32_mavlink_interface/include/mavlink/c_library_v2/common/mavlink_msg_data_stream.h\n'}
[7.199801] (stm32_mavlink_interface) StdoutLine: {'line': b'-- Up-to-date: /home/a/ws_moveit2/install/stm32_mavlink_interface/include/mavlink/c_library_v2/common/mavlink_msg_wifi_config_ap.h\n'}
[7.199824] (stm32_mavlink_interface) StdoutLine: {'line': b'-- Up-to-date: /home/a/ws_moveit2/install/stm32_mavlink_interface/include/mavlink/c_library_v2/common/mavlink_msg_power_status.h\n'}
[7.199847] (stm32_mavlink_interface) StdoutLine: {'line': b'-- Up-to-date: /home/a/ws_moveit2/install/stm32_mavlink_interface/include/mavlink/c_library_v2/common/mavlink_msg_mount_orientation.h\n'}
[7.199869] (stm32_mavlink_interface) StdoutLine: {'line': b'-- Up-to-date: /home/a/ws_moveit2/install/stm32_mavlink_interface/include/mavlink/c_library_v2/common/mavlink_msg_mission_count.h\n'}
[7.199974] (stm32_mavlink_interface) StdoutLine: {'line': b'-- Up-to-date: /home/a/ws_moveit2/install/stm32_mavlink_interface/include/mavlink/c_library_v2/common/mavlink_msg_vicon_position_estimate.h\n'}
[7.200001] (stm32_mavlink_interface) StdoutLine: {'line': b'-- Up-to-date: /home/a/ws_moveit2/install/stm32_mavlink_interface/include/mavlink/c_library_v2/common/mavlink_msg_command_int.h\n'}
[7.200025] (stm32_mavlink_interface) StdoutLine: {'line': b'-- Up-to-date: /home/a/ws_moveit2/install/stm32_mavlink_interface/include/mavlink/c_library_v2/common/mavlink_msg_mission_current.h\n'}
[7.200052] (stm32_mavlink_interface) StdoutLine: {'line': b'-- Up-to-date: /home/a/ws_moveit2/install/stm32_mavlink_interface/include/mavlink/c_library_v2/common/mavlink_msg_uavcan_node_status.h\n'}
[7.200076] (stm32_mavlink_interface) StdoutLine: {'line': b'-- Up-to-date: /home/a/ws_moveit2/install/stm32_mavlink_interface/include/mavlink/c_library_v2/common/mavlink_msg_home_position.h\n'}
[7.200099] (stm32_mavlink_interface) StdoutLine: {'line': b'-- Up-to-date: /home/a/ws_moveit2/install/stm32_mavlink_interface/include/mavlink/c_library_v2/common/mavlink_msg_debug_vect.h\n'}
[7.200122] (stm32_mavlink_interface) StdoutLine: {'line': b'-- Up-to-date: /home/a/ws_moveit2/install/stm32_mavlink_interface/include/mavlink/c_library_v2/common/mavlink_msg_set_attitude_target.h\n'}
[7.200145] (stm32_mavlink_interface) StdoutLine: {'line': b'-- Up-to-date: /home/a/ws_moveit2/install/stm32_mavlink_interface/include/mavlink/c_library_v2/common/mavlink_msg_open_drone_id_basic_id.h\n'}
[7.200170] (stm32_mavlink_interface) StdoutLine: {'line': b'-- Up-to-date: /home/a/ws_moveit2/install/stm32_mavlink_interface/include/mavlink/c_library_v2/common/mavlink_msg_button_change.h\n'}
[7.200194] (stm32_mavlink_interface) StdoutLine: {'line': b'-- Up-to-date: /home/a/ws_moveit2/install/stm32_mavlink_interface/include/mavlink/c_library_v2/common/mavlink_msg_high_latency2.h\n'}
[7.200218] (stm32_mavlink_interface) StdoutLine: {'line': b'-- Up-to-date: /home/a/ws_moveit2/install/stm32_mavlink_interface/include/mavlink/c_library_v2/common/mavlink_msg_gps2_rtk.h\n'}
[7.200280] (stm32_mavlink_interface) StdoutLine: {'line': b'-- Up-to-date: /home/a/ws_moveit2/install/stm32_mavlink_interface/include/mavlink/c_library_v2/common/mavlink_msg_logging_data_acked.h\n'}
[7.200303] (stm32_mavlink_interface) StdoutLine: {'line': b'-- Up-to-date: /home/a/ws_moveit2/install/stm32_mavlink_interface/include/mavlink/c_library_v2/common/mavlink_msg_set_mode.h\n'}
[7.200356] (stm32_mavlink_interface) StdoutLine: {'line': b'-- Up-to-date: /home/a/ws_moveit2/install/stm32_mavlink_interface/include/mavlink/c_library_v2/common/mavlink_msg_gimbal_manager_set_manual_control.h\n'}
[7.200383] (stm32_mavlink_interface) StdoutLine: {'line': b'-- Up-to-date: /home/a/ws_moveit2/install/stm32_mavlink_interface/include/mavlink/c_library_v2/common/mavlink_msg_attitude.h\n'}
[7.200426] (stm32_mavlink_interface) StdoutLine: {'line': b'-- Up-to-date: /home/a/ws_moveit2/install/stm32_mavlink_interface/include/mavlink/c_library_v2/common/mavlink_msg_illuminator_status.h\n'}
[7.200454] (stm32_mavlink_interface) StdoutLine: {'line': b'-- Up-to-date: /home/a/ws_moveit2/install/stm32_mavlink_interface/include/mavlink/c_library_v2/common/mavlink_msg_raw_rpm.h\n'}
[7.200497] (stm32_mavlink_interface) StdoutLine: {'line': b'-- Up-to-date: /home/a/ws_moveit2/install/stm32_mavlink_interface/include/mavlink/c_library_v2/common/mavlink_msg_optical_flow_rad.h\n'}
[7.200543] (stm32_mavlink_interface) StdoutLine: {'line': b'-- Up-to-date: /home/a/ws_moveit2/install/stm32_mavlink_interface/include/mavlink/c_library_v2/common/mavlink_msg_esc_status.h\n'}
[7.200582] (stm32_mavlink_interface) StdoutLine: {'line': b'-- Up-to-date: /home/a/ws_moveit2/install/stm32_mavlink_interface/include/mavlink/c_library_v2/common/mavlink_msg_position_target_local_ned.h\n'}
[7.200610] (stm32_mavlink_interface) StdoutLine: {'line': b'-- Up-to-date: /home/a/ws_moveit2/install/stm32_mavlink_interface/include/mavlink/c_library_v2/common/mavlink_msg_gps_rtcm_data.h\n'}
[7.200654] (stm32_mavlink_interface) StdoutLine: {'line': b'-- Up-to-date: /home/a/ws_moveit2/install/stm32_mavlink_interface/include/mavlink/c_library_v2/common/mavlink_msg_available_modes_monitor.h\n'}
[7.200696] (stm32_mavlink_interface) StdoutLine: {'line': b'-- Up-to-date: /home/a/ws_moveit2/install/stm32_mavlink_interface/include/mavlink/c_library_v2/common/mavlink_msg_local_position_ned_system_global_offset.h\n'}
[7.200737] (stm32_mavlink_interface) StdoutLine: {'line': b'-- Up-to-date: /home/a/ws_moveit2/install/stm32_mavlink_interface/include/mavlink/c_library_v2/common/mavlink_msg_attitude_target.h\n'}
[7.200760] (stm32_mavlink_interface) StdoutLine: {'line': b'-- Up-to-date: /home/a/ws_moveit2/install/stm32_mavlink_interface/include/mavlink/c_library_v2/common/mavlink_msg_canfd_frame.h\n'}
[7.200785] (stm32_mavlink_interface) StdoutLine: {'line': b'-- Up-to-date: /home/a/ws_moveit2/install/stm32_mavlink_interface/include/mavlink/c_library_v2/common/mavlink_msg_hil_actuator_controls.h\n'}
[7.200824] (stm32_mavlink_interface) StdoutLine: {'line': b'-- Up-to-date: /home/a/ws_moveit2/install/stm32_mavlink_interface/include/mavlink/c_library_v2/common/mavlink_msg_adsb_vehicle.h\n'}
[7.200848] (stm32_mavlink_interface) StdoutLine: {'line': b'-- Up-to-date: /home/a/ws_moveit2/install/stm32_mavlink_interface/include/mavlink/c_library_v2/common/mavlink_msg_position_target_global_int.h\n'}
[7.200888] (stm32_mavlink_interface) StdoutLine: {'line': b'-- Up-to-date: /home/a/ws_moveit2/install/stm32_mavlink_interface/include/mavlink/c_library_v2/common/mavlink_msg_vision_speed_estimate.h\n'}
[7.200931] (stm32_mavlink_interface) StdoutLine: {'line': b'-- Up-to-date: /home/a/ws_moveit2/install/stm32_mavlink_interface/include/mavlink/c_library_v2/common/mavlink_msg_distance_sensor.h\n'}
[7.200974] (stm32_mavlink_interface) StdoutLine: {'line': b'-- Up-to-date: /home/a/ws_moveit2/install/stm32_mavlink_interface/include/mavlink/c_library_v2/common/mavlink_msg_attitude_quaternion.h\n'}
[7.200997] (stm32_mavlink_interface) StdoutLine: {'line': b'-- Up-to-date: /home/a/ws_moveit2/install/stm32_mavlink_interface/include/mavlink/c_library_v2/common/mavlink_msg_mission_request_list.h\n'}
[7.201020] (stm32_mavlink_interface) StdoutLine: {'line': b'-- Up-to-date: /home/a/ws_moveit2/install/stm32_mavlink_interface/include/mavlink/c_library_v2/common/mavlink_msg_collision.h\n'}
[7.201059] (stm32_mavlink_interface) StdoutLine: {'line': b'-- Up-to-date: /home/a/ws_moveit2/install/stm32_mavlink_interface/include/mavlink/c_library_v2/common/mavlink_msg_cellular_config.h\n'}
[7.201088] (stm32_mavlink_interface) StdoutLine: {'line': b'-- Up-to-date: /home/a/ws_moveit2/install/stm32_mavlink_interface/include/mavlink/c_library_v2/common/mavlink_msg_altitude.h\n'}
[7.201129] (stm32_mavlink_interface) StdoutLine: {'line': b'-- Up-to-date: /home/a/ws_moveit2/install/stm32_mavlink_interface/include/mavlink/c_library_v2/common/mavlink_msg_mission_request.h\n'}
[7.201169] (stm32_mavlink_interface) StdoutLine: {'line': b'-- Up-to-date: /home/a/ws_moveit2/install/stm32_mavlink_interface/include/mavlink/c_library_v2/common/mavlink_msg_servo_output_raw.h\n'}
[7.201210] (stm32_mavlink_interface) StdoutLine: {'line': b'-- Up-to-date: /home/a/ws_moveit2/install/stm32_mavlink_interface/include/mavlink/c_library_v2/common/mavlink_msg_onboard_computer_status.h\n'}
[7.201250] (stm32_mavlink_interface) StdoutLine: {'line': b'-- Up-to-date: /home/a/ws_moveit2/install/stm32_mavlink_interface/include/mavlink/c_library_v2/common/mavlink_msg_log_erase.h\n'}
[7.201290] (stm32_mavlink_interface) StdoutLine: {'line': b'-- Up-to-date: /home/a/ws_moveit2/install/stm32_mavlink_interface/include/mavlink/c_library_v2/common/mavlink_msg_control_system_state.h\n'}
[7.201316] (stm32_mavlink_interface) StdoutLine: {'line': b'-- Up-to-date: /home/a/ws_moveit2/install/stm32_mavlink_interface/include/mavlink/c_library_v2/common/mavlink_msg_radio_status.h\n'}
[7.201356] (stm32_mavlink_interface) StdoutLine: {'line': b'-- Up-to-date: /home/a/ws_moveit2/install/stm32_mavlink_interface/include/mavlink/c_library_v2/common/mavlink_msg_hil_controls.h\n'}
[7.201395] (stm32_mavlink_interface) StdoutLine: {'line': b'-- Up-to-date: /home/a/ws_moveit2/install/stm32_mavlink_interface/include/mavlink/c_library_v2/common/mavlink_msg_highres_imu.h\n'}
[7.201436] (stm32_mavlink_interface) StdoutLine: {'line': b'-- Up-to-date: /home/a/ws_moveit2/install/stm32_mavlink_interface/include/mavlink/c_library_v2/common/mavlink_msg_odometry.h\n'}
[7.201479] (stm32_mavlink_interface) StdoutLine: {'line': b'-- Up-to-date: /home/a/ws_moveit2/install/stm32_mavlink_interface/include/mavlink/c_library_v2/common/testsuite.h\n'}
[7.201518] (stm32_mavlink_interface) StdoutLine: {'line': b'-- Up-to-date: /home/a/ws_moveit2/install/stm32_mavlink_interface/include/mavlink/c_library_v2/common/mavlink_msg_file_transfer_protocol.h\n'}
[7.201542] (stm32_mavlink_interface) StdoutLine: {'line': b'-- Up-to-date: /home/a/ws_moveit2/install/stm32_mavlink_interface/include/mavlink/c_library_v2/common/mavlink_msg_uavcan_node_info.h\n'}
[7.201565] (stm32_mavlink_interface) StdoutLine: {'line': b'-- Up-to-date: /home/a/ws_moveit2/install/stm32_mavlink_interface/include/mavlink/c_library_v2/common/mavlink_msg_gimbal_device_set_attitude.h\n'}
[7.201589] (stm32_mavlink_interface) StdoutLine: {'line': b'-- Up-to-date: /home/a/ws_moveit2/install/stm32_mavlink_interface/include/mavlink/c_library_v2/common/mavlink_msg_hil_sensor.h\n'}
[7.201615] (stm32_mavlink_interface) StdoutLine: {'line': b'-- Up-to-date: /home/a/ws_moveit2/install/stm32_mavlink_interface/include/mavlink/c_library_v2/common/mavlink_msg_efi_status.h\n'}
[7.201639] (stm32_mavlink_interface) StdoutLine: {'line': b'-- Up-to-date: /home/a/ws_moveit2/install/stm32_mavlink_interface/include/mavlink/c_library_v2/common/mavlink_msg_debug_float_array.h\n'}
[7.201668] (stm32_mavlink_interface) StdoutLine: {'line': b'-- Up-to-date: /home/a/ws_moveit2/install/stm32_mavlink_interface/include/mavlink/c_library_v2/common/mavlink_msg_scaled_pressure.h\n'}
[7.201690] (stm32_mavlink_interface) StdoutLine: {'line': b'-- Up-to-date: /home/a/ws_moveit2/install/stm32_mavlink_interface/include/mavlink/c_library_v2/common/mavlink_msg_timesync.h\n'}
[7.201713] (stm32_mavlink_interface) StdoutLine: {'line': b'-- Up-to-date: /home/a/ws_moveit2/install/stm32_mavlink_interface/include/mavlink/c_library_v2/common/mavlink_msg_camera_information.h\n'}
[7.201738] (stm32_mavlink_interface) StdoutLine: {'line': b'-- Up-to-date: /home/a/ws_moveit2/install/stm32_mavlink_interface/include/mavlink/c_library_v2/common/mavlink_msg_param_map_rc.h\n'}
[7.201761] (stm32_mavlink_interface) StdoutLine: {'line': b'-- Up-to-date: /home/a/ws_moveit2/install/stm32_mavlink_interface/include/mavlink/c_library_v2/common/mavlink_msg_global_position_int.h\n'}
[7.201784] (stm32_mavlink_interface) StdoutLine: {'line': b'-- Up-to-date: /home/a/ws_moveit2/install/stm32_mavlink_interface/include/mavlink/c_library_v2/common/mavlink_msg_gps_status.h\n'}
[7.201807] (stm32_mavlink_interface) StdoutLine: {'line': b'-- Up-to-date: /home/a/ws_moveit2/install/stm32_mavlink_interface/include/mavlink/c_library_v2/common/mavlink_msg_mission_clear_all.h\n'}
[7.201831] (stm32_mavlink_interface) StdoutLine: {'line': b'-- Up-to-date: /home/a/ws_moveit2/install/stm32_mavlink_interface/include/mavlink/c_library_v2/common/mavlink_msg_optical_flow.h\n'}
[7.201853] (stm32_mavlink_interface) StdoutLine: {'line': b'-- Up-to-date: /home/a/ws_moveit2/install/stm32_mavlink_interface/include/mavlink/c_library_v2/common/mavlink_msg_vision_position_estimate.h\n'}
[7.201876] (stm32_mavlink_interface) StdoutLine: {'line': b'-- Up-to-date: /home/a/ws_moveit2/install/stm32_mavlink_interface/include/mavlink/c_library_v2/common/mavlink_msg_mag_cal_report.h\n'}
[7.201899] (stm32_mavlink_interface) StdoutLine: {'line': b'-- Up-to-date: /home/a/ws_moveit2/install/stm32_mavlink_interface/include/mavlink/c_library_v2/common/mavlink_msg_play_tune_v2.h\n'}
[7.201921] (stm32_mavlink_interface) StdoutLine: {'line': b'-- Up-to-date: /home/a/ws_moveit2/install/stm32_mavlink_interface/include/mavlink/c_library_v2/common/mavlink_msg_smart_battery_info.h\n'}
[7.201950] (stm32_mavlink_interface) StdoutLine: {'line': b'-- Up-to-date: /home/a/ws_moveit2/install/stm32_mavlink_interface/include/mavlink/c_library_v2/common/mavlink_msg_param_request_list.h\n'}
[7.201974] (stm32_mavlink_interface) StdoutLine: {'line': b'-- Up-to-date: /home/a/ws_moveit2/install/stm32_mavlink_interface/include/mavlink/c_library_v2/common/mavlink.h\n'}
[7.201999] (stm32_mavlink_interface) StdoutLine: {'line': b'-- Up-to-date: /home/a/ws_moveit2/install/stm32_mavlink_interface/include/mavlink/c_library_v2/common/mavlink_msg_vfr_hud.h\n'}
[7.202023] (stm32_mavlink_interface) StdoutLine: {'line': b'-- Up-to-date: /home/a/ws_moveit2/install/stm32_mavlink_interface/include/mavlink/c_library_v2/common/mavlink_msg_play_tune.h\n'}
[7.202046] (stm32_mavlink_interface) StdoutLine: {'line': b'-- Up-to-date: /home/a/ws_moveit2/install/stm32_mavlink_interface/include/mavlink/c_library_v2/common/mavlink_msg_statustext.h\n'}
[7.202071] (stm32_mavlink_interface) StdoutLine: {'line': b'-- Up-to-date: /home/a/ws_moveit2/install/stm32_mavlink_interface/include/mavlink/c_library_v2/common/mavlink_msg_winch_status.h\n'}
[7.202094] (stm32_mavlink_interface) StdoutLine: {'line': b'-- Up-to-date: /home/a/ws_moveit2/install/stm32_mavlink_interface/include/mavlink/c_library_v2/common/mavlink_msg_param_ext_request_read.h\n'}
[7.202117] (stm32_mavlink_interface) StdoutLine: {'line': b'-- Up-to-date: /home/a/ws_moveit2/install/stm32_mavlink_interface/include/mavlink/c_library_v2/common/mavlink_msg_safety_set_allowed_area.h\n'}
[7.202142] (stm32_mavlink_interface) StdoutLine: {'line': b'-- Up-to-date: /home/a/ws_moveit2/install/stm32_mavlink_interface/include/mavlink/c_library_v2/common/mavlink_msg_tunnel.h\n'}
[7.202166] (stm32_mavlink_interface) StdoutLine: {'line': b'-- Up-to-date: /home/a/ws_moveit2/install/stm32_mavlink_interface/include/mavlink/c_library_v2/common/mavlink_msg_raw_imu.h\n'}
[7.202190] (stm32_mavlink_interface) StdoutLine: {'line': b'-- Up-to-date: /home/a/ws_moveit2/install/stm32_mavlink_interface/include/mavlink/c_library_v2/common/mavlink_msg_param_ext_value.h\n'}
[7.202213] (stm32_mavlink_interface) StdoutLine: {'line': b'-- Up-to-date: /home/a/ws_moveit2/install/stm32_mavlink_interface/include/mavlink/c_library_v2/common/mavlink_msg_orbit_execution_status.h\n'}
[7.202237] (stm32_mavlink_interface) StdoutLine: {'line': b'-- Up-to-date: /home/a/ws_moveit2/install/stm32_mavlink_interface/include/mavlink/c_library_v2/common/mavlink_msg_request_event.h\n'}
[7.202259] (stm32_mavlink_interface) StdoutLine: {'line': b'-- Up-to-date: /home/a/ws_moveit2/install/stm32_mavlink_interface/include/mavlink/c_library_v2/common/mavlink_msg_gimbal_manager_set_pitchyaw.h\n'}
[7.202283] (stm32_mavlink_interface) StdoutLine: {'line': b'-- Up-to-date: /home/a/ws_moveit2/install/stm32_mavlink_interface/include/mavlink/c_library_v2/common/mavlink_msg_mission_item_reached.h\n'}
[7.202307] (stm32_mavlink_interface) StdoutLine: {'line': b'-- Up-to-date: /home/a/ws_moveit2/install/stm32_mavlink_interface/include/mavlink/c_library_v2/common/mavlink_msg_hil_state.h\n'}
[7.202331] (stm32_mavlink_interface) StdoutLine: {'line': b'-- Up-to-date: /home/a/ws_moveit2/install/stm32_mavlink_interface/include/mavlink/c_library_v2/common/mavlink_msg_mission_write_partial_list.h\n'}
[7.202355] (stm32_mavlink_interface) StdoutLine: {'line': b'-- Up-to-date: /home/a/ws_moveit2/install/stm32_mavlink_interface/include/mavlink/c_library_v2/common/mavlink_msg_param_request_read.h\n'}
[7.202379] (stm32_mavlink_interface) StdoutLine: {'line': b'-- Up-to-date: /home/a/ws_moveit2/install/stm32_mavlink_interface/include/mavlink/c_library_v2/common/mavlink_msg_gimbal_manager_set_attitude.h\n'}
[7.202402] (stm32_mavlink_interface) StdoutLine: {'line': b'-- Up-to-date: /home/a/ws_moveit2/install/stm32_mavlink_interface/include/mavlink/c_library_v2/common/mavlink_msg_component_information_basic.h\n'}
[7.202425] (stm32_mavlink_interface) StdoutLine: {'line': b'-- Up-to-date: /home/a/ws_moveit2/install/stm32_mavlink_interface/include/mavlink/c_library_v2/common/mavlink_msg_scaled_pressure2.h\n'}
[7.202449] (stm32_mavlink_interface) StdoutLine: {'line': b'-- Up-to-date: /home/a/ws_moveit2/install/stm32_mavlink_interface/include/mavlink/c_library_v2/common/mavlink_msg_ais_vessel.h\n'}
[7.202474] (stm32_mavlink_interface) StdoutLine: {'line': b'-- Up-to-date: /home/a/ws_moveit2/install/stm32_mavlink_interface/include/mavlink/c_library_v2/common/mavlink_msg_video_stream_information.h\n'}
[7.202498] (stm32_mavlink_interface) StdoutLine: {'line': b'-- Up-to-date: /home/a/ws_moveit2/install/stm32_mavlink_interface/include/mavlink/c_library_v2/common/mavlink_msg_gimbal_device_information.h\n'}
[7.202522] (stm32_mavlink_interface) StdoutLine: {'line': b'-- Up-to-date: /home/a/ws_moveit2/install/stm32_mavlink_interface/include/mavlink/c_library_v2/common/mavlink_msg_hil_optical_flow.h\n'}
[7.202545] (stm32_mavlink_interface) StdoutLine: {'line': b'-- Up-to-date: /home/a/ws_moveit2/install/stm32_mavlink_interface/include/mavlink/c_library_v2/common/mavlink_msg_change_operator_control_ack.h\n'}
[7.202570] (stm32_mavlink_interface) StdoutLine: {'line': b'-- Up-to-date: /home/a/ws_moveit2/install/stm32_mavlink_interface/include/mavlink/c_library_v2/common/mavlink_msg_terrain_request.h\n'}
[7.202595] (stm32_mavlink_interface) StdoutLine: {'line': b'-- Up-to-date: /home/a/ws_moveit2/install/stm32_mavlink_interface/include/mavlink/c_library_v2/common/mavlink_msg_param_ext_set.h\n'}
[7.202620] (stm32_mavlink_interface) StdoutLine: {'line': b'-- Up-to-date: /home/a/ws_moveit2/install/stm32_mavlink_interface/include/mavlink/c_library_v2/common/mavlink_msg_message_interval.h\n'}
[7.202646] (stm32_mavlink_interface) StdoutLine: {'line': b'-- Up-to-date: /home/a/ws_moveit2/install/stm32_mavlink_interface/include/mavlink/c_library_v2/common/mavlink_msg_local_position_ned_cov.h\n'}
[7.202672] (stm32_mavlink_interface) StdoutLine: {'line': b'-- Up-to-date: /home/a/ws_moveit2/install/stm32_mavlink_interface/include/mavlink/c_library_v2/common/mavlink_msg_camera_tracking_image_status.h\n'}
[7.202697] (stm32_mavlink_interface) StdoutLine: {'line': b'-- Up-to-date: /home/a/ws_moveit2/install/stm32_mavlink_interface/include/mavlink/c_library_v2/common/mavlink_msg_battery_status.h\n'}
[7.202724] (stm32_mavlink_interface) StdoutLine: {'line': b'-- Up-to-date: /home/a/ws_moveit2/install/stm32_mavlink_interface/include/mavlink/c_library_v2/common/common.h\n'}
[7.202749] (stm32_mavlink_interface) StdoutLine: {'line': b'-- Up-to-date: /home/a/ws_moveit2/install/stm32_mavlink_interface/include/mavlink/c_library_v2/common/mavlink_msg_extended_sys_state.h\n'}
[7.202774] (stm32_mavlink_interface) StdoutLine: {'line': b'-- Up-to-date: /home/a/ws_moveit2/install/stm32_mavlink_interface/include/mavlink/c_library_v2/common/mavlink_msg_gps_raw_int.h\n'}
[7.202798] (stm32_mavlink_interface) StdoutLine: {'line': b'-- Up-to-date: /home/a/ws_moveit2/install/stm32_mavlink_interface/include/mavlink/c_library_v2/common/mavlink_msg_debug.h\n'}
[7.202825] (stm32_mavlink_interface) StdoutLine: {'line': b'-- Up-to-date: /home/a/ws_moveit2/install/stm32_mavlink_interface/include/mavlink/c_library_v2/common/mavlink_msg_landing_target.h\n'}
[7.202853] (stm32_mavlink_interface) StdoutLine: {'line': b'-- Up-to-date: /home/a/ws_moveit2/install/stm32_mavlink_interface/include/mavlink/c_library_v2/common/mavlink_msg_vibration.h\n'}
[7.202928] (stm32_mavlink_interface) StdoutLine: {'line': b'-- Up-to-date: /home/a/ws_moveit2/install/stm32_mavlink_interface/include/mavlink/c_library_v2/common/mavlink_msg_safety_allowed_area.h\n'}
[7.202991] (stm32_mavlink_interface) StdoutLine: {'line': b'-- Up-to-date: /home/a/ws_moveit2/install/stm32_mavlink_interface/include/mavlink/c_library_v2/matrixpilot\n'}
[7.203018] (stm32_mavlink_interface) StdoutLine: {'line': b'-- Up-to-date: /home/a/ws_moveit2/install/stm32_mavlink_interface/include/mavlink/c_library_v2/matrixpilot/mavlink_msg_serial_udb_extra_f20.h\n'}
[7.203044] (stm32_mavlink_interface) StdoutLine: {'line': b'-- Up-to-date: /home/a/ws_moveit2/install/stm32_mavlink_interface/include/mavlink/c_library_v2/matrixpilot/mavlink_msg_serial_udb_extra_f7.h\n'}
[7.203071] (stm32_mavlink_interface) StdoutLine: {'line': b'-- Up-to-date: /home/a/ws_moveit2/install/stm32_mavlink_interface/include/mavlink/c_library_v2/matrixpilot/matrixpilot.h\n'}
[7.203100] (stm32_mavlink_interface) StdoutLine: {'line': b'-- Up-to-date: /home/a/ws_moveit2/install/stm32_mavlink_interface/include/mavlink/c_library_v2/matrixpilot/mavlink_msg_serial_udb_extra_f5.h\n'}
[7.203177] (stm32_mavlink_interface) StdoutLine: {'line': b'-- Up-to-date: /home/a/ws_moveit2/install/stm32_mavlink_interface/include/mavlink/c_library_v2/matrixpilot/mavlink_msg_serial_udb_extra_f4.h\n'}
[7.203226] (stm32_mavlink_interface) StdoutLine: {'line': b'-- Up-to-date: /home/a/ws_moveit2/install/stm32_mavlink_interface/include/mavlink/c_library_v2/matrixpilot/mavlink_msg_flexifunction_buffer_function_ack.h\n'}
[7.203256] (stm32_mavlink_interface) StdoutLine: {'line': b'-- Up-to-date: /home/a/ws_moveit2/install/stm32_mavlink_interface/include/mavlink/c_library_v2/matrixpilot/mavlink_msg_flexifunction_directory.h\n'}
[7.203285] (stm32_mavlink_interface) StdoutLine: {'line': b'-- Up-to-date: /home/a/ws_moveit2/install/stm32_mavlink_interface/include/mavlink/c_library_v2/matrixpilot/mavlink_msg_serial_udb_extra_f18.h\n'}
[7.203313] (stm32_mavlink_interface) StdoutLine: {'line': b'-- Up-to-date: /home/a/ws_moveit2/install/stm32_mavlink_interface/include/mavlink/c_library_v2/matrixpilot/mavlink_msg_flexifunction_read_req.h\n'}
[7.203343] (stm32_mavlink_interface) StdoutLine: {'line': b'-- Up-to-date: /home/a/ws_moveit2/install/stm32_mavlink_interface/include/mavlink/c_library_v2/matrixpilot/mavlink_msg_flexifunction_directory_ack.h\n'}
[7.203370] (stm32_mavlink_interface) StdoutLine: {'line': b'-- Up-to-date: /home/a/ws_moveit2/install/stm32_mavlink_interface/include/mavlink/c_library_v2/matrixpilot/mavlink_msg_serial_udb_extra_f6.h\n'}
[7.203431] (stm32_mavlink_interface) StdoutLine: {'line': b'-- Up-to-date: /home/a/ws_moveit2/install/stm32_mavlink_interface/include/mavlink/c_library_v2/matrixpilot/mavlink_msg_serial_udb_extra_f21.h\n'}
[7.203547] (stm32_mavlink_interface) StdoutLine: {'line': b'-- Up-to-date: /home/a/ws_moveit2/install/stm32_mavlink_interface/include/mavlink/c_library_v2/matrixpilot/version.h\n'}
[7.203585] (stm32_mavlink_interface) StdoutLine: {'line': b'-- Up-to-date: /home/a/ws_moveit2/install/stm32_mavlink_interface/include/mavlink/c_library_v2/matrixpilot/mavlink_msg_serial_udb_extra_f14.h\n'}
[7.203625] (stm32_mavlink_interface) StdoutLine: {'line': b'-- Up-to-date: /home/a/ws_moveit2/install/stm32_mavlink_interface/include/mavlink/c_library_v2/matrixpilot/mavlink_msg_serial_udb_extra_f13.h\n'}
[7.203654] (stm32_mavlink_interface) StdoutLine: {'line': b'-- Up-to-date: /home/a/ws_moveit2/install/stm32_mavlink_interface/include/mavlink/c_library_v2/matrixpilot/mavlink_msg_serial_udb_extra_f2_b.h\n'}
[7.203682] (stm32_mavlink_interface) StdoutLine: {'line': b'-- Up-to-date: /home/a/ws_moveit2/install/stm32_mavlink_interface/include/mavlink/c_library_v2/matrixpilot/mavlink_msg_serial_udb_extra_f8.h\n'}
[7.203710] (stm32_mavlink_interface) StdoutLine: {'line': b'-- Up-to-date: /home/a/ws_moveit2/install/stm32_mavlink_interface/include/mavlink/c_library_v2/matrixpilot/mavlink_msg_flexifunction_command_ack.h\n'}
[7.204041] (stm32_mavlink_interface) StdoutLine: {'line': b'-- Up-to-date: /home/a/ws_moveit2/install/stm32_mavlink_interface/include/mavlink/c_library_v2/matrixpilot/mavlink_msg_serial_udb_extra_f16.h\n'}
[7.204082] (stm32_mavlink_interface) StdoutLine: {'line': b'-- Up-to-date: /home/a/ws_moveit2/install/stm32_mavlink_interface/include/mavlink/c_library_v2/matrixpilot/mavlink_msg_serial_udb_extra_f2_a.h\n'}
[7.204114] (stm32_mavlink_interface) StdoutLine: {'line': b'-- Up-to-date: /home/a/ws_moveit2/install/stm32_mavlink_interface/include/mavlink/c_library_v2/matrixpilot/mavlink_msg_serial_udb_extra_f19.h\n'}
[7.204145] (stm32_mavlink_interface) StdoutLine: {'line': b'-- Up-to-date: /home/a/ws_moveit2/install/stm32_mavlink_interface/include/mavlink/c_library_v2/matrixpilot/mavlink_msg_flexifunction_command.h\n'}
[7.204260] (stm32_mavlink_interface) StdoutLine: {'line': b'-- Up-to-date: /home/a/ws_moveit2/install/stm32_mavlink_interface/include/mavlink/c_library_v2/matrixpilot/mavlink_msg_serial_udb_extra_f15.h\n'}
[7.204291] (stm32_mavlink_interface) StdoutLine: {'line': b'-- Up-to-date: /home/a/ws_moveit2/install/stm32_mavlink_interface/include/mavlink/c_library_v2/matrixpilot/testsuite.h\n'}
[7.204320] (stm32_mavlink_interface) StdoutLine: {'line': b'-- Up-to-date: /home/a/ws_moveit2/install/stm32_mavlink_interface/include/mavlink/c_library_v2/matrixpilot/mavlink_msg_altitudes.h\n'}
[7.204349] (stm32_mavlink_interface) StdoutLine: {'line': b'-- Up-to-date: /home/a/ws_moveit2/install/stm32_mavlink_interface/include/mavlink/c_library_v2/matrixpilot/mavlink.h\n'}
[7.204376] (stm32_mavlink_interface) StdoutLine: {'line': b'-- Up-to-date: /home/a/ws_moveit2/install/stm32_mavlink_interface/include/mavlink/c_library_v2/matrixpilot/mavlink_msg_flexifunction_buffer_function.h\n'}
[7.204554] (stm32_mavlink_interface) StdoutLine: {'line': b'-- Up-to-date: /home/a/ws_moveit2/install/stm32_mavlink_interface/include/mavlink/c_library_v2/matrixpilot/mavlink_msg_flexifunction_set.h\n'}
[7.204585] (stm32_mavlink_interface) StdoutLine: {'line': b'-- Up-to-date: /home/a/ws_moveit2/install/stm32_mavlink_interface/include/mavlink/c_library_v2/matrixpilot/mavlink_msg_serial_udb_extra_f17.h\n'}
[7.204615] (stm32_mavlink_interface) StdoutLine: {'line': b'-- Up-to-date: /home/a/ws_moveit2/install/stm32_mavlink_interface/include/mavlink/c_library_v2/matrixpilot/mavlink_msg_serial_udb_extra_f22.h\n'}
[7.204757] (stm32_mavlink_interface) StdoutLine: {'line': b'-- Up-to-date: /home/a/ws_moveit2/install/stm32_mavlink_interface/include/mavlink/c_library_v2/matrixpilot/mavlink_msg_airspeeds.h\n'}
[7.204786] (stm32_mavlink_interface) StdoutLine: {'line': b'-- Up-to-date: /home/a/ws_moveit2/install/stm32_mavlink_interface/include/mavlink/c_library_v2/AVSSUAS\n'}
[7.204814] (stm32_mavlink_interface) StdoutLine: {'line': b'-- Up-to-date: /home/a/ws_moveit2/install/stm32_mavlink_interface/include/mavlink/c_library_v2/AVSSUAS/mavlink_msg_avss_drone_position.h\n'}
[7.204916] (stm32_mavlink_interface) StdoutLine: {'line': b'-- Up-to-date: /home/a/ws_moveit2/install/stm32_mavlink_interface/include/mavlink/c_library_v2/AVSSUAS/mavlink_msg_avss_drone_imu.h\n'}
[7.204950] (stm32_mavlink_interface) StdoutLine: {'line': b'-- Up-to-date: /home/a/ws_moveit2/install/stm32_mavlink_interface/include/mavlink/c_library_v2/AVSSUAS/version.h\n'}
[7.204978] (stm32_mavlink_interface) StdoutLine: {'line': b'-- Up-to-date: /home/a/ws_moveit2/install/stm32_mavlink_interface/include/mavlink/c_library_v2/AVSSUAS/AVSSUAS.h\n'}
[7.205005] (stm32_mavlink_interface) StdoutLine: {'line': b'-- Up-to-date: /home/a/ws_moveit2/install/stm32_mavlink_interface/include/mavlink/c_library_v2/AVSSUAS/mavlink_msg_avss_prs_sys_status.h\n'}
[7.205032] (stm32_mavlink_interface) StdoutLine: {'line': b'-- Up-to-date: /home/a/ws_moveit2/install/stm32_mavlink_interface/include/mavlink/c_library_v2/AVSSUAS/testsuite.h\n'}
[7.205058] (stm32_mavlink_interface) StdoutLine: {'line': b'-- Up-to-date: /home/a/ws_moveit2/install/stm32_mavlink_interface/include/mavlink/c_library_v2/AVSSUAS/mavlink_msg_avss_drone_operation_mode.h\n'}
[7.205084] (stm32_mavlink_interface) StdoutLine: {'line': b'-- Up-to-date: /home/a/ws_moveit2/install/stm32_mavlink_interface/include/mavlink/c_library_v2/AVSSUAS/mavlink.h\n'}
[7.205110] (stm32_mavlink_interface) StdoutLine: {'line': b'-- Up-to-date: /home/a/ws_moveit2/install/stm32_mavlink_interface/include/mavlink/c_library_v2/cubepilot\n'}
[7.205147] (stm32_mavlink_interface) StdoutLine: {'line': b'-- Up-to-date: /home/a/ws_moveit2/install/stm32_mavlink_interface/include/mavlink/c_library_v2/cubepilot/mavlink_msg_cubepilot_firmware_update_start.h\n'}
[7.205174] (stm32_mavlink_interface) StdoutLine: {'line': b'-- Up-to-date: /home/a/ws_moveit2/install/stm32_mavlink_interface/include/mavlink/c_library_v2/cubepilot/cubepilot.h\n'}
[7.205255] (stm32_mavlink_interface) StdoutLine: {'line': b'-- Up-to-date: /home/a/ws_moveit2/install/stm32_mavlink_interface/include/mavlink/c_library_v2/cubepilot/version.h\n'}
[7.205283] (stm32_mavlink_interface) StdoutLine: {'line': b'-- Up-to-date: /home/a/ws_moveit2/install/stm32_mavlink_interface/include/mavlink/c_library_v2/cubepilot/mavlink_msg_cubepilot_raw_rc.h\n'}
[7.205310] (stm32_mavlink_interface) StdoutLine: {'line': b'-- Up-to-date: /home/a/ws_moveit2/install/stm32_mavlink_interface/include/mavlink/c_library_v2/cubepilot/mavlink_msg_cubepilot_firmware_update_resp.h\n'}
[7.205338] (stm32_mavlink_interface) StdoutLine: {'line': b'-- Up-to-date: /home/a/ws_moveit2/install/stm32_mavlink_interface/include/mavlink/c_library_v2/cubepilot/mavlink_msg_herelink_video_stream_information.h\n'}
[7.205364] (stm32_mavlink_interface) StdoutLine: {'line': b'-- Up-to-date: /home/a/ws_moveit2/install/stm32_mavlink_interface/include/mavlink/c_library_v2/cubepilot/testsuite.h\n'}
[7.205390] (stm32_mavlink_interface) StdoutLine: {'line': b'-- Up-to-date: /home/a/ws_moveit2/install/stm32_mavlink_interface/include/mavlink/c_library_v2/cubepilot/mavlink.h\n'}
[7.205416] (stm32_mavlink_interface) StdoutLine: {'line': b'-- Up-to-date: /home/a/ws_moveit2/install/stm32_mavlink_interface/include/mavlink/c_library_v2/cubepilot/mavlink_msg_herelink_telem.h\n'}
[7.205443] (stm32_mavlink_interface) StdoutLine: {'line': b'-- Up-to-date: /home/a/ws_moveit2/install/stm32_mavlink_interface/include/mavlink/c_library_v2/mavlink_sha256.h\n'}
[7.205470] (stm32_mavlink_interface) StdoutLine: {'line': b'-- Up-to-date: /home/a/ws_moveit2/install/stm32_mavlink_interface/include/mavlink/c_library_v2/icarous\n'}
[7.205497] (stm32_mavlink_interface) StdoutLine: {'line': b'-- Up-to-date: /home/a/ws_moveit2/install/stm32_mavlink_interface/include/mavlink/c_library_v2/icarous/version.h\n'}
[7.205523] (stm32_mavlink_interface) StdoutLine: {'line': b'-- Up-to-date: /home/a/ws_moveit2/install/stm32_mavlink_interface/include/mavlink/c_library_v2/icarous/mavlink_msg_icarous_heartbeat.h\n'}
[7.205548] (stm32_mavlink_interface) StdoutLine: {'line': b'-- Up-to-date: /home/a/ws_moveit2/install/stm32_mavlink_interface/include/mavlink/c_library_v2/icarous/icarous.h\n'}
[7.205576] (stm32_mavlink_interface) StdoutLine: {'line': b'-- Up-to-date: /home/a/ws_moveit2/install/stm32_mavlink_interface/include/mavlink/c_library_v2/icarous/mavlink_msg_icarous_kinematic_bands.h\n'}
[7.205601] (stm32_mavlink_interface) StdoutLine: {'line': b'-- Up-to-date: /home/a/ws_moveit2/install/stm32_mavlink_interface/include/mavlink/c_library_v2/icarous/testsuite.h\n'}
[7.205632] (stm32_mavlink_interface) StdoutLine: {'line': b'-- Up-to-date: /home/a/ws_moveit2/install/stm32_mavlink_interface/include/mavlink/c_library_v2/icarous/mavlink.h\n'}
[7.205658] (stm32_mavlink_interface) StdoutLine: {'line': b'-- Up-to-date: /home/a/ws_moveit2/install/stm32_mavlink_interface/include/mavlink/c_library_v2/minimal\n'}
[7.205684] (stm32_mavlink_interface) StdoutLine: {'line': b'-- Up-to-date: /home/a/ws_moveit2/install/stm32_mavlink_interface/include/mavlink/c_library_v2/minimal/minimal.h\n'}
[7.205712] (stm32_mavlink_interface) StdoutLine: {'line': b'-- Up-to-date: /home/a/ws_moveit2/install/stm32_mavlink_interface/include/mavlink/c_library_v2/minimal/version.h\n'}
[7.205738] (stm32_mavlink_interface) StdoutLine: {'line': b'-- Up-to-date: /home/a/ws_moveit2/install/stm32_mavlink_interface/include/mavlink/c_library_v2/minimal/testsuite.h\n'}
[7.205764] (stm32_mavlink_interface) StdoutLine: {'line': b'-- Up-to-date: /home/a/ws_moveit2/install/stm32_mavlink_interface/include/mavlink/c_library_v2/minimal/mavlink.h\n'}
[7.205791] (stm32_mavlink_interface) StdoutLine: {'line': b'-- Up-to-date: /home/a/ws_moveit2/install/stm32_mavlink_interface/include/mavlink/c_library_v2/minimal/mavlink_msg_protocol_version.h\n'}
[7.205854] (stm32_mavlink_interface) StdoutLine: {'line': b'-- Up-to-date: /home/a/ws_moveit2/install/stm32_mavlink_interface/include/mavlink/c_library_v2/minimal/mavlink_msg_heartbeat.h\n'}
[7.205887] (stm32_mavlink_interface) StdoutLine: {'line': b'-- Up-to-date: /home/a/ws_moveit2/install/stm32_mavlink_interface/include/mavlink/c_library_v2/ASLUAV\n'}
[7.205915] (stm32_mavlink_interface) StdoutLine: {'line': b'-- Up-to-date: /home/a/ws_moveit2/install/stm32_mavlink_interface/include/mavlink/c_library_v2/ASLUAV/mavlink_msg_gsm_link_status.h\n'}
[7.205951] (stm32_mavlink_interface) StdoutLine: {'line': b'-- Up-to-date: /home/a/ws_moveit2/install/stm32_mavlink_interface/include/mavlink/c_library_v2/ASLUAV/mavlink_msg_sens_power.h\n'}
[7.205979] (stm32_mavlink_interface) StdoutLine: {'line': b'-- Up-to-date: /home/a/ws_moveit2/install/stm32_mavlink_interface/include/mavlink/c_library_v2/ASLUAV/ASLUAV.h\n'}
[7.206007] (stm32_mavlink_interface) StdoutLine: {'line': b'-- Up-to-date: /home/a/ws_moveit2/install/stm32_mavlink_interface/include/mavlink/c_library_v2/ASLUAV/mavlink_msg_sensor_airflow_angles.h\n'}
[7.206034] (stm32_mavlink_interface) StdoutLine: {'line': b'-- Up-to-date: /home/a/ws_moveit2/install/stm32_mavlink_interface/include/mavlink/c_library_v2/ASLUAV/mavlink_msg_satcom_link_status.h\n'}
[7.206060] (stm32_mavlink_interface) StdoutLine: {'line': b'-- Up-to-date: /home/a/ws_moveit2/install/stm32_mavlink_interface/include/mavlink/c_library_v2/ASLUAV/mavlink_msg_fw_soaring_data.h\n'}
[7.206095] (stm32_mavlink_interface) StdoutLine: {'line': b'-- Up-to-date: /home/a/ws_moveit2/install/stm32_mavlink_interface/include/mavlink/c_library_v2/ASLUAV/mavlink_msg_sens_power_board.h\n'}
[7.206217] (stm32_mavlink_interface) StdoutLine: {'line': b'-- Up-to-date: /home/a/ws_moveit2/install/stm32_mavlink_interface/include/mavlink/c_library_v2/ASLUAV/mavlink_msg_sens_batmon.h\n'}
[7.206245] (stm32_mavlink_interface) StdoutLine: {'line': b'-- Up-to-date: /home/a/ws_moveit2/install/stm32_mavlink_interface/include/mavlink/c_library_v2/ASLUAV/mavlink_msg_aslctrl_data.h\n'}
[7.206271] (stm32_mavlink_interface) StdoutLine: {'line': b'-- Up-to-date: /home/a/ws_moveit2/install/stm32_mavlink_interface/include/mavlink/c_library_v2/ASLUAV/version.h\n'}
[7.206298] (stm32_mavlink_interface) StdoutLine: {'line': b'-- Up-to-date: /home/a/ws_moveit2/install/stm32_mavlink_interface/include/mavlink/c_library_v2/ASLUAV/mavlink_msg_command_long_stamped.h\n'}
[7.206353] (stm32_mavlink_interface) StdoutLine: {'line': b'-- Up-to-date: /home/a/ws_moveit2/install/stm32_mavlink_interface/include/mavlink/c_library_v2/ASLUAV/mavlink_msg_sens_atmos.h\n'}
[7.206380] (stm32_mavlink_interface) StdoutLine: {'line': b'-- Up-to-date: /home/a/ws_moveit2/install/stm32_mavlink_interface/include/mavlink/c_library_v2/ASLUAV/mavlink_msg_aslctrl_debug.h\n'}
[7.206406] (stm32_mavlink_interface) StdoutLine: {'line': b'-- Up-to-date: /home/a/ws_moveit2/install/stm32_mavlink_interface/include/mavlink/c_library_v2/ASLUAV/testsuite.h\n'}
[7.206432] (stm32_mavlink_interface) StdoutLine: {'line': b'-- Up-to-date: /home/a/ws_moveit2/install/stm32_mavlink_interface/include/mavlink/c_library_v2/ASLUAV/mavlink_msg_asluav_status.h\n'}
[7.206458] (stm32_mavlink_interface) StdoutLine: {'line': b'-- Up-to-date: /home/a/ws_moveit2/install/stm32_mavlink_interface/include/mavlink/c_library_v2/ASLUAV/mavlink_msg_ekf_ext.h\n'}
[7.206484] (stm32_mavlink_interface) StdoutLine: {'line': b'-- Up-to-date: /home/a/ws_moveit2/install/stm32_mavlink_interface/include/mavlink/c_library_v2/ASLUAV/mavlink_msg_sensorpod_status.h\n'}
[7.206510] (stm32_mavlink_interface) StdoutLine: {'line': b'-- Up-to-date: /home/a/ws_moveit2/install/stm32_mavlink_interface/include/mavlink/c_library_v2/ASLUAV/mavlink.h\n'}
[7.206536] (stm32_mavlink_interface) StdoutLine: {'line': b'-- Up-to-date: /home/a/ws_moveit2/install/stm32_mavlink_interface/include/mavlink/c_library_v2/ASLUAV/mavlink_msg_asl_obctrl.h\n'}
[7.206562] (stm32_mavlink_interface) StdoutLine: {'line': b'-- Up-to-date: /home/a/ws_moveit2/install/stm32_mavlink_interface/include/mavlink/c_library_v2/ASLUAV/mavlink_msg_sens_mppt.h\n'}
[7.206657] (stm32_mavlink_interface) StdoutLine: {'line': b'-- Up-to-date: /home/a/ws_moveit2/install/stm32_mavlink_interface/include/mavlink/c_library_v2/ASLUAV/mavlink_msg_command_int_stamped.h\n'}
[7.206693] (stm32_mavlink_interface) StdoutLine: {'line': b'-- Up-to-date: /home/a/ws_moveit2/install/stm32_mavlink_interface/include/mavlink/c_library_v2/mavlink_types.h\n'}
[7.206721] (stm32_mavlink_interface) StdoutLine: {'line': b'-- Up-to-date: /home/a/ws_moveit2/install/stm32_mavlink_interface/include/mavlink/c_library_v2/csAirLink\n'}
[7.206748] (stm32_mavlink_interface) StdoutLine: {'line': b'-- Up-to-date: /home/a/ws_moveit2/install/stm32_mavlink_interface/include/mavlink/c_library_v2/csAirLink/csAirLink.h\n'}
[7.206774] (stm32_mavlink_interface) StdoutLine: {'line': b'-- Up-to-date: /home/a/ws_moveit2/install/stm32_mavlink_interface/include/mavlink/c_library_v2/csAirLink/mavlink_msg_airlink_auth_response.h\n'}
[7.206800] (stm32_mavlink_interface) StdoutLine: {'line': b'-- Up-to-date: /home/a/ws_moveit2/install/stm32_mavlink_interface/include/mavlink/c_library_v2/csAirLink/version.h\n'}
[7.206837] (stm32_mavlink_interface) StdoutLine: {'line': b'-- Up-to-date: /home/a/ws_moveit2/install/stm32_mavlink_interface/include/mavlink/c_library_v2/csAirLink/testsuite.h\n'}
[7.206871] (stm32_mavlink_interface) StdoutLine: {'line': b'-- Up-to-date: /home/a/ws_moveit2/install/stm32_mavlink_interface/include/mavlink/c_library_v2/csAirLink/mavlink.h\n'}
[7.206897] (stm32_mavlink_interface) StdoutLine: {'line': b'-- Up-to-date: /home/a/ws_moveit2/install/stm32_mavlink_interface/include/mavlink/c_library_v2/csAirLink/mavlink_msg_airlink_auth.h\n'}
[7.206942] (stm32_mavlink_interface) StdoutLine: {'line': b'-- Up-to-date: /home/a/ws_moveit2/install/stm32_mavlink_interface/include/mavlink/c_library_v2/marsh\n'}
[7.206973] (stm32_mavlink_interface) StdoutLine: {'line': b'-- Up-to-date: /home/a/ws_moveit2/install/stm32_mavlink_interface/include/mavlink/c_library_v2/marsh/mavlink_msg_eye_tracking_data.h\n'}
[7.207008] (stm32_mavlink_interface) StdoutLine: {'line': b'-- Up-to-date: /home/a/ws_moveit2/install/stm32_mavlink_interface/include/mavlink/c_library_v2/marsh/mavlink_msg_control_loading_axis.h\n'}
[7.207034] (stm32_mavlink_interface) StdoutLine: {'line': b'-- Up-to-date: /home/a/ws_moveit2/install/stm32_mavlink_interface/include/mavlink/c_library_v2/marsh/mavlink_msg_rexroth_motion_platform.h\n'}
[7.207069] (stm32_mavlink_interface) StdoutLine: {'line': b'-- Up-to-date: /home/a/ws_moveit2/install/stm32_mavlink_interface/include/mavlink/c_library_v2/marsh/mavlink_msg_motion_cue_extra.h\n'}
[7.207095] (stm32_mavlink_interface) StdoutLine: {'line': b'-- Up-to-date: /home/a/ws_moveit2/install/stm32_mavlink_interface/include/mavlink/c_library_v2/marsh/mavlink_msg_motion_platform_state.h\n'}
[7.207120] (stm32_mavlink_interface) StdoutLine: {'line': b'-- Up-to-date: /home/a/ws_moveit2/install/stm32_mavlink_interface/include/mavlink/c_library_v2/marsh/marsh.h\n'}
[7.207155] (stm32_mavlink_interface) StdoutLine: {'line': b'-- Up-to-date: /home/a/ws_moveit2/install/stm32_mavlink_interface/include/mavlink/c_library_v2/marsh/version.h\n'}
[7.207181] (stm32_mavlink_interface) StdoutLine: {'line': b'-- Up-to-date: /home/a/ws_moveit2/install/stm32_mavlink_interface/include/mavlink/c_library_v2/marsh/testsuite.h\n'}
[7.207208] (stm32_mavlink_interface) StdoutLine: {'line': b'-- Up-to-date: /home/a/ws_moveit2/install/stm32_mavlink_interface/include/mavlink/c_library_v2/marsh/mavlink.h\n'}
[7.207233] (stm32_mavlink_interface) StdoutLine: {'line': b'-- Up-to-date: /home/a/ws_moveit2/install/stm32_mavlink_interface/include/mavlink/c_library_v2/python_array_test\n'}
[7.207268] (stm32_mavlink_interface) StdoutLine: {'line': b'-- Up-to-date: /home/a/ws_moveit2/install/stm32_mavlink_interface/include/mavlink/c_library_v2/python_array_test/mavlink_msg_array_test_1.h\n'}
[7.207294] (stm32_mavlink_interface) StdoutLine: {'line': b'-- Up-to-date: /home/a/ws_moveit2/install/stm32_mavlink_interface/include/mavlink/c_library_v2/python_array_test/mavlink_msg_array_test_0.h\n'}
[7.207328] (stm32_mavlink_interface) StdoutLine: {'line': b'-- Up-to-date: /home/a/ws_moveit2/install/stm32_mavlink_interface/include/mavlink/c_library_v2/python_array_test/mavlink_msg_array_test_6.h\n'}
[7.207363] (stm32_mavlink_interface) StdoutLine: {'line': b'-- Up-to-date: /home/a/ws_moveit2/install/stm32_mavlink_interface/include/mavlink/c_library_v2/python_array_test/mavlink_msg_array_test_8.h\n'}
[7.207404] (stm32_mavlink_interface) StdoutLine: {'line': b'-- Up-to-date: /home/a/ws_moveit2/install/stm32_mavlink_interface/include/mavlink/c_library_v2/python_array_test/mavlink_msg_array_test_7.h\n'}
[7.207430] (stm32_mavlink_interface) StdoutLine: {'line': b'-- Up-to-date: /home/a/ws_moveit2/install/stm32_mavlink_interface/include/mavlink/c_library_v2/python_array_test/version.h\n'}
[7.207457] (stm32_mavlink_interface) StdoutLine: {'line': b'-- Up-to-date: /home/a/ws_moveit2/install/stm32_mavlink_interface/include/mavlink/c_library_v2/python_array_test/mavlink_msg_array_test_4.h\n'}
[7.207483] (stm32_mavlink_interface) StdoutLine: {'line': b'-- Up-to-date: /home/a/ws_moveit2/install/stm32_mavlink_interface/include/mavlink/c_library_v2/python_array_test/testsuite.h\n'}
[7.207508] (stm32_mavlink_interface) StdoutLine: {'line': b'-- Up-to-date: /home/a/ws_moveit2/install/stm32_mavlink_interface/include/mavlink/c_library_v2/python_array_test/mavlink_msg_array_test_5.h\n'}
[7.207549] (stm32_mavlink_interface) StdoutLine: {'line': b'-- Up-to-date: /home/a/ws_moveit2/install/stm32_mavlink_interface/include/mavlink/c_library_v2/python_array_test/mavlink.h\n'}
[7.207586] (stm32_mavlink_interface) StdoutLine: {'line': b'-- Up-to-date: /home/a/ws_moveit2/install/stm32_mavlink_interface/include/mavlink/c_library_v2/python_array_test/python_array_test.h\n'}
[7.207635] (stm32_mavlink_interface) StdoutLine: {'line': b'-- Up-to-date: /home/a/ws_moveit2/install/stm32_mavlink_interface/include/mavlink/c_library_v2/python_array_test/mavlink_msg_array_test_3.h\n'}
[7.207671] (stm32_mavlink_interface) StdoutLine: {'line': b'-- Up-to-date: /home/a/ws_moveit2/install/stm32_mavlink_interface/include/mavlink/c_library_v2/loweheiser\n'}
[7.207705] (stm32_mavlink_interface) StdoutLine: {'line': b'-- Up-to-date: /home/a/ws_moveit2/install/stm32_mavlink_interface/include/mavlink/c_library_v2/loweheiser/loweheiser.h\n'}
[7.207779] (stm32_mavlink_interface) StdoutLine: {'line': b'-- Up-to-date: /home/a/ws_moveit2/install/stm32_mavlink_interface/include/mavlink/c_library_v2/loweheiser/version.h\n'}
[7.207808] (stm32_mavlink_interface) StdoutLine: {'line': b'-- Up-to-date: /home/a/ws_moveit2/install/stm32_mavlink_interface/include/mavlink/c_library_v2/loweheiser/testsuite.h\n'}
[7.207836] (stm32_mavlink_interface) StdoutLine: {'line': b'-- Up-to-date: /home/a/ws_moveit2/install/stm32_mavlink_interface/include/mavlink/c_library_v2/loweheiser/mavlink_msg_loweheiser_gov_efi.h\n'}
[7.207862] (stm32_mavlink_interface) StdoutLine: {'line': b'-- Up-to-date: /home/a/ws_moveit2/install/stm32_mavlink_interface/include/mavlink/c_library_v2/loweheiser/mavlink.h\n'}
[7.207889] (stm32_mavlink_interface) StdoutLine: {'line': b'-- Up-to-date: /home/a/ws_moveit2/install/stm32_mavlink_interface/include/mavlink/c_library_v2/message_definitions\n'}
[7.207917] (stm32_mavlink_interface) StdoutLine: {'line': b'-- Up-to-date: /home/a/ws_moveit2/install/stm32_mavlink_interface/include/mavlink/c_library_v2/message_definitions/development.xml\n'}
[7.207951] (stm32_mavlink_interface) StdoutLine: {'line': b'-- Up-to-date: /home/a/ws_moveit2/install/stm32_mavlink_interface/include/mavlink/c_library_v2/message_definitions/cubepilot.xml\n'}
[7.207986] (stm32_mavlink_interface) StdoutLine: {'line': b'-- Up-to-date: /home/a/ws_moveit2/install/stm32_mavlink_interface/include/mavlink/c_library_v2/message_definitions/AVSSUAS.xml\n'}
[7.208016] (stm32_mavlink_interface) StdoutLine: {'line': b'-- Up-to-date: /home/a/ws_moveit2/install/stm32_mavlink_interface/include/mavlink/c_library_v2/message_definitions/icarous.xml\n'}
[7.208044] (stm32_mavlink_interface) StdoutLine: {'line': b'-- Up-to-date: /home/a/ws_moveit2/install/stm32_mavlink_interface/include/mavlink/c_library_v2/message_definitions/marsh.xml\n'}
[7.208071] (stm32_mavlink_interface) StdoutLine: {'line': b'-- Up-to-date: /home/a/ws_moveit2/install/stm32_mavlink_interface/include/mavlink/c_library_v2/message_definitions/all.xml\n'}
[7.208098] (stm32_mavlink_interface) StdoutLine: {'line': b'-- Up-to-date: /home/a/ws_moveit2/install/stm32_mavlink_interface/include/mavlink/c_library_v2/message_definitions/paparazzi.xml\n'}
[7.208125] (stm32_mavlink_interface) StdoutLine: {'line': b'-- Up-to-date: /home/a/ws_moveit2/install/stm32_mavlink_interface/include/mavlink/c_library_v2/message_definitions/ualberta.xml\n'}
[7.208201] (stm32_mavlink_interface) StdoutLine: {'line': b'-- Up-to-date: /home/a/ws_moveit2/install/stm32_mavlink_interface/include/mavlink/c_library_v2/message_definitions/ardupilotmega.xml\n'}
[7.208247] (stm32_mavlink_interface) StdoutLine: {'line': b'-- Up-to-date: /home/a/ws_moveit2/install/stm32_mavlink_interface/include/mavlink/c_library_v2/message_definitions/test.xml\n'}
[7.208280] (stm32_mavlink_interface) StdoutLine: {'line': b'-- Up-to-date: /home/a/ws_moveit2/install/stm32_mavlink_interface/include/mavlink/c_library_v2/message_definitions/matrixpilot.xml\n'}
[7.208308] (stm32_mavlink_interface) StdoutLine: {'line': b'-- Up-to-date: /home/a/ws_moveit2/install/stm32_mavlink_interface/include/mavlink/c_library_v2/message_definitions/common.xml\n'}
[7.208335] (stm32_mavlink_interface) StdoutLine: {'line': b'-- Up-to-date: /home/a/ws_moveit2/install/stm32_mavlink_interface/include/mavlink/c_library_v2/message_definitions/python_array_test.xml\n'}
[7.208405] (stm32_mavlink_interface) StdoutLine: {'line': b'-- Up-to-date: /home/a/ws_moveit2/install/stm32_mavlink_interface/include/mavlink/c_library_v2/message_definitions/ASLUAV.xml\n'}
[7.208433] (stm32_mavlink_interface) StdoutLine: {'line': b'-- Up-to-date: /home/a/ws_moveit2/install/stm32_mavlink_interface/include/mavlink/c_library_v2/message_definitions/csAirLink.xml\n'}
[7.208459] (stm32_mavlink_interface) StdoutLine: {'line': b'-- Up-to-date: /home/a/ws_moveit2/install/stm32_mavlink_interface/include/mavlink/c_library_v2/message_definitions/storm32.xml\n'}
[7.208485] (stm32_mavlink_interface) StdoutLine: {'line': b'-- Up-to-date: /home/a/ws_moveit2/install/stm32_mavlink_interface/include/mavlink/c_library_v2/message_definitions/loweheiser.xml\n'}
[7.208513] (stm32_mavlink_interface) StdoutLine: {'line': b'-- Up-to-date: /home/a/ws_moveit2/install/stm32_mavlink_interface/include/mavlink/c_library_v2/message_definitions/standard.xml\n'}
[7.208539] (stm32_mavlink_interface) StdoutLine: {'line': b'-- Up-to-date: /home/a/ws_moveit2/install/stm32_mavlink_interface/include/mavlink/c_library_v2/message_definitions/uAvionix.xml\n'}
[7.208563] (stm32_mavlink_interface) StdoutLine: {'line': b'-- Up-to-date: /home/a/ws_moveit2/install/stm32_mavlink_interface/include/mavlink/c_library_v2/message_definitions/minimal.xml\n'}
[7.208588] (stm32_mavlink_interface) StdoutLine: {'line': b'-- Up-to-date: /home/a/ws_moveit2/install/stm32_mavlink_interface/include/mavlink/c_library_v2/all\n'}
[7.208613] (stm32_mavlink_interface) StdoutLine: {'line': b'-- Up-to-date: /home/a/ws_moveit2/install/stm32_mavlink_interface/include/mavlink/c_library_v2/all/all.h\n'}
[7.208642] (stm32_mavlink_interface) StdoutLine: {'line': b'-- Up-to-date: /home/a/ws_moveit2/install/stm32_mavlink_interface/include/mavlink/c_library_v2/all/version.h\n'}
[7.208667] (stm32_mavlink_interface) StdoutLine: {'line': b'-- Up-to-date: /home/a/ws_moveit2/install/stm32_mavlink_interface/include/mavlink/c_library_v2/all/testsuite.h\n'}
[7.208691] (stm32_mavlink_interface) StdoutLine: {'line': b'-- Up-to-date: /home/a/ws_moveit2/install/stm32_mavlink_interface/include/mavlink/c_library_v2/all/mavlink.h\n'}
[7.208715] (stm32_mavlink_interface) StdoutLine: {'line': b'-- Up-to-date: /home/a/ws_moveit2/install/stm32_mavlink_interface/include/mavlink/c_library_v2/mavlink_conversions.h\n'}
[7.208753] (stm32_mavlink_interface) StdoutLine: {'line': b'-- Up-to-date: /home/a/ws_moveit2/install/stm32_mavlink_interface/include/mavlink/c_library_v2/ualberta\n'}
[7.208779] (stm32_mavlink_interface) StdoutLine: {'line': b'-- Up-to-date: /home/a/ws_moveit2/install/stm32_mavlink_interface/include/mavlink/c_library_v2/ualberta/ualberta.h\n'}
[7.208804] (stm32_mavlink_interface) StdoutLine: {'line': b'-- Up-to-date: /home/a/ws_moveit2/install/stm32_mavlink_interface/include/mavlink/c_library_v2/ualberta/mavlink_msg_nav_filter_bias.h\n'}
[7.208860] (stm32_mavlink_interface) StdoutLine: {'line': b'-- Up-to-date: /home/a/ws_moveit2/install/stm32_mavlink_interface/include/mavlink/c_library_v2/ualberta/mavlink_msg_radio_calibration.h\n'}
[7.208887] (stm32_mavlink_interface) StdoutLine: {'line': b'-- Up-to-date: /home/a/ws_moveit2/install/stm32_mavlink_interface/include/mavlink/c_library_v2/ualberta/version.h\n'}
[7.208921] (stm32_mavlink_interface) StdoutLine: {'line': b'-- Up-to-date: /home/a/ws_moveit2/install/stm32_mavlink_interface/include/mavlink/c_library_v2/ualberta/mavlink_msg_ualberta_sys_status.h\n'}
[7.208987] (stm32_mavlink_interface) StdoutLine: {'line': b'-- Up-to-date: /home/a/ws_moveit2/install/stm32_mavlink_interface/include/mavlink/c_library_v2/ualberta/testsuite.h\n'}
[7.209015] (stm32_mavlink_interface) StdoutLine: {'line': b'-- Up-to-date: /home/a/ws_moveit2/install/stm32_mavlink_interface/include/mavlink/c_library_v2/ualberta/mavlink.h\n'}
[7.209039] (stm32_mavlink_interface) StdoutLine: {'line': b'-- Up-to-date: /home/a/ws_moveit2/install/stm32_mavlink_interface/include/mavlink/c_library_v2/test\n'}
[7.209066] (stm32_mavlink_interface) StdoutLine: {'line': b'-- Up-to-date: /home/a/ws_moveit2/install/stm32_mavlink_interface/include/mavlink/c_library_v2/test/mavlink_msg_test_types.h\n'}
[7.209091] (stm32_mavlink_interface) StdoutLine: {'line': b'-- Up-to-date: /home/a/ws_moveit2/install/stm32_mavlink_interface/include/mavlink/c_library_v2/test/test.h\n'}
[7.209114] (stm32_mavlink_interface) StdoutLine: {'line': b'-- Up-to-date: /home/a/ws_moveit2/install/stm32_mavlink_interface/include/mavlink/c_library_v2/test/version.h\n'}
[7.209139] (stm32_mavlink_interface) StdoutLine: {'line': b'-- Up-to-date: /home/a/ws_moveit2/install/stm32_mavlink_interface/include/mavlink/c_library_v2/test/testsuite.h\n'}
[7.209166] (stm32_mavlink_interface) StdoutLine: {'line': b'-- Up-to-date: /home/a/ws_moveit2/install/stm32_mavlink_interface/include/mavlink/c_library_v2/test/mavlink.h\n'}
[7.209191] (stm32_mavlink_interface) StdoutLine: {'line': b'-- Up-to-date: /home/a/ws_moveit2/install/stm32_mavlink_interface/include/mavlink/c_library_v2/storm32\n'}
[7.209216] (stm32_mavlink_interface) StdoutLine: {'line': b'-- Up-to-date: /home/a/ws_moveit2/install/stm32_mavlink_interface/include/mavlink/c_library_v2/storm32/mavlink_msg_mlrs_radio_link_flow_control.h\n'}
[7.209241] (stm32_mavlink_interface) StdoutLine: {'line': b'-- Up-to-date: /home/a/ws_moveit2/install/stm32_mavlink_interface/include/mavlink/c_library_v2/storm32/mavlink_msg_storm32_gimbal_manager_control_pitchyaw.h\n'}
[7.209266] (stm32_mavlink_interface) StdoutLine: {'line': b'-- Up-to-date: /home/a/ws_moveit2/install/stm32_mavlink_interface/include/mavlink/c_library_v2/storm32/mavlink_msg_storm32_gimbal_manager_control.h\n'}
[7.209322] (stm32_mavlink_interface) StdoutLine: {'line': b'-- Up-to-date: /home/a/ws_moveit2/install/stm32_mavlink_interface/include/mavlink/c_library_v2/storm32/mavlink_msg_qshot_status.h\n'}
[7.209349] (stm32_mavlink_interface) StdoutLine: {'line': b'-- Up-to-date: /home/a/ws_moveit2/install/stm32_mavlink_interface/include/mavlink/c_library_v2/storm32/storm32.h\n'}
[7.209380] (stm32_mavlink_interface) StdoutLine: {'line': b'-- Up-to-date: /home/a/ws_moveit2/install/stm32_mavlink_interface/include/mavlink/c_library_v2/storm32/version.h\n'}
[7.209405] (stm32_mavlink_interface) StdoutLine: {'line': b'-- Up-to-date: /home/a/ws_moveit2/install/stm32_mavlink_interface/include/mavlink/c_library_v2/storm32/mavlink_msg_mlrs_radio_link_information.h\n'}
[7.209430] (stm32_mavlink_interface) StdoutLine: {'line': b'-- Up-to-date: /home/a/ws_moveit2/install/stm32_mavlink_interface/include/mavlink/c_library_v2/storm32/mavlink_msg_storm32_gimbal_manager_status.h\n'}
[7.209455] (stm32_mavlink_interface) StdoutLine: {'line': b'-- Up-to-date: /home/a/ws_moveit2/install/stm32_mavlink_interface/include/mavlink/c_library_v2/storm32/mavlink_msg_storm32_gimbal_manager_information.h\n'}
[7.209482] (stm32_mavlink_interface) StdoutLine: {'line': b'-- Up-to-date: /home/a/ws_moveit2/install/stm32_mavlink_interface/include/mavlink/c_library_v2/storm32/mavlink_msg_param_value_array.h\n'}
[7.209617] (stm32_mavlink_interface) StdoutLine: {'line': b'-- Up-to-date: /home/a/ws_moveit2/install/stm32_mavlink_interface/include/mavlink/c_library_v2/storm32/mavlink_msg_storm32_gimbal_manager_correct_roll.h\n'}
[7.209718] (stm32_mavlink_interface) StdoutLine: {'line': b'-- Up-to-date: /home/a/ws_moveit2/install/stm32_mavlink_interface/include/mavlink/c_library_v2/storm32/testsuite.h\n'}
[7.209744] (stm32_mavlink_interface) StdoutLine: {'line': b'-- Up-to-date: /home/a/ws_moveit2/install/stm32_mavlink_interface/include/mavlink/c_library_v2/storm32/mavlink_msg_frsky_passthrough_array.h\n'}
[7.209768] (stm32_mavlink_interface) StdoutLine: {'line': b'-- Up-to-date: /home/a/ws_moveit2/install/stm32_mavlink_interface/include/mavlink/c_library_v2/storm32/mavlink_msg_autopilot_state_for_gimbal_device_ext.h\n'}
[7.209792] (stm32_mavlink_interface) StdoutLine: {'line': b'-- Up-to-date: /home/a/ws_moveit2/install/stm32_mavlink_interface/include/mavlink/c_library_v2/storm32/mavlink_msg_mlrs_radio_link_stats.h\n'}
[7.209828] (stm32_mavlink_interface) StdoutLine: {'line': b'-- Up-to-date: /home/a/ws_moveit2/install/stm32_mavlink_interface/include/mavlink/c_library_v2/storm32/mavlink.h\n'}
[7.209853] (stm32_mavlink_interface) StdoutLine: {'line': b'-- Up-to-date: /home/a/ws_moveit2/install/stm32_mavlink_interface/include/mavlink/c_library_v2/mavlink_get_info.h\n'}
[7.209878] (stm32_mavlink_interface) StdoutLine: {'line': b'-- Up-to-date: /home/a/ws_moveit2/install/stm32_mavlink_interface/include/mavlink/c_library_v2/standard\n'}
[7.209930] (stm32_mavlink_interface) StdoutLine: {'line': b'-- Up-to-date: /home/a/ws_moveit2/install/stm32_mavlink_interface/include/mavlink/c_library_v2/standard/version.h\n'}
[7.209957] (stm32_mavlink_interface) StdoutLine: {'line': b'-- Up-to-date: /home/a/ws_moveit2/install/stm32_mavlink_interface/include/mavlink/c_library_v2/standard/mavlink_msg_autopilot_version.h\n'}
[7.209993] (stm32_mavlink_interface) StdoutLine: {'line': b'-- Up-to-date: /home/a/ws_moveit2/install/stm32_mavlink_interface/include/mavlink/c_library_v2/standard/testsuite.h\n'}
[7.210020] (stm32_mavlink_interface) StdoutLine: {'line': b'-- Up-to-date: /home/a/ws_moveit2/install/stm32_mavlink_interface/include/mavlink/c_library_v2/standard/standard.h\n'}
[7.210044] (stm32_mavlink_interface) StdoutLine: {'line': b'-- Up-to-date: /home/a/ws_moveit2/install/stm32_mavlink_interface/include/mavlink/c_library_v2/standard/mavlink.h\n'}
[7.210069] (stm32_mavlink_interface) StdoutLine: {'line': b'-- Up-to-date: /home/a/ws_moveit2/install/stm32_mavlink_interface/include/mavlink/c_library_v2/ardupilotmega\n'}
[7.210094] (stm32_mavlink_interface) StdoutLine: {'line': b'-- Up-to-date: /home/a/ws_moveit2/install/stm32_mavlink_interface/include/mavlink/c_library_v2/ardupilotmega/mavlink_msg_gopro_heartbeat.h\n'}
[7.210153] (stm32_mavlink_interface) StdoutLine: {'line': b'-- Up-to-date: /home/a/ws_moveit2/install/stm32_mavlink_interface/include/mavlink/c_library_v2/ardupilotmega/mavlink_msg_mag_cal_progress.h\n'}
[7.210180] (stm32_mavlink_interface) StdoutLine: {'line': b'-- Up-to-date: /home/a/ws_moveit2/install/stm32_mavlink_interface/include/mavlink/c_library_v2/ardupilotmega/mavlink_msg_wind.h\n'}
[7.210206] (stm32_mavlink_interface) StdoutLine: {'line': b'-- Up-to-date: /home/a/ws_moveit2/install/stm32_mavlink_interface/include/mavlink/c_library_v2/ardupilotmega/mavlink_msg_set_mag_offsets.h\n'}
[7.210233] (stm32_mavlink_interface) StdoutLine: {'line': b'-- Up-to-date: /home/a/ws_moveit2/install/stm32_mavlink_interface/include/mavlink/c_library_v2/ardupilotmega/mavlink_msg_gimbal_report.h\n'}
[7.210258] (stm32_mavlink_interface) StdoutLine: {'line': b'-- Up-to-date: /home/a/ws_moveit2/install/stm32_mavlink_interface/include/mavlink/c_library_v2/ardupilotmega/mavlink_msg_mount_status.h\n'}
[7.210282] (stm32_mavlink_interface) StdoutLine: {'line': b'-- Up-to-date: /home/a/ws_moveit2/install/stm32_mavlink_interface/include/mavlink/c_library_v2/ardupilotmega/mavlink_msg_device_op_read_reply.h\n'}
[7.210306] (stm32_mavlink_interface) StdoutLine: {'line': b'-- Up-to-date: /home/a/ws_moveit2/install/stm32_mavlink_interface/include/mavlink/c_library_v2/ardupilotmega/mavlink_msg_ahrs3.h\n'}
[7.210331] (stm32_mavlink_interface) StdoutLine: {'line': b'-- Up-to-date: /home/a/ws_moveit2/install/stm32_mavlink_interface/include/mavlink/c_library_v2/ardupilotmega/mavlink_msg_esc_telemetry_5_to_8.h\n'}
[7.210355] (stm32_mavlink_interface) StdoutLine: {'line': b'-- Up-to-date: /home/a/ws_moveit2/install/stm32_mavlink_interface/include/mavlink/c_library_v2/ardupilotmega/mavlink_msg_ahrs.h\n'}
[7.210381] (stm32_mavlink_interface) StdoutLine: {'line': b'-- Up-to-date: /home/a/ws_moveit2/install/stm32_mavlink_interface/include/mavlink/c_library_v2/ardupilotmega/mavlink_msg_rally_point.h\n'}
[7.210406] (stm32_mavlink_interface) StdoutLine: {'line': b'-- Up-to-date: /home/a/ws_moveit2/install/stm32_mavlink_interface/include/mavlink/c_library_v2/ardupilotmega/mavlink_msg_obstacle_distance_3d.h\n'}
[7.210430] (stm32_mavlink_interface) StdoutLine: {'line': b'-- Up-to-date: /home/a/ws_moveit2/install/stm32_mavlink_interface/include/mavlink/c_library_v2/ardupilotmega/mavlink_msg_fence_point.h\n'}
[7.210490] (stm32_mavlink_interface) StdoutLine: {'line': b'-- Up-to-date: /home/a/ws_moveit2/install/stm32_mavlink_interface/include/mavlink/c_library_v2/ardupilotmega/mavlink_msg_esc_telemetry_9_to_12.h\n'}
[7.210516] (stm32_mavlink_interface) StdoutLine: {'line': b'-- Up-to-date: /home/a/ws_moveit2/install/stm32_mavlink_interface/include/mavlink/c_library_v2/ardupilotmega/mavlink_msg_gopro_set_response.h\n'}
[7.210540] (stm32_mavlink_interface) StdoutLine: {'line': b'-- Up-to-date: /home/a/ws_moveit2/install/stm32_mavlink_interface/include/mavlink/c_library_v2/ardupilotmega/mavlink_msg_osd_param_show_config_reply.h\n'}
[7.210570] (stm32_mavlink_interface) StdoutLine: {'line': b'-- Up-to-date: /home/a/ws_moveit2/install/stm32_mavlink_interface/include/mavlink/c_library_v2/ardupilotmega/mavlink_msg_esc_telemetry_25_to_28.h\n'}
[7.210596] (stm32_mavlink_interface) StdoutLine: {'line': b'-- Up-to-date: /home/a/ws_moveit2/install/stm32_mavlink_interface/include/mavlink/c_library_v2/ardupilotmega/mavlink_msg_water_depth.h\n'}
[7.210621] (stm32_mavlink_interface) StdoutLine: {'line': b'-- Up-to-date: /home/a/ws_moveit2/install/stm32_mavlink_interface/include/mavlink/c_library_v2/ardupilotmega/mavlink_msg_ap_adc.h\n'}
[7.210646] (stm32_mavlink_interface) StdoutLine: {'line': b'-- Up-to-date: /home/a/ws_moveit2/install/stm32_mavlink_interface/include/mavlink/c_library_v2/ardupilotmega/mavlink_msg_autopilot_version_request.h\n'}
[7.210705] (stm32_mavlink_interface) StdoutLine: {'line': b'-- Up-to-date: /home/a/ws_moveit2/install/stm32_mavlink_interface/include/mavlink/c_library_v2/ardupilotmega/mavlink_msg_led_control.h\n'}
[7.210729] (stm32_mavlink_interface) StdoutLine: {'line': b'-- Up-to-date: /home/a/ws_moveit2/install/stm32_mavlink_interface/include/mavlink/c_library_v2/ardupilotmega/mavlink_msg_camera_feedback.h\n'}
[7.210754] (stm32_mavlink_interface) StdoutLine: {'line': b'-- Up-to-date: /home/a/ws_moveit2/install/stm32_mavlink_interface/include/mavlink/c_library_v2/ardupilotmega/mavlink_msg_sensor_offsets.h\n'}
[7.210785] (stm32_mavlink_interface) StdoutLine: {'line': b'-- Up-to-date: /home/a/ws_moveit2/install/stm32_mavlink_interface/include/mavlink/c_library_v2/ardupilotmega/mavlink_msg_rally_fetch_point.h\n'}
[7.210810] (stm32_mavlink_interface) StdoutLine: {'line': b'-- Up-to-date: /home/a/ws_moveit2/install/stm32_mavlink_interface/include/mavlink/c_library_v2/ardupilotmega/mavlink_msg_limits_status.h\n'}
[7.210836] (stm32_mavlink_interface) StdoutLine: {'line': b'-- Up-to-date: /home/a/ws_moveit2/install/stm32_mavlink_interface/include/mavlink/c_library_v2/ardupilotmega/mavlink_msg_fence_fetch_point.h\n'}
[7.210862] (stm32_mavlink_interface) StdoutLine: {'line': b'-- Up-to-date: /home/a/ws_moveit2/install/stm32_mavlink_interface/include/mavlink/c_library_v2/ardupilotmega/mavlink_msg_data32.h\n'}
[7.210886] (stm32_mavlink_interface) StdoutLine: {'line': b'-- Up-to-date: /home/a/ws_moveit2/install/stm32_mavlink_interface/include/mavlink/c_library_v2/ardupilotmega/mavlink_msg_mount_configure.h\n'}
[7.210911] (stm32_mavlink_interface) StdoutLine: {'line': b'-- Up-to-date: /home/a/ws_moveit2/install/stm32_mavlink_interface/include/mavlink/c_library_v2/ardupilotmega/mavlink_msg_gopro_get_response.h\n'}
[7.210969] (stm32_mavlink_interface) StdoutLine: {'line': b'-- Up-to-date: /home/a/ws_moveit2/install/stm32_mavlink_interface/include/mavlink/c_library_v2/ardupilotmega/mavlink_msg_data16.h\n'}
[7.210996] (stm32_mavlink_interface) StdoutLine: {'line': b'-- Up-to-date: /home/a/ws_moveit2/install/stm32_mavlink_interface/include/mavlink/c_library_v2/ardupilotmega/mavlink_msg_camera_status.h\n'}
[7.211021] (stm32_mavlink_interface) StdoutLine: {'line': b'-- Up-to-date: /home/a/ws_moveit2/install/stm32_mavlink_interface/include/mavlink/c_library_v2/ardupilotmega/mavlink_msg_secure_command.h\n'}
[7.211046] (stm32_mavlink_interface) StdoutLine: {'line': b'-- Up-to-date: /home/a/ws_moveit2/install/stm32_mavlink_interface/include/mavlink/c_library_v2/ardupilotmega/version.h\n'}
[7.211073] (stm32_mavlink_interface) StdoutLine: {'line': b'-- Up-to-date: /home/a/ws_moveit2/install/stm32_mavlink_interface/include/mavlink/c_library_v2/ardupilotmega/mavlink_msg_meminfo.h\n'}
[7.211098] (stm32_mavlink_interface) StdoutLine: {'line': b'-- Up-to-date: /home/a/ws_moveit2/install/stm32_mavlink_interface/include/mavlink/c_library_v2/ardupilotmega/mavlink_msg_deepstall.h\n'}
[7.211123] (stm32_mavlink_interface) StdoutLine: {'line': b'-- Up-to-date: /home/a/ws_moveit2/install/stm32_mavlink_interface/include/mavlink/c_library_v2/ardupilotmega/ardupilotmega.h\n'}
[7.211148] (stm32_mavlink_interface) StdoutLine: {'line': b'-- Up-to-date: /home/a/ws_moveit2/install/stm32_mavlink_interface/include/mavlink/c_library_v2/ardupilotmega/mavlink_msg_compassmot_status.h\n'}
[7.211176] (stm32_mavlink_interface) StdoutLine: {'line': b'-- Up-to-date: /home/a/ws_moveit2/install/stm32_mavlink_interface/include/mavlink/c_library_v2/ardupilotmega/mavlink_msg_rpm.h\n'}
[7.211201] (stm32_mavlink_interface) StdoutLine: {'line': b'-- Up-to-date: /home/a/ws_moveit2/install/stm32_mavlink_interface/include/mavlink/c_library_v2/ardupilotmega/mavlink_msg_gopro_get_request.h\n'}
[7.211225] (stm32_mavlink_interface) StdoutLine: {'line': b'-- Up-to-date: /home/a/ws_moveit2/install/stm32_mavlink_interface/include/mavlink/c_library_v2/ardupilotmega/mavlink_msg_vision_position_delta.h\n'}
[7.211251] (stm32_mavlink_interface) StdoutLine: {'line': b'-- Up-to-date: /home/a/ws_moveit2/install/stm32_mavlink_interface/include/mavlink/c_library_v2/ardupilotmega/mavlink_msg_osd_param_show_config.h\n'}
[7.211340] (stm32_mavlink_interface) StdoutLine: {'line': b'-- Up-to-date: /home/a/ws_moveit2/install/stm32_mavlink_interface/include/mavlink/c_library_v2/ardupilotmega/mavlink_msg_remote_log_block_status.h\n'}
[7.211366] (stm32_mavlink_interface) StdoutLine: {'line': b'-- Up-to-date: /home/a/ws_moveit2/install/stm32_mavlink_interface/include/mavlink/c_library_v2/ardupilotmega/mavlink_msg_esc_telemetry_17_to_20.h\n'}
[7.211401] (stm32_mavlink_interface) StdoutLine: {'line': b'-- Up-to-date: /home/a/ws_moveit2/install/stm32_mavlink_interface/include/mavlink/c_library_v2/ardupilotmega/mavlink_msg_rangefinder.h\n'}
[7.211428] (stm32_mavlink_interface) StdoutLine: {'line': b'-- Up-to-date: /home/a/ws_moveit2/install/stm32_mavlink_interface/include/mavlink/c_library_v2/ardupilotmega/mavlink_msg_hwstatus.h\n'}
[7.211456] (stm32_mavlink_interface) StdoutLine: {'line': b'-- Up-to-date: /home/a/ws_moveit2/install/stm32_mavlink_interface/include/mavlink/c_library_v2/ardupilotmega/mavlink_msg_gimbal_torque_cmd_report.h\n'}
[7.211513] (stm32_mavlink_interface) StdoutLine: {'line': b'-- Up-to-date: /home/a/ws_moveit2/install/stm32_mavlink_interface/include/mavlink/c_library_v2/ardupilotmega/mavlink_msg_device_op_write_reply.h\n'}
[7.211540] (stm32_mavlink_interface) StdoutLine: {'line': b'-- Up-to-date: /home/a/ws_moveit2/install/stm32_mavlink_interface/include/mavlink/c_library_v2/ardupilotmega/mavlink_msg_aoa_ssa.h\n'}
[7.211566] (stm32_mavlink_interface) StdoutLine: {'line': b'-- Up-to-date: /home/a/ws_moveit2/install/stm32_mavlink_interface/include/mavlink/c_library_v2/ardupilotmega/mavlink_msg_data96.h\n'}
[7.211592] (stm32_mavlink_interface) StdoutLine: {'line': b'-- Up-to-date: /home/a/ws_moveit2/install/stm32_mavlink_interface/include/mavlink/c_library_v2/ardupilotmega/mavlink_msg_battery2.h\n'}
[7.211618] (stm32_mavlink_interface) StdoutLine: {'line': b'-- Up-to-date: /home/a/ws_moveit2/install/stm32_mavlink_interface/include/mavlink/c_library_v2/ardupilotmega/mavlink_msg_ahrs2.h\n'}
[7.211644] (stm32_mavlink_interface) StdoutLine: {'line': b'-- Up-to-date: /home/a/ws_moveit2/install/stm32_mavlink_interface/include/mavlink/c_library_v2/ardupilotmega/mavlink_msg_esc_telemetry_29_to_32.h\n'}
[7.211671] (stm32_mavlink_interface) StdoutLine: {'line': b'-- Up-to-date: /home/a/ws_moveit2/install/stm32_mavlink_interface/include/mavlink/c_library_v2/ardupilotmega/mavlink_msg_adap_tuning.h\n'}
[7.211705] (stm32_mavlink_interface) StdoutLine: {'line': b'-- Up-to-date: /home/a/ws_moveit2/install/stm32_mavlink_interface/include/mavlink/c_library_v2/ardupilotmega/mavlink_msg_mount_control.h\n'}
[7.211737] (stm32_mavlink_interface) StdoutLine: {'line': b'-- Up-to-date: /home/a/ws_moveit2/install/stm32_mavlink_interface/include/mavlink/c_library_v2/ardupilotmega/mavlink_msg_device_op_read.h\n'}
[7.211764] (stm32_mavlink_interface) StdoutLine: {'line': b'-- Up-to-date: /home/a/ws_moveit2/install/stm32_mavlink_interface/include/mavlink/c_library_v2/ardupilotmega/mavlink_msg_digicam_control.h\n'}
[7.211881] (stm32_mavlink_interface) StdoutLine: {'line': b'-- Up-to-date: /home/a/ws_moveit2/install/stm32_mavlink_interface/include/mavlink/c_library_v2/ardupilotmega/testsuite.h\n'}
[7.211914] (stm32_mavlink_interface) StdoutLine: {'line': b'-- Up-to-date: /home/a/ws_moveit2/install/stm32_mavlink_interface/include/mavlink/c_library_v2/ardupilotmega/mavlink_msg_esc_telemetry_13_to_16.h\n'}
[7.211948] (stm32_mavlink_interface) StdoutLine: {'line': b'-- Up-to-date: /home/a/ws_moveit2/install/stm32_mavlink_interface/include/mavlink/c_library_v2/ardupilotmega/mavlink_msg_osd_param_config_reply.h\n'}
[7.211976] (stm32_mavlink_interface) StdoutLine: {'line': b'-- Up-to-date: /home/a/ws_moveit2/install/stm32_mavlink_interface/include/mavlink/c_library_v2/ardupilotmega/mavlink_msg_ekf_status_report.h\n'}
[7.212003] (stm32_mavlink_interface) StdoutLine: {'line': b'-- Up-to-date: /home/a/ws_moveit2/install/stm32_mavlink_interface/include/mavlink/c_library_v2/ardupilotmega/mavlink_msg_secure_command_reply.h\n'}
[7.212028] (stm32_mavlink_interface) StdoutLine: {'line': b'-- Up-to-date: /home/a/ws_moveit2/install/stm32_mavlink_interface/include/mavlink/c_library_v2/ardupilotmega/mavlink_msg_digicam_configure.h\n'}
[7.212055] (stm32_mavlink_interface) StdoutLine: {'line': b'-- Up-to-date: /home/a/ws_moveit2/install/stm32_mavlink_interface/include/mavlink/c_library_v2/ardupilotmega/mavlink_msg_simstate.h\n'}
[7.212082] (stm32_mavlink_interface) StdoutLine: {'line': b'-- Up-to-date: /home/a/ws_moveit2/install/stm32_mavlink_interface/include/mavlink/c_library_v2/ardupilotmega/mavlink_msg_pid_tuning.h\n'}
[7.212108] (stm32_mavlink_interface) StdoutLine: {'line': b'-- Up-to-date: /home/a/ws_moveit2/install/stm32_mavlink_interface/include/mavlink/c_library_v2/ardupilotmega/mavlink.h\n'}
[7.212135] (stm32_mavlink_interface) StdoutLine: {'line': b'-- Up-to-date: /home/a/ws_moveit2/install/stm32_mavlink_interface/include/mavlink/c_library_v2/ardupilotmega/mavlink_msg_device_op_write.h\n'}
[7.212161] (stm32_mavlink_interface) StdoutLine: {'line': b'-- Up-to-date: /home/a/ws_moveit2/install/stm32_mavlink_interface/include/mavlink/c_library_v2/ardupilotmega/mavlink_msg_esc_telemetry_21_to_24.h\n'}
[7.212188] (stm32_mavlink_interface) StdoutLine: {'line': b'-- Up-to-date: /home/a/ws_moveit2/install/stm32_mavlink_interface/include/mavlink/c_library_v2/ardupilotmega/mavlink_msg_mcu_status.h\n'}
[7.212214] (stm32_mavlink_interface) StdoutLine: {'line': b'-- Up-to-date: /home/a/ws_moveit2/install/stm32_mavlink_interface/include/mavlink/c_library_v2/ardupilotmega/mavlink_msg_gopro_set_request.h\n'}
[7.212459] (stm32_mavlink_interface) StdoutLine: {'line': b'-- Up-to-date: /home/a/ws_moveit2/install/stm32_mavlink_interface/include/mavlink/c_library_v2/ardupilotmega/mavlink_msg_esc_telemetry_1_to_4.h\n'}
[7.212573] (stm32_mavlink_interface) StdoutLine: {'line': b'-- Up-to-date: /home/a/ws_moveit2/install/stm32_mavlink_interface/include/mavlink/c_library_v2/ardupilotmega/mavlink_msg_osd_param_config.h\n'}
[7.212601] (stm32_mavlink_interface) StdoutLine: {'line': b'-- Up-to-date: /home/a/ws_moveit2/install/stm32_mavlink_interface/include/mavlink/c_library_v2/ardupilotmega/mavlink_msg_gimbal_control.h\n'}
[7.212649] (stm32_mavlink_interface) StdoutLine: {'line': b'-- Up-to-date: /home/a/ws_moveit2/install/stm32_mavlink_interface/include/mavlink/c_library_v2/ardupilotmega/mavlink_msg_data64.h\n'}
[7.212676] (stm32_mavlink_interface) StdoutLine: {'line': b'-- Up-to-date: /home/a/ws_moveit2/install/stm32_mavlink_interface/include/mavlink/c_library_v2/ardupilotmega/mavlink_msg_radio.h\n'}
[7.212705] (stm32_mavlink_interface) StdoutLine: {'line': b'-- Up-to-date: /home/a/ws_moveit2/install/stm32_mavlink_interface/include/mavlink/c_library_v2/ardupilotmega/mavlink_msg_remote_log_data_block.h\n'}
[7.212750] (stm32_mavlink_interface) StdoutLine: {'line': b'-- Up-to-date: /home/a/ws_moveit2/install/stm32_mavlink_interface/include/mavlink/c_library_v2/ardupilotmega/mavlink_msg_airspeed_autocal.h\n'}
[7.212779] (stm32_mavlink_interface) StdoutLine: {'line': b'-- Up-to-date: /home/a/ws_moveit2/install/stm32_mavlink_interface/include/mavlink/c_library_v2/uAvionix\n'}
[7.212808] (stm32_mavlink_interface) StdoutLine: {'line': b'-- Up-to-date: /home/a/ws_moveit2/install/stm32_mavlink_interface/include/mavlink/c_library_v2/uAvionix/mavlink_msg_uavionix_adsb_transceiver_health_report.h\n'}
[7.212847] (stm32_mavlink_interface) StdoutLine: {'line': b'-- Up-to-date: /home/a/ws_moveit2/install/stm32_mavlink_interface/include/mavlink/c_library_v2/uAvionix/mavlink_msg_uavionix_adsb_out_cfg_registration.h\n'}
[7.212877] (stm32_mavlink_interface) StdoutLine: {'line': b'-- Up-to-date: /home/a/ws_moveit2/install/stm32_mavlink_interface/include/mavlink/c_library_v2/uAvionix/mavlink_msg_uavionix_adsb_out_status.h\n'}
[7.212905] (stm32_mavlink_interface) StdoutLine: {'line': b'-- Up-to-date: /home/a/ws_moveit2/install/stm32_mavlink_interface/include/mavlink/c_library_v2/uAvionix/version.h\n'}
[7.212940] (stm32_mavlink_interface) StdoutLine: {'line': b'-- Up-to-date: /home/a/ws_moveit2/install/stm32_mavlink_interface/include/mavlink/c_library_v2/uAvionix/mavlink_msg_uavionix_adsb_out_cfg_flightid.h\n'}
[7.212970] (stm32_mavlink_interface) StdoutLine: {'line': b'-- Up-to-date: /home/a/ws_moveit2/install/stm32_mavlink_interface/include/mavlink/c_library_v2/uAvionix/mavlink_msg_uavionix_adsb_out_cfg.h\n'}
[7.212996] (stm32_mavlink_interface) StdoutLine: {'line': b'-- Up-to-date: /home/a/ws_moveit2/install/stm32_mavlink_interface/include/mavlink/c_library_v2/uAvionix/testsuite.h\n'}
[7.213023] (stm32_mavlink_interface) StdoutLine: {'line': b'-- Up-to-date: /home/a/ws_moveit2/install/stm32_mavlink_interface/include/mavlink/c_library_v2/uAvionix/mavlink_msg_uavionix_adsb_get.h\n'}
[7.213050] (stm32_mavlink_interface) StdoutLine: {'line': b'-- Up-to-date: /home/a/ws_moveit2/install/stm32_mavlink_interface/include/mavlink/c_library_v2/uAvionix/mavlink_msg_uavionix_adsb_out_dynamic.h\n'}
[7.213079] (stm32_mavlink_interface) StdoutLine: {'line': b'-- Up-to-date: /home/a/ws_moveit2/install/stm32_mavlink_interface/include/mavlink/c_library_v2/uAvionix/mavlink.h\n'}
[7.213106] (stm32_mavlink_interface) StdoutLine: {'line': b'-- Up-to-date: /home/a/ws_moveit2/install/stm32_mavlink_interface/include/mavlink/c_library_v2/uAvionix/mavlink_msg_uavionix_adsb_out_control.h\n'}
[7.213132] (stm32_mavlink_interface) StdoutLine: {'line': b'-- Up-to-date: /home/a/ws_moveit2/install/stm32_mavlink_interface/include/mavlink/c_library_v2/uAvionix/uAvionix.h\n'}
[7.213158] (stm32_mavlink_interface) StdoutLine: {'line': b'-- Up-to-date: /home/a/ws_moveit2/install/stm32_mavlink_interface/include/mavlink/c_library_v2/development\n'}
[7.213183] (stm32_mavlink_interface) StdoutLine: {'line': b'-- Up-to-date: /home/a/ws_moveit2/install/stm32_mavlink_interface/include/mavlink/c_library_v2/development/development.h\n'}
[7.213209] (stm32_mavlink_interface) StdoutLine: {'line': b'-- Up-to-date: /home/a/ws_moveit2/install/stm32_mavlink_interface/include/mavlink/c_library_v2/development/mavlink_msg_battery_status_v2.h\n'}
[7.213234] (stm32_mavlink_interface) StdoutLine: {'line': b'-- Up-to-date: /home/a/ws_moveit2/install/stm32_mavlink_interface/include/mavlink/c_library_v2/development/mavlink_msg_control_status.h\n'}
[7.213260] (stm32_mavlink_interface) StdoutLine: {'line': b'-- Up-to-date: /home/a/ws_moveit2/install/stm32_mavlink_interface/include/mavlink/c_library_v2/development/mavlink_msg_gnss_integrity.h\n'}
[7.213286] (stm32_mavlink_interface) StdoutLine: {'line': b'-- Up-to-date: /home/a/ws_moveit2/install/stm32_mavlink_interface/include/mavlink/c_library_v2/development/mavlink_msg_airspeed.h\n'}
[7.213316] (stm32_mavlink_interface) StdoutLine: {'line': b'-- Up-to-date: /home/a/ws_moveit2/install/stm32_mavlink_interface/include/mavlink/c_library_v2/development/mavlink_msg_global_position.h\n'}
[7.213343] (stm32_mavlink_interface) StdoutLine: {'line': b'-- Up-to-date: /home/a/ws_moveit2/install/stm32_mavlink_interface/include/mavlink/c_library_v2/development/version.h\n'}
[7.213371] (stm32_mavlink_interface) StdoutLine: {'line': b'-- Up-to-date: /home/a/ws_moveit2/install/stm32_mavlink_interface/include/mavlink/c_library_v2/development/mavlink_msg_velocity_limits.h\n'}
[7.213398] (stm32_mavlink_interface) StdoutLine: {'line': b'-- Up-to-date: /home/a/ws_moveit2/install/stm32_mavlink_interface/include/mavlink/c_library_v2/development/mavlink_msg_target_absolute.h\n'}
[7.213425] (stm32_mavlink_interface) StdoutLine: {'line': b'-- Up-to-date: /home/a/ws_moveit2/install/stm32_mavlink_interface/include/mavlink/c_library_v2/development/mavlink_msg_target_relative.h\n'}
[7.213452] (stm32_mavlink_interface) StdoutLine: {'line': b'-- Up-to-date: /home/a/ws_moveit2/install/stm32_mavlink_interface/include/mavlink/c_library_v2/development/testsuite.h\n'}
[7.213479] (stm32_mavlink_interface) StdoutLine: {'line': b'-- Up-to-date: /home/a/ws_moveit2/install/stm32_mavlink_interface/include/mavlink/c_library_v2/development/mavlink_msg_figure_eight_execution_status.h\n'}
[7.213506] (stm32_mavlink_interface) StdoutLine: {'line': b'-- Up-to-date: /home/a/ws_moveit2/install/stm32_mavlink_interface/include/mavlink/c_library_v2/development/mavlink_msg_radio_rc_channels.h\n'}
[7.213534] (stm32_mavlink_interface) StdoutLine: {'line': b'-- Up-to-date: /home/a/ws_moveit2/install/stm32_mavlink_interface/include/mavlink/c_library_v2/development/mavlink_msg_set_velocity_limits.h\n'}
[7.213578] (stm32_mavlink_interface) StdoutLine: {'line': b'-- Up-to-date: /home/a/ws_moveit2/install/stm32_mavlink_interface/include/mavlink/c_library_v2/development/mavlink_msg_group_start.h\n'}
[7.213609] (stm32_mavlink_interface) StdoutLine: {'line': b'-- Up-to-date: /home/a/ws_moveit2/install/stm32_mavlink_interface/include/mavlink/c_library_v2/development/mavlink.h\n'}
[7.213637] (stm32_mavlink_interface) StdoutLine: {'line': b'-- Up-to-date: /home/a/ws_moveit2/install/stm32_mavlink_interface/include/mavlink/c_library_v2/development/mavlink_msg_group_end.h\n'}
[7.213668] (stm32_mavlink_interface) StdoutLine: {'line': b'-- Up-to-date: /home/a/ws_moveit2/install/stm32_mavlink_interface/include/mavlink/c_library_v2/.git\n'}
[7.213703] (stm32_mavlink_interface) StdoutLine: {'line': b'-- Up-to-date: /home/a/ws_moveit2/install/stm32_mavlink_interface/include/mavlink/c_library_v2/.git/branches\n'}
[7.213732] (stm32_mavlink_interface) StdoutLine: {'line': b'-- Up-to-date: /home/a/ws_moveit2/install/stm32_mavlink_interface/include/mavlink/c_library_v2/.git/hooks\n'}
[7.213760] (stm32_mavlink_interface) StdoutLine: {'line': b'-- Up-to-date: /home/a/ws_moveit2/install/stm32_mavlink_interface/include/mavlink/c_library_v2/.git/hooks/pre-receive.sample\n'}
[7.213791] (stm32_mavlink_interface) StdoutLine: {'line': b'-- Up-to-date: /home/a/ws_moveit2/install/stm32_mavlink_interface/include/mavlink/c_library_v2/.git/hooks/post-update.sample\n'}
[7.213818] (stm32_mavlink_interface) StdoutLine: {'line': b'-- Up-to-date: /home/a/ws_moveit2/install/stm32_mavlink_interface/include/mavlink/c_library_v2/.git/hooks/pre-rebase.sample\n'}
[7.213846] (stm32_mavlink_interface) StdoutLine: {'line': b'-- Up-to-date: /home/a/ws_moveit2/install/stm32_mavlink_interface/include/mavlink/c_library_v2/.git/hooks/applypatch-msg.sample\n'}
[7.213873] (stm32_mavlink_interface) StdoutLine: {'line': b'-- Up-to-date: /home/a/ws_moveit2/install/stm32_mavlink_interface/include/mavlink/c_library_v2/.git/hooks/commit-msg.sample\n'}
[7.213898] (stm32_mavlink_interface) StdoutLine: {'line': b'-- Up-to-date: /home/a/ws_moveit2/install/stm32_mavlink_interface/include/mavlink/c_library_v2/.git/hooks/update.sample\n'}
[7.213932] (stm32_mavlink_interface) StdoutLine: {'line': b'-- Up-to-date: /home/a/ws_moveit2/install/stm32_mavlink_interface/include/mavlink/c_library_v2/.git/hooks/prepare-commit-msg.sample\n'}
[7.213962] (stm32_mavlink_interface) StdoutLine: {'line': b'-- Up-to-date: /home/a/ws_moveit2/install/stm32_mavlink_interface/include/mavlink/c_library_v2/.git/hooks/push-to-checkout.sample\n'}
[7.213988] (stm32_mavlink_interface) StdoutLine: {'line': b'-- Up-to-date: /home/a/ws_moveit2/install/stm32_mavlink_interface/include/mavlink/c_library_v2/.git/hooks/pre-commit.sample\n'}
[7.214017] (stm32_mavlink_interface) StdoutLine: {'line': b'-- Up-to-date: /home/a/ws_moveit2/install/stm32_mavlink_interface/include/mavlink/c_library_v2/.git/hooks/pre-merge-commit.sample\n'}
[7.214043] (stm32_mavlink_interface) StdoutLine: {'line': b'-- Up-to-date: /home/a/ws_moveit2/install/stm32_mavlink_interface/include/mavlink/c_library_v2/.git/hooks/pre-push.sample\n'}
[7.214069] (stm32_mavlink_interface) StdoutLine: {'line': b'-- Up-to-date: /home/a/ws_moveit2/install/stm32_mavlink_interface/include/mavlink/c_library_v2/.git/hooks/fsmonitor-watchman.sample\n'}
[7.214096] (stm32_mavlink_interface) StdoutLine: {'line': b'-- Up-to-date: /home/a/ws_moveit2/install/stm32_mavlink_interface/include/mavlink/c_library_v2/.git/hooks/pre-applypatch.sample\n'}
[7.214122] (stm32_mavlink_interface) StdoutLine: {'line': b'-- Up-to-date: /home/a/ws_moveit2/install/stm32_mavlink_interface/include/mavlink/c_library_v2/.git/packed-refs\n'}
[7.214148] (stm32_mavlink_interface) StdoutLine: {'line': b'-- Up-to-date: /home/a/ws_moveit2/install/stm32_mavlink_interface/include/mavlink/c_library_v2/.git/refs\n'}
[7.214196] (stm32_mavlink_interface) StdoutLine: {'line': b'-- Up-to-date: /home/a/ws_moveit2/install/stm32_mavlink_interface/include/mavlink/c_library_v2/.git/refs/remotes\n'}
[7.214225] (stm32_mavlink_interface) StdoutLine: {'line': b'-- Up-to-date: /home/a/ws_moveit2/install/stm32_mavlink_interface/include/mavlink/c_library_v2/.git/refs/remotes/origin\n'}
[7.214253] (stm32_mavlink_interface) StdoutLine: {'line': b'-- Up-to-date: /home/a/ws_moveit2/install/stm32_mavlink_interface/include/mavlink/c_library_v2/.git/refs/remotes/origin/HEAD\n'}
[7.214281] (stm32_mavlink_interface) StdoutLine: {'line': b'-- Up-to-date: /home/a/ws_moveit2/install/stm32_mavlink_interface/include/mavlink/c_library_v2/.git/refs/heads\n'}
[7.214309] (stm32_mavlink_interface) StdoutLine: {'line': b'-- Up-to-date: /home/a/ws_moveit2/install/stm32_mavlink_interface/include/mavlink/c_library_v2/.git/refs/heads/master\n'}
[7.214337] (stm32_mavlink_interface) StdoutLine: {'line': b'-- Up-to-date: /home/a/ws_moveit2/install/stm32_mavlink_interface/include/mavlink/c_library_v2/.git/refs/tags\n'}
[7.214364] (stm32_mavlink_interface) StdoutLine: {'line': b'-- Up-to-date: /home/a/ws_moveit2/install/stm32_mavlink_interface/include/mavlink/c_library_v2/.git/config\n'}
[7.214392] (stm32_mavlink_interface) StdoutLine: {'line': b'-- Up-to-date: /home/a/ws_moveit2/install/stm32_mavlink_interface/include/mavlink/c_library_v2/.git/info\n'}
[7.214419] (stm32_mavlink_interface) StdoutLine: {'line': b'-- Up-to-date: /home/a/ws_moveit2/install/stm32_mavlink_interface/include/mavlink/c_library_v2/.git/info/exclude\n'}
[7.214447] (stm32_mavlink_interface) StdoutLine: {'line': b'-- Up-to-date: /home/a/ws_moveit2/install/stm32_mavlink_interface/include/mavlink/c_library_v2/.git/index\n'}
[7.214475] (stm32_mavlink_interface) StdoutLine: {'line': b'-- Up-to-date: /home/a/ws_moveit2/install/stm32_mavlink_interface/include/mavlink/c_library_v2/.git/logs\n'}
[7.214502] (stm32_mavlink_interface) StdoutLine: {'line': b'-- Up-to-date: /home/a/ws_moveit2/install/stm32_mavlink_interface/include/mavlink/c_library_v2/.git/logs/refs\n'}
[7.214530] (stm32_mavlink_interface) StdoutLine: {'line': b'-- Up-to-date: /home/a/ws_moveit2/install/stm32_mavlink_interface/include/mavlink/c_library_v2/.git/logs/refs/remotes\n'}
[7.214557] (stm32_mavlink_interface) StdoutLine: {'line': b'-- Up-to-date: /home/a/ws_moveit2/install/stm32_mavlink_interface/include/mavlink/c_library_v2/.git/logs/refs/remotes/origin\n'}
[7.214658] (stm32_mavlink_interface) StdoutLine: {'line': b'-- Up-to-date: /home/a/ws_moveit2/install/stm32_mavlink_interface/include/mavlink/c_library_v2/.git/logs/refs/remotes/origin/HEAD\n'}
[7.214689] (stm32_mavlink_interface) StdoutLine: {'line': b'-- Up-to-date: /home/a/ws_moveit2/install/stm32_mavlink_interface/include/mavlink/c_library_v2/.git/logs/refs/heads\n'}
[7.214718] (stm32_mavlink_interface) StdoutLine: {'line': b'-- Up-to-date: /home/a/ws_moveit2/install/stm32_mavlink_interface/include/mavlink/c_library_v2/.git/logs/refs/heads/master\n'}
[7.214754] (stm32_mavlink_interface) StdoutLine: {'line': b'-- Up-to-date: /home/a/ws_moveit2/install/stm32_mavlink_interface/include/mavlink/c_library_v2/.git/logs/HEAD\n'}
[7.214783] (stm32_mavlink_interface) StdoutLine: {'line': b'-- Up-to-date: /home/a/ws_moveit2/install/stm32_mavlink_interface/include/mavlink/c_library_v2/.git/HEAD\n'}
[7.214812] (stm32_mavlink_interface) StdoutLine: {'line': b'-- Up-to-date: /home/a/ws_moveit2/install/stm32_mavlink_interface/include/mavlink/c_library_v2/.git/objects\n'}
[7.214841] (stm32_mavlink_interface) StdoutLine: {'line': b'-- Up-to-date: /home/a/ws_moveit2/install/stm32_mavlink_interface/include/mavlink/c_library_v2/.git/objects/info\n'}
[7.214870] (stm32_mavlink_interface) StdoutLine: {'line': b'-- Up-to-date: /home/a/ws_moveit2/install/stm32_mavlink_interface/include/mavlink/c_library_v2/.git/objects/pack\n'}
[7.214899] (stm32_mavlink_interface) StdoutLine: {'line': b'-- Up-to-date: /home/a/ws_moveit2/install/stm32_mavlink_interface/include/mavlink/c_library_v2/.git/objects/pack/pack-885579ba7db053fdc05595b6629040fabfb627f7.idx\n'}
[7.214933] (stm32_mavlink_interface) StdoutLine: {'line': b'-- Up-to-date: /home/a/ws_moveit2/install/stm32_mavlink_interface/include/mavlink/c_library_v2/.git/objects/pack/pack-885579ba7db053fdc05595b6629040fabfb627f7.pack\n'}
[7.214976] (stm32_mavlink_interface) StdoutLine: {'line': b'-- Up-to-date: /home/a/ws_moveit2/install/stm32_mavlink_interface/include/mavlink/c_library_v2/.git/description\n'}
[7.215006] (stm32_mavlink_interface) StdoutLine: {'line': b'-- Up-to-date: /home/a/ws_moveit2/install/stm32_mavlink_interface/include/stm32_mavlink_interface\n'}
[7.215036] (stm32_mavlink_interface) StdoutLine: {'line': b'-- Up-to-date: /home/a/ws_moveit2/install/stm32_mavlink_interface/include/stm32_mavlink_interface/servo_controller.hpp\n'}
[7.215065] (stm32_mavlink_interface) StdoutLine: {'line': b'-- Up-to-date: /home/a/ws_moveit2/install/stm32_mavlink_interface/include/stm32_mavlink_interface/encoder_interface.hpp\n'}
[7.215099] (stm32_mavlink_interface) StdoutLine: {'line': b'-- Up-to-date: /home/a/ws_moveit2/install/stm32_mavlink_interface/include/stm32_mavlink_interface/mavlink_serial_node.hpp\n'}
[7.215129] (stm32_mavlink_interface) StdoutLine: {'line': b'-- Up-to-date: /home/a/ws_moveit2/install/stm32_mavlink_interface/include/stm32_mavlink_interface/robomaster_controller.hpp\n'}
[7.215158] (stm32_mavlink_interface) StdoutLine: {'line': b'-- Up-to-date: /home/a/ws_moveit2/install/stm32_mavlink_interface/include/stm32_mavlink_interface/robomaster\n'}
[7.215188] (stm32_mavlink_interface) StdoutLine: {'line': b'-- Up-to-date: /home/a/ws_moveit2/install/stm32_mavlink_interface/include/stm32_mavlink_interface/robomaster/RoboMasterController.hpp\n'}
[7.215217] (stm32_mavlink_interface) StdoutLine: {'line': b'-- Up-to-date: /home/a/ws_moveit2/install/stm32_mavlink_interface/include/stm32_mavlink_interface/robomaster/RoboMasterMotor.hpp\n'}
[7.215246] (stm32_mavlink_interface) StdoutLine: {'line': b'-- Up-to-date: /home/a/ws_moveit2/install/stm32_mavlink_interface/include/stm32_mavlink_interface/robomaster/RoboMasterCANManager.hpp\n'}
[7.215275] (stm32_mavlink_interface) StdoutLine: {'line': b'-- Up-to-date: /home/a/ws_moveit2/install/stm32_mavlink_interface/include/stm32_mavlink_interface/robomaster/MAVLinkRoboMasterController.hpp\n'}
[7.215306] (stm32_mavlink_interface) StdoutLine: {'line': b'-- Up-to-date: /home/a/ws_moveit2/install/stm32_mavlink_interface/share/ament_index/resource_index/package_run_dependencies/stm32_mavlink_interface\n'}
[7.215335] (stm32_mavlink_interface) StdoutLine: {'line': b'-- Up-to-date: /home/a/ws_moveit2/install/stm32_mavlink_interface/share/ament_index/resource_index/parent_prefix_path/stm32_mavlink_interface\n'}
[7.215364] (stm32_mavlink_interface) StdoutLine: {'line': b'-- Up-to-date: /home/a/ws_moveit2/install/stm32_mavlink_interface/share/stm32_mavlink_interface/environment/ament_prefix_path.sh\n'}
[7.215392] (stm32_mavlink_interface) StdoutLine: {'line': b'-- Up-to-date: /home/a/ws_moveit2/install/stm32_mavlink_interface/share/stm32_mavlink_interface/environment/ament_prefix_path.dsv\n'}
[7.215420] (stm32_mavlink_interface) StdoutLine: {'line': b'-- Up-to-date: /home/a/ws_moveit2/install/stm32_mavlink_interface/share/stm32_mavlink_interface/environment/path.sh\n'}
[7.215449] (stm32_mavlink_interface) StdoutLine: {'line': b'-- Up-to-date: /home/a/ws_moveit2/install/stm32_mavlink_interface/share/stm32_mavlink_interface/environment/path.dsv\n'}
[7.215478] (stm32_mavlink_interface) StdoutLine: {'line': b'-- Up-to-date: /home/a/ws_moveit2/install/stm32_mavlink_interface/share/stm32_mavlink_interface/local_setup.bash\n'}
[7.215508] (stm32_mavlink_interface) StdoutLine: {'line': b'-- Up-to-date: /home/a/ws_moveit2/install/stm32_mavlink_interface/share/stm32_mavlink_interface/local_setup.sh\n'}
[7.215537] (stm32_mavlink_interface) StdoutLine: {'line': b'-- Up-to-date: /home/a/ws_moveit2/install/stm32_mavlink_interface/share/stm32_mavlink_interface/local_setup.zsh\n'}
[7.215566] (stm32_mavlink_interface) StdoutLine: {'line': b'-- Up-to-date: /home/a/ws_moveit2/install/stm32_mavlink_interface/share/stm32_mavlink_interface/local_setup.dsv\n'}
[7.215596] (stm32_mavlink_interface) StdoutLine: {'line': b'-- Installing: /home/a/ws_moveit2/install/stm32_mavlink_interface/share/stm32_mavlink_interface/package.dsv\n'}
[7.215625] (stm32_mavlink_interface) StdoutLine: {'line': b'-- Up-to-date: /home/a/ws_moveit2/install/stm32_mavlink_interface/share/ament_index/resource_index/packages/stm32_mavlink_interface\n'}
[7.215654] (stm32_mavlink_interface) StdoutLine: {'line': b'-- Up-to-date: /home/a/ws_moveit2/install/stm32_mavlink_interface/share/stm32_mavlink_interface/cmake/export_stm32_mavlink_interface__rosidl_generator_cExport.cmake\n'}
[7.215685] (stm32_mavlink_interface) StdoutLine: {'line': b'-- Up-to-date: /home/a/ws_moveit2/install/stm32_mavlink_interface/share/stm32_mavlink_interface/cmake/export_stm32_mavlink_interface__rosidl_generator_cExport-noconfig.cmake\n'}
[7.215717] (stm32_mavlink_interface) StdoutLine: {'line': b'-- Up-to-date: /home/a/ws_moveit2/install/stm32_mavlink_interface/share/stm32_mavlink_interface/cmake/export_stm32_mavlink_interface__rosidl_typesupport_fastrtps_cExport.cmake\n'}
[7.215748] (stm32_mavlink_interface) StdoutLine: {'line': b'-- Up-to-date: /home/a/ws_moveit2/install/stm32_mavlink_interface/share/stm32_mavlink_interface/cmake/export_stm32_mavlink_interface__rosidl_typesupport_fastrtps_cExport-noconfig.cmake\n'}
[7.215776] (stm32_mavlink_interface) StdoutLine: {'line': b'-- Up-to-date: /home/a/ws_moveit2/install/stm32_mavlink_interface/share/stm32_mavlink_interface/cmake/export_stm32_mavlink_interface__rosidl_generator_cppExport.cmake\n'}
[7.215807] (stm32_mavlink_interface) StdoutLine: {'line': b'-- Up-to-date: /home/a/ws_moveit2/install/stm32_mavlink_interface/share/stm32_mavlink_interface/cmake/export_stm32_mavlink_interface__rosidl_typesupport_fastrtps_cppExport.cmake\n'}
[7.215836] (stm32_mavlink_interface) StdoutLine: {'line': b'-- Up-to-date: /home/a/ws_moveit2/install/stm32_mavlink_interface/share/stm32_mavlink_interface/cmake/export_stm32_mavlink_interface__rosidl_typesupport_fastrtps_cppExport-noconfig.cmake\n'}
[7.215864] (stm32_mavlink_interface) StdoutLine: {'line': b'-- Up-to-date: /home/a/ws_moveit2/install/stm32_mavlink_interface/share/stm32_mavlink_interface/cmake/stm32_mavlink_interface__rosidl_typesupport_introspection_cExport.cmake\n'}
[7.215914] (stm32_mavlink_interface) StdoutLine: {'line': b'-- Up-to-date: /home/a/ws_moveit2/install/stm32_mavlink_interface/share/stm32_mavlink_interface/cmake/stm32_mavlink_interface__rosidl_typesupport_introspection_cExport-noconfig.cmake\n'}
[7.216069] (stm32_mavlink_interface) StdoutLine: {'line': b'-- Up-to-date: /home/a/ws_moveit2/install/stm32_mavlink_interface/share/stm32_mavlink_interface/cmake/stm32_mavlink_interface__rosidl_typesupport_cExport.cmake\n'}
[7.216106] (stm32_mavlink_interface) StdoutLine: {'line': b'-- Up-to-date: /home/a/ws_moveit2/install/stm32_mavlink_interface/share/stm32_mavlink_interface/cmake/stm32_mavlink_interface__rosidl_typesupport_cExport-noconfig.cmake\n'}
[7.216137] (stm32_mavlink_interface) StdoutLine: {'line': b'-- Up-to-date: /home/a/ws_moveit2/install/stm32_mavlink_interface/share/stm32_mavlink_interface/cmake/stm32_mavlink_interface__rosidl_typesupport_introspection_cppExport.cmake\n'}
[7.216167] (stm32_mavlink_interface) StdoutLine: {'line': b'-- Up-to-date: /home/a/ws_moveit2/install/stm32_mavlink_interface/share/stm32_mavlink_interface/cmake/stm32_mavlink_interface__rosidl_typesupport_introspection_cppExport-noconfig.cmake\n'}
[7.216196] (stm32_mavlink_interface) StdoutLine: {'line': b'-- Up-to-date: /home/a/ws_moveit2/install/stm32_mavlink_interface/share/stm32_mavlink_interface/cmake/stm32_mavlink_interface__rosidl_typesupport_cppExport.cmake\n'}
[7.216229] (stm32_mavlink_interface) StdoutLine: {'line': b'-- Up-to-date: /home/a/ws_moveit2/install/stm32_mavlink_interface/share/stm32_mavlink_interface/cmake/stm32_mavlink_interface__rosidl_typesupport_cppExport-noconfig.cmake\n'}
[7.216271] (stm32_mavlink_interface) StdoutLine: {'line': b'-- Up-to-date: /home/a/ws_moveit2/install/stm32_mavlink_interface/share/stm32_mavlink_interface/cmake/export_stm32_mavlink_interface__rosidl_generator_pyExport.cmake\n'}
[7.216316] (stm32_mavlink_interface) StdoutLine: {'line': b'-- Up-to-date: /home/a/ws_moveit2/install/stm32_mavlink_interface/share/stm32_mavlink_interface/cmake/export_stm32_mavlink_interface__rosidl_generator_pyExport-noconfig.cmake\n'}
[7.216362] (stm32_mavlink_interface) StdoutLine: {'line': b'-- Up-to-date: /home/a/ws_moveit2/install/stm32_mavlink_interface/share/stm32_mavlink_interface/cmake/rosidl_cmake-extras.cmake\n'}
[7.216408] (stm32_mavlink_interface) StdoutLine: {'line': b'-- Up-to-date: /home/a/ws_moveit2/install/stm32_mavlink_interface/share/stm32_mavlink_interface/cmake/ament_cmake_export_dependencies-extras.cmake\n'}
[7.216453] (stm32_mavlink_interface) StdoutLine: {'line': b'-- Up-to-date: /home/a/ws_moveit2/install/stm32_mavlink_interface/share/stm32_mavlink_interface/cmake/ament_cmake_export_include_directories-extras.cmake\n'}
[7.216496] (stm32_mavlink_interface) StdoutLine: {'line': b'-- Up-to-date: /home/a/ws_moveit2/install/stm32_mavlink_interface/share/stm32_mavlink_interface/cmake/ament_cmake_export_libraries-extras.cmake\n'}
[7.216541] (stm32_mavlink_interface) StdoutLine: {'line': b'-- Up-to-date: /home/a/ws_moveit2/install/stm32_mavlink_interface/share/stm32_mavlink_interface/cmake/ament_cmake_export_targets-extras.cmake\n'}
[7.216587] (stm32_mavlink_interface) StdoutLine: {'line': b'-- Up-to-date: /home/a/ws_moveit2/install/stm32_mavlink_interface/share/stm32_mavlink_interface/cmake/rosidl_cmake_export_typesupport_targets-extras.cmake\n'}
[7.216632] (stm32_mavlink_interface) StdoutLine: {'line': b'-- Up-to-date: /home/a/ws_moveit2/install/stm32_mavlink_interface/share/stm32_mavlink_interface/cmake/rosidl_cmake_export_typesupport_libraries-extras.cmake\n'}
[7.216677] (stm32_mavlink_interface) StdoutLine: {'line': b'-- Up-to-date: /home/a/ws_moveit2/install/stm32_mavlink_interface/share/stm32_mavlink_interface/cmake/stm32_mavlink_interfaceConfig.cmake\n'}
[7.216743] (stm32_mavlink_interface) StdoutLine: {'line': b'-- Up-to-date: /home/a/ws_moveit2/install/stm32_mavlink_interface/share/stm32_mavlink_interface/cmake/stm32_mavlink_interfaceConfig-version.cmake\n'}
[7.216799] (stm32_mavlink_interface) StdoutLine: {'line': b'-- Up-to-date: /home/a/ws_moveit2/install/stm32_mavlink_interface/share/stm32_mavlink_interface/package.xml\n'}
[7.216886] (stm32_mavlink_interface) CommandEnded: {'returncode': 0}
[7.223499] (-) TimerEvent: {}
[7.226276] (stm32_mavlink_interface) JobEnded: {'identifier': 'stm32_mavlink_interface', 'rc': 0}
[7.226658] (-) EventReactorShutdown: {}
