[0.000000] (-) TimerEvent: {}
[0.000643] (-) JobUnselected: {'identifier': 'MAVLink_f446re'}
[0.000677] (-) JobUnselected: {'identifier': 'blue_seiretu_description'}
[0.000696] (-) JobUnselected: {'identifier': 'catch_gazebo_ros2_control'}
[0.000705] (-) JobUnselected: {'identifier': 'chomp_motion_planner'}
[0.000713] (-) JobUnselected: {'identifier': 'd415_rgb_depth_3d'}
[0.000722] (-) JobUnselected: {'identifier': 'dynamixel_controller'}
[0.000730] (-) JobUnselected: {'identifier': 'dynamixel_controller_client'}
[0.000739] (-) JobUnselected: {'identifier': 'dynamixel_controller_gui'}
[0.000748] (-) JobUnselected: {'identifier': 'dynamixel_sdk'}
[0.000756] (-) JobUnselected: {'identifier': 'dynamixel_sdk_custom_interfaces'}
[0.000766] (-) JobUnselected: {'identifier': 'dynamixel_sdk_examples'}
[0.000780] (-) JobUnselected: {'identifier': 'field_description'}
[0.000789] (-) JobUnselected: {'identifier': 'hello_moveit'}
[0.000797] (-) JobUnselected: {'identifier': 'launch_param_builder'}
[0.000805] (-) JobUnselected: {'identifier': 'mavlink_controller_client'}
[0.000814] (-) JobUnselected: {'identifier': 'moveit'}
[0.000822] (-) JobUnselected: {'identifier': 'moveit2_tutorials'}
[0.000831] (-) JobUnselected: {'identifier': 'moveit_chomp_optimizer_adapter'}
[0.000839] (-) JobUnselected: {'identifier': 'moveit_common'}
[0.000848] (-) JobUnselected: {'identifier': 'moveit_configs_utils'}
[0.000856] (-) JobUnselected: {'identifier': 'moveit_core'}
[0.000865] (-) JobUnselected: {'identifier': 'moveit_hybrid_planning'}
[0.000873] (-) JobUnselected: {'identifier': 'moveit_kinematics'}
[0.000882] (-) JobUnselected: {'identifier': 'moveit_planners'}
[0.000890] (-) JobUnselected: {'identifier': 'moveit_planners_chomp'}
[0.000899] (-) JobUnselected: {'identifier': 'moveit_planners_ompl'}
[0.000907] (-) JobUnselected: {'identifier': 'moveit_plugins'}
[0.000915] (-) JobUnselected: {'identifier': 'moveit_resources'}
[0.000923] (-) JobUnselected: {'identifier': 'moveit_resources_fanuc_description'}
[0.000931] (-) JobUnselected: {'identifier': 'moveit_resources_fanuc_moveit_config'}
[0.000939] (-) JobUnselected: {'identifier': 'moveit_resources_panda_description'}
[0.000948] (-) JobUnselected: {'identifier': 'moveit_resources_panda_moveit_config'}
[0.000957] (-) JobUnselected: {'identifier': 'moveit_resources_pr2_description'}
[0.000965] (-) JobUnselected: {'identifier': 'moveit_resources_prbt_ikfast_manipulator_plugin'}
[0.000973] (-) JobUnselected: {'identifier': 'moveit_resources_prbt_moveit_config'}
[0.000982] (-) JobUnselected: {'identifier': 'moveit_resources_prbt_pg70_support'}
[0.000990] (-) JobUnselected: {'identifier': 'moveit_resources_prbt_support'}
[0.000999] (-) JobUnselected: {'identifier': 'moveit_ros'}
[0.001007] (-) JobUnselected: {'identifier': 'moveit_ros_benchmarks'}
[0.001016] (-) JobUnselected: {'identifier': 'moveit_ros_control_interface'}
[0.001024] (-) JobUnselected: {'identifier': 'moveit_ros_move_group'}
[0.001032] (-) JobUnselected: {'identifier': 'moveit_ros_occupancy_map_monitor'}
[0.001040] (-) JobUnselected: {'identifier': 'moveit_ros_perception'}
[0.001049] (-) JobUnselected: {'identifier': 'moveit_ros_planning'}
[0.001057] (-) JobUnselected: {'identifier': 'moveit_ros_planning_interface'}
[0.001066] (-) JobUnselected: {'identifier': 'moveit_ros_robot_interaction'}
[0.001074] (-) JobUnselected: {'identifier': 'moveit_ros_visualization'}
[0.001082] (-) JobUnselected: {'identifier': 'moveit_ros_warehouse'}
[0.001090] (-) JobUnselected: {'identifier': 'moveit_runtime'}
[0.001099] (-) JobUnselected: {'identifier': 'moveit_servo'}
[0.001107] (-) JobUnselected: {'identifier': 'moveit_setup_app_plugins'}
[0.001115] (-) JobUnselected: {'identifier': 'moveit_setup_assistant'}
[0.001124] (-) JobUnselected: {'identifier': 'moveit_setup_controllers'}
[0.001132] (-) JobUnselected: {'identifier': 'moveit_setup_core_plugins'}
[0.001140] (-) JobUnselected: {'identifier': 'moveit_setup_framework'}
[0.001149] (-) JobUnselected: {'identifier': 'moveit_setup_srdf_plugins'}
[0.001157] (-) JobUnselected: {'identifier': 'moveit_simple_controller_manager'}
[0.001190] (-) JobUnselected: {'identifier': 'moveit_task_constructor_capabilities'}
[0.001198] (-) JobUnselected: {'identifier': 'moveit_task_constructor_core'}
[0.001207] (-) JobUnselected: {'identifier': 'moveit_task_constructor_demo'}
[0.001215] (-) JobUnselected: {'identifier': 'moveit_task_constructor_msgs'}
[0.001224] (-) JobUnselected: {'identifier': 'moveit_task_constructor_visualization'}
[0.001232] (-) JobUnselected: {'identifier': 'moveit_visual_tools'}
[0.001241] (-) JobUnselected: {'identifier': 'mtc_tutorial'}
[0.001249] (-) JobUnselected: {'identifier': 'object_description'}
[0.001257] (-) JobUnselected: {'identifier': 'pilz_industrial_motion_planner'}
[0.001265] (-) JobUnselected: {'identifier': 'pilz_industrial_motion_planner_testutils'}
[0.001273] (-) JobUnselected: {'identifier': 'realsense2_camera'}
[0.001282] (-) JobUnselected: {'identifier': 'realsense2_camera_msgs'}
[0.001290] (-) JobUnselected: {'identifier': 'realsense2_description'}
[0.001298] (-) JobUnselected: {'identifier': 'realsense2_ros_mqtt_bridge'}
[0.001307] (-) JobUnselected: {'identifier': 'red_seiretu_description'}
[0.001315] (-) JobUnselected: {'identifier': 'robot_config'}
[0.001323] (-) JobUnselected: {'identifier': 'ros_tcp_endpoint'}
[0.001336] (-) JobUnselected: {'identifier': 'rosparam_shortcuts'}
[0.001344] (-) JobUnselected: {'identifier': 'rviz_marker_tools'}
[0.001353] (-) JobUnselected: {'identifier': 'srdfdom'}
[0.001368] (-) JobUnselected: {'identifier': 'stm32_mavlink_interface'}
[0.001377] (-) JobUnselected: {'identifier': 'trac_ik'}
[0.001386] (-) JobUnselected: {'identifier': 'trac_ik_kinematics_plugin'}
[0.001394] (-) JobUnselected: {'identifier': 'trac_ik_lib'}
[0.001402] (-) JobUnselected: {'identifier': 'urdf_0816_description'}
[0.001412] (mavlink_gui_tester) JobQueued: {'identifier': 'mavlink_gui_tester', 'dependencies': OrderedDict()}
[0.002067] (mavlink_gui_tester) JobStarted: {'identifier': 'mavlink_gui_tester'}
[0.014733] (mavlink_gui_tester) JobProgress: {'identifier': 'mavlink_gui_tester', 'progress': 'cmake'}
[0.015345] (mavlink_gui_tester) JobProgress: {'identifier': 'mavlink_gui_tester', 'progress': 'build'}
[0.016160] (mavlink_gui_tester) Command: {'cmd': ['/usr/bin/cmake', '--build', '/home/a/ws_moveit2/build/mavlink_gui_tester', '--', '-j22', '-l22'], 'cwd': '/home/a/ws_moveit2/build/mavlink_gui_tester', 'env': OrderedDict([('GJS_DEBUG_TOPICS', 'JS ERROR;JS LOG'), ('LESSOPEN', '| /usr/bin/lesspipe %s'), ('USER', 'a'), ('XDG_SESSION_TYPE', 'wayland'), ('SHLVL', '1'), ('LD_LIBRARY_PATH', '/home/a/ws_moveit2/install/trac_ik_kinematics_plugin/lib:/home/a/ws_moveit2/install/trac_ik_lib/lib:/home/a/ws_moveit2/install/stm32_mavlink_interface/lib:/home/a/ws_moveit2/install/right_arm_ikfast_plugin/lib:/home/a/ws_moveit2/install/pilz_industrial_motion_planner_testutils/lib:/home/a/ws_moveit2/install/pilz_industrial_motion_planner/lib:/home/a/ws_moveit2/install/moveit_visual_tools/lib:/home/a/ws_moveit2/install/moveit_task_constructor_visualization/lib:/home/a/ws_moveit2/install/moveit_task_constructor_demo/lib:/home/a/ws_moveit2/install/moveit_task_constructor_capabilities/lib:/home/a/ws_moveit2/install/moveit_task_constructor_core/lib:/home/a/ws_moveit2/install/moveit_ros_control_interface/lib:/home/a/ws_moveit2/install/moveit_simple_controller_manager/lib:/home/a/ws_moveit2/install/moveit_setup_assistant/lib:/home/a/ws_moveit2/install/moveit_setup_srdf_plugins/lib:/home/a/ws_moveit2/install/moveit_setup_core_plugins/lib:/home/a/ws_moveit2/install/moveit_setup_controllers/lib:/home/a/ws_moveit2/install/moveit_setup_app_plugins/lib:/home/a/ws_moveit2/install/moveit_setup_framework/lib:/home/a/ws_moveit2/install/moveit_servo/lib:/home/a/ws_moveit2/install/moveit_ros_visualization/lib:/home/a/ws_moveit2/install/moveit_hybrid_planning/lib:/home/a/ws_moveit2/install/moveit_ros_planning_interface/lib:/home/a/ws_moveit2/install/moveit_ros_benchmarks/lib:/home/a/ws_moveit2/install/moveit_ros_warehouse/lib:/home/a/ws_moveit2/install/moveit_ros_robot_interaction/lib:/home/a/ws_moveit2/install/moveit_ros_perception/lib:/home/a/ws_moveit2/install/moveit_ros_move_group/lib:/home/a/ws_moveit2/install/moveit_planners_ompl/lib:/home/a/ws_moveit2/install/left_arm_ikfast_plugin/lib:/home/a/ws_moveit2/install/moveit_ros_planning/lib:/home/a/ws_moveit2/install/moveit_ros_occupancy_map_monitor/lib:/home/a/ws_moveit2/install/moveit_resources_prbt_ikfast_manipulator_plugin/lib:/home/a/ws_moveit2/install/moveit_planners_chomp/lib:/home/a/ws_moveit2/install/moveit_kinematics/lib:/home/a/ws_moveit2/install/moveit_chomp_optimizer_adapter/lib:/home/a/ws_moveit2/install/chomp_motion_planner/lib:/home/a/ws_moveit2/install/moveit_core/lib:/home/a/ws_moveit2/install/srdfdom/lib:/home/a/ws_moveit2/install/rviz_marker_tools/lib:/home/a/ws_moveit2/install/rosparam_shortcuts/lib:/home/a/ws_moveit2/install/realsense2_camera/lib:/home/a/ws_moveit2/install/realsense2_camera_msgs/lib:/home/a/ws_moveit2/install/moveit_task_constructor_msgs/lib:/home/a/ws_moveit2/install/dynamixel_sdk_custom_interfaces/lib:/home/a/ws_moveit2/install/dynamixel_controller/lib:/home/a/ws_moveit2/install/dynamixel_sdk/lib:/usr/lib/x86_64-linux-gnu/gazebo-11/plugins:/opt/ros/humble/opt/rviz_ogre_vendor/lib:/opt/ros/humble/lib/x86_64-linux-gnu:/opt/ros/humble/lib'), ('HOME', '/home/a'), ('OLDPWD', '/home/a/ws_moveit2/src/MAVLink'), ('DESKTOP_SESSION', 'ubuntu'), ('NVM_BIN', '/home/a/.nvm/versions/node/v22.18.0/bin'), ('NVM_INC', '/home/a/.nvm/versions/node/v22.18.0/include/node'), ('GIO_LAUNCHED_DESKTOP_FILE', '/usr/share/applications/terminator.desktop'), ('ROS_PYTHON_VERSION', '3'), ('GNOME_SHELL_SESSION_MODE', 'ubuntu'), ('GTK_MODULES', 'gail:atk-bridge'), ('MANAGERPID', '1213'), ('SYSTEMD_EXEC_PID', '1445'), ('DBUS_SESSION_BUS_ADDRESS', 'unix:path=/run/user/1000/bus'), ('COLORTERM', 'truecolor'), ('TERMINATOR_DBUS_NAME', 'net.tenshu.Terminator25ef4b219e3b005583550f2b0f9f990c3'), ('GIO_LAUNCHED_DESKTOP_FILE_PID', '3048'), ('NVM_DIR', '/home/a/.nvm'), ('IM_CONFIG_PHASE', '1'), ('WAYLAND_DISPLAY', 'wayland-0'), ('COLCON_PREFIX_PATH', '/home/a/ws_moveit2/install'), ('ROS_DISTRO', 'humble'), ('LOGNAME', 'a'), ('JOURNAL_STREAM', '8:3514'), ('_', '/usr/bin/colcon'), ('ROS_VERSION', '2'), ('XDG_SESSION_CLASS', 'user'), ('USERNAME', 'a'), ('TERM', 'xterm-256color'), ('GNOME_DESKTOP_SESSION_ID', 'this-is-deprecated'), ('ROS_LOCALHOST_ONLY', '0'), ('PATH', '/home/a/ws_moveit2/install/moveit_core/bin:/home/a/.nvm/versions/node/v22.18.0/bin:/opt/ros/humble/bin:/home/a/.local/bin:/usr/local/sbin:/usr/local/bin:/usr/sbin:/usr/bin:/sbin:/bin:/usr/games:/usr/local/games:/snap/bin:/snap/bin'), ('SESSION_MANAGER', 'local/a:@/tmp/.ICE-unix/1406,unix/a:/tmp/.ICE-unix/1406'), ('INVOCATION_ID', 'a100030f866a48708cf7905c543bcf13'), ('XDG_MENU_PREFIX', 'gnome-'), ('GNOME_SETUP_DISPLAY', ':1'), ('XDG_RUNTIME_DIR', '/run/user/1000'), ('DISPLAY', ':0'), ('TERMINATOR_DBUS_PATH', '/net/tenshu/Terminator2'), ('LANG', 'en_US.UTF-8'), ('XDG_CURRENT_DESKTOP', 'ubuntu:GNOME'), ('XMODIFIERS', '@im=ibus'), ('XDG_SESSION_DESKTOP', 'ubuntu'), ('XAUTHORITY', '/run/user/1000/.mutter-Xwaylandauth.4WBWC3'), ('LS_COLORS', 'rs=0:di=01;34:ln=01;36:mh=00:pi=40;33:so=01;35:do=01;35:bd=40;33;01:cd=40;33;01:or=40;31;01:mi=00:su=37;41:sg=30;43:ca=30;41:tw=30;42:ow=34;42:st=37;44:ex=01;32:*.tar=01;31:*.tgz=01;31:*.arc=01;31:*.arj=01;31:*.taz=01;31:*.lha=01;31:*.lz4=01;31:*.lzh=01;31:*.lzma=01;31:*.tlz=01;31:*.txz=01;31:*.tzo=01;31:*.t7z=01;31:*.zip=01;31:*.z=01;31:*.dz=01;31:*.gz=01;31:*.lrz=01;31:*.lz=01;31:*.lzo=01;31:*.xz=01;31:*.zst=01;31:*.tzst=01;31:*.bz2=01;31:*.bz=01;31:*.tbz=01;31:*.tbz2=01;31:*.tz=01;31:*.deb=01;31:*.rpm=01;31:*.jar=01;31:*.war=01;31:*.ear=01;31:*.sar=01;31:*.rar=01;31:*.alz=01;31:*.ace=01;31:*.zoo=01;31:*.cpio=01;31:*.7z=01;31:*.rz=01;31:*.cab=01;31:*.wim=01;31:*.swm=01;31:*.dwm=01;31:*.esd=01;31:*.jpg=01;35:*.jpeg=01;35:*.mjpg=01;35:*.mjpeg=01;35:*.gif=01;35:*.bmp=01;35:*.pbm=01;35:*.pgm=01;35:*.ppm=01;35:*.tga=01;35:*.xbm=01;35:*.xpm=01;35:*.tif=01;35:*.tiff=01;35:*.png=01;35:*.svg=01;35:*.svgz=01;35:*.mng=01;35:*.pcx=01;35:*.mov=01;35:*.mpg=01;35:*.mpeg=01;35:*.m2v=01;35:*.mkv=01;35:*.webm=01;35:*.webp=01;35:*.ogm=01;35:*.mp4=01;35:*.m4v=01;35:*.mp4v=01;35:*.vob=01;35:*.qt=01;35:*.nuv=01;35:*.wmv=01;35:*.asf=01;35:*.rm=01;35:*.rmvb=01;35:*.flc=01;35:*.avi=01;35:*.fli=01;35:*.flv=01;35:*.gl=01;35:*.dl=01;35:*.xcf=01;35:*.xwd=01;35:*.yuv=01;35:*.cgm=01;35:*.emf=01;35:*.ogv=01;35:*.ogx=01;35:*.aac=00;36:*.au=00;36:*.flac=00;36:*.m4a=00;36:*.mid=00;36:*.midi=00;36:*.mka=00;36:*.mp3=00;36:*.mpc=00;36:*.ogg=00;36:*.ra=00;36:*.wav=00;36:*.oga=00;36:*.opus=00;36:*.spx=00;36:*.xspf=00;36:'), ('SSH_AGENT_LAUNCHER', 'gnome-keyring'), ('SSH_AUTH_SOCK', '/run/user/1000/keyring/ssh'), ('AMENT_PREFIX_PATH', '/home/a/ws_moveit2/install/urdf_0816_description:/home/a/ws_moveit2/install/trac_ik:/home/a/ws_moveit2/install/robot_config:/home/a/ws_moveit2/install/trac_ik_kinematics_plugin:/home/a/ws_moveit2/install/trac_ik_lib:/home/a/ws_moveit2/install/mavlink_controller_client:/home/a/ws_moveit2/install/stm32_mavlink_interface:/home/a/ws_moveit2/install/right_arm_ikfast_plugin:/home/a/ws_moveit2/install/pilz_industrial_motion_planner_testutils:/home/a/ws_moveit2/install/moveit_runtime:/home/a/ws_moveit2/install/moveit2_tutorials:/home/a/ws_moveit2/install/moveit:/home/a/ws_moveit2/install/moveit_planners:/home/a/ws_moveit2/install/pilz_industrial_motion_planner:/home/a/ws_moveit2/install/mtc_tutorial:/home/a/ws_moveit2/install/hello_moveit:/home/a/ws_moveit2/install/moveit_visual_tools:/home/a/ws_moveit2/install/moveit_task_constructor_visualization:/home/a/ws_moveit2/install/moveit_task_constructor_demo:/home/a/ws_moveit2/install/moveit_task_constructor_capabilities:/home/a/ws_moveit2/install/moveit_task_constructor_core:/home/a/ws_moveit2/install/moveit_ros_control_interface:/home/a/ws_moveit2/install/moveit_plugins:/home/a/ws_moveit2/install/moveit_simple_controller_manager:/home/a/ws_moveit2/install/moveit_setup_assistant:/home/a/ws_moveit2/install/moveit_setup_srdf_plugins:/home/a/ws_moveit2/install/moveit_setup_core_plugins:/home/a/ws_moveit2/install/moveit_setup_controllers:/home/a/ws_moveit2/install/moveit_setup_app_plugins:/home/a/ws_moveit2/install/moveit_setup_framework:/home/a/ws_moveit2/install/moveit_servo:/home/a/ws_moveit2/install/moveit_ros:/home/a/ws_moveit2/install/moveit_ros_visualization:/home/a/ws_moveit2/install/moveit_hybrid_planning:/home/a/ws_moveit2/install/moveit_ros_planning_interface:/home/a/ws_moveit2/install/moveit_ros_benchmarks:/home/a/ws_moveit2/install/moveit_ros_warehouse:/home/a/ws_moveit2/install/moveit_ros_robot_interaction:/home/a/ws_moveit2/install/moveit_ros_perception:/home/a/ws_moveit2/install/moveit_resources_prbt_pg70_support:/home/a/ws_moveit2/install/moveit_resources_prbt_moveit_config:/home/a/ws_moveit2/install/moveit_ros_move_group:/home/a/ws_moveit2/install/moveit_planners_ompl:/home/a/ws_moveit2/install/left_arm_ikfast_plugin:/home/a/ws_moveit2/install/moveit_ros_planning:/home/a/ws_moveit2/install/moveit_ros_occupancy_map_monitor:/home/a/ws_moveit2/install/moveit_resources_prbt_ikfast_manipulator_plugin:/home/a/ws_moveit2/install/moveit_planners_chomp:/home/a/ws_moveit2/install/moveit_kinematics:/home/a/ws_moveit2/install/moveit_chomp_optimizer_adapter:/home/a/ws_moveit2/install/chomp_motion_planner:/home/a/ws_moveit2/install/moveit_core:/home/a/ws_moveit2/install/moveit_configs_utils:/home/a/ws_moveit2/install/srdfdom:/home/a/ws_moveit2/install/rviz_marker_tools:/home/a/ws_moveit2/install/rosparam_shortcuts:/home/a/ws_moveit2/install/ros_tcp_endpoint:/home/a/ws_moveit2/install/red_seiretu_description:/home/a/ws_moveit2/install/realsense2_ros_mqtt_bridge:/home/a/ws_moveit2/install/realsense2_description:/home/a/ws_moveit2/install/realsense2_camera:/home/a/ws_moveit2/install/realsense2_camera_msgs:/home/a/ws_moveit2/install/object_description:/home/a/ws_moveit2/install/moveit_task_constructor_msgs:/home/a/ws_moveit2/install/moveit_resources_prbt_support:/home/a/ws_moveit2/install/moveit_resources:/home/a/ws_moveit2/install/moveit_resources_pr2_description:/home/a/ws_moveit2/install/moveit_resources_panda_moveit_config:/home/a/ws_moveit2/install/moveit_resources_panda_description:/home/a/ws_moveit2/install/moveit_resources_fanuc_moveit_config:/home/a/ws_moveit2/install/moveit_resources_fanuc_description:/home/a/ws_moveit2/install/moveit_common:/home/a/ws_moveit2/install/mavlink_gui_tester:/home/a/ws_moveit2/install/launch_param_builder:/home/a/ws_moveit2/install/field_description_test:/home/a/ws_moveit2/install/field_description:/home/a/ws_moveit2/install/dynamixel_sdk_examples:/home/a/ws_moveit2/install/dynamixel_sdk_custom_interfaces:/home/a/ws_moveit2/install/dynamixel_controller_gui:/home/a/ws_moveit2/install/dynamixel_controller:/home/a/ws_moveit2/install/dynamixel_sdk:/home/a/ws_moveit2/install/dynamixel_controller_client:/home/a/ws_moveit2/install/d415_rgb_depth_3d:/home/a/ws_moveit2/install/catch_gazebo_ros2_control:/home/a/ws_moveit2/install/blue_seiretu_description:/home/a/ws_moveit2/install/0525_arm_description:/opt/ros/humble'), ('SHELL', '/bin/bash'), ('TERMINATOR_UUID', 'urn:uuid:eafdab0d-8274-42e2-8fcd-57b9e3c5174e'), ('QT_ACCESSIBILITY', '1'), ('GDMSESSION', 'ubuntu'), ('LESSCLOSE', '/usr/bin/lesspipe %s %s'), ('CMAKE_MODULE_PATH', '/home/a/ws_moveit2/install/moveit_task_constructor_core/share/moveit_task_constructor_core/cmake'), ('GJS_DEBUG_OUTPUT', 'stderr'), ('QT_IM_MODULE', 'ibus'), ('PWD', '/home/a/ws_moveit2/build/mavlink_gui_tester'), ('LC_ALL', 'en_US.UTF-8'), ('XDG_CONFIG_DIRS', '/etc/xdg/xdg-ubuntu:/etc/xdg'), ('NVM_CD_FLAGS', ''), ('XDG_DATA_DIRS', '/usr/share/ubuntu:/home/a/.local/share/flatpak/exports/share:/var/lib/flatpak/exports/share:/usr/local/share/:/usr/share/:/var/lib/snapd/desktop'), ('PYTHONPATH', '/home/a/ws_moveit2/install/mavlink_controller_client/lib/python3.10/site-packages:/home/a/ws_moveit2/install/stm32_mavlink_interface/local/lib/python3.10/dist-packages:/home/a/ws_moveit2/install/moveit_task_constructor_core/local/lib/python3.10/dist-packages:/home/a/ws_moveit2/install/moveit_configs_utils/lib/python3.10/site-packages:/home/a/ws_moveit2/install/srdfdom/local/lib/python3.10/dist-packages:/home/a/ws_moveit2/install/ros_tcp_endpoint/lib/python3.10/site-packages:/home/a/ws_moveit2/install/realsense2_ros_mqtt_bridge/lib/python3.10/site-packages:/home/a/ws_moveit2/install/realsense2_camera_msgs/local/lib/python3.10/dist-packages:/home/a/ws_moveit2/install/moveit_task_constructor_msgs/local/lib/python3.10/dist-packages:/home/a/ws_moveit2/install/launch_param_builder/lib/python3.10/site-packages:/home/a/ws_moveit2/install/dynamixel_sdk_custom_interfaces/local/lib/python3.10/dist-packages:/home/a/ws_moveit2/install/dynamixel_controller_gui/lib/python3.10/site-packages:/home/a/ws_moveit2/install/dynamixel_controller/local/lib/python3.10/dist-packages:/home/a/ws_moveit2/install/dynamixel_controller_client/lib/python3.10/site-packages:/home/a/ws_moveit2/install/d415_rgb_depth_3d/lib/python3.10/site-packages:/opt/ros/humble/lib/python3.10/site-packages:/opt/ros/humble/local/lib/python3.10/dist-packages'), ('COLCON', '1'), ('VTE_VERSION', '6800'), ('CMAKE_PREFIX_PATH', '/home/a/ws_moveit2/install/urdf_0816_description:/home/a/ws_moveit2/install/trac_ik:/home/a/ws_moveit2/install/robot_config:/home/a/ws_moveit2/install/trac_ik_kinematics_plugin:/home/a/ws_moveit2/install/trac_ik_lib:/home/a/ws_moveit2/install/stm32_mavlink_interface:/home/a/ws_moveit2/install/right_arm_ikfast_plugin:/home/a/ws_moveit2/install/pilz_industrial_motion_planner_testutils:/home/a/ws_moveit2/install/moveit_runtime:/home/a/ws_moveit2/install/moveit2_tutorials:/home/a/ws_moveit2/install/moveit:/home/a/ws_moveit2/install/moveit_planners:/home/a/ws_moveit2/install/pilz_industrial_motion_planner:/home/a/ws_moveit2/install/mtc_tutorial:/home/a/ws_moveit2/install/hello_moveit:/home/a/ws_moveit2/install/moveit_visual_tools:/home/a/ws_moveit2/install/moveit_task_constructor_visualization:/home/a/ws_moveit2/install/moveit_task_constructor_demo:/home/a/ws_moveit2/install/moveit_task_constructor_capabilities:/home/a/ws_moveit2/install/moveit_task_constructor_core:/home/a/ws_moveit2/install/moveit_ros_control_interface:/home/a/ws_moveit2/install/moveit_plugins:/home/a/ws_moveit2/install/moveit_simple_controller_manager:/home/a/ws_moveit2/install/moveit_setup_assistant:/home/a/ws_moveit2/install/moveit_setup_srdf_plugins:/home/a/ws_moveit2/install/moveit_setup_core_plugins:/home/a/ws_moveit2/install/moveit_setup_controllers:/home/a/ws_moveit2/install/moveit_setup_app_plugins:/home/a/ws_moveit2/install/moveit_setup_framework:/home/a/ws_moveit2/install/moveit_servo:/home/a/ws_moveit2/install/moveit_ros:/home/a/ws_moveit2/install/moveit_ros_visualization:/home/a/ws_moveit2/install/moveit_hybrid_planning:/home/a/ws_moveit2/install/moveit_ros_planning_interface:/home/a/ws_moveit2/install/moveit_ros_benchmarks:/home/a/ws_moveit2/install/moveit_ros_warehouse:/home/a/ws_moveit2/install/moveit_ros_robot_interaction:/home/a/ws_moveit2/install/moveit_ros_perception:/home/a/ws_moveit2/install/moveit_resources_prbt_pg70_support:/home/a/ws_moveit2/install/moveit_resources_prbt_moveit_config:/home/a/ws_moveit2/install/moveit_ros_move_group:/home/a/ws_moveit2/install/moveit_planners_ompl:/home/a/ws_moveit2/install/left_arm_ikfast_plugin:/home/a/ws_moveit2/install/moveit_ros_planning:/home/a/ws_moveit2/install/moveit_ros_occupancy_map_monitor:/home/a/ws_moveit2/install/moveit_resources_prbt_ikfast_manipulator_plugin:/home/a/ws_moveit2/install/moveit_planners_chomp:/home/a/ws_moveit2/install/moveit_kinematics:/home/a/ws_moveit2/install/moveit_chomp_optimizer_adapter:/home/a/ws_moveit2/install/chomp_motion_planner:/home/a/ws_moveit2/install/moveit_core:/home/a/ws_moveit2/install/srdfdom:/home/a/ws_moveit2/install/rviz_marker_tools:/home/a/ws_moveit2/install/rosparam_shortcuts:/home/a/ws_moveit2/install/red_seiretu_description:/home/a/ws_moveit2/install/realsense2_description:/home/a/ws_moveit2/install/realsense2_camera:/home/a/ws_moveit2/install/realsense2_camera_msgs:/home/a/ws_moveit2/install/object_description:/home/a/ws_moveit2/install/moveit_task_constructor_msgs:/home/a/ws_moveit2/install/moveit_resources_prbt_support:/home/a/ws_moveit2/install/moveit_resources:/home/a/ws_moveit2/install/moveit_resources_pr2_description:/home/a/ws_moveit2/install/moveit_resources_panda_moveit_config:/home/a/ws_moveit2/install/moveit_resources_panda_description:/home/a/ws_moveit2/install/moveit_resources_fanuc_moveit_config:/home/a/ws_moveit2/install/moveit_resources_fanuc_description:/home/a/ws_moveit2/install/moveit_common:/home/a/ws_moveit2/install/mavlink_gui_tester:/home/a/ws_moveit2/install/field_description_test:/home/a/ws_moveit2/install/field_description:/home/a/ws_moveit2/install/dynamixel_sdk_examples:/home/a/ws_moveit2/install/dynamixel_sdk_custom_interfaces:/home/a/ws_moveit2/install/dynamixel_controller:/home/a/ws_moveit2/install/dynamixel_sdk:/home/a/ws_moveit2/install/catch_gazebo_ros2_control:/home/a/ws_moveit2/install/blue_seiretu_description:/home/a/ws_moveit2/install/0525_arm_description:/home/a/ws_moveit2/install/mavlink_controller_client:/home/a/ws_moveit2/install/moveit_configs_utils:/home/a/ws_moveit2/install/ros_tcp_endpoint:/home/a/ws_moveit2/install/realsense2_ros_mqtt_bridge:/home/a/ws_moveit2/install/launch_param_builder:/home/a/ws_moveit2/install/dynamixel_controller_gui:/home/a/ws_moveit2/install/dynamixel_controller_client:/home/a/ws_moveit2/install/d415_rgb_depth_3d:/opt/ros/humble')]), 'shell': False}
[0.073585] (mavlink_gui_tester) StdoutLine: {'line': b'[ 12%] \x1b[34m\x1b[1mAutomatic MOC and UIC for target mavlink_gui_tester_node\x1b[0m\n'}
[0.097493] (mavlink_gui_tester) StdoutLine: {'line': b'[ 12%] Built target mavlink_gui_tester_node_autogen\n'}
[0.099844] (-) TimerEvent: {}
[0.116587] (mavlink_gui_tester) StdoutLine: {'line': b'\x1b[35m\x1b[1mConsolidate compiler generated dependencies of target mavlink_gui_tester_node\x1b[0m\n'}
[0.138210] (mavlink_gui_tester) StdoutLine: {'line': b'[ 25%] \x1b[32mBuilding CXX object CMakeFiles/mavlink_gui_tester_node.dir/src/mavlink_gui_widget.cpp.o\x1b[0m\n'}
[0.200001] (-) TimerEvent: {}
[0.300393] (-) TimerEvent: {}
[0.400759] (-) TimerEvent: {}
[0.501172] (-) TimerEvent: {}
[0.601582] (-) TimerEvent: {}
[0.701976] (-) TimerEvent: {}
[0.802354] (-) TimerEvent: {}
[0.902786] (-) TimerEvent: {}
[1.003231] (-) TimerEvent: {}
[1.103581] (-) TimerEvent: {}
[1.203912] (-) TimerEvent: {}
[1.304243] (-) TimerEvent: {}
[1.404575] (-) TimerEvent: {}
[1.504930] (-) TimerEvent: {}
[1.605293] (-) TimerEvent: {}
[1.705647] (-) TimerEvent: {}
[1.806060] (-) TimerEvent: {}
[1.906504] (-) TimerEvent: {}
[2.006870] (-) TimerEvent: {}
[2.107232] (-) TimerEvent: {}
[2.207584] (-) TimerEvent: {}
[2.307943] (-) TimerEvent: {}
[2.408292] (-) TimerEvent: {}
[2.508649] (-) TimerEvent: {}
[2.562318] (mavlink_gui_tester) StderrLine: {'line': b'In file included from \x1b[01m\x1b[K/home/a/ws_moveit2/src/MAVLink/MAVLink_gui_ros2/../MAVLink_ros2/include/mavlink/c_library_v2/common/../protocol.h:4\x1b[m\x1b[K,\n'}
[2.562570] (mavlink_gui_tester) StderrLine: {'line': b'                 from \x1b[01m\x1b[K/home/a/ws_moveit2/src/MAVLink/MAVLink_gui_ros2/../MAVLink_ros2/include/mavlink/c_library_v2/common/common.h:29\x1b[m\x1b[K,\n'}
[2.562644] (mavlink_gui_tester) StderrLine: {'line': b'                 from \x1b[01m\x1b[K/home/a/ws_moveit2/src/MAVLink/MAVLink_gui_ros2/../MAVLink_ros2/include/mavlink/c_library_v2/common/mavlink.h:32\x1b[m\x1b[K,\n'}
[2.562703] (mavlink_gui_tester) StderrLine: {'line': b'                 from \x1b[01m\x1b[K/home/a/ws_moveit2/src/MAVLink/MAVLink_gui_ros2/include/mavlink_gui_tester/mavlink_gui_widget.hpp:46\x1b[m\x1b[K,\n'}
[2.562758] (mavlink_gui_tester) StderrLine: {'line': b'                 from \x1b[01m\x1b[K/home/a/ws_moveit2/src/MAVLink/MAVLink_gui_ros2/src/mavlink_gui_widget.cpp:1\x1b[m\x1b[K:\n'}
[2.562827] (mavlink_gui_tester) StderrLine: {'line': b'\x1b[01m\x1b[K/home/a/ws_moveit2/src/MAVLink/MAVLink_gui_ros2/../MAVLink_ros2/include/mavlink/c_library_v2/common/../mavlink_types.h:78:12:\x1b[m\x1b[K \x1b[01;35m\x1b[Kwarning: \x1b[m\x1b[KISO C++ prohibits anonymous structs [\x1b[01;35m\x1b[K\x1b]8;;https://gcc.gnu.org/onlinedocs/gcc/Warning-Options.html#index-Wpedantic\x07-Wpedantic\x1b]8;;\x07\x1b[m\x1b[K]\n'}
[2.562889] (mavlink_gui_tester) StderrLine: {'line': b'   78 |     struct \x1b[01;35m\x1b[K{\x1b[m\x1b[K\n'}
[2.562945] (mavlink_gui_tester) StderrLine: {'line': b'      |            \x1b[01;35m\x1b[K^\x1b[m\x1b[K\n'}
[2.562999] (mavlink_gui_tester) StderrLine: {'line': b'\x1b[01m\x1b[K/home/a/ws_moveit2/src/MAVLink/MAVLink_gui_ros2/../MAVLink_ros2/include/mavlink/c_library_v2/common/../mavlink_types.h:17:40:\x1b[m\x1b[K \x1b[01;36m\x1b[Knote: \x1b[m\x1b[Kin definition of macro \xe2\x80\x98\x1b[01m\x1b[KMAVPACKED\x1b[m\x1b[K\xe2\x80\x99\n'}
[2.563055] (mavlink_gui_tester) StderrLine: {'line': b'   17 |   #define MAVPACKED( __Declaration__ ) \x1b[01;36m\x1b[K__Declaration__\x1b[m\x1b[K __attribute__((packed))\n'}
[2.563110] (mavlink_gui_tester) StderrLine: {'line': b'      |                                        \x1b[01;36m\x1b[K^~~~~~~~~~~~~~~\x1b[m\x1b[K\n'}
[2.608790] (-) TimerEvent: {}
[2.621255] (mavlink_gui_tester) StderrLine: {'line': b'In file included from \x1b[01m\x1b[K/home/a/ws_moveit2/src/MAVLink/MAVLink_gui_ros2/../MAVLink_ros2/include/mavlink/c_library_v2/common/common.h:2871\x1b[m\x1b[K,\n'}
[2.621434] (mavlink_gui_tester) StderrLine: {'line': b'                 from \x1b[01m\x1b[K/home/a/ws_moveit2/src/MAVLink/MAVLink_gui_ros2/../MAVLink_ros2/include/mavlink/c_library_v2/common/mavlink.h:32\x1b[m\x1b[K,\n'}
[2.621506] (mavlink_gui_tester) StderrLine: {'line': b'                 from \x1b[01m\x1b[K/home/a/ws_moveit2/src/MAVLink/MAVLink_gui_ros2/include/mavlink_gui_tester/mavlink_gui_widget.hpp:46\x1b[m\x1b[K,\n'}
[2.621567] (mavlink_gui_tester) StderrLine: {'line': b'                 from \x1b[01m\x1b[K/home/a/ws_moveit2/src/MAVLink/MAVLink_gui_ros2/src/mavlink_gui_widget.cpp:1\x1b[m\x1b[K:\n'}
[2.621626] (mavlink_gui_tester) StderrLine: {'line': b'\x1b[01m\x1b[K/home/a/ws_moveit2/src/MAVLink/MAVLink_gui_ros2/../MAVLink_ros2/include/mavlink/c_library_v2/common/./mavlink_msg_set_attitude_target.h:\x1b[m\x1b[K In function \xe2\x80\x98\x1b[01m\x1b[Kuint16_t mavlink_msg_set_attitude_target_encode(uint8_t, uint8_t, mavlink_message_t*, const mavlink_set_attitude_target_t*)\x1b[m\x1b[K\xe2\x80\x99:\n'}
[2.621699] (mavlink_gui_tester) StderrLine: {'line': b'\x1b[01m\x1b[K/home/a/ws_moveit2/src/MAVLink/MAVLink_gui_ros2/../MAVLink_ros2/include/mavlink/c_library_v2/common/./mavlink_msg_set_attitude_target.h:241:242:\x1b[m\x1b[K \x1b[01;35m\x1b[Kwarning: \x1b[m\x1b[Ktaking address of packed member of \xe2\x80\x98\x1b[01m\x1b[K__mavlink_set_attitude_target_t\x1b[m\x1b[K\xe2\x80\x99 may result in an unaligned pointer value [\x1b[01;35m\x1b[K\x1b]8;;https://gcc.gnu.org/onlinedocs/gcc/Warning-Options.html#index-Waddress-of-packed-member\x07-Waddress-of-packed-member\x1b]8;;\x07\x1b[m\x1b[K]\n'}
[2.621761] (mavlink_gui_tester) StderrLine: {'line': b'  241 | e_target->target_component, set_attitude_target->type_mask, \x1b[01;35m\x1b[Kset_attitude_target->q\x1b[m\x1b[K, set_attitude_target->body_roll_rate, set_attitude_target->body_pitch_rate, set_attitude_target->body_yaw_rate, set_attitude_target->thrust, set_attitude_target->thrust_body);\n'}
[2.622036] (mavlink_gui_tester) StderrLine: {'line': b'      |                                                             \x1b[01;35m\x1b[K~~~~~~~~~~~~~~~~~~~~~^\x1b[m\x1b[K\n'}
[2.622152] (mavlink_gui_tester) StderrLine: {'line': b'\n'}
[2.622218] (mavlink_gui_tester) StderrLine: {'line': b'In file included from \x1b[01m\x1b[K/home/a/ws_moveit2/src/MAVLink/MAVLink_gui_ros2/../MAVLink_ros2/include/mavlink/c_library_v2/common/common.h:2871\x1b[m\x1b[K,\n'}
[2.622278] (mavlink_gui_tester) StderrLine: {'line': b'                 from \x1b[01m\x1b[K/home/a/ws_moveit2/src/MAVLink/MAVLink_gui_ros2/../MAVLink_ros2/include/mavlink/c_library_v2/common/mavlink.h:32\x1b[m\x1b[K,\n'}
[2.622332] (mavlink_gui_tester) StderrLine: {'line': b'                 from \x1b[01m\x1b[K/home/a/ws_moveit2/src/MAVLink/MAVLink_gui_ros2/include/mavlink_gui_tester/mavlink_gui_widget.hpp:46\x1b[m\x1b[K,\n'}
[2.622386] (mavlink_gui_tester) StderrLine: {'line': b'                 from \x1b[01m\x1b[K/home/a/ws_moveit2/src/MAVLink/MAVLink_gui_ros2/src/mavlink_gui_widget.cpp:1\x1b[m\x1b[K:\n'}
[2.622440] (mavlink_gui_tester) StderrLine: {'line': b'\x1b[01m\x1b[K/home/a/ws_moveit2/src/MAVLink/MAVLink_gui_ros2/../MAVLink_ros2/include/mavlink/c_library_v2/common/./mavlink_msg_set_attitude_target.h:241:406:\x1b[m\x1b[K \x1b[01;35m\x1b[Kwarning: \x1b[m\x1b[Ktaking address of packed member of \xe2\x80\x98\x1b[01m\x1b[K__mavlink_set_attitude_target_t\x1b[m\x1b[K\xe2\x80\x99 may result in an unaligned pointer value [\x1b[01;35m\x1b[K\x1b]8;;https://gcc.gnu.org/onlinedocs/gcc/Warning-Options.html#index-Waddress-of-packed-member\x07-Waddress-of-packed-member\x1b]8;;\x07\x1b[m\x1b[K]\n'}
[2.622515] (mavlink_gui_tester) StderrLine: {'line': b'  241 | ttitude_target->body_yaw_rate, set_attitude_target->thrust, \x1b[01;35m\x1b[Kset_attitude_target->thrust_body\x1b[m\x1b[K);\n'}
[2.622571] (mavlink_gui_tester) StderrLine: {'line': b'      |                                                             \x1b[01;35m\x1b[K~~~~~~~~~~~~~~~~~~~~~^~~~~~~~~~~\x1b[m\x1b[K\n'}
[2.622625] (mavlink_gui_tester) StderrLine: {'line': b'\n'}
[2.622676] (mavlink_gui_tester) StderrLine: {'line': b'\x1b[01m\x1b[K/home/a/ws_moveit2/src/MAVLink/MAVLink_gui_ros2/../MAVLink_ros2/include/mavlink/c_library_v2/common/./mavlink_msg_set_attitude_target.h:\x1b[m\x1b[K In function \xe2\x80\x98\x1b[01m\x1b[Kuint16_t mavlink_msg_set_attitude_target_encode_chan(uint8_t, uint8_t, uint8_t, mavlink_message_t*, const mavlink_set_attitude_target_t*)\x1b[m\x1b[K\xe2\x80\x99:\n'}
[2.622733] (mavlink_gui_tester) StderrLine: {'line': b'\x1b[01m\x1b[K/home/a/ws_moveit2/src/MAVLink/MAVLink_gui_ros2/../MAVLink_ros2/include/mavlink/c_library_v2/common/./mavlink_msg_set_attitude_target.h:255:253:\x1b[m\x1b[K \x1b[01;35m\x1b[Kwarning: \x1b[m\x1b[Ktaking address of packed member of \xe2\x80\x98\x1b[01m\x1b[K__mavlink_set_attitude_target_t\x1b[m\x1b[K\xe2\x80\x99 may result in an unaligned pointer value [\x1b[01;35m\x1b[K\x1b]8;;https://gcc.gnu.org/onlinedocs/gcc/Warning-Options.html#index-Waddress-of-packed-member\x07-Waddress-of-packed-member\x1b]8;;\x07\x1b[m\x1b[K]\n'}
[2.622810] (mavlink_gui_tester) StderrLine: {'line': b'  255 | e_target->target_component, set_attitude_target->type_mask, \x1b[01;35m\x1b[Kset_attitude_target->q\x1b[m\x1b[K, set_attitude_target->body_roll_rate, set_attitude_target->body_pitch_rate, set_attitude_target->body_yaw_rate, set_attitude_target->thrust, set_attitude_target->thrust_body);\n'}
[2.622867] (mavlink_gui_tester) StderrLine: {'line': b'      |                                                             \x1b[01;35m\x1b[K~~~~~~~~~~~~~~~~~~~~~^\x1b[m\x1b[K\n'}
[2.622920] (mavlink_gui_tester) StderrLine: {'line': b'\n'}
[2.622971] (mavlink_gui_tester) StderrLine: {'line': b'\x1b[01m\x1b[K/home/a/ws_moveit2/src/MAVLink/MAVLink_gui_ros2/../MAVLink_ros2/include/mavlink/c_library_v2/common/./mavlink_msg_set_attitude_target.h:255:417:\x1b[m\x1b[K \x1b[01;35m\x1b[Kwarning: \x1b[m\x1b[Ktaking address of packed member of \xe2\x80\x98\x1b[01m\x1b[K__mavlink_set_attitude_target_t\x1b[m\x1b[K\xe2\x80\x99 may result in an unaligned pointer value [\x1b[01;35m\x1b[K\x1b]8;;https://gcc.gnu.org/onlinedocs/gcc/Warning-Options.html#index-Waddress-of-packed-member\x07-Waddress-of-packed-member\x1b]8;;\x07\x1b[m\x1b[K]\n'}
[2.623025] (mavlink_gui_tester) StderrLine: {'line': b'  255 | ttitude_target->body_yaw_rate, set_attitude_target->thrust, \x1b[01;35m\x1b[Kset_attitude_target->thrust_body\x1b[m\x1b[K);\n'}
[2.623077] (mavlink_gui_tester) StderrLine: {'line': b'      |                                                             \x1b[01;35m\x1b[K~~~~~~~~~~~~~~~~~~~~~^~~~~~~~~~~\x1b[m\x1b[K\n'}
[2.623126] (mavlink_gui_tester) StderrLine: {'line': b'\n'}
[2.623176] (mavlink_gui_tester) StderrLine: {'line': b'\x1b[01m\x1b[K/home/a/ws_moveit2/src/MAVLink/MAVLink_gui_ros2/../MAVLink_ros2/include/mavlink/c_library_v2/common/./mavlink_msg_set_attitude_target.h:\x1b[m\x1b[K In function \xe2\x80\x98\x1b[01m\x1b[Kuint16_t mavlink_msg_set_attitude_target_encode_status(uint8_t, uint8_t, mavlink_status_t*, mavlink_message_t*, const mavlink_set_attitude_target_t*)\x1b[m\x1b[K\xe2\x80\x99:\n'}
[2.623228] (mavlink_gui_tester) StderrLine: {'line': b'\x1b[01m\x1b[K/home/a/ws_moveit2/src/MAVLink/MAVLink_gui_ros2/../MAVLink_ros2/include/mavlink/c_library_v2/common/./mavlink_msg_set_attitude_target.h:269:259:\x1b[m\x1b[K \x1b[01;35m\x1b[Kwarning: \x1b[m\x1b[Ktaking address of packed member of \xe2\x80\x98\x1b[01m\x1b[K__mavlink_set_attitude_target_t\x1b[m\x1b[K\xe2\x80\x99 may result in an unaligned pointer value [\x1b[01;35m\x1b[K\x1b]8;;https://gcc.gnu.org/onlinedocs/gcc/Warning-Options.html#index-Waddress-of-packed-member\x07-Waddress-of-packed-member\x1b]8;;\x07\x1b[m\x1b[K]\n'}
[2.623283] (mavlink_gui_tester) StderrLine: {'line': b'  269 | e_target->target_component, set_attitude_target->type_mask, \x1b[01;35m\x1b[Kset_attitude_target->q\x1b[m\x1b[K, set_attitude_target->body_roll_rate, set_attitude_target->body_pitch_rate, set_attitude_target->body_yaw_rate, set_attitude_target->thrust, set_attitude_target->thrust_body);\n'}
[2.623335] (mavlink_gui_tester) StderrLine: {'line': b'      |                                                             \x1b[01;35m\x1b[K~~~~~~~~~~~~~~~~~~~~~^\x1b[m\x1b[K\n'}
[2.623387] (mavlink_gui_tester) StderrLine: {'line': b'\n'}
[2.623432] (mavlink_gui_tester) StderrLine: {'line': b'\x1b[01m\x1b[K/home/a/ws_moveit2/src/MAVLink/MAVLink_gui_ros2/../MAVLink_ros2/include/mavlink/c_library_v2/common/./mavlink_msg_set_attitude_target.h:269:423:\x1b[m\x1b[K \x1b[01;35m\x1b[Kwarning: \x1b[m\x1b[Ktaking address of packed member of \xe2\x80\x98\x1b[01m\x1b[K__mavlink_set_attitude_target_t\x1b[m\x1b[K\xe2\x80\x99 may result in an unaligned pointer value [\x1b[01;35m\x1b[K\x1b]8;;https://gcc.gnu.org/onlinedocs/gcc/Warning-Options.html#index-Waddress-of-packed-member\x07-Waddress-of-packed-member\x1b]8;;\x07\x1b[m\x1b[K]\n'}
[2.623482] (mavlink_gui_tester) StderrLine: {'line': b'  269 | ttitude_target->body_yaw_rate, set_attitude_target->thrust, \x1b[01;35m\x1b[Kset_attitude_target->thrust_body\x1b[m\x1b[K);\n'}
[2.623528] (mavlink_gui_tester) StderrLine: {'line': b'      |                                                             \x1b[01;35m\x1b[K~~~~~~~~~~~~~~~~~~~~~^~~~~~~~~~~\x1b[m\x1b[K\n'}
[2.623579] (mavlink_gui_tester) StderrLine: {'line': b'\n'}
[2.660569] (mavlink_gui_tester) StderrLine: {'line': b'In file included from \x1b[01m\x1b[K/home/a/ws_moveit2/src/MAVLink/MAVLink_gui_ros2/../MAVLink_ros2/include/mavlink/c_library_v2/common/common.h:2914\x1b[m\x1b[K,\n'}
[2.660791] (mavlink_gui_tester) StderrLine: {'line': b'                 from \x1b[01m\x1b[K/home/a/ws_moveit2/src/MAVLink/MAVLink_gui_ros2/../MAVLink_ros2/include/mavlink/c_library_v2/common/mavlink.h:32\x1b[m\x1b[K,\n'}
[2.660885] (mavlink_gui_tester) StderrLine: {'line': b'                 from \x1b[01m\x1b[K/home/a/ws_moveit2/src/MAVLink/MAVLink_gui_ros2/include/mavlink_gui_tester/mavlink_gui_widget.hpp:46\x1b[m\x1b[K,\n'}
[2.661188] (mavlink_gui_tester) StderrLine: {'line': b'                 from \x1b[01m\x1b[K/home/a/ws_moveit2/src/MAVLink/MAVLink_gui_ros2/src/mavlink_gui_widget.cpp:1\x1b[m\x1b[K:\n'}
[2.661301] (mavlink_gui_tester) StderrLine: {'line': b'\x1b[01m\x1b[K/home/a/ws_moveit2/src/MAVLink/MAVLink_gui_ros2/../MAVLink_ros2/include/mavlink/c_library_v2/common/./mavlink_msg_distance_sensor.h:\x1b[m\x1b[K In function \xe2\x80\x98\x1b[01m\x1b[Kuint16_t mavlink_msg_distance_sensor_encode(uint8_t, uint8_t, mavlink_message_t*, const mavlink_distance_sensor_t*)\x1b[m\x1b[K\xe2\x80\x99:\n'}
[2.661384] (mavlink_gui_tester) StderrLine: {'line': b'\x1b[01m\x1b[K/home/a/ws_moveit2/src/MAVLink/MAVLink_gui_ros2/../MAVLink_ros2/include/mavlink/c_library_v2/common/./mavlink_msg_distance_sensor.h:264:387:\x1b[m\x1b[K \x1b[01;35m\x1b[Kwarning: \x1b[m\x1b[Ktaking address of packed member of \xe2\x80\x98\x1b[01m\x1b[K__mavlink_distance_sensor_t\x1b[m\x1b[K\xe2\x80\x99 may result in an unaligned pointer value [\x1b[01;35m\x1b[K\x1b]8;;https://gcc.gnu.org/onlinedocs/gcc/Warning-Options.html#index-Waddress-of-packed-member\x07-Waddress-of-packed-member\x1b]8;;\x07\x1b[m\x1b[K]\n'}
[2.661461] (mavlink_gui_tester) StderrLine: {'line': b'  264 | distance_sensor->horizontal_fov, distance_sensor->vertical_fov, \x1b[01;35m\x1b[Kdistance_sensor->quaternion\x1b[m\x1b[K, distance_sensor->signal_quality);\n'}
[2.661531] (mavlink_gui_tester) StderrLine: {'line': b'      |                                                                 \x1b[01;35m\x1b[K~~~~~~~~~~~~~~~~~^~~~~~~~~~\x1b[m\x1b[K\n'}
[2.661600] (mavlink_gui_tester) StderrLine: {'line': b'\n'}
[2.661666] (mavlink_gui_tester) StderrLine: {'line': b'\x1b[01m\x1b[K/home/a/ws_moveit2/src/MAVLink/MAVLink_gui_ros2/../MAVLink_ros2/include/mavlink/c_library_v2/common/./mavlink_msg_distance_sensor.h:\x1b[m\x1b[K In function \xe2\x80\x98\x1b[01m\x1b[Kuint16_t mavlink_msg_distance_sensor_encode_chan(uint8_t, uint8_t, uint8_t, mavlink_message_t*, const mavlink_distance_sensor_t*)\x1b[m\x1b[K\xe2\x80\x99:\n'}
[2.661747] (mavlink_gui_tester) StderrLine: {'line': b'\x1b[01m\x1b[K/home/a/ws_moveit2/src/MAVLink/MAVLink_gui_ros2/../MAVLink_ros2/include/mavlink/c_library_v2/common/./mavlink_msg_distance_sensor.h:278:398:\x1b[m\x1b[K \x1b[01;35m\x1b[Kwarning: \x1b[m\x1b[Ktaking address of packed member of \xe2\x80\x98\x1b[01m\x1b[K__mavlink_distance_sensor_t\x1b[m\x1b[K\xe2\x80\x99 may result in an unaligned pointer value [\x1b[01;35m\x1b[K\x1b]8;;https://gcc.gnu.org/onlinedocs/gcc/Warning-Options.html#index-Waddress-of-packed-member\x07-Waddress-of-packed-member\x1b]8;;\x07\x1b[m\x1b[K]\n'}
[2.661836] (mavlink_gui_tester) StderrLine: {'line': b'  278 | distance_sensor->horizontal_fov, distance_sensor->vertical_fov, \x1b[01;35m\x1b[Kdistance_sensor->quaternion\x1b[m\x1b[K, distance_sensor->signal_quality);\n'}
[2.661903] (mavlink_gui_tester) StderrLine: {'line': b'      |                                                                 \x1b[01;35m\x1b[K~~~~~~~~~~~~~~~~~^~~~~~~~~~\x1b[m\x1b[K\n'}
[2.661982] (mavlink_gui_tester) StderrLine: {'line': b'\n'}
[2.662044] (mavlink_gui_tester) StderrLine: {'line': b'\x1b[01m\x1b[K/home/a/ws_moveit2/src/MAVLink/MAVLink_gui_ros2/../MAVLink_ros2/include/mavlink/c_library_v2/common/./mavlink_msg_distance_sensor.h:\x1b[m\x1b[K In function \xe2\x80\x98\x1b[01m\x1b[Kuint16_t mavlink_msg_distance_sensor_encode_status(uint8_t, uint8_t, mavlink_status_t*, mavlink_message_t*, const mavlink_distance_sensor_t*)\x1b[m\x1b[K\xe2\x80\x99:\n'}
[2.662115] (mavlink_gui_tester) StderrLine: {'line': b'\x1b[01m\x1b[K/home/a/ws_moveit2/src/MAVLink/MAVLink_gui_ros2/../MAVLink_ros2/include/mavlink/c_library_v2/common/./mavlink_msg_distance_sensor.h:292:404:\x1b[m\x1b[K \x1b[01;35m\x1b[Kwarning: \x1b[m\x1b[Ktaking address of packed member of \xe2\x80\x98\x1b[01m\x1b[K__mavlink_distance_sensor_t\x1b[m\x1b[K\xe2\x80\x99 may result in an unaligned pointer value [\x1b[01;35m\x1b[K\x1b]8;;https://gcc.gnu.org/onlinedocs/gcc/Warning-Options.html#index-Waddress-of-packed-member\x07-Waddress-of-packed-member\x1b]8;;\x07\x1b[m\x1b[K]\n'}
[2.662178] (mavlink_gui_tester) StderrLine: {'line': b'  292 | distance_sensor->horizontal_fov, distance_sensor->vertical_fov, \x1b[01;35m\x1b[Kdistance_sensor->quaternion\x1b[m\x1b[K, distance_sensor->signal_quality);\n'}
[2.662241] (mavlink_gui_tester) StderrLine: {'line': b'      |                                                                 \x1b[01;35m\x1b[K~~~~~~~~~~~~~~~~~^~~~~~~~~~\x1b[m\x1b[K\n'}
[2.662303] (mavlink_gui_tester) StderrLine: {'line': b'\n'}
[2.672108] (mavlink_gui_tester) StderrLine: {'line': b'In file included from \x1b[01m\x1b[K/home/a/ws_moveit2/src/MAVLink/MAVLink_gui_ros2/../MAVLink_ros2/include/mavlink/c_library_v2/common/common.h:2928\x1b[m\x1b[K,\n'}
[2.672267] (mavlink_gui_tester) StderrLine: {'line': b'                 from \x1b[01m\x1b[K/home/a/ws_moveit2/src/MAVLink/MAVLink_gui_ros2/../MAVLink_ros2/include/mavlink/c_library_v2/common/mavlink.h:32\x1b[m\x1b[K,\n'}
[2.672340] (mavlink_gui_tester) StderrLine: {'line': b'                 from \x1b[01m\x1b[K/home/a/ws_moveit2/src/MAVLink/MAVLink_gui_ros2/include/mavlink_gui_tester/mavlink_gui_widget.hpp:46\x1b[m\x1b[K,\n'}
[2.672609] (mavlink_gui_tester) StderrLine: {'line': b'                 from \x1b[01m\x1b[K/home/a/ws_moveit2/src/MAVLink/MAVLink_gui_ros2/src/mavlink_gui_widget.cpp:1\x1b[m\x1b[K:\n'}
[2.672726] (mavlink_gui_tester) StderrLine: {'line': b'\x1b[01m\x1b[K/home/a/ws_moveit2/src/MAVLink/MAVLink_gui_ros2/../MAVLink_ros2/include/mavlink/c_library_v2/common/./mavlink_msg_battery_status.h:\x1b[m\x1b[K In function \xe2\x80\x98\x1b[01m\x1b[Kuint16_t mavlink_msg_battery_status_encode(uint8_t, uint8_t, mavlink_message_t*, const mavlink_battery_status_t*)\x1b[m\x1b[K\xe2\x80\x99:\n'}
[2.672811] (mavlink_gui_tester) StderrLine: {'line': b'\x1b[01m\x1b[K/home/a/ws_moveit2/src/MAVLink/MAVLink_gui_ros2/../MAVLink_ros2/include/mavlink/c_library_v2/common/./mavlink_msg_battery_status.h:289:195:\x1b[m\x1b[K \x1b[01;35m\x1b[Kwarning: \x1b[m\x1b[Ktaking address of packed member of \xe2\x80\x98\x1b[01m\x1b[K__mavlink_battery_status_t\x1b[m\x1b[K\xe2\x80\x99 may result in an unaligned pointer value [\x1b[01;35m\x1b[K\x1b]8;;https://gcc.gnu.org/onlinedocs/gcc/Warning-Options.html#index-Waddress-of-packed-member\x07-Waddress-of-packed-member\x1b]8;;\x07\x1b[m\x1b[K]\n'}
[2.672876] (mavlink_gui_tester) StderrLine: {'line': b'  289 | ery_function, battery_status->type, battery_status->temperature, \x1b[01;35m\x1b[Kbattery_status->voltages\x1b[m\x1b[K, battery_status->current_battery, battery_status->current_consumed, battery_status->energy_consumed, battery_status->battery_remaining, battery_status->time_remaining, battery_status->charge_state, battery_status->voltages_ext, battery_status->mode, battery_status->fault_bitmask);\n'}
[2.672934] (mavlink_gui_tester) StderrLine: {'line': b'      |                                                                  \x1b[01;35m\x1b[K~~~~~~~~~~~~~~~~^~~~~~~~\x1b[m\x1b[K\n'}
[2.672990] (mavlink_gui_tester) StderrLine: {'line': b'\n'}
[2.673044] (mavlink_gui_tester) StderrLine: {'line': b'\x1b[01m\x1b[K/home/a/ws_moveit2/src/MAVLink/MAVLink_gui_ros2/../MAVLink_ros2/include/mavlink/c_library_v2/common/./mavlink_msg_battery_status.h:289:418:\x1b[m\x1b[K \x1b[01;35m\x1b[Kwarning: \x1b[m\x1b[Ktaking address of packed member of \xe2\x80\x98\x1b[01m\x1b[K__mavlink_battery_status_t\x1b[m\x1b[K\xe2\x80\x99 may result in an unaligned pointer value [\x1b[01;35m\x1b[K\x1b]8;;https://gcc.gnu.org/onlinedocs/gcc/Warning-Options.html#index-Waddress-of-packed-member\x07-Waddress-of-packed-member\x1b]8;;\x07\x1b[m\x1b[K]\n'}
[2.673125] (mavlink_gui_tester) StderrLine: {'line': b'  289 | g, battery_status->time_remaining, battery_status->charge_state, \x1b[01;35m\x1b[Kbattery_status->voltages_ext\x1b[m\x1b[K, battery_status->mode, battery_status->fault_bitmask);\n'}
[2.673179] (mavlink_gui_tester) StderrLine: {'line': b'      |                                                                  \x1b[01;35m\x1b[K~~~~~~~~~~~~~~~~^~~~~~~~~~~~\x1b[m\x1b[K\n'}
[2.673232] (mavlink_gui_tester) StderrLine: {'line': b'\n'}
[2.673282] (mavlink_gui_tester) StderrLine: {'line': b'\x1b[01m\x1b[K/home/a/ws_moveit2/src/MAVLink/MAVLink_gui_ros2/../MAVLink_ros2/include/mavlink/c_library_v2/common/./mavlink_msg_battery_status.h:\x1b[m\x1b[K In function \xe2\x80\x98\x1b[01m\x1b[Kuint16_t mavlink_msg_battery_status_encode_chan(uint8_t, uint8_t, uint8_t, mavlink_message_t*, const mavlink_battery_status_t*)\x1b[m\x1b[K\xe2\x80\x99:\n'}
[2.673343] (mavlink_gui_tester) StderrLine: {'line': b'\x1b[01m\x1b[K/home/a/ws_moveit2/src/MAVLink/MAVLink_gui_ros2/../MAVLink_ros2/include/mavlink/c_library_v2/common/./mavlink_msg_battery_status.h:303:206:\x1b[m\x1b[K \x1b[01;35m\x1b[Kwarning: \x1b[m\x1b[Ktaking address of packed member of \xe2\x80\x98\x1b[01m\x1b[K__mavlink_battery_status_t\x1b[m\x1b[K\xe2\x80\x99 may result in an unaligned pointer value [\x1b[01;35m\x1b[K\x1b]8;;https://gcc.gnu.org/onlinedocs/gcc/Warning-Options.html#index-Waddress-of-packed-member\x07-Waddress-of-packed-member\x1b]8;;\x07\x1b[m\x1b[K]\n'}
[2.673404] (mavlink_gui_tester) StderrLine: {'line': b'  303 | ery_function, battery_status->type, battery_status->temperature, \x1b[01;35m\x1b[Kbattery_status->voltages\x1b[m\x1b[K, battery_status->current_battery, battery_status->current_consumed, battery_status->energy_consumed, battery_status->battery_remaining, battery_status->time_remaining, battery_status->charge_state, battery_status->voltages_ext, battery_status->mode, battery_status->fault_bitmask);\n'}
[2.673465] (mavlink_gui_tester) StderrLine: {'line': b'      |                                                                  \x1b[01;35m\x1b[K~~~~~~~~~~~~~~~~^~~~~~~~\x1b[m\x1b[K\n'}
[2.673525] (mavlink_gui_tester) StderrLine: {'line': b'\n'}
[2.673584] (mavlink_gui_tester) StderrLine: {'line': b'\x1b[01m\x1b[K/home/a/ws_moveit2/src/MAVLink/MAVLink_gui_ros2/../MAVLink_ros2/include/mavlink/c_library_v2/common/./mavlink_msg_battery_status.h:303:429:\x1b[m\x1b[K \x1b[01;35m\x1b[Kwarning: \x1b[m\x1b[Ktaking address of packed member of \xe2\x80\x98\x1b[01m\x1b[K__mavlink_battery_status_t\x1b[m\x1b[K\xe2\x80\x99 may result in an unaligned pointer value [\x1b[01;35m\x1b[K\x1b]8;;https://gcc.gnu.org/onlinedocs/gcc/Warning-Options.html#index-Waddress-of-packed-member\x07-Waddress-of-packed-member\x1b]8;;\x07\x1b[m\x1b[K]\n'}
[2.673949] (mavlink_gui_tester) StderrLine: {'line': b'  303 | g, battery_status->time_remaining, battery_status->charge_state, \x1b[01;35m\x1b[Kbattery_status->voltages_ext\x1b[m\x1b[K, battery_status->mode, battery_status->fault_bitmask);\n'}
[2.674046] (mavlink_gui_tester) StderrLine: {'line': b'      |                                                                  \x1b[01;35m\x1b[K~~~~~~~~~~~~~~~~^~~~~~~~~~~~\x1b[m\x1b[K\n'}
[2.674118] (mavlink_gui_tester) StderrLine: {'line': b'\n'}
[2.674172] (mavlink_gui_tester) StderrLine: {'line': b'\x1b[01m\x1b[K/home/a/ws_moveit2/src/MAVLink/MAVLink_gui_ros2/../MAVLink_ros2/include/mavlink/c_library_v2/common/./mavlink_msg_battery_status.h:\x1b[m\x1b[K In function \xe2\x80\x98\x1b[01m\x1b[Kuint16_t mavlink_msg_battery_status_encode_status(uint8_t, uint8_t, mavlink_status_t*, mavlink_message_t*, const mavlink_battery_status_t*)\x1b[m\x1b[K\xe2\x80\x99:\n'}
[2.674245] (mavlink_gui_tester) StderrLine: {'line': b'\x1b[01m\x1b[K/home/a/ws_moveit2/src/MAVLink/MAVLink_gui_ros2/../MAVLink_ros2/include/mavlink/c_library_v2/common/./mavlink_msg_battery_status.h:317:212:\x1b[m\x1b[K \x1b[01;35m\x1b[Kwarning: \x1b[m\x1b[Ktaking address of packed member of \xe2\x80\x98\x1b[01m\x1b[K__mavlink_battery_status_t\x1b[m\x1b[K\xe2\x80\x99 may result in an unaligned pointer value [\x1b[01;35m\x1b[K\x1b]8;;https://gcc.gnu.org/onlinedocs/gcc/Warning-Options.html#index-Waddress-of-packed-member\x07-Waddress-of-packed-member\x1b]8;;\x07\x1b[m\x1b[K]\n'}
[2.674303] (mavlink_gui_tester) StderrLine: {'line': b'  317 | ery_function, battery_status->type, battery_status->temperature, \x1b[01;35m\x1b[Kbattery_status->voltages\x1b[m\x1b[K, battery_status->current_battery, battery_status->current_consumed, battery_status->energy_consumed, battery_status->battery_remaining, battery_status->time_remaining, battery_status->charge_state, battery_status->voltages_ext, battery_status->mode, battery_status->fault_bitmask);\n'}
[2.674359] (mavlink_gui_tester) StderrLine: {'line': b'      |                                                                  \x1b[01;35m\x1b[K~~~~~~~~~~~~~~~~^~~~~~~~\x1b[m\x1b[K\n'}
[2.674411] (mavlink_gui_tester) StderrLine: {'line': b'\n'}
[2.674463] (mavlink_gui_tester) StderrLine: {'line': b'\x1b[01m\x1b[K/home/a/ws_moveit2/src/MAVLink/MAVLink_gui_ros2/../MAVLink_ros2/include/mavlink/c_library_v2/common/./mavlink_msg_battery_status.h:317:435:\x1b[m\x1b[K \x1b[01;35m\x1b[Kwarning: \x1b[m\x1b[Ktaking address of packed member of \xe2\x80\x98\x1b[01m\x1b[K__mavlink_battery_status_t\x1b[m\x1b[K\xe2\x80\x99 may result in an unaligned pointer value [\x1b[01;35m\x1b[K\x1b]8;;https://gcc.gnu.org/onlinedocs/gcc/Warning-Options.html#index-Waddress-of-packed-member\x07-Waddress-of-packed-member\x1b]8;;\x07\x1b[m\x1b[K]\n'}
[2.674520] (mavlink_gui_tester) StderrLine: {'line': b'  317 | g, battery_status->time_remaining, battery_status->charge_state, \x1b[01;35m\x1b[Kbattery_status->voltages_ext\x1b[m\x1b[K, battery_status->mode, battery_status->fault_bitmask);\n'}
[2.674573] (mavlink_gui_tester) StderrLine: {'line': b'      |                                                                  \x1b[01;35m\x1b[K~~~~~~~~~~~~~~~~^~~~~~~~~~~~\x1b[m\x1b[K\n'}
[2.674626] (mavlink_gui_tester) StderrLine: {'line': b'\n'}
[2.674676] (mavlink_gui_tester) StderrLine: {'line': b'In file included from \x1b[01m\x1b[K/home/a/ws_moveit2/src/MAVLink/MAVLink_gui_ros2/../MAVLink_ros2/include/mavlink/c_library_v2/common/common.h:2929\x1b[m\x1b[K,\n'}
[2.674720] (mavlink_gui_tester) StderrLine: {'line': b'                 from \x1b[01m\x1b[K/home/a/ws_moveit2/src/MAVLink/MAVLink_gui_ros2/../MAVLink_ros2/include/mavlink/c_library_v2/common/mavlink.h:32\x1b[m\x1b[K,\n'}
[2.674765] (mavlink_gui_tester) StderrLine: {'line': b'                 from \x1b[01m\x1b[K/home/a/ws_moveit2/src/MAVLink/MAVLink_gui_ros2/include/mavlink_gui_tester/mavlink_gui_widget.hpp:46\x1b[m\x1b[K,\n'}
[2.674825] (mavlink_gui_tester) StderrLine: {'line': b'                 from \x1b[01m\x1b[K/home/a/ws_moveit2/src/MAVLink/MAVLink_gui_ros2/src/mavlink_gui_widget.cpp:1\x1b[m\x1b[K:\n'}
[2.674868] (mavlink_gui_tester) StderrLine: {'line': b'\x1b[01m\x1b[K/home/a/ws_moveit2/src/MAVLink/MAVLink_gui_ros2/../MAVLink_ros2/include/mavlink/c_library_v2/common/./mavlink_msg_landing_target.h:\x1b[m\x1b[K In function \xe2\x80\x98\x1b[01m\x1b[Kuint16_t mavlink_msg_landing_target_encode(uint8_t, uint8_t, mavlink_message_t*, const mavlink_landing_target_t*)\x1b[m\x1b[K\xe2\x80\x99:\n'}
[2.674913] (mavlink_gui_tester) StderrLine: {'line': b'\x1b[01m\x1b[K/home/a/ws_moveit2/src/MAVLink/MAVLink_gui_ros2/../MAVLink_ros2/include/mavlink/c_library_v2/common/./mavlink_msg_landing_target.h:288:349:\x1b[m\x1b[K \x1b[01;35m\x1b[Kwarning: \x1b[m\x1b[Ktaking address of packed member of \xe2\x80\x98\x1b[01m\x1b[K__mavlink_landing_target_t\x1b[m\x1b[K\xe2\x80\x99 may result in an unaligned pointer value [\x1b[01;35m\x1b[K\x1b]8;;https://gcc.gnu.org/onlinedocs/gcc/Warning-Options.html#index-Waddress-of-packed-member\x07-Waddress-of-packed-member\x1b]8;;\x07\x1b[m\x1b[K]\n'}
[2.674963] (mavlink_gui_tester) StderrLine: {'line': b'  288 | size_y, landing_target->x, landing_target->y, landing_target->z, \x1b[01;35m\x1b[Klanding_target->q\x1b[m\x1b[K, landing_target->type, landing_target->position_valid);\n'}
[2.675007] (mavlink_gui_tester) StderrLine: {'line': b'      |                                                                  \x1b[01;35m\x1b[K~~~~~~~~~~~~~~~~^\x1b[m\x1b[K\n'}
[2.675049] (mavlink_gui_tester) StderrLine: {'line': b'\n'}
[2.675089] (mavlink_gui_tester) StderrLine: {'line': b'\x1b[01m\x1b[K/home/a/ws_moveit2/src/MAVLink/MAVLink_gui_ros2/../MAVLink_ros2/include/mavlink/c_library_v2/common/./mavlink_msg_landing_target.h:\x1b[m\x1b[K In function \xe2\x80\x98\x1b[01m\x1b[Kuint16_t mavlink_msg_landing_target_encode_chan(uint8_t, uint8_t, uint8_t, mavlink_message_t*, const mavlink_landing_target_t*)\x1b[m\x1b[K\xe2\x80\x99:\n'}
[2.675136] (mavlink_gui_tester) StderrLine: {'line': b'\x1b[01m\x1b[K/home/a/ws_moveit2/src/MAVLink/MAVLink_gui_ros2/../MAVLink_ros2/include/mavlink/c_library_v2/common/./mavlink_msg_landing_target.h:302:360:\x1b[m\x1b[K \x1b[01;35m\x1b[Kwarning: \x1b[m\x1b[Ktaking address of packed member of \xe2\x80\x98\x1b[01m\x1b[K__mavlink_landing_target_t\x1b[m\x1b[K\xe2\x80\x99 may result in an unaligned pointer value [\x1b[01;35m\x1b[K\x1b]8;;https://gcc.gnu.org/onlinedocs/gcc/Warning-Options.html#index-Waddress-of-packed-member\x07-Waddress-of-packed-member\x1b]8;;\x07\x1b[m\x1b[K]\n'}
[2.675184] (mavlink_gui_tester) StderrLine: {'line': b'  302 | size_y, landing_target->x, landing_target->y, landing_target->z, \x1b[01;35m\x1b[Klanding_target->q\x1b[m\x1b[K, landing_target->type, landing_target->position_valid);\n'}
[2.675228] (mavlink_gui_tester) StderrLine: {'line': b'      |                                                                  \x1b[01;35m\x1b[K~~~~~~~~~~~~~~~~^\x1b[m\x1b[K\n'}
[2.675271] (mavlink_gui_tester) StderrLine: {'line': b'\n'}
[2.675314] (mavlink_gui_tester) StderrLine: {'line': b'\x1b[01m\x1b[K/home/a/ws_moveit2/src/MAVLink/MAVLink_gui_ros2/../MAVLink_ros2/include/mavlink/c_library_v2/common/./mavlink_msg_landing_target.h:\x1b[m\x1b[K In function \xe2\x80\x98\x1b[01m\x1b[Kuint16_t mavlink_msg_landing_target_encode_status(uint8_t, uint8_t, mavlink_status_t*, mavlink_message_t*, const mavlink_landing_target_t*)\x1b[m\x1b[K\xe2\x80\x99:\n'}
[2.675359] (mavlink_gui_tester) StderrLine: {'line': b'\x1b[01m\x1b[K/home/a/ws_moveit2/src/MAVLink/MAVLink_gui_ros2/../MAVLink_ros2/include/mavlink/c_library_v2/common/./mavlink_msg_landing_target.h:316:366:\x1b[m\x1b[K \x1b[01;35m\x1b[Kwarning: \x1b[m\x1b[Ktaking address of packed member of \xe2\x80\x98\x1b[01m\x1b[K__mavlink_landing_target_t\x1b[m\x1b[K\xe2\x80\x99 may result in an unaligned pointer value [\x1b[01;35m\x1b[K\x1b]8;;https://gcc.gnu.org/onlinedocs/gcc/Warning-Options.html#index-Waddress-of-packed-member\x07-Waddress-of-packed-member\x1b]8;;\x07\x1b[m\x1b[K]\n'}
[2.675403] (mavlink_gui_tester) StderrLine: {'line': b'  316 | size_y, landing_target->x, landing_target->y, landing_target->z, \x1b[01;35m\x1b[Klanding_target->q\x1b[m\x1b[K, landing_target->type, landing_target->position_valid);\n'}
[2.675445] (mavlink_gui_tester) StderrLine: {'line': b'      |                                                                  \x1b[01;35m\x1b[K~~~~~~~~~~~~~~~~^\x1b[m\x1b[K\n'}
[2.675488] (mavlink_gui_tester) StderrLine: {'line': b'\n'}
[2.688796] (mavlink_gui_tester) StderrLine: {'line': b'In file included from \x1b[01m\x1b[K/home/a/ws_moveit2/src/MAVLink/MAVLink_gui_ros2/../MAVLink_ros2/include/mavlink/c_library_v2/common/common.h:2940\x1b[m\x1b[K,\n'}
[2.689113] (mavlink_gui_tester) StderrLine: {'line': b'                 from \x1b[01m\x1b[K/home/a/ws_moveit2/src/MAVLink/MAVLink_gui_ros2/../MAVLink_ros2/include/mavlink/c_library_v2/common/mavlink.h:32\x1b[m\x1b[K,\n'}
[2.689188] (mavlink_gui_tester) StderrLine: {'line': b'                 from \x1b[01m\x1b[K/home/a/ws_moveit2/src/MAVLink/MAVLink_gui_ros2/include/mavlink_gui_tester/mavlink_gui_widget.hpp:46\x1b[m\x1b[K,\n'}
[2.689259] (mavlink_gui_tester) StderrLine: {'line': b'                 from \x1b[01m\x1b[K/home/a/ws_moveit2/src/MAVLink/MAVLink_gui_ros2/src/mavlink_gui_widget.cpp:1\x1b[m\x1b[K:\n'}
[2.689317] (mavlink_gui_tester) StderrLine: {'line': b'\x1b[01m\x1b[K/home/a/ws_moveit2/src/MAVLink/MAVLink_gui_ros2/../MAVLink_ros2/include/mavlink/c_library_v2/common/./mavlink_msg_home_position.h:\x1b[m\x1b[K In function \xe2\x80\x98\x1b[01m\x1b[Kuint16_t mavlink_msg_home_position_encode(uint8_t, uint8_t, mavlink_message_t*, const mavlink_home_position_t*)\x1b[m\x1b[K\xe2\x80\x99:\n'}
[2.689377] (mavlink_gui_tester) StderrLine: {'line': b'\x1b[01m\x1b[K/home/a/ws_moveit2/src/MAVLink/MAVLink_gui_ros2/../MAVLink_ros2/include/mavlink/c_library_v2/common/./mavlink_msg_home_position.h:268:218:\x1b[m\x1b[K \x1b[01;35m\x1b[Kwarning: \x1b[m\x1b[Ktaking address of packed member of \xe2\x80\x98\x1b[01m\x1b[K__mavlink_home_position_t\x1b[m\x1b[K\xe2\x80\x99 may result in an unaligned pointer value [\x1b[01;35m\x1b[K\x1b]8;;https://gcc.gnu.org/onlinedocs/gcc/Warning-Options.html#index-Waddress-of-packed-member\x07-Waddress-of-packed-member\x1b]8;;\x07\x1b[m\x1b[K]\n'}
[2.689434] (mavlink_gui_tester) StderrLine: {'line': b'  268 | ->altitude, home_position->x, home_position->y, home_position->z, \x1b[01;35m\x1b[Khome_position->q\x1b[m\x1b[K, home_position->approach_x, home_position->approach_y, home_position->approach_z, home_position->time_usec);\n'}
[2.689488] (mavlink_gui_tester) StderrLine: {'line': b'      |                                                                   \x1b[01;35m\x1b[K~~~~~~~~~~~~~~~^\x1b[m\x1b[K\n'}
[2.689541] (mavlink_gui_tester) StderrLine: {'line': b'\n'}
[2.689594] (mavlink_gui_tester) StderrLine: {'line': b'\x1b[01m\x1b[K/home/a/ws_moveit2/src/MAVLink/MAVLink_gui_ros2/../MAVLink_ros2/include/mavlink/c_library_v2/common/./mavlink_msg_home_position.h:\x1b[m\x1b[K In function \xe2\x80\x98\x1b[01m\x1b[Kuint16_t mavlink_msg_home_position_encode_chan(uint8_t, uint8_t, uint8_t, mavlink_message_t*, const mavlink_home_position_t*)\x1b[m\x1b[K\xe2\x80\x99:\n'}
[2.689650] (mavlink_gui_tester) StderrLine: {'line': b'\x1b[01m\x1b[K/home/a/ws_moveit2/src/MAVLink/MAVLink_gui_ros2/../MAVLink_ros2/include/mavlink/c_library_v2/common/./mavlink_msg_home_position.h:282:229:\x1b[m\x1b[K \x1b[01;35m\x1b[Kwarning: \x1b[m\x1b[Ktaking address of packed member of \xe2\x80\x98\x1b[01m\x1b[K__mavlink_home_position_t\x1b[m\x1b[K\xe2\x80\x99 may result in an unaligned pointer value [\x1b[01;35m\x1b[K\x1b]8;;https://gcc.gnu.org/onlinedocs/gcc/Warning-Options.html#index-Waddress-of-packed-member\x07-Waddress-of-packed-member\x1b]8;;\x07\x1b[m\x1b[K]\n'}
[2.689708] (mavlink_gui_tester) StderrLine: {'line': b'  282 | ->altitude, home_position->x, home_position->y, home_position->z, \x1b[01;35m\x1b[Khome_position->q\x1b[m\x1b[K, home_position->approach_x, home_position->approach_y, home_position->approach_z, home_position->time_usec);\n'}
[2.690034] (mavlink_gui_tester) StderrLine: {'line': b'      |                                                                   \x1b[01;35m\x1b[K~~~~~~~~~~~~~~~^\x1b[m\x1b[K\n'}
[2.690114] (mavlink_gui_tester) StderrLine: {'line': b'\n'}
[2.690172] (mavlink_gui_tester) StderrLine: {'line': b'\x1b[01m\x1b[K/home/a/ws_moveit2/src/MAVLink/MAVLink_gui_ros2/../MAVLink_ros2/include/mavlink/c_library_v2/common/./mavlink_msg_home_position.h:\x1b[m\x1b[K In function \xe2\x80\x98\x1b[01m\x1b[Kuint16_t mavlink_msg_home_position_encode_status(uint8_t, uint8_t, mavlink_status_t*, mavlink_message_t*, const mavlink_home_position_t*)\x1b[m\x1b[K\xe2\x80\x99:\n'}
[2.690227] (mavlink_gui_tester) StderrLine: {'line': b'\x1b[01m\x1b[K/home/a/ws_moveit2/src/MAVLink/MAVLink_gui_ros2/../MAVLink_ros2/include/mavlink/c_library_v2/common/./mavlink_msg_home_position.h:296:235:\x1b[m\x1b[K \x1b[01;35m\x1b[Kwarning: \x1b[m\x1b[Ktaking address of packed member of \xe2\x80\x98\x1b[01m\x1b[K__mavlink_home_position_t\x1b[m\x1b[K\xe2\x80\x99 may result in an unaligned pointer value [\x1b[01;35m\x1b[K\x1b]8;;https://gcc.gnu.org/onlinedocs/gcc/Warning-Options.html#index-Waddress-of-packed-member\x07-Waddress-of-packed-member\x1b]8;;\x07\x1b[m\x1b[K]\n'}
[2.690326] (mavlink_gui_tester) StderrLine: {'line': b'  296 | ->altitude, home_position->x, home_position->y, home_position->z, \x1b[01;35m\x1b[Khome_position->q\x1b[m\x1b[K, home_position->approach_x, home_position->approach_y, home_position->approach_z, home_position->time_usec);\n'}
[2.690373] (mavlink_gui_tester) StderrLine: {'line': b'      |                                                                   \x1b[01;35m\x1b[K~~~~~~~~~~~~~~~^\x1b[m\x1b[K\n'}
[2.690419] (mavlink_gui_tester) StderrLine: {'line': b'\n'}
[2.690465] (mavlink_gui_tester) StderrLine: {'line': b'In file included from \x1b[01m\x1b[K/home/a/ws_moveit2/src/MAVLink/MAVLink_gui_ros2/../MAVLink_ros2/include/mavlink/c_library_v2/common/common.h:2941\x1b[m\x1b[K,\n'}
[2.690511] (mavlink_gui_tester) StderrLine: {'line': b'                 from \x1b[01m\x1b[K/home/a/ws_moveit2/src/MAVLink/MAVLink_gui_ros2/../MAVLink_ros2/include/mavlink/c_library_v2/common/mavlink.h:32\x1b[m\x1b[K,\n'}
[2.690555] (mavlink_gui_tester) StderrLine: {'line': b'                 from \x1b[01m\x1b[K/home/a/ws_moveit2/src/MAVLink/MAVLink_gui_ros2/include/mavlink_gui_tester/mavlink_gui_widget.hpp:46\x1b[m\x1b[K,\n'}
[2.690598] (mavlink_gui_tester) StderrLine: {'line': b'                 from \x1b[01m\x1b[K/home/a/ws_moveit2/src/MAVLink/MAVLink_gui_ros2/src/mavlink_gui_widget.cpp:1\x1b[m\x1b[K:\n'}
[2.690642] (mavlink_gui_tester) StderrLine: {'line': b'\x1b[01m\x1b[K/home/a/ws_moveit2/src/MAVLink/MAVLink_gui_ros2/../MAVLink_ros2/include/mavlink/c_library_v2/common/./mavlink_msg_set_home_position.h:\x1b[m\x1b[K In function \xe2\x80\x98\x1b[01m\x1b[Kuint16_t mavlink_msg_set_home_position_encode(uint8_t, uint8_t, mavlink_message_t*, const mavlink_set_home_position_t*)\x1b[m\x1b[K\xe2\x80\x99:\n'}
[2.690690] (mavlink_gui_tester) StderrLine: {'line': b'\x1b[01m\x1b[K/home/a/ws_moveit2/src/MAVLink/MAVLink_gui_ros2/../MAVLink_ros2/include/mavlink/c_library_v2/common/./mavlink_msg_set_home_position.h:264:284:\x1b[m\x1b[K \x1b[01;35m\x1b[Kwarning: \x1b[m\x1b[Ktaking address of packed member of \xe2\x80\x98\x1b[01m\x1b[K__mavlink_set_home_position_t\x1b[m\x1b[K\xe2\x80\x99 may result in an unaligned pointer value [\x1b[01;35m\x1b[K\x1b]8;;https://gcc.gnu.org/onlinedocs/gcc/Warning-Options.html#index-Waddress-of-packed-member\x07-Waddress-of-packed-member\x1b]8;;\x07\x1b[m\x1b[K]\n'}
[2.690737] (mavlink_gui_tester) StderrLine: {'line': b'  264 | home_position->x, set_home_position->y, set_home_position->z, \x1b[01;35m\x1b[Kset_home_position->q\x1b[m\x1b[K, set_home_position->approach_x, set_home_position->approach_y, set_home_position->approach_z, set_home_position->time_usec);\n'}
[2.690790] (mavlink_gui_tester) StderrLine: {'line': b'      |                                                               \x1b[01;35m\x1b[K~~~~~~~~~~~~~~~~~~~^\x1b[m\x1b[K\n'}
[2.690835] (mavlink_gui_tester) StderrLine: {'line': b'\n'}
[2.690878] (mavlink_gui_tester) StderrLine: {'line': b'\x1b[01m\x1b[K/home/a/ws_moveit2/src/MAVLink/MAVLink_gui_ros2/../MAVLink_ros2/include/mavlink/c_library_v2/common/./mavlink_msg_set_home_position.h:\x1b[m\x1b[K In function \xe2\x80\x98\x1b[01m\x1b[Kuint16_t mavlink_msg_set_home_position_encode_chan(uint8_t, uint8_t, uint8_t, mavlink_message_t*, const mavlink_set_home_position_t*)\x1b[m\x1b[K\xe2\x80\x99:\n'}
[2.690924] (mavlink_gui_tester) StderrLine: {'line': b'\x1b[01m\x1b[K/home/a/ws_moveit2/src/MAVLink/MAVLink_gui_ros2/../MAVLink_ros2/include/mavlink/c_library_v2/common/./mavlink_msg_set_home_position.h:278:295:\x1b[m\x1b[K \x1b[01;35m\x1b[Kwarning: \x1b[m\x1b[Ktaking address of packed member of \xe2\x80\x98\x1b[01m\x1b[K__mavlink_set_home_position_t\x1b[m\x1b[K\xe2\x80\x99 may result in an unaligned pointer value [\x1b[01;35m\x1b[K\x1b]8;;https://gcc.gnu.org/onlinedocs/gcc/Warning-Options.html#index-Waddress-of-packed-member\x07-Waddress-of-packed-member\x1b]8;;\x07\x1b[m\x1b[K]\n'}
[2.690973] (mavlink_gui_tester) StderrLine: {'line': b'  278 | home_position->x, set_home_position->y, set_home_position->z, \x1b[01;35m\x1b[Kset_home_position->q\x1b[m\x1b[K, set_home_position->approach_x, set_home_position->approach_y, set_home_position->approach_z, set_home_position->time_usec);\n'}
[2.691020] (mavlink_gui_tester) StderrLine: {'line': b'      |                                                               \x1b[01;35m\x1b[K~~~~~~~~~~~~~~~~~~~^\x1b[m\x1b[K\n'}
[2.691063] (mavlink_gui_tester) StderrLine: {'line': b'\n'}
[2.691107] (mavlink_gui_tester) StderrLine: {'line': b'\x1b[01m\x1b[K/home/a/ws_moveit2/src/MAVLink/MAVLink_gui_ros2/../MAVLink_ros2/include/mavlink/c_library_v2/common/./mavlink_msg_set_home_position.h:\x1b[m\x1b[K In function \xe2\x80\x98\x1b[01m\x1b[Kuint16_t mavlink_msg_set_home_position_encode_status(uint8_t, uint8_t, mavlink_status_t*, mavlink_message_t*, const mavlink_set_home_position_t*)\x1b[m\x1b[K\xe2\x80\x99:\n'}
[2.691155] (mavlink_gui_tester) StderrLine: {'line': b'\x1b[01m\x1b[K/home/a/ws_moveit2/src/MAVLink/MAVLink_gui_ros2/../MAVLink_ros2/include/mavlink/c_library_v2/common/./mavlink_msg_set_home_position.h:292:301:\x1b[m\x1b[K \x1b[01;35m\x1b[Kwarning: \x1b[m\x1b[Ktaking address of packed member of \xe2\x80\x98\x1b[01m\x1b[K__mavlink_set_home_position_t\x1b[m\x1b[K\xe2\x80\x99 may result in an unaligned pointer value [\x1b[01;35m\x1b[K\x1b]8;;https://gcc.gnu.org/onlinedocs/gcc/Warning-Options.html#index-Waddress-of-packed-member\x07-Waddress-of-packed-member\x1b]8;;\x07\x1b[m\x1b[K]\n'}
[2.691200] (mavlink_gui_tester) StderrLine: {'line': b'  292 | home_position->x, set_home_position->y, set_home_position->z, \x1b[01;35m\x1b[Kset_home_position->q\x1b[m\x1b[K, set_home_position->approach_x, set_home_position->approach_y, set_home_position->approach_z, set_home_position->time_usec);\n'}
[2.691245] (mavlink_gui_tester) StderrLine: {'line': b'      |                                                               \x1b[01;35m\x1b[K~~~~~~~~~~~~~~~~~~~^\x1b[m\x1b[K\n'}
[2.691288] (mavlink_gui_tester) StderrLine: {'line': b'\n'}
[2.708841] (-) TimerEvent: {}
[2.720086] (mavlink_gui_tester) StderrLine: {'line': b'In file included from \x1b[01m\x1b[K/home/a/ws_moveit2/src/MAVLink/MAVLink_gui_ros2/../MAVLink_ros2/include/mavlink/c_library_v2/common/common.h:2978\x1b[m\x1b[K,\n'}
[2.720230] (mavlink_gui_tester) StderrLine: {'line': b'                 from \x1b[01m\x1b[K/home/a/ws_moveit2/src/MAVLink/MAVLink_gui_ros2/../MAVLink_ros2/include/mavlink/c_library_v2/common/mavlink.h:32\x1b[m\x1b[K,\n'}
[2.720300] (mavlink_gui_tester) StderrLine: {'line': b'                 from \x1b[01m\x1b[K/home/a/ws_moveit2/src/MAVLink/MAVLink_gui_ros2/include/mavlink_gui_tester/mavlink_gui_widget.hpp:46\x1b[m\x1b[K,\n'}
[2.720361] (mavlink_gui_tester) StderrLine: {'line': b'                 from \x1b[01m\x1b[K/home/a/ws_moveit2/src/MAVLink/MAVLink_gui_ros2/src/mavlink_gui_widget.cpp:1\x1b[m\x1b[K:\n'}
[2.720418] (mavlink_gui_tester) StderrLine: {'line': b'\x1b[01m\x1b[K/home/a/ws_moveit2/src/MAVLink/MAVLink_gui_ros2/../MAVLink_ros2/include/mavlink/c_library_v2/common/./mavlink_msg_autopilot_state_for_gimbal_device.h:\x1b[m\x1b[K In function \xe2\x80\x98\x1b[01m\x1b[Kuint16_t mavlink_msg_autopilot_state_for_gimbal_device_encode(uint8_t, uint8_t, mavlink_message_t*, const mavlink_autopilot_state_for_gimbal_device_t*)\x1b[m\x1b[K\xe2\x80\x99:\n'}
[2.720487] (mavlink_gui_tester) StderrLine: {'line': b'\x1b[01m\x1b[K/home/a/ws_moveit2/src/MAVLink/MAVLink_gui_ros2/../MAVLink_ros2/include/mavlink/c_library_v2/common/./mavlink_msg_autopilot_state_for_gimbal_device.h:276:280:\x1b[m\x1b[K \x1b[01;35m\x1b[Kwarning: \x1b[m\x1b[Ktaking address of packed member of \xe2\x80\x98\x1b[01m\x1b[K__mavlink_autopilot_state_for_gimbal_device_t\x1b[m\x1b[K\xe2\x80\x99 may result in an unaligned pointer value [\x1b[01;35m\x1b[K\x1b]8;;https://gcc.gnu.org/onlinedocs/gcc/Warning-Options.html#index-Waddress-of-packed-member\x07-Waddress-of-packed-member\x1b]8;;\x07\x1b[m\x1b[K]\n'}
[2.720548] (mavlink_gui_tester) StderrLine: {'line': b'  276 | opilot_state_for_gimbal_device->time_boot_us, \x1b[01;35m\x1b[Kautopilot_state_for_gimbal_device->q\x1b[m\x1b[K, autopilot_state_for_gimbal_device->q_estimated_delay_us, autopilot_state_for_gimbal_device->vx, autopilot_state_for_gimbal_device->vy, autopilot_state_for_gimbal_device->vz, autopilot_state_for_gimbal_device->v_estimated_delay_us, autopilot_state_for_gimbal_device->feed_forward_angular_velocity_z, autopilot_state_for_gimbal_device->estimator_status, autopilot_state_for_gimbal_device->landed_state, autopilot_state_for_gimbal_device->angular_velocity_z);\n'}
[2.720608] (mavlink_gui_tester) StderrLine: {'line': b'      |                                               \x1b[01;35m\x1b[K~~~~~~~~~~~~~~~~~~~~~~~~~~~~~~~~~~~^\x1b[m\x1b[K\n'}
[2.720855] (mavlink_gui_tester) StderrLine: {'line': b'\n'}
[2.720977] (mavlink_gui_tester) StderrLine: {'line': b'In file included from \x1b[01m\x1b[K/home/a/ws_moveit2/src/MAVLink/MAVLink_gui_ros2/../MAVLink_ros2/include/mavlink/c_library_v2/common/common.h:2978\x1b[m\x1b[K,\n'}
[2.721045] (mavlink_gui_tester) StderrLine: {'line': b'                 from \x1b[01m\x1b[K/home/a/ws_moveit2/src/MAVLink/MAVLink_gui_ros2/../MAVLink_ros2/include/mavlink/c_library_v2/common/mavlink.h:32\x1b[m\x1b[K,\n'}
[2.721102] (mavlink_gui_tester) StderrLine: {'line': b'                 from \x1b[01m\x1b[K/home/a/ws_moveit2/src/MAVLink/MAVLink_gui_ros2/include/mavlink_gui_tester/mavlink_gui_widget.hpp:46\x1b[m\x1b[K,\n'}
[2.721158] (mavlink_gui_tester) StderrLine: {'line': b'                 from \x1b[01m\x1b[K/home/a/ws_moveit2/src/MAVLink/MAVLink_gui_ros2/src/mavlink_gui_widget.cpp:1\x1b[m\x1b[K:\n'}
[2.721212] (mavlink_gui_tester) StderrLine: {'line': b'\x1b[01m\x1b[K/home/a/ws_moveit2/src/MAVLink/MAVLink_gui_ros2/../MAVLink_ros2/include/mavlink/c_library_v2/common/./mavlink_msg_autopilot_state_for_gimbal_device.h:\x1b[m\x1b[K In function \xe2\x80\x98\x1b[01m\x1b[Kuint16_t mavlink_msg_autopilot_state_for_gimbal_device_encode_chan(uint8_t, uint8_t, uint8_t, mavlink_message_t*, const mavlink_autopilot_state_for_gimbal_device_t*)\x1b[m\x1b[K\xe2\x80\x99:\n'}
[2.721280] (mavlink_gui_tester) StderrLine: {'line': b'\x1b[01m\x1b[K/home/a/ws_moveit2/src/MAVLink/MAVLink_gui_ros2/../MAVLink_ros2/include/mavlink/c_library_v2/common/./mavlink_msg_autopilot_state_for_gimbal_device.h:290:291:\x1b[m\x1b[K \x1b[01;35m\x1b[Kwarning: \x1b[m\x1b[Ktaking address of packed member of \xe2\x80\x98\x1b[01m\x1b[K__mavlink_autopilot_state_for_gimbal_device_t\x1b[m\x1b[K\xe2\x80\x99 may result in an unaligned pointer value [\x1b[01;35m\x1b[K\x1b]8;;https://gcc.gnu.org/onlinedocs/gcc/Warning-Options.html#index-Waddress-of-packed-member\x07-Waddress-of-packed-member\x1b]8;;\x07\x1b[m\x1b[K]\n'}
[2.721346] (mavlink_gui_tester) StderrLine: {'line': b'  290 | opilot_state_for_gimbal_device->time_boot_us, \x1b[01;35m\x1b[Kautopilot_state_for_gimbal_device->q\x1b[m\x1b[K, autopilot_state_for_gimbal_device->q_estimated_delay_us, autopilot_state_for_gimbal_device->vx, autopilot_state_for_gimbal_device->vy, autopilot_state_for_gimbal_device->vz, autopilot_state_for_gimbal_device->v_estimated_delay_us, autopilot_state_for_gimbal_device->feed_forward_angular_velocity_z, autopilot_state_for_gimbal_device->estimator_status, autopilot_state_for_gimbal_device->landed_state, autopilot_state_for_gimbal_device->angular_velocity_z);\n'}
[2.721403] (mavlink_gui_tester) StderrLine: {'line': b'      |                                               \x1b[01;35m\x1b[K~~~~~~~~~~~~~~~~~~~~~~~~~~~~~~~~~~~^\x1b[m\x1b[K\n'}
[2.721455] (mavlink_gui_tester) StderrLine: {'line': b'\n'}
[2.721508] (mavlink_gui_tester) StderrLine: {'line': b'In file included from \x1b[01m\x1b[K/home/a/ws_moveit2/src/MAVLink/MAVLink_gui_ros2/../MAVLink_ros2/include/mavlink/c_library_v2/common/common.h:2978\x1b[m\x1b[K,\n'}
[2.721560] (mavlink_gui_tester) StderrLine: {'line': b'                 from \x1b[01m\x1b[K/home/a/ws_moveit2/src/MAVLink/MAVLink_gui_ros2/../MAVLink_ros2/include/mavlink/c_library_v2/common/mavlink.h:32\x1b[m\x1b[K,\n'}
[2.721615] (mavlink_gui_tester) StderrLine: {'line': b'                 from \x1b[01m\x1b[K/home/a/ws_moveit2/src/MAVLink/MAVLink_gui_ros2/include/mavlink_gui_tester/mavlink_gui_widget.hpp:46\x1b[m\x1b[K,\n'}
[2.721670] (mavlink_gui_tester) StderrLine: {'line': b'                 from \x1b[01m\x1b[K/home/a/ws_moveit2/src/MAVLink/MAVLink_gui_ros2/src/mavlink_gui_widget.cpp:1\x1b[m\x1b[K:\n'}
[2.721718] (mavlink_gui_tester) StderrLine: {'line': b'\x1b[01m\x1b[K/home/a/ws_moveit2/src/MAVLink/MAVLink_gui_ros2/../MAVLink_ros2/include/mavlink/c_library_v2/common/./mavlink_msg_autopilot_state_for_gimbal_device.h:\x1b[m\x1b[K In function \xe2\x80\x98\x1b[01m\x1b[Kuint16_t mavlink_msg_autopilot_state_for_gimbal_device_encode_status(uint8_t, uint8_t, mavlink_status_t*, mavlink_message_t*, const mavlink_autopilot_state_for_gimbal_device_t*)\x1b[m\x1b[K\xe2\x80\x99:\n'}
[2.721764] (mavlink_gui_tester) StderrLine: {'line': b'\x1b[01m\x1b[K/home/a/ws_moveit2/src/MAVLink/MAVLink_gui_ros2/../MAVLink_ros2/include/mavlink/c_library_v2/common/./mavlink_msg_autopilot_state_for_gimbal_device.h:304:297:\x1b[m\x1b[K \x1b[01;35m\x1b[Kwarning: \x1b[m\x1b[Ktaking address of packed member of \xe2\x80\x98\x1b[01m\x1b[K__mavlink_autopilot_state_for_gimbal_device_t\x1b[m\x1b[K\xe2\x80\x99 may result in an unaligned pointer value [\x1b[01;35m\x1b[K\x1b]8;;https://gcc.gnu.org/onlinedocs/gcc/Warning-Options.html#index-Waddress-of-packed-member\x07-Waddress-of-packed-member\x1b]8;;\x07\x1b[m\x1b[K]\n'}
[2.721826] (mavlink_gui_tester) StderrLine: {'line': b'  304 | opilot_state_for_gimbal_device->time_boot_us, \x1b[01;35m\x1b[Kautopilot_state_for_gimbal_device->q\x1b[m\x1b[K, autopilot_state_for_gimbal_device->q_estimated_delay_us, autopilot_state_for_gimbal_device->vx, autopilot_state_for_gimbal_device->vy, autopilot_state_for_gimbal_device->vz, autopilot_state_for_gimbal_device->v_estimated_delay_us, autopilot_state_for_gimbal_device->feed_forward_angular_velocity_z, autopilot_state_for_gimbal_device->estimator_status, autopilot_state_for_gimbal_device->landed_state, autopilot_state_for_gimbal_device->angular_velocity_z);\n'}
[2.721872] (mavlink_gui_tester) StderrLine: {'line': b'      |                                               \x1b[01;35m\x1b[K~~~~~~~~~~~~~~~~~~~~~~~~~~~~~~~~~~~^\x1b[m\x1b[K\n'}
[2.721914] (mavlink_gui_tester) StderrLine: {'line': b'\n'}
[2.731917] (mavlink_gui_tester) StderrLine: {'line': b'In file included from \x1b[01m\x1b[K/home/a/ws_moveit2/src/MAVLink/MAVLink_gui_ros2/../MAVLink_ros2/include/mavlink/c_library_v2/common/common.h:2992\x1b[m\x1b[K,\n'}
[2.732057] (mavlink_gui_tester) StderrLine: {'line': b'                 from \x1b[01m\x1b[K/home/a/ws_moveit2/src/MAVLink/MAVLink_gui_ros2/../MAVLink_ros2/include/mavlink/c_library_v2/common/mavlink.h:32\x1b[m\x1b[K,\n'}
[2.732126] (mavlink_gui_tester) StderrLine: {'line': b'                 from \x1b[01m\x1b[K/home/a/ws_moveit2/src/MAVLink/MAVLink_gui_ros2/include/mavlink_gui_tester/mavlink_gui_widget.hpp:46\x1b[m\x1b[K,\n'}
[2.732184] (mavlink_gui_tester) StderrLine: {'line': b'                 from \x1b[01m\x1b[K/home/a/ws_moveit2/src/MAVLink/MAVLink_gui_ros2/src/mavlink_gui_widget.cpp:1\x1b[m\x1b[K:\n'}
[2.732241] (mavlink_gui_tester) StderrLine: {'line': b'\x1b[01m\x1b[K/home/a/ws_moveit2/src/MAVLink/MAVLink_gui_ros2/../MAVLink_ros2/include/mavlink/c_library_v2/common/./mavlink_msg_obstacle_distance.h:\x1b[m\x1b[K In function \xe2\x80\x98\x1b[01m\x1b[Kuint16_t mavlink_msg_obstacle_distance_encode(uint8_t, uint8_t, mavlink_message_t*, const mavlink_obstacle_distance_t*)\x1b[m\x1b[K\xe2\x80\x99:\n'}
[2.732311] (mavlink_gui_tester) StderrLine: {'line': b'\x1b[01m\x1b[K/home/a/ws_moveit2/src/MAVLink/MAVLink_gui_ros2/../MAVLink_ros2/include/mavlink/c_library_v2/common/./mavlink_msg_obstacle_distance.h:228:158:\x1b[m\x1b[K \x1b[01;35m\x1b[Kwarning: \x1b[m\x1b[Ktaking address of packed member of \xe2\x80\x98\x1b[01m\x1b[K__mavlink_obstacle_distance_t\x1b[m\x1b[K\xe2\x80\x99 may result in an unaligned pointer value [\x1b[01;35m\x1b[K\x1b]8;;https://gcc.gnu.org/onlinedocs/gcc/Warning-Options.html#index-Waddress-of-packed-member\x07-Waddress-of-packed-member\x1b]8;;\x07\x1b[m\x1b[K]\n'}
[2.732633] (mavlink_gui_tester) StderrLine: {'line': b'  228 | obstacle_distance->time_usec, obstacle_distance->sensor_type, \x1b[01;35m\x1b[Kobstacle_distance->distances\x1b[m\x1b[K, obstacle_distance->increment, obstacle_distance->min_distance, obstacle_distance->max_distance, obstacle_distance->increment_f, obstacle_distance->angle_offset, obstacle_distance->frame);\n'}
[2.732711] (mavlink_gui_tester) StderrLine: {'line': b'      |                                                               \x1b[01;35m\x1b[K~~~~~~~~~~~~~~~~~~~^~~~~~~~~\x1b[m\x1b[K\n'}
[2.732786] (mavlink_gui_tester) StderrLine: {'line': b'\n'}
[2.732853] (mavlink_gui_tester) StderrLine: {'line': b'\x1b[01m\x1b[K/home/a/ws_moveit2/src/MAVLink/MAVLink_gui_ros2/../MAVLink_ros2/include/mavlink/c_library_v2/common/./mavlink_msg_obstacle_distance.h:\x1b[m\x1b[K In function \xe2\x80\x98\x1b[01m\x1b[Kuint16_t mavlink_msg_obstacle_distance_encode_chan(uint8_t, uint8_t, uint8_t, mavlink_message_t*, const mavlink_obstacle_distance_t*)\x1b[m\x1b[K\xe2\x80\x99:\n'}
[2.732913] (mavlink_gui_tester) StderrLine: {'line': b'\x1b[01m\x1b[K/home/a/ws_moveit2/src/MAVLink/MAVLink_gui_ros2/../MAVLink_ros2/include/mavlink/c_library_v2/common/./mavlink_msg_obstacle_distance.h:242:169:\x1b[m\x1b[K \x1b[01;35m\x1b[Kwarning: \x1b[m\x1b[Ktaking address of packed member of \xe2\x80\x98\x1b[01m\x1b[K__mavlink_obstacle_distance_t\x1b[m\x1b[K\xe2\x80\x99 may result in an unaligned pointer value [\x1b[01;35m\x1b[K\x1b]8;;https://gcc.gnu.org/onlinedocs/gcc/Warning-Options.html#index-Waddress-of-packed-member\x07-Waddress-of-packed-member\x1b]8;;\x07\x1b[m\x1b[K]\n'}
[2.732977] (mavlink_gui_tester) StderrLine: {'line': b'  242 | obstacle_distance->time_usec, obstacle_distance->sensor_type, \x1b[01;35m\x1b[Kobstacle_distance->distances\x1b[m\x1b[K, obstacle_distance->increment, obstacle_distance->min_distance, obstacle_distance->max_distance, obstacle_distance->increment_f, obstacle_distance->angle_offset, obstacle_distance->frame);\n'}
[2.733033] (mavlink_gui_tester) StderrLine: {'line': b'      |                                                               \x1b[01;35m\x1b[K~~~~~~~~~~~~~~~~~~~^~~~~~~~~\x1b[m\x1b[K\n'}
[2.733086] (mavlink_gui_tester) StderrLine: {'line': b'\n'}
[2.733140] (mavlink_gui_tester) StderrLine: {'line': b'\x1b[01m\x1b[K/home/a/ws_moveit2/src/MAVLink/MAVLink_gui_ros2/../MAVLink_ros2/include/mavlink/c_library_v2/common/./mavlink_msg_obstacle_distance.h:\x1b[m\x1b[K In function \xe2\x80\x98\x1b[01m\x1b[Kuint16_t mavlink_msg_obstacle_distance_encode_status(uint8_t, uint8_t, mavlink_status_t*, mavlink_message_t*, const mavlink_obstacle_distance_t*)\x1b[m\x1b[K\xe2\x80\x99:\n'}
[2.733196] (mavlink_gui_tester) StderrLine: {'line': b'\x1b[01m\x1b[K/home/a/ws_moveit2/src/MAVLink/MAVLink_gui_ros2/../MAVLink_ros2/include/mavlink/c_library_v2/common/./mavlink_msg_obstacle_distance.h:256:175:\x1b[m\x1b[K \x1b[01;35m\x1b[Kwarning: \x1b[m\x1b[Ktaking address of packed member of \xe2\x80\x98\x1b[01m\x1b[K__mavlink_obstacle_distance_t\x1b[m\x1b[K\xe2\x80\x99 may result in an unaligned pointer value [\x1b[01;35m\x1b[K\x1b]8;;https://gcc.gnu.org/onlinedocs/gcc/Warning-Options.html#index-Waddress-of-packed-member\x07-Waddress-of-packed-member\x1b]8;;\x07\x1b[m\x1b[K]\n'}
[2.733252] (mavlink_gui_tester) StderrLine: {'line': b'  256 | obstacle_distance->time_usec, obstacle_distance->sensor_type, \x1b[01;35m\x1b[Kobstacle_distance->distances\x1b[m\x1b[K, obstacle_distance->increment, obstacle_distance->min_distance, obstacle_distance->max_distance, obstacle_distance->increment_f, obstacle_distance->angle_offset, obstacle_distance->frame);\n'}
[2.733306] (mavlink_gui_tester) StderrLine: {'line': b'      |                                                               \x1b[01;35m\x1b[K~~~~~~~~~~~~~~~~~~~^~~~~~~~~\x1b[m\x1b[K\n'}
[2.733351] (mavlink_gui_tester) StderrLine: {'line': b'\n'}
[2.808984] (-) TimerEvent: {}
[2.909331] (-) TimerEvent: {}
[3.009676] (-) TimerEvent: {}
[3.110027] (-) TimerEvent: {}
[3.210408] (-) TimerEvent: {}
[3.310840] (-) TimerEvent: {}
[3.411261] (-) TimerEvent: {}
[3.511629] (-) TimerEvent: {}
[3.611979] (-) TimerEvent: {}
[3.712288] (-) TimerEvent: {}
[3.812599] (-) TimerEvent: {}
[3.912933] (-) TimerEvent: {}
[4.013348] (-) TimerEvent: {}
[4.080345] (mavlink_gui_tester) StdoutLine: {'line': b'[ 37%] \x1b[32m\x1b[1mLinking CXX executable mavlink_gui_tester_node\x1b[0m\n'}
[4.113497] (-) TimerEvent: {}
[4.213899] (-) TimerEvent: {}
[4.314395] (-) TimerEvent: {}
[4.414905] (-) TimerEvent: {}
[4.515414] (-) TimerEvent: {}
[4.615927] (-) TimerEvent: {}
[4.716442] (-) TimerEvent: {}
[4.816960] (-) TimerEvent: {}
[4.917487] (-) TimerEvent: {}
[5.000023] (mavlink_gui_tester) StdoutLine: {'line': b'[100%] Built target mavlink_gui_tester_node\n'}
[5.014435] (mavlink_gui_tester) CommandEnded: {'returncode': 0}
[5.015364] (mavlink_gui_tester) JobProgress: {'identifier': 'mavlink_gui_tester', 'progress': 'install'}
[5.017531] (-) TimerEvent: {}
[5.028708] (mavlink_gui_tester) Command: {'cmd': ['/usr/bin/cmake', '--install', '/home/a/ws_moveit2/build/mavlink_gui_tester'], 'cwd': '/home/a/ws_moveit2/build/mavlink_gui_tester', 'env': OrderedDict([('GJS_DEBUG_TOPICS', 'JS ERROR;JS LOG'), ('LESSOPEN', '| /usr/bin/lesspipe %s'), ('USER', 'a'), ('XDG_SESSION_TYPE', 'wayland'), ('SHLVL', '1'), ('LD_LIBRARY_PATH', '/home/a/ws_moveit2/install/trac_ik_kinematics_plugin/lib:/home/a/ws_moveit2/install/trac_ik_lib/lib:/home/a/ws_moveit2/install/stm32_mavlink_interface/lib:/home/a/ws_moveit2/install/right_arm_ikfast_plugin/lib:/home/a/ws_moveit2/install/pilz_industrial_motion_planner_testutils/lib:/home/a/ws_moveit2/install/pilz_industrial_motion_planner/lib:/home/a/ws_moveit2/install/moveit_visual_tools/lib:/home/a/ws_moveit2/install/moveit_task_constructor_visualization/lib:/home/a/ws_moveit2/install/moveit_task_constructor_demo/lib:/home/a/ws_moveit2/install/moveit_task_constructor_capabilities/lib:/home/a/ws_moveit2/install/moveit_task_constructor_core/lib:/home/a/ws_moveit2/install/moveit_ros_control_interface/lib:/home/a/ws_moveit2/install/moveit_simple_controller_manager/lib:/home/a/ws_moveit2/install/moveit_setup_assistant/lib:/home/a/ws_moveit2/install/moveit_setup_srdf_plugins/lib:/home/a/ws_moveit2/install/moveit_setup_core_plugins/lib:/home/a/ws_moveit2/install/moveit_setup_controllers/lib:/home/a/ws_moveit2/install/moveit_setup_app_plugins/lib:/home/a/ws_moveit2/install/moveit_setup_framework/lib:/home/a/ws_moveit2/install/moveit_servo/lib:/home/a/ws_moveit2/install/moveit_ros_visualization/lib:/home/a/ws_moveit2/install/moveit_hybrid_planning/lib:/home/a/ws_moveit2/install/moveit_ros_planning_interface/lib:/home/a/ws_moveit2/install/moveit_ros_benchmarks/lib:/home/a/ws_moveit2/install/moveit_ros_warehouse/lib:/home/a/ws_moveit2/install/moveit_ros_robot_interaction/lib:/home/a/ws_moveit2/install/moveit_ros_perception/lib:/home/a/ws_moveit2/install/moveit_ros_move_group/lib:/home/a/ws_moveit2/install/moveit_planners_ompl/lib:/home/a/ws_moveit2/install/left_arm_ikfast_plugin/lib:/home/a/ws_moveit2/install/moveit_ros_planning/lib:/home/a/ws_moveit2/install/moveit_ros_occupancy_map_monitor/lib:/home/a/ws_moveit2/install/moveit_resources_prbt_ikfast_manipulator_plugin/lib:/home/a/ws_moveit2/install/moveit_planners_chomp/lib:/home/a/ws_moveit2/install/moveit_kinematics/lib:/home/a/ws_moveit2/install/moveit_chomp_optimizer_adapter/lib:/home/a/ws_moveit2/install/chomp_motion_planner/lib:/home/a/ws_moveit2/install/moveit_core/lib:/home/a/ws_moveit2/install/srdfdom/lib:/home/a/ws_moveit2/install/rviz_marker_tools/lib:/home/a/ws_moveit2/install/rosparam_shortcuts/lib:/home/a/ws_moveit2/install/realsense2_camera/lib:/home/a/ws_moveit2/install/realsense2_camera_msgs/lib:/home/a/ws_moveit2/install/moveit_task_constructor_msgs/lib:/home/a/ws_moveit2/install/dynamixel_sdk_custom_interfaces/lib:/home/a/ws_moveit2/install/dynamixel_controller/lib:/home/a/ws_moveit2/install/dynamixel_sdk/lib:/usr/lib/x86_64-linux-gnu/gazebo-11/plugins:/opt/ros/humble/opt/rviz_ogre_vendor/lib:/opt/ros/humble/lib/x86_64-linux-gnu:/opt/ros/humble/lib'), ('HOME', '/home/a'), ('OLDPWD', '/home/a/ws_moveit2/src/MAVLink'), ('DESKTOP_SESSION', 'ubuntu'), ('NVM_BIN', '/home/a/.nvm/versions/node/v22.18.0/bin'), ('NVM_INC', '/home/a/.nvm/versions/node/v22.18.0/include/node'), ('GIO_LAUNCHED_DESKTOP_FILE', '/usr/share/applications/terminator.desktop'), ('ROS_PYTHON_VERSION', '3'), ('GNOME_SHELL_SESSION_MODE', 'ubuntu'), ('GTK_MODULES', 'gail:atk-bridge'), ('MANAGERPID', '1213'), ('SYSTEMD_EXEC_PID', '1445'), ('DBUS_SESSION_BUS_ADDRESS', 'unix:path=/run/user/1000/bus'), ('COLORTERM', 'truecolor'), ('TERMINATOR_DBUS_NAME', 'net.tenshu.Terminator25ef4b219e3b005583550f2b0f9f990c3'), ('GIO_LAUNCHED_DESKTOP_FILE_PID', '3048'), ('NVM_DIR', '/home/a/.nvm'), ('IM_CONFIG_PHASE', '1'), ('WAYLAND_DISPLAY', 'wayland-0'), ('COLCON_PREFIX_PATH', '/home/a/ws_moveit2/install'), ('ROS_DISTRO', 'humble'), ('LOGNAME', 'a'), ('JOURNAL_STREAM', '8:3514'), ('_', '/usr/bin/colcon'), ('ROS_VERSION', '2'), ('XDG_SESSION_CLASS', 'user'), ('USERNAME', 'a'), ('TERM', 'xterm-256color'), ('GNOME_DESKTOP_SESSION_ID', 'this-is-deprecated'), ('ROS_LOCALHOST_ONLY', '0'), ('PATH', '/home/a/ws_moveit2/install/moveit_core/bin:/home/a/.nvm/versions/node/v22.18.0/bin:/opt/ros/humble/bin:/home/a/.local/bin:/usr/local/sbin:/usr/local/bin:/usr/sbin:/usr/bin:/sbin:/bin:/usr/games:/usr/local/games:/snap/bin:/snap/bin'), ('SESSION_MANAGER', 'local/a:@/tmp/.ICE-unix/1406,unix/a:/tmp/.ICE-unix/1406'), ('INVOCATION_ID', 'a100030f866a48708cf7905c543bcf13'), ('XDG_MENU_PREFIX', 'gnome-'), ('GNOME_SETUP_DISPLAY', ':1'), ('XDG_RUNTIME_DIR', '/run/user/1000'), ('DISPLAY', ':0'), ('TERMINATOR_DBUS_PATH', '/net/tenshu/Terminator2'), ('LANG', 'en_US.UTF-8'), ('XDG_CURRENT_DESKTOP', 'ubuntu:GNOME'), ('XMODIFIERS', '@im=ibus'), ('XDG_SESSION_DESKTOP', 'ubuntu'), ('XAUTHORITY', '/run/user/1000/.mutter-Xwaylandauth.4WBWC3'), ('LS_COLORS', 'rs=0:di=01;34:ln=01;36:mh=00:pi=40;33:so=01;35:do=01;35:bd=40;33;01:cd=40;33;01:or=40;31;01:mi=00:su=37;41:sg=30;43:ca=30;41:tw=30;42:ow=34;42:st=37;44:ex=01;32:*.tar=01;31:*.tgz=01;31:*.arc=01;31:*.arj=01;31:*.taz=01;31:*.lha=01;31:*.lz4=01;31:*.lzh=01;31:*.lzma=01;31:*.tlz=01;31:*.txz=01;31:*.tzo=01;31:*.t7z=01;31:*.zip=01;31:*.z=01;31:*.dz=01;31:*.gz=01;31:*.lrz=01;31:*.lz=01;31:*.lzo=01;31:*.xz=01;31:*.zst=01;31:*.tzst=01;31:*.bz2=01;31:*.bz=01;31:*.tbz=01;31:*.tbz2=01;31:*.tz=01;31:*.deb=01;31:*.rpm=01;31:*.jar=01;31:*.war=01;31:*.ear=01;31:*.sar=01;31:*.rar=01;31:*.alz=01;31:*.ace=01;31:*.zoo=01;31:*.cpio=01;31:*.7z=01;31:*.rz=01;31:*.cab=01;31:*.wim=01;31:*.swm=01;31:*.dwm=01;31:*.esd=01;31:*.jpg=01;35:*.jpeg=01;35:*.mjpg=01;35:*.mjpeg=01;35:*.gif=01;35:*.bmp=01;35:*.pbm=01;35:*.pgm=01;35:*.ppm=01;35:*.tga=01;35:*.xbm=01;35:*.xpm=01;35:*.tif=01;35:*.tiff=01;35:*.png=01;35:*.svg=01;35:*.svgz=01;35:*.mng=01;35:*.pcx=01;35:*.mov=01;35:*.mpg=01;35:*.mpeg=01;35:*.m2v=01;35:*.mkv=01;35:*.webm=01;35:*.webp=01;35:*.ogm=01;35:*.mp4=01;35:*.m4v=01;35:*.mp4v=01;35:*.vob=01;35:*.qt=01;35:*.nuv=01;35:*.wmv=01;35:*.asf=01;35:*.rm=01;35:*.rmvb=01;35:*.flc=01;35:*.avi=01;35:*.fli=01;35:*.flv=01;35:*.gl=01;35:*.dl=01;35:*.xcf=01;35:*.xwd=01;35:*.yuv=01;35:*.cgm=01;35:*.emf=01;35:*.ogv=01;35:*.ogx=01;35:*.aac=00;36:*.au=00;36:*.flac=00;36:*.m4a=00;36:*.mid=00;36:*.midi=00;36:*.mka=00;36:*.mp3=00;36:*.mpc=00;36:*.ogg=00;36:*.ra=00;36:*.wav=00;36:*.oga=00;36:*.opus=00;36:*.spx=00;36:*.xspf=00;36:'), ('SSH_AGENT_LAUNCHER', 'gnome-keyring'), ('SSH_AUTH_SOCK', '/run/user/1000/keyring/ssh'), ('AMENT_PREFIX_PATH', '/home/a/ws_moveit2/install/urdf_0816_description:/home/a/ws_moveit2/install/trac_ik:/home/a/ws_moveit2/install/robot_config:/home/a/ws_moveit2/install/trac_ik_kinematics_plugin:/home/a/ws_moveit2/install/trac_ik_lib:/home/a/ws_moveit2/install/mavlink_controller_client:/home/a/ws_moveit2/install/stm32_mavlink_interface:/home/a/ws_moveit2/install/right_arm_ikfast_plugin:/home/a/ws_moveit2/install/pilz_industrial_motion_planner_testutils:/home/a/ws_moveit2/install/moveit_runtime:/home/a/ws_moveit2/install/moveit2_tutorials:/home/a/ws_moveit2/install/moveit:/home/a/ws_moveit2/install/moveit_planners:/home/a/ws_moveit2/install/pilz_industrial_motion_planner:/home/a/ws_moveit2/install/mtc_tutorial:/home/a/ws_moveit2/install/hello_moveit:/home/a/ws_moveit2/install/moveit_visual_tools:/home/a/ws_moveit2/install/moveit_task_constructor_visualization:/home/a/ws_moveit2/install/moveit_task_constructor_demo:/home/a/ws_moveit2/install/moveit_task_constructor_capabilities:/home/a/ws_moveit2/install/moveit_task_constructor_core:/home/a/ws_moveit2/install/moveit_ros_control_interface:/home/a/ws_moveit2/install/moveit_plugins:/home/a/ws_moveit2/install/moveit_simple_controller_manager:/home/a/ws_moveit2/install/moveit_setup_assistant:/home/a/ws_moveit2/install/moveit_setup_srdf_plugins:/home/a/ws_moveit2/install/moveit_setup_core_plugins:/home/a/ws_moveit2/install/moveit_setup_controllers:/home/a/ws_moveit2/install/moveit_setup_app_plugins:/home/a/ws_moveit2/install/moveit_setup_framework:/home/a/ws_moveit2/install/moveit_servo:/home/a/ws_moveit2/install/moveit_ros:/home/a/ws_moveit2/install/moveit_ros_visualization:/home/a/ws_moveit2/install/moveit_hybrid_planning:/home/a/ws_moveit2/install/moveit_ros_planning_interface:/home/a/ws_moveit2/install/moveit_ros_benchmarks:/home/a/ws_moveit2/install/moveit_ros_warehouse:/home/a/ws_moveit2/install/moveit_ros_robot_interaction:/home/a/ws_moveit2/install/moveit_ros_perception:/home/a/ws_moveit2/install/moveit_resources_prbt_pg70_support:/home/a/ws_moveit2/install/moveit_resources_prbt_moveit_config:/home/a/ws_moveit2/install/moveit_ros_move_group:/home/a/ws_moveit2/install/moveit_planners_ompl:/home/a/ws_moveit2/install/left_arm_ikfast_plugin:/home/a/ws_moveit2/install/moveit_ros_planning:/home/a/ws_moveit2/install/moveit_ros_occupancy_map_monitor:/home/a/ws_moveit2/install/moveit_resources_prbt_ikfast_manipulator_plugin:/home/a/ws_moveit2/install/moveit_planners_chomp:/home/a/ws_moveit2/install/moveit_kinematics:/home/a/ws_moveit2/install/moveit_chomp_optimizer_adapter:/home/a/ws_moveit2/install/chomp_motion_planner:/home/a/ws_moveit2/install/moveit_core:/home/a/ws_moveit2/install/moveit_configs_utils:/home/a/ws_moveit2/install/srdfdom:/home/a/ws_moveit2/install/rviz_marker_tools:/home/a/ws_moveit2/install/rosparam_shortcuts:/home/a/ws_moveit2/install/ros_tcp_endpoint:/home/a/ws_moveit2/install/red_seiretu_description:/home/a/ws_moveit2/install/realsense2_ros_mqtt_bridge:/home/a/ws_moveit2/install/realsense2_description:/home/a/ws_moveit2/install/realsense2_camera:/home/a/ws_moveit2/install/realsense2_camera_msgs:/home/a/ws_moveit2/install/object_description:/home/a/ws_moveit2/install/moveit_task_constructor_msgs:/home/a/ws_moveit2/install/moveit_resources_prbt_support:/home/a/ws_moveit2/install/moveit_resources:/home/a/ws_moveit2/install/moveit_resources_pr2_description:/home/a/ws_moveit2/install/moveit_resources_panda_moveit_config:/home/a/ws_moveit2/install/moveit_resources_panda_description:/home/a/ws_moveit2/install/moveit_resources_fanuc_moveit_config:/home/a/ws_moveit2/install/moveit_resources_fanuc_description:/home/a/ws_moveit2/install/moveit_common:/home/a/ws_moveit2/install/mavlink_gui_tester:/home/a/ws_moveit2/install/launch_param_builder:/home/a/ws_moveit2/install/field_description_test:/home/a/ws_moveit2/install/field_description:/home/a/ws_moveit2/install/dynamixel_sdk_examples:/home/a/ws_moveit2/install/dynamixel_sdk_custom_interfaces:/home/a/ws_moveit2/install/dynamixel_controller_gui:/home/a/ws_moveit2/install/dynamixel_controller:/home/a/ws_moveit2/install/dynamixel_sdk:/home/a/ws_moveit2/install/dynamixel_controller_client:/home/a/ws_moveit2/install/d415_rgb_depth_3d:/home/a/ws_moveit2/install/catch_gazebo_ros2_control:/home/a/ws_moveit2/install/blue_seiretu_description:/home/a/ws_moveit2/install/0525_arm_description:/opt/ros/humble'), ('SHELL', '/bin/bash'), ('TERMINATOR_UUID', 'urn:uuid:eafdab0d-8274-42e2-8fcd-57b9e3c5174e'), ('QT_ACCESSIBILITY', '1'), ('GDMSESSION', 'ubuntu'), ('LESSCLOSE', '/usr/bin/lesspipe %s %s'), ('CMAKE_MODULE_PATH', '/home/a/ws_moveit2/install/moveit_task_constructor_core/share/moveit_task_constructor_core/cmake'), ('GJS_DEBUG_OUTPUT', 'stderr'), ('QT_IM_MODULE', 'ibus'), ('PWD', '/home/a/ws_moveit2/build/mavlink_gui_tester'), ('LC_ALL', 'en_US.UTF-8'), ('XDG_CONFIG_DIRS', '/etc/xdg/xdg-ubuntu:/etc/xdg'), ('NVM_CD_FLAGS', ''), ('XDG_DATA_DIRS', '/usr/share/ubuntu:/home/a/.local/share/flatpak/exports/share:/var/lib/flatpak/exports/share:/usr/local/share/:/usr/share/:/var/lib/snapd/desktop'), ('PYTHONPATH', '/home/a/ws_moveit2/install/mavlink_controller_client/lib/python3.10/site-packages:/home/a/ws_moveit2/install/stm32_mavlink_interface/local/lib/python3.10/dist-packages:/home/a/ws_moveit2/install/moveit_task_constructor_core/local/lib/python3.10/dist-packages:/home/a/ws_moveit2/install/moveit_configs_utils/lib/python3.10/site-packages:/home/a/ws_moveit2/install/srdfdom/local/lib/python3.10/dist-packages:/home/a/ws_moveit2/install/ros_tcp_endpoint/lib/python3.10/site-packages:/home/a/ws_moveit2/install/realsense2_ros_mqtt_bridge/lib/python3.10/site-packages:/home/a/ws_moveit2/install/realsense2_camera_msgs/local/lib/python3.10/dist-packages:/home/a/ws_moveit2/install/moveit_task_constructor_msgs/local/lib/python3.10/dist-packages:/home/a/ws_moveit2/install/launch_param_builder/lib/python3.10/site-packages:/home/a/ws_moveit2/install/dynamixel_sdk_custom_interfaces/local/lib/python3.10/dist-packages:/home/a/ws_moveit2/install/dynamixel_controller_gui/lib/python3.10/site-packages:/home/a/ws_moveit2/install/dynamixel_controller/local/lib/python3.10/dist-packages:/home/a/ws_moveit2/install/dynamixel_controller_client/lib/python3.10/site-packages:/home/a/ws_moveit2/install/d415_rgb_depth_3d/lib/python3.10/site-packages:/opt/ros/humble/lib/python3.10/site-packages:/opt/ros/humble/local/lib/python3.10/dist-packages'), ('COLCON', '1'), ('VTE_VERSION', '6800'), ('CMAKE_PREFIX_PATH', '/home/a/ws_moveit2/install/urdf_0816_description:/home/a/ws_moveit2/install/trac_ik:/home/a/ws_moveit2/install/robot_config:/home/a/ws_moveit2/install/trac_ik_kinematics_plugin:/home/a/ws_moveit2/install/trac_ik_lib:/home/a/ws_moveit2/install/stm32_mavlink_interface:/home/a/ws_moveit2/install/right_arm_ikfast_plugin:/home/a/ws_moveit2/install/pilz_industrial_motion_planner_testutils:/home/a/ws_moveit2/install/moveit_runtime:/home/a/ws_moveit2/install/moveit2_tutorials:/home/a/ws_moveit2/install/moveit:/home/a/ws_moveit2/install/moveit_planners:/home/a/ws_moveit2/install/pilz_industrial_motion_planner:/home/a/ws_moveit2/install/mtc_tutorial:/home/a/ws_moveit2/install/hello_moveit:/home/a/ws_moveit2/install/moveit_visual_tools:/home/a/ws_moveit2/install/moveit_task_constructor_visualization:/home/a/ws_moveit2/install/moveit_task_constructor_demo:/home/a/ws_moveit2/install/moveit_task_constructor_capabilities:/home/a/ws_moveit2/install/moveit_task_constructor_core:/home/a/ws_moveit2/install/moveit_ros_control_interface:/home/a/ws_moveit2/install/moveit_plugins:/home/a/ws_moveit2/install/moveit_simple_controller_manager:/home/a/ws_moveit2/install/moveit_setup_assistant:/home/a/ws_moveit2/install/moveit_setup_srdf_plugins:/home/a/ws_moveit2/install/moveit_setup_core_plugins:/home/a/ws_moveit2/install/moveit_setup_controllers:/home/a/ws_moveit2/install/moveit_setup_app_plugins:/home/a/ws_moveit2/install/moveit_setup_framework:/home/a/ws_moveit2/install/moveit_servo:/home/a/ws_moveit2/install/moveit_ros:/home/a/ws_moveit2/install/moveit_ros_visualization:/home/a/ws_moveit2/install/moveit_hybrid_planning:/home/a/ws_moveit2/install/moveit_ros_planning_interface:/home/a/ws_moveit2/install/moveit_ros_benchmarks:/home/a/ws_moveit2/install/moveit_ros_warehouse:/home/a/ws_moveit2/install/moveit_ros_robot_interaction:/home/a/ws_moveit2/install/moveit_ros_perception:/home/a/ws_moveit2/install/moveit_resources_prbt_pg70_support:/home/a/ws_moveit2/install/moveit_resources_prbt_moveit_config:/home/a/ws_moveit2/install/moveit_ros_move_group:/home/a/ws_moveit2/install/moveit_planners_ompl:/home/a/ws_moveit2/install/left_arm_ikfast_plugin:/home/a/ws_moveit2/install/moveit_ros_planning:/home/a/ws_moveit2/install/moveit_ros_occupancy_map_monitor:/home/a/ws_moveit2/install/moveit_resources_prbt_ikfast_manipulator_plugin:/home/a/ws_moveit2/install/moveit_planners_chomp:/home/a/ws_moveit2/install/moveit_kinematics:/home/a/ws_moveit2/install/moveit_chomp_optimizer_adapter:/home/a/ws_moveit2/install/chomp_motion_planner:/home/a/ws_moveit2/install/moveit_core:/home/a/ws_moveit2/install/srdfdom:/home/a/ws_moveit2/install/rviz_marker_tools:/home/a/ws_moveit2/install/rosparam_shortcuts:/home/a/ws_moveit2/install/red_seiretu_description:/home/a/ws_moveit2/install/realsense2_description:/home/a/ws_moveit2/install/realsense2_camera:/home/a/ws_moveit2/install/realsense2_camera_msgs:/home/a/ws_moveit2/install/object_description:/home/a/ws_moveit2/install/moveit_task_constructor_msgs:/home/a/ws_moveit2/install/moveit_resources_prbt_support:/home/a/ws_moveit2/install/moveit_resources:/home/a/ws_moveit2/install/moveit_resources_pr2_description:/home/a/ws_moveit2/install/moveit_resources_panda_moveit_config:/home/a/ws_moveit2/install/moveit_resources_panda_description:/home/a/ws_moveit2/install/moveit_resources_fanuc_moveit_config:/home/a/ws_moveit2/install/moveit_resources_fanuc_description:/home/a/ws_moveit2/install/moveit_common:/home/a/ws_moveit2/install/mavlink_gui_tester:/home/a/ws_moveit2/install/field_description_test:/home/a/ws_moveit2/install/field_description:/home/a/ws_moveit2/install/dynamixel_sdk_examples:/home/a/ws_moveit2/install/dynamixel_sdk_custom_interfaces:/home/a/ws_moveit2/install/dynamixel_controller:/home/a/ws_moveit2/install/dynamixel_sdk:/home/a/ws_moveit2/install/catch_gazebo_ros2_control:/home/a/ws_moveit2/install/blue_seiretu_description:/home/a/ws_moveit2/install/0525_arm_description:/home/a/ws_moveit2/install/mavlink_controller_client:/home/a/ws_moveit2/install/moveit_configs_utils:/home/a/ws_moveit2/install/ros_tcp_endpoint:/home/a/ws_moveit2/install/realsense2_ros_mqtt_bridge:/home/a/ws_moveit2/install/launch_param_builder:/home/a/ws_moveit2/install/dynamixel_controller_gui:/home/a/ws_moveit2/install/dynamixel_controller_client:/home/a/ws_moveit2/install/d415_rgb_depth_3d:/opt/ros/humble')]), 'shell': False}
[5.039459] (mavlink_gui_tester) StdoutLine: {'line': b'-- Install configuration: ""\n'}
[5.039701] (mavlink_gui_tester) StdoutLine: {'line': b'-- Installing: /home/a/ws_moveit2/install/mavlink_gui_tester/lib/mavlink_gui_tester/mavlink_gui_tester_node\n'}
[5.040392] (mavlink_gui_tester) StdoutLine: {'line': b'-- Set runtime path of "/home/a/ws_moveit2/install/mavlink_gui_tester/lib/mavlink_gui_tester/mavlink_gui_tester_node" to ""\n'}
[5.040464] (mavlink_gui_tester) StdoutLine: {'line': b'-- Up-to-date: /home/a/ws_moveit2/install/mavlink_gui_tester/include/\n'}
[5.040525] (mavlink_gui_tester) StdoutLine: {'line': b'-- Up-to-date: /home/a/ws_moveit2/install/mavlink_gui_tester/include//mavlink_gui_tester\n'}
[5.040672] (mavlink_gui_tester) StdoutLine: {'line': b'-- Up-to-date: /home/a/ws_moveit2/install/mavlink_gui_tester/include//mavlink_gui_tester/line_graph_widget.hpp\n'}
[5.040735] (mavlink_gui_tester) StdoutLine: {'line': b'-- Up-to-date: /home/a/ws_moveit2/install/mavlink_gui_tester/include//mavlink_gui_tester/mavlink_gui_node.hpp\n'}
[5.040796] (mavlink_gui_tester) StdoutLine: {'line': b'-- Up-to-date: /home/a/ws_moveit2/install/mavlink_gui_tester/include//mavlink_gui_tester/mavlink_gui_widget.hpp\n'}
[5.040851] (mavlink_gui_tester) StdoutLine: {'line': b'-- Up-to-date: /home/a/ws_moveit2/install/mavlink_gui_tester/share/mavlink_gui_tester/launch/\n'}
[5.040907] (mavlink_gui_tester) StdoutLine: {'line': b'-- Up-to-date: /home/a/ws_moveit2/install/mavlink_gui_tester/share/mavlink_gui_tester/launch//mavlink_gui_tester.launch.py\n'}
[5.040952] (mavlink_gui_tester) StdoutLine: {'line': b'-- Up-to-date: /home/a/ws_moveit2/install/mavlink_gui_tester/share/ament_index/resource_index/package_run_dependencies/mavlink_gui_tester\n'}
[5.041000] (mavlink_gui_tester) StdoutLine: {'line': b'-- Up-to-date: /home/a/ws_moveit2/install/mavlink_gui_tester/share/ament_index/resource_index/parent_prefix_path/mavlink_gui_tester\n'}
[5.041123] (mavlink_gui_tester) StdoutLine: {'line': b'-- Up-to-date: /home/a/ws_moveit2/install/mavlink_gui_tester/share/mavlink_gui_tester/environment/ament_prefix_path.sh\n'}
[5.041193] (mavlink_gui_tester) StdoutLine: {'line': b'-- Up-to-date: /home/a/ws_moveit2/install/mavlink_gui_tester/share/mavlink_gui_tester/environment/ament_prefix_path.dsv\n'}
[5.041259] (mavlink_gui_tester) StdoutLine: {'line': b'-- Up-to-date: /home/a/ws_moveit2/install/mavlink_gui_tester/share/mavlink_gui_tester/environment/path.sh\n'}
[5.041329] (mavlink_gui_tester) StdoutLine: {'line': b'-- Up-to-date: /home/a/ws_moveit2/install/mavlink_gui_tester/share/mavlink_gui_tester/environment/path.dsv\n'}
[5.041401] (mavlink_gui_tester) StdoutLine: {'line': b'-- Up-to-date: /home/a/ws_moveit2/install/mavlink_gui_tester/share/mavlink_gui_tester/local_setup.bash\n'}
[5.041452] (mavlink_gui_tester) StdoutLine: {'line': b'-- Up-to-date: /home/a/ws_moveit2/install/mavlink_gui_tester/share/mavlink_gui_tester/local_setup.sh\n'}
[5.041501] (mavlink_gui_tester) StdoutLine: {'line': b'-- Up-to-date: /home/a/ws_moveit2/install/mavlink_gui_tester/share/mavlink_gui_tester/local_setup.zsh\n'}
[5.041594] (mavlink_gui_tester) StdoutLine: {'line': b'-- Up-to-date: /home/a/ws_moveit2/install/mavlink_gui_tester/share/mavlink_gui_tester/local_setup.dsv\n'}
[5.041644] (mavlink_gui_tester) StdoutLine: {'line': b'-- Installing: /home/a/ws_moveit2/install/mavlink_gui_tester/share/mavlink_gui_tester/package.dsv\n'}
[5.041687] (mavlink_gui_tester) StdoutLine: {'line': b'-- Up-to-date: /home/a/ws_moveit2/install/mavlink_gui_tester/share/ament_index/resource_index/packages/mavlink_gui_tester\n'}
[5.041776] (mavlink_gui_tester) StdoutLine: {'line': b'-- Up-to-date: /home/a/ws_moveit2/install/mavlink_gui_tester/share/mavlink_gui_tester/cmake/mavlink_gui_testerConfig.cmake\n'}
[5.041884] (mavlink_gui_tester) StdoutLine: {'line': b'-- Up-to-date: /home/a/ws_moveit2/install/mavlink_gui_tester/share/mavlink_gui_tester/cmake/mavlink_gui_testerConfig-version.cmake\n'}
[5.042078] (mavlink_gui_tester) StdoutLine: {'line': b'-- Up-to-date: /home/a/ws_moveit2/install/mavlink_gui_tester/share/mavlink_gui_tester/package.xml\n'}
[5.043131] (mavlink_gui_tester) CommandEnded: {'returncode': 0}
[5.058444] (mavlink_gui_tester) JobEnded: {'identifier': 'mavlink_gui_tester', 'rc': 0}
[5.059285] (-) EventReactorShutdown: {}
