[0.000000] (-) TimerEvent: {}
[0.000124] (-) JobUnselected: {'identifier': 'MAVLink_f446re'}
[0.000182] (-) JobUnselected: {'identifier': 'blue_seiretu_description'}
[0.000336] (-) JobUnselected: {'identifier': 'catch_gazebo_ros2_control'}
[0.000447] (-) JobUnselected: {'identifier': 'chomp_motion_planner'}
[0.000475] (-) JobUnselected: {'identifier': 'd415_rgb_depth_3d'}
[0.000511] (-) JobUnselected: {'identifier': 'dynamixel_controller'}
[0.000681] (-) JobUnselected: {'identifier': 'dynamixel_controller_client'}
[0.000730] (-) JobUnselected: {'identifier': 'dynamixel_controller_gui'}
[0.000749] (-) JobUnselected: {'identifier': 'dynamixel_sdk'}
[0.000765] (-) JobUnselected: {'identifier': 'dynamixel_sdk_custom_interfaces'}
[0.000779] (-) JobUnselected: {'identifier': 'dynamixel_sdk_examples'}
[0.000794] (-) JobUnselected: {'identifier': 'field_description'}
[0.000808] (-) JobUnselected: {'identifier': 'hello_moveit'}
[0.000823] (-) JobUnselected: {'identifier': 'launch_param_builder'}
[0.000838] (-) JobUnselected: {'identifier': 'mavlink_controller_client'}
[0.000853] (-) JobUnselected: {'identifier': 'mavlink_gui_tester'}
[0.000868] (-) JobUnselected: {'identifier': 'moveit'}
[0.000884] (-) JobUnselected: {'identifier': 'moveit2_tutorials'}
[0.000899] (-) JobUnselected: {'identifier': 'moveit_chomp_optimizer_adapter'}
[0.000918] (-) JobUnselected: {'identifier': 'moveit_common'}
[0.000932] (-) JobUnselected: {'identifier': 'moveit_configs_utils'}
[0.000947] (-) JobUnselected: {'identifier': 'moveit_core'}
[0.000967] (-) JobUnselected: {'identifier': 'moveit_hybrid_planning'}
[0.000981] (-) JobUnselected: {'identifier': 'moveit_kinematics'}
[0.000996] (-) JobUnselected: {'identifier': 'moveit_planners'}
[0.001011] (-) JobUnselected: {'identifier': 'moveit_planners_chomp'}
[0.001026] (-) JobUnselected: {'identifier': 'moveit_planners_ompl'}
[0.001041] (-) JobUnselected: {'identifier': 'moveit_plugins'}
[0.001055] (-) JobUnselected: {'identifier': 'moveit_resources'}
[0.001070] (-) JobUnselected: {'identifier': 'moveit_resources_fanuc_description'}
[0.001085] (-) JobUnselected: {'identifier': 'moveit_resources_fanuc_moveit_config'}
[0.001100] (-) JobUnselected: {'identifier': 'moveit_resources_panda_description'}
[0.001115] (-) JobUnselected: {'identifier': 'moveit_resources_panda_moveit_config'}
[0.001129] (-) JobUnselected: {'identifier': 'moveit_resources_pr2_description'}
[0.001143] (-) JobUnselected: {'identifier': 'moveit_resources_prbt_ikfast_manipulator_plugin'}
[0.001158] (-) JobUnselected: {'identifier': 'moveit_resources_prbt_moveit_config'}
[0.001173] (-) JobUnselected: {'identifier': 'moveit_resources_prbt_pg70_support'}
[0.001187] (-) JobUnselected: {'identifier': 'moveit_resources_prbt_support'}
[0.001202] (-) JobUnselected: {'identifier': 'moveit_ros'}
[0.001216] (-) JobUnselected: {'identifier': 'moveit_ros_benchmarks'}
[0.001231] (-) JobUnselected: {'identifier': 'moveit_ros_control_interface'}
[0.001246] (-) JobUnselected: {'identifier': 'moveit_ros_move_group'}
[0.001261] (-) JobUnselected: {'identifier': 'moveit_ros_occupancy_map_monitor'}
[0.001275] (-) JobUnselected: {'identifier': 'moveit_ros_perception'}
[0.001290] (-) JobUnselected: {'identifier': 'moveit_ros_planning'}
[0.001304] (-) JobUnselected: {'identifier': 'moveit_ros_planning_interface'}
[0.001318] (-) JobUnselected: {'identifier': 'moveit_ros_robot_interaction'}
[0.001333] (-) JobUnselected: {'identifier': 'moveit_ros_visualization'}
[0.001348] (-) JobUnselected: {'identifier': 'moveit_ros_warehouse'}
[0.001362] (-) JobUnselected: {'identifier': 'moveit_runtime'}
[0.001377] (-) JobUnselected: {'identifier': 'moveit_servo'}
[0.001392] (-) JobUnselected: {'identifier': 'moveit_setup_app_plugins'}
[0.001406] (-) JobUnselected: {'identifier': 'moveit_setup_assistant'}
[0.001421] (-) JobUnselected: {'identifier': 'moveit_setup_controllers'}
[0.001436] (-) JobUnselected: {'identifier': 'moveit_setup_core_plugins'}
[0.001450] (-) JobUnselected: {'identifier': 'moveit_setup_framework'}
[0.001465] (-) JobUnselected: {'identifier': 'moveit_setup_srdf_plugins'}
[0.001504] (-) JobUnselected: {'identifier': 'moveit_simple_controller_manager'}
[0.001529] (-) JobUnselected: {'identifier': 'moveit_task_constructor_capabilities'}
[0.001610] (-) JobUnselected: {'identifier': 'moveit_task_constructor_core'}
[0.001640] (-) JobUnselected: {'identifier': 'moveit_task_constructor_demo'}
[0.001656] (-) JobUnselected: {'identifier': 'moveit_task_constructor_msgs'}
[0.001669] (-) JobUnselected: {'identifier': 'moveit_task_constructor_visualization'}
[0.001682] (-) JobUnselected: {'identifier': 'moveit_visual_tools'}
[0.001695] (-) JobUnselected: {'identifier': 'mtc_tutorial'}
[0.001707] (-) JobUnselected: {'identifier': 'object_description'}
[0.001720] (-) JobUnselected: {'identifier': 'pilz_industrial_motion_planner'}
[0.001732] (-) JobUnselected: {'identifier': 'pilz_industrial_motion_planner_testutils'}
[0.001745] (-) JobUnselected: {'identifier': 'realsense2_camera'}
[0.001757] (-) JobUnselected: {'identifier': 'realsense2_camera_msgs'}
[0.001770] (-) JobUnselected: {'identifier': 'realsense2_description'}
[0.001783] (-) JobUnselected: {'identifier': 'realsense2_ros_mqtt_bridge'}
[0.001794] (-) JobUnselected: {'identifier': 'red_seiretu_description'}
[0.001806] (-) JobUnselected: {'identifier': 'robot_config'}
[0.001819] (-) JobUnselected: {'identifier': 'ros_tcp_endpoint'}
[0.001832] (-) JobUnselected: {'identifier': 'rosparam_shortcuts'}
[0.001846] (-) JobUnselected: {'identifier': 'rviz_marker_tools'}
[0.001871] (-) JobUnselected: {'identifier': 'srdfdom'}
[0.001884] (-) JobUnselected: {'identifier': 'trac_ik'}
[0.001898] (-) JobUnselected: {'identifier': 'trac_ik_kinematics_plugin'}
[0.001911] (-) JobUnselected: {'identifier': 'trac_ik_lib'}
[0.001925] (-) JobUnselected: {'identifier': 'urdf_0816_description'}
[0.001941] (stm32_mavlink_interface) JobQueued: {'identifier': 'stm32_mavlink_interface', 'dependencies': OrderedDict()}
[0.001960] (stm32_mavlink_interface) JobStarted: {'identifier': 'stm32_mavlink_interface'}
[0.007131] (stm32_mavlink_interface) JobProgress: {'identifier': 'stm32_mavlink_interface', 'progress': 'cmake'}
[0.009354] (stm32_mavlink_interface) JobProgress: {'identifier': 'stm32_mavlink_interface', 'progress': 'build'}
[0.009397] (stm32_mavlink_interface) Command: {'cmd': ['/usr/bin/cmake', '--build', '/home/a/ws_moveit2/build/stm32_mavlink_interface', '--', '-j22', '-l22'], 'cwd': '/home/a/ws_moveit2/build/stm32_mavlink_interface', 'env': OrderedDict([('GJS_DEBUG_TOPICS', 'JS ERROR;JS LOG'), ('LESSOPEN', '| /usr/bin/lesspipe %s'), ('USER', 'a'), ('CLAUDE_CODE_ENTRYPOINT', 'cli'), ('GIT_EDITOR', 'true'), ('XDG_SESSION_TYPE', 'wayland'), ('SHLVL', '2'), ('LD_LIBRARY_PATH', '/usr/lib/x86_64-linux-gnu/gazebo-11/plugins:/opt/ros/humble/opt/rviz_ogre_vendor/lib:/opt/ros/humble/lib/x86_64-linux-gnu:/opt/ros/humble/lib'), ('HOME', '/home/a'), ('OLDPWD', '/home/a/ws_moveit2/src/MAVLink'), ('DESKTOP_SESSION', 'ubuntu'), ('NVM_BIN', '/home/a/.nvm/versions/node/v22.18.0/bin'), ('NVM_INC', '/home/a/.nvm/versions/node/v22.18.0/include/node'), ('GIO_LAUNCHED_DESKTOP_FILE', '/usr/share/applications/terminator.desktop'), ('ROS_PYTHON_VERSION', '3'), ('GNOME_SHELL_SESSION_MODE', 'ubuntu'), ('GTK_MODULES', 'gail:atk-bridge'), ('MANAGERPID', '1213'), ('SYSTEMD_EXEC_PID', '1445'), ('IM_CONFIG_CHECK_ENV', '1'), ('DBUS_SESSION_BUS_ADDRESS', 'unix:path=/run/user/1000/bus'), ('COLORTERM', 'truecolor'), ('TERMINATOR_DBUS_NAME', 'net.tenshu.Terminator25ef4b219e3b005583550f2b0f9f990c3'), ('GIO_LAUNCHED_DESKTOP_FILE_PID', '3048'), ('NVM_DIR', '/home/a/.nvm'), ('IM_CONFIG_PHASE', '1'), ('WAYLAND_DISPLAY', 'wayland-0'), ('ROS_DISTRO', 'humble'), ('LOGNAME', 'a'), ('JOURNAL_STREAM', '8:3514'), ('_', '/usr/bin/colcon'), ('ROS_VERSION', '2'), ('XDG_SESSION_CLASS', 'user'), ('USERNAME', 'a'), ('TERM', 'xterm-256color'), ('OTEL_EXPORTER_OTLP_METRICS_TEMPORALITY_PREFERENCE', 'delta'), ('GNOME_DESKTOP_SESSION_ID', 'this-is-deprecated'), ('ROS_LOCALHOST_ONLY', '0'), ('PATH', '/home/a/.nvm/versions/node/v22.18.0/bin:/opt/ros/humble/bin:/home/a/.local/bin:/usr/local/sbin:/usr/local/bin:/usr/sbin:/usr/bin:/sbin:/bin:/usr/games:/usr/local/games:/snap/bin:/snap/bin'), ('SESSION_MANAGER', 'local/a:@/tmp/.ICE-unix/1406,unix/a:/tmp/.ICE-unix/1406'), ('INVOCATION_ID', 'a100030f866a48708cf7905c543bcf13'), ('COREPACK_ENABLE_AUTO_PIN', '0'), ('XDG_MENU_PREFIX', 'gnome-'), ('GNOME_SETUP_DISPLAY', ':1'), ('XDG_RUNTIME_DIR', '/run/user/1000'), ('DISPLAY', ':0'), ('TERMINATOR_DBUS_PATH', '/net/tenshu/Terminator2'), ('NoDefaultCurrentDirectoryInExePath', '1'), ('LANG', 'en_US.UTF-8'), ('XDG_CURRENT_DESKTOP', 'ubuntu:GNOME'), ('XMODIFIERS', '@im=ibus'), ('XDG_SESSION_DESKTOP', 'ubuntu'), ('XAUTHORITY', '/run/user/1000/.mutter-Xwaylandauth.4WBWC3'), ('LS_COLORS', 'rs=0:di=01;34:ln=01;36:mh=00:pi=40;33:so=01;35:do=01;35:bd=40;33;01:cd=40;33;01:or=40;31;01:mi=00:su=37;41:sg=30;43:ca=30;41:tw=30;42:ow=34;42:st=37;44:ex=01;32:*.tar=01;31:*.tgz=01;31:*.arc=01;31:*.arj=01;31:*.taz=01;31:*.lha=01;31:*.lz4=01;31:*.lzh=01;31:*.lzma=01;31:*.tlz=01;31:*.txz=01;31:*.tzo=01;31:*.t7z=01;31:*.zip=01;31:*.z=01;31:*.dz=01;31:*.gz=01;31:*.lrz=01;31:*.lz=01;31:*.lzo=01;31:*.xz=01;31:*.zst=01;31:*.tzst=01;31:*.bz2=01;31:*.bz=01;31:*.tbz=01;31:*.tbz2=01;31:*.tz=01;31:*.deb=01;31:*.rpm=01;31:*.jar=01;31:*.war=01;31:*.ear=01;31:*.sar=01;31:*.rar=01;31:*.alz=01;31:*.ace=01;31:*.zoo=01;31:*.cpio=01;31:*.7z=01;31:*.rz=01;31:*.cab=01;31:*.wim=01;31:*.swm=01;31:*.dwm=01;31:*.esd=01;31:*.jpg=01;35:*.jpeg=01;35:*.mjpg=01;35:*.mjpeg=01;35:*.gif=01;35:*.bmp=01;35:*.pbm=01;35:*.pgm=01;35:*.ppm=01;35:*.tga=01;35:*.xbm=01;35:*.xpm=01;35:*.tif=01;35:*.tiff=01;35:*.png=01;35:*.svg=01;35:*.svgz=01;35:*.mng=01;35:*.pcx=01;35:*.mov=01;35:*.mpg=01;35:*.mpeg=01;35:*.m2v=01;35:*.mkv=01;35:*.webm=01;35:*.webp=01;35:*.ogm=01;35:*.mp4=01;35:*.m4v=01;35:*.mp4v=01;35:*.vob=01;35:*.qt=01;35:*.nuv=01;35:*.wmv=01;35:*.asf=01;35:*.rm=01;35:*.rmvb=01;35:*.flc=01;35:*.avi=01;35:*.fli=01;35:*.flv=01;35:*.gl=01;35:*.dl=01;35:*.xcf=01;35:*.xwd=01;35:*.yuv=01;35:*.cgm=01;35:*.emf=01;35:*.ogv=01;35:*.ogx=01;35:*.aac=00;36:*.au=00;36:*.flac=00;36:*.m4a=00;36:*.mid=00;36:*.midi=00;36:*.mka=00;36:*.mp3=00;36:*.mpc=00;36:*.ogg=00;36:*.ra=00;36:*.wav=00;36:*.oga=00;36:*.opus=00;36:*.spx=00;36:*.xspf=00;36:'), ('SSH_AGENT_LAUNCHER', 'gnome-keyring'), ('SSH_AUTH_SOCK', '/run/user/1000/keyring/ssh'), ('AMENT_PREFIX_PATH', '/opt/ros/humble'), ('SHELL', '/bin/bash'), ('TERMINATOR_UUID', 'urn:uuid:ec3e692d-f218-40ff-a2cc-70efdd168356'), ('QT_ACCESSIBILITY', '1'), ('GDMSESSION', 'ubuntu'), ('LESSCLOSE', '/usr/bin/lesspipe %s %s'), ('CLAUDECODE', '1'), ('GJS_DEBUG_OUTPUT', 'stderr'), ('QT_IM_MODULE', 'ibus'), ('PWD', '/home/a/ws_moveit2/build/stm32_mavlink_interface'), ('LC_ALL', 'en_US.UTF-8'), ('XDG_CONFIG_DIRS', '/etc/xdg/xdg-ubuntu:/etc/xdg'), ('NVM_CD_FLAGS', ''), ('XDG_DATA_DIRS', '/usr/share/ubuntu:/home/a/.local/share/flatpak/exports/share:/var/lib/flatpak/exports/share:/usr/local/share/:/usr/share/:/var/lib/snapd/desktop'), ('PYTHONPATH', '/opt/ros/humble/lib/python3.10/site-packages:/opt/ros/humble/local/lib/python3.10/dist-packages'), ('COLCON', '1'), ('VTE_VERSION', '6800'), ('CMAKE_PREFIX_PATH', '/opt/ros/humble')]), 'shell': False}
[0.051921] (stm32_mavlink_interface) StdoutLine: {'line': b'[  1%] Built target stm32_mavlink_interface__cpp\n'}
[0.053402] (stm32_mavlink_interface) StdoutLine: {'line': b'[ 12%] Built target stm32_mavlink_interface__rosidl_generator_c\n'}
[0.056158] (stm32_mavlink_interface) StdoutLine: {'line': b'[ 12%] Built target ament_cmake_python_copy_stm32_mavlink_interface\n'}
[0.068014] (stm32_mavlink_interface) StdoutLine: {'line': b'[ 23%] Built target stm32_mavlink_interface__rosidl_typesupport_c\n'}
[0.068157] (stm32_mavlink_interface) StdoutLine: {'line': b'[ 44%] Built target stm32_mavlink_interface__rosidl_typesupport_cpp\n'}
[0.068202] (stm32_mavlink_interface) StdoutLine: {'line': b'[ 46%] Built target stm32_mavlink_interface__rosidl_typesupport_introspection_c\n'}
[0.073361] (stm32_mavlink_interface) StdoutLine: {'line': b'[ 58%] Built target stm32_mavlink_interface__rosidl_typesupport_introspection_cpp\n'}
[0.073843] (stm32_mavlink_interface) StdoutLine: {'line': b'[ 69%] Built target stm32_mavlink_interface__rosidl_typesupport_fastrtps_c\n'}
[0.078276] (stm32_mavlink_interface) StdoutLine: {'line': b'[ 80%] Built target stm32_mavlink_interface__rosidl_typesupport_fastrtps_cpp\n'}
[0.088312] (stm32_mavlink_interface) StdoutLine: {'line': b'[ 84%] Built target mavlink_serial_node\n'}
[0.092476] (stm32_mavlink_interface) StdoutLine: {'line': b'[ 84%] Built target stm32_mavlink_interface\n'}
[0.099315] (-) TimerEvent: {}
[0.106137] (stm32_mavlink_interface) StdoutLine: {'line': b'[ 85%] Built target stm32_mavlink_interface__py\n'}
[0.128683] (stm32_mavlink_interface) StdoutLine: {'line': b'[ 95%] Built target stm32_mavlink_interface__rosidl_generator_py\n'}
[0.145585] (stm32_mavlink_interface) StdoutLine: {'line': b'[ 96%] Built target stm32_mavlink_interface__rosidl_typesupport_introspection_c__pyext\n'}
[0.145759] (stm32_mavlink_interface) StdoutLine: {'line': b'[ 98%] Built target stm32_mavlink_interface__rosidl_typesupport_c__pyext\n'}
[0.147146] (stm32_mavlink_interface) StdoutLine: {'line': b'[100%] Built target stm32_mavlink_interface__rosidl_typesupport_fastrtps_c__pyext\n'}
[0.199433] (-) TimerEvent: {}
[0.208297] (stm32_mavlink_interface) StdoutLine: {'line': b'running egg_info\n'}
[0.208684] (stm32_mavlink_interface) StdoutLine: {'line': b'writing stm32_mavlink_interface.egg-info/PKG-INFO\n'}
[0.208866] (stm32_mavlink_interface) StdoutLine: {'line': b'writing dependency_links to stm32_mavlink_interface.egg-info/dependency_links.txt\n'}
[0.208937] (stm32_mavlink_interface) StdoutLine: {'line': b'writing top-level names to stm32_mavlink_interface.egg-info/top_level.txt\n'}
[0.210489] (stm32_mavlink_interface) StdoutLine: {'line': b"reading manifest file 'stm32_mavlink_interface.egg-info/SOURCES.txt'\n"}
[0.210850] (stm32_mavlink_interface) StdoutLine: {'line': b"writing manifest file 'stm32_mavlink_interface.egg-info/SOURCES.txt'\n"}
[0.229960] (stm32_mavlink_interface) StdoutLine: {'line': b'[100%] Built target ament_cmake_python_build_stm32_mavlink_interface_egg\n'}
[0.238889] (stm32_mavlink_interface) CommandEnded: {'returncode': 0}
[0.239769] (stm32_mavlink_interface) JobProgress: {'identifier': 'stm32_mavlink_interface', 'progress': 'install'}
[0.245428] (stm32_mavlink_interface) Command: {'cmd': ['/usr/bin/cmake', '--install', '/home/a/ws_moveit2/build/stm32_mavlink_interface'], 'cwd': '/home/a/ws_moveit2/build/stm32_mavlink_interface', 'env': OrderedDict([('GJS_DEBUG_TOPICS', 'JS ERROR;JS LOG'), ('LESSOPEN', '| /usr/bin/lesspipe %s'), ('USER', 'a'), ('CLAUDE_CODE_ENTRYPOINT', 'cli'), ('GIT_EDITOR', 'true'), ('XDG_SESSION_TYPE', 'wayland'), ('SHLVL', '2'), ('LD_LIBRARY_PATH', '/usr/lib/x86_64-linux-gnu/gazebo-11/plugins:/opt/ros/humble/opt/rviz_ogre_vendor/lib:/opt/ros/humble/lib/x86_64-linux-gnu:/opt/ros/humble/lib'), ('HOME', '/home/a'), ('OLDPWD', '/home/a/ws_moveit2/src/MAVLink'), ('DESKTOP_SESSION', 'ubuntu'), ('NVM_BIN', '/home/a/.nvm/versions/node/v22.18.0/bin'), ('NVM_INC', '/home/a/.nvm/versions/node/v22.18.0/include/node'), ('GIO_LAUNCHED_DESKTOP_FILE', '/usr/share/applications/terminator.desktop'), ('ROS_PYTHON_VERSION', '3'), ('GNOME_SHELL_SESSION_MODE', 'ubuntu'), ('GTK_MODULES', 'gail:atk-bridge'), ('MANAGERPID', '1213'), ('SYSTEMD_EXEC_PID', '1445'), ('IM_CONFIG_CHECK_ENV', '1'), ('DBUS_SESSION_BUS_ADDRESS', 'unix:path=/run/user/1000/bus'), ('COLORTERM', 'truecolor'), ('TERMINATOR_DBUS_NAME', 'net.tenshu.Terminator25ef4b219e3b005583550f2b0f9f990c3'), ('GIO_LAUNCHED_DESKTOP_FILE_PID', '3048'), ('NVM_DIR', '/home/a/.nvm'), ('IM_CONFIG_PHASE', '1'), ('WAYLAND_DISPLAY', 'wayland-0'), ('ROS_DISTRO', 'humble'), ('LOGNAME', 'a'), ('JOURNAL_STREAM', '8:3514'), ('_', '/usr/bin/colcon'), ('ROS_VERSION', '2'), ('XDG_SESSION_CLASS', 'user'), ('USERNAME', 'a'), ('TERM', 'xterm-256color'), ('OTEL_EXPORTER_OTLP_METRICS_TEMPORALITY_PREFERENCE', 'delta'), ('GNOME_DESKTOP_SESSION_ID', 'this-is-deprecated'), ('ROS_LOCALHOST_ONLY', '0'), ('PATH', '/home/a/.nvm/versions/node/v22.18.0/bin:/opt/ros/humble/bin:/home/a/.local/bin:/usr/local/sbin:/usr/local/bin:/usr/sbin:/usr/bin:/sbin:/bin:/usr/games:/usr/local/games:/snap/bin:/snap/bin'), ('SESSION_MANAGER', 'local/a:@/tmp/.ICE-unix/1406,unix/a:/tmp/.ICE-unix/1406'), ('INVOCATION_ID', 'a100030f866a48708cf7905c543bcf13'), ('COREPACK_ENABLE_AUTO_PIN', '0'), ('XDG_MENU_PREFIX', 'gnome-'), ('GNOME_SETUP_DISPLAY', ':1'), ('XDG_RUNTIME_DIR', '/run/user/1000'), ('DISPLAY', ':0'), ('TERMINATOR_DBUS_PATH', '/net/tenshu/Terminator2'), ('NoDefaultCurrentDirectoryInExePath', '1'), ('LANG', 'en_US.UTF-8'), ('XDG_CURRENT_DESKTOP', 'ubuntu:GNOME'), ('XMODIFIERS', '@im=ibus'), ('XDG_SESSION_DESKTOP', 'ubuntu'), ('XAUTHORITY', '/run/user/1000/.mutter-Xwaylandauth.4WBWC3'), ('LS_COLORS', 'rs=0:di=01;34:ln=01;36:mh=00:pi=40;33:so=01;35:do=01;35:bd=40;33;01:cd=40;33;01:or=40;31;01:mi=00:su=37;41:sg=30;43:ca=30;41:tw=30;42:ow=34;42:st=37;44:ex=01;32:*.tar=01;31:*.tgz=01;31:*.arc=01;31:*.arj=01;31:*.taz=01;31:*.lha=01;31:*.lz4=01;31:*.lzh=01;31:*.lzma=01;31:*.tlz=01;31:*.txz=01;31:*.tzo=01;31:*.t7z=01;31:*.zip=01;31:*.z=01;31:*.dz=01;31:*.gz=01;31:*.lrz=01;31:*.lz=01;31:*.lzo=01;31:*.xz=01;31:*.zst=01;31:*.tzst=01;31:*.bz2=01;31:*.bz=01;31:*.tbz=01;31:*.tbz2=01;31:*.tz=01;31:*.deb=01;31:*.rpm=01;31:*.jar=01;31:*.war=01;31:*.ear=01;31:*.sar=01;31:*.rar=01;31:*.alz=01;31:*.ace=01;31:*.zoo=01;31:*.cpio=01;31:*.7z=01;31:*.rz=01;31:*.cab=01;31:*.wim=01;31:*.swm=01;31:*.dwm=01;31:*.esd=01;31:*.jpg=01;35:*.jpeg=01;35:*.mjpg=01;35:*.mjpeg=01;35:*.gif=01;35:*.bmp=01;35:*.pbm=01;35:*.pgm=01;35:*.ppm=01;35:*.tga=01;35:*.xbm=01;35:*.xpm=01;35:*.tif=01;35:*.tiff=01;35:*.png=01;35:*.svg=01;35:*.svgz=01;35:*.mng=01;35:*.pcx=01;35:*.mov=01;35:*.mpg=01;35:*.mpeg=01;35:*.m2v=01;35:*.mkv=01;35:*.webm=01;35:*.webp=01;35:*.ogm=01;35:*.mp4=01;35:*.m4v=01;35:*.mp4v=01;35:*.vob=01;35:*.qt=01;35:*.nuv=01;35:*.wmv=01;35:*.asf=01;35:*.rm=01;35:*.rmvb=01;35:*.flc=01;35:*.avi=01;35:*.fli=01;35:*.flv=01;35:*.gl=01;35:*.dl=01;35:*.xcf=01;35:*.xwd=01;35:*.yuv=01;35:*.cgm=01;35:*.emf=01;35:*.ogv=01;35:*.ogx=01;35:*.aac=00;36:*.au=00;36:*.flac=00;36:*.m4a=00;36:*.mid=00;36:*.midi=00;36:*.mka=00;36:*.mp3=00;36:*.mpc=00;36:*.ogg=00;36:*.ra=00;36:*.wav=00;36:*.oga=00;36:*.opus=00;36:*.spx=00;36:*.xspf=00;36:'), ('SSH_AGENT_LAUNCHER', 'gnome-keyring'), ('SSH_AUTH_SOCK', '/run/user/1000/keyring/ssh'), ('AMENT_PREFIX_PATH', '/opt/ros/humble'), ('SHELL', '/bin/bash'), ('TERMINATOR_UUID', 'urn:uuid:ec3e692d-f218-40ff-a2cc-70efdd168356'), ('QT_ACCESSIBILITY', '1'), ('GDMSESSION', 'ubuntu'), ('LESSCLOSE', '/usr/bin/lesspipe %s %s'), ('CLAUDECODE', '1'), ('GJS_DEBUG_OUTPUT', 'stderr'), ('QT_IM_MODULE', 'ibus'), ('PWD', '/home/a/ws_moveit2/build/stm32_mavlink_interface'), ('LC_ALL', 'en_US.UTF-8'), ('XDG_CONFIG_DIRS', '/etc/xdg/xdg-ubuntu:/etc/xdg'), ('NVM_CD_FLAGS', ''), ('XDG_DATA_DIRS', '/usr/share/ubuntu:/home/a/.local/share/flatpak/exports/share:/var/lib/flatpak/exports/share:/usr/local/share/:/usr/share/:/var/lib/snapd/desktop'), ('PYTHONPATH', '/opt/ros/humble/lib/python3.10/site-packages:/opt/ros/humble/local/lib/python3.10/dist-packages'), ('COLCON', '1'), ('VTE_VERSION', '6800'), ('CMAKE_PREFIX_PATH', '/opt/ros/humble')]), 'shell': False}
[0.252370] (stm32_mavlink_interface) StdoutLine: {'line': b'-- Install configuration: ""\n'}
[0.252553] (stm32_mavlink_interface) StdoutLine: {'line': b'-- Up-to-date: /home/a/ws_moveit2/install/stm32_mavlink_interface/share/ament_index/resource_index/rosidl_interfaces/stm32_mavlink_interface\n'}
[0.252666] (stm32_mavlink_interface) StdoutLine: {'line': b'-- Up-to-date: /home/a/ws_moveit2/install/stm32_mavlink_interface/include/stm32_mavlink_interface/stm32_mavlink_interface\n'}
[0.252727] (stm32_mavlink_interface) StdoutLine: {'line': b'-- Up-to-date: /home/a/ws_moveit2/install/stm32_mavlink_interface/include/stm32_mavlink_interface/stm32_mavlink_interface/msg\n'}
[0.252784] (stm32_mavlink_interface) StdoutLine: {'line': b'-- Up-to-date: /home/a/ws_moveit2/install/stm32_mavlink_interface/include/stm32_mavlink_interface/stm32_mavlink_interface/msg/robomaster_motor_command.h\n'}
[0.252843] (stm32_mavlink_interface) StdoutLine: {'line': b'-- Up-to-date: /home/a/ws_moveit2/install/stm32_mavlink_interface/include/stm32_mavlink_interface/stm32_mavlink_interface/msg/servo_command.h\n'}
[0.253035] (stm32_mavlink_interface) StdoutLine: {'line': b'-- Up-to-date: /home/a/ws_moveit2/install/stm32_mavlink_interface/include/stm32_mavlink_interface/stm32_mavlink_interface/msg/encoder_config.h\n'}
[0.253094] (stm32_mavlink_interface) StdoutLine: {'line': b'-- Up-to-date: /home/a/ws_moveit2/install/stm32_mavlink_interface/include/stm32_mavlink_interface/stm32_mavlink_interface/msg/rosidl_generator_c__visibility_control.h\n'}
[0.253152] (stm32_mavlink_interface) StdoutLine: {'line': b'-- Up-to-date: /home/a/ws_moveit2/install/stm32_mavlink_interface/include/stm32_mavlink_interface/stm32_mavlink_interface/msg/servo_state.h\n'}
[0.253207] (stm32_mavlink_interface) StdoutLine: {'line': b'-- Up-to-date: /home/a/ws_moveit2/install/stm32_mavlink_interface/include/stm32_mavlink_interface/stm32_mavlink_interface/msg/robomaster_motor_config.h\n'}
[0.253261] (stm32_mavlink_interface) StdoutLine: {'line': b'-- Up-to-date: /home/a/ws_moveit2/install/stm32_mavlink_interface/include/stm32_mavlink_interface/stm32_mavlink_interface/msg/detail\n'}
[0.253316] (stm32_mavlink_interface) StdoutLine: {'line': b'-- Up-to-date: /home/a/ws_moveit2/install/stm32_mavlink_interface/include/stm32_mavlink_interface/stm32_mavlink_interface/msg/detail/robomaster_motor_state__type_support.h\n'}
[0.253372] (stm32_mavlink_interface) StdoutLine: {'line': b'-- Up-to-date: /home/a/ws_moveit2/install/stm32_mavlink_interface/include/stm32_mavlink_interface/stm32_mavlink_interface/msg/detail/robomaster_motor_command__functions.c\n'}
[0.253521] (stm32_mavlink_interface) StdoutLine: {'line': b'-- Up-to-date: /home/a/ws_moveit2/install/stm32_mavlink_interface/include/stm32_mavlink_interface/stm32_mavlink_interface/msg/detail/encoder_config__functions.c\n'}
[0.253612] (stm32_mavlink_interface) StdoutLine: {'line': b'-- Up-to-date: /home/a/ws_moveit2/install/stm32_mavlink_interface/include/stm32_mavlink_interface/stm32_mavlink_interface/msg/detail/robomaster_motor_command__type_support.h\n'}
[0.253669] (stm32_mavlink_interface) StdoutLine: {'line': b'-- Up-to-date: /home/a/ws_moveit2/install/stm32_mavlink_interface/include/stm32_mavlink_interface/stm32_mavlink_interface/msg/detail/encoder_config__struct.h\n'}
[0.253725] (stm32_mavlink_interface) StdoutLine: {'line': b'-- Up-to-date: /home/a/ws_moveit2/install/stm32_mavlink_interface/include/stm32_mavlink_interface/stm32_mavlink_interface/msg/detail/encoder_config__functions.h\n'}
[0.253855] (stm32_mavlink_interface) StdoutLine: {'line': b'-- Up-to-date: /home/a/ws_moveit2/install/stm32_mavlink_interface/include/stm32_mavlink_interface/stm32_mavlink_interface/msg/detail/robomaster_motor_state__struct.h\n'}
[0.253960] (stm32_mavlink_interface) StdoutLine: {'line': b'-- Up-to-date: /home/a/ws_moveit2/install/stm32_mavlink_interface/include/stm32_mavlink_interface/stm32_mavlink_interface/msg/detail/servo_command__functions.h\n'}
[0.253988] (stm32_mavlink_interface) StdoutLine: {'line': b'-- Up-to-date: /home/a/ws_moveit2/install/stm32_mavlink_interface/include/stm32_mavlink_interface/stm32_mavlink_interface/msg/detail/servo_state__type_support.h\n'}
[0.254012] (stm32_mavlink_interface) StdoutLine: {'line': b'-- Up-to-date: /home/a/ws_moveit2/install/stm32_mavlink_interface/include/stm32_mavlink_interface/stm32_mavlink_interface/msg/detail/robomaster_motor_command__functions.h\n'}
[0.254036] (stm32_mavlink_interface) StdoutLine: {'line': b'-- Up-to-date: /home/a/ws_moveit2/install/stm32_mavlink_interface/include/stm32_mavlink_interface/stm32_mavlink_interface/msg/detail/servo_command__type_support.h\n'}
[0.254062] (stm32_mavlink_interface) StdoutLine: {'line': b'-- Up-to-date: /home/a/ws_moveit2/install/stm32_mavlink_interface/include/stm32_mavlink_interface/stm32_mavlink_interface/msg/detail/encoder_config__type_support.h\n'}
[0.254088] (stm32_mavlink_interface) StdoutLine: {'line': b'-- Up-to-date: /home/a/ws_moveit2/install/stm32_mavlink_interface/include/stm32_mavlink_interface/stm32_mavlink_interface/msg/detail/servo_command__struct.h\n'}
[0.254142] (stm32_mavlink_interface) StdoutLine: {'line': b'-- Up-to-date: /home/a/ws_moveit2/install/stm32_mavlink_interface/include/stm32_mavlink_interface/stm32_mavlink_interface/msg/detail/servo_state__functions.c\n'}
[0.254165] (stm32_mavlink_interface) StdoutLine: {'line': b'-- Up-to-date: /home/a/ws_moveit2/install/stm32_mavlink_interface/include/stm32_mavlink_interface/stm32_mavlink_interface/msg/detail/servo_state__struct.h\n'}
[0.254191] (stm32_mavlink_interface) StdoutLine: {'line': b'-- Up-to-date: /home/a/ws_moveit2/install/stm32_mavlink_interface/include/stm32_mavlink_interface/stm32_mavlink_interface/msg/detail/servo_command__functions.c\n'}
[0.254218] (stm32_mavlink_interface) StdoutLine: {'line': b'-- Up-to-date: /home/a/ws_moveit2/install/stm32_mavlink_interface/include/stm32_mavlink_interface/stm32_mavlink_interface/msg/detail/encoder_state__struct.h\n'}
[0.254244] (stm32_mavlink_interface) StdoutLine: {'line': b'-- Up-to-date: /home/a/ws_moveit2/install/stm32_mavlink_interface/include/stm32_mavlink_interface/stm32_mavlink_interface/msg/detail/robomaster_motor_state__functions.c\n'}
[0.254270] (stm32_mavlink_interface) StdoutLine: {'line': b'-- Up-to-date: /home/a/ws_moveit2/install/stm32_mavlink_interface/include/stm32_mavlink_interface/stm32_mavlink_interface/msg/detail/robomaster_motor_config__functions.h\n'}
[0.254295] (stm32_mavlink_interface) StdoutLine: {'line': b'-- Up-to-date: /home/a/ws_moveit2/install/stm32_mavlink_interface/include/stm32_mavlink_interface/stm32_mavlink_interface/msg/detail/robomaster_motor_config__functions.c\n'}
[0.254320] (stm32_mavlink_interface) StdoutLine: {'line': b'-- Up-to-date: /home/a/ws_moveit2/install/stm32_mavlink_interface/include/stm32_mavlink_interface/stm32_mavlink_interface/msg/detail/encoder_state__functions.c\n'}
[0.254345] (stm32_mavlink_interface) StdoutLine: {'line': b'-- Up-to-date: /home/a/ws_moveit2/install/stm32_mavlink_interface/include/stm32_mavlink_interface/stm32_mavlink_interface/msg/detail/robomaster_motor_config__struct.h\n'}
[0.254370] (stm32_mavlink_interface) StdoutLine: {'line': b'-- Up-to-date: /home/a/ws_moveit2/install/stm32_mavlink_interface/include/stm32_mavlink_interface/stm32_mavlink_interface/msg/detail/robomaster_motor_command__struct.h\n'}
[0.254394] (stm32_mavlink_interface) StdoutLine: {'line': b'-- Up-to-date: /home/a/ws_moveit2/install/stm32_mavlink_interface/include/stm32_mavlink_interface/stm32_mavlink_interface/msg/detail/robomaster_motor_config__type_support.h\n'}
[0.254420] (stm32_mavlink_interface) StdoutLine: {'line': b'-- Up-to-date: /home/a/ws_moveit2/install/stm32_mavlink_interface/include/stm32_mavlink_interface/stm32_mavlink_interface/msg/detail/encoder_state__functions.h\n'}
[0.255004] (stm32_mavlink_interface) StdoutLine: {'line': b'-- Up-to-date: /home/a/ws_moveit2/install/stm32_mavlink_interface/include/stm32_mavlink_interface/stm32_mavlink_interface/msg/detail/robomaster_motor_state__functions.h\n'}
[0.255207] (stm32_mavlink_interface) StdoutLine: {'line': b'-- Up-to-date: /home/a/ws_moveit2/install/stm32_mavlink_interface/include/stm32_mavlink_interface/stm32_mavlink_interface/msg/detail/servo_state__functions.h\n'}
[0.255235] (stm32_mavlink_interface) StdoutLine: {'line': b'-- Up-to-date: /home/a/ws_moveit2/install/stm32_mavlink_interface/include/stm32_mavlink_interface/stm32_mavlink_interface/msg/detail/encoder_state__type_support.h\n'}
[0.255261] (stm32_mavlink_interface) StdoutLine: {'line': b'-- Up-to-date: /home/a/ws_moveit2/install/stm32_mavlink_interface/include/stm32_mavlink_interface/stm32_mavlink_interface/msg/encoder_state.h\n'}
[0.255288] (stm32_mavlink_interface) StdoutLine: {'line': b'-- Up-to-date: /home/a/ws_moveit2/install/stm32_mavlink_interface/include/stm32_mavlink_interface/stm32_mavlink_interface/msg/robomaster_motor_state.h\n'}
[0.255314] (stm32_mavlink_interface) StdoutLine: {'line': b'-- Up-to-date: /home/a/ws_moveit2/install/stm32_mavlink_interface/include/stm32_mavlink_interface/stm32_mavlink_interface/srv\n'}
[0.255340] (stm32_mavlink_interface) StdoutLine: {'line': b'-- Up-to-date: /home/a/ws_moveit2/install/stm32_mavlink_interface/include/stm32_mavlink_interface/stm32_mavlink_interface/srv/set_robomaster_motor_config.h\n'}
[0.255406] (stm32_mavlink_interface) StdoutLine: {'line': b'-- Up-to-date: /home/a/ws_moveit2/install/stm32_mavlink_interface/include/stm32_mavlink_interface/stm32_mavlink_interface/srv/set_encoder_config.h\n'}
[0.255434] (stm32_mavlink_interface) StdoutLine: {'line': b'-- Up-to-date: /home/a/ws_moveit2/install/stm32_mavlink_interface/include/stm32_mavlink_interface/stm32_mavlink_interface/srv/detail\n'}
[0.255461] (stm32_mavlink_interface) StdoutLine: {'line': b'-- Up-to-date: /home/a/ws_moveit2/install/stm32_mavlink_interface/include/stm32_mavlink_interface/stm32_mavlink_interface/srv/detail/get_robomaster_motor_config__functions.h\n'}
[0.255486] (stm32_mavlink_interface) StdoutLine: {'line': b'-- Up-to-date: /home/a/ws_moveit2/install/stm32_mavlink_interface/include/stm32_mavlink_interface/stm32_mavlink_interface/srv/detail/get_robomaster_motor_config__struct.h\n'}
[0.255511] (stm32_mavlink_interface) StdoutLine: {'line': b'-- Up-to-date: /home/a/ws_moveit2/install/stm32_mavlink_interface/include/stm32_mavlink_interface/stm32_mavlink_interface/srv/detail/set_encoder_config__struct.h\n'}
[0.255541] (stm32_mavlink_interface) StdoutLine: {'line': b'-- Up-to-date: /home/a/ws_moveit2/install/stm32_mavlink_interface/include/stm32_mavlink_interface/stm32_mavlink_interface/srv/detail/set_robomaster_motor_config__struct.h\n'}
[0.255567] (stm32_mavlink_interface) StdoutLine: {'line': b'-- Up-to-date: /home/a/ws_moveit2/install/stm32_mavlink_interface/include/stm32_mavlink_interface/stm32_mavlink_interface/srv/detail/set_robomaster_motor_config__functions.c\n'}
[0.255770] (stm32_mavlink_interface) StdoutLine: {'line': b'-- Up-to-date: /home/a/ws_moveit2/install/stm32_mavlink_interface/include/stm32_mavlink_interface/stm32_mavlink_interface/srv/detail/get_robomaster_motor_config__functions.c\n'}
[0.255794] (stm32_mavlink_interface) StdoutLine: {'line': b'-- Up-to-date: /home/a/ws_moveit2/install/stm32_mavlink_interface/include/stm32_mavlink_interface/stm32_mavlink_interface/srv/detail/set_robomaster_motor_config__type_support.h\n'}
[0.255818] (stm32_mavlink_interface) StdoutLine: {'line': b'-- Up-to-date: /home/a/ws_moveit2/install/stm32_mavlink_interface/include/stm32_mavlink_interface/stm32_mavlink_interface/srv/detail/set_servo_config__struct.h\n'}
[0.255844] (stm32_mavlink_interface) StdoutLine: {'line': b'-- Up-to-date: /home/a/ws_moveit2/install/stm32_mavlink_interface/include/stm32_mavlink_interface/stm32_mavlink_interface/srv/detail/set_servo_config__functions.c\n'}
[0.255869] (stm32_mavlink_interface) StdoutLine: {'line': b'-- Up-to-date: /home/a/ws_moveit2/install/stm32_mavlink_interface/include/stm32_mavlink_interface/stm32_mavlink_interface/srv/detail/set_robomaster_motor_config__functions.h\n'}
[0.255894] (stm32_mavlink_interface) StdoutLine: {'line': b'-- Up-to-date: /home/a/ws_moveit2/install/stm32_mavlink_interface/include/stm32_mavlink_interface/stm32_mavlink_interface/srv/detail/set_encoder_config__functions.h\n'}
[0.255919] (stm32_mavlink_interface) StdoutLine: {'line': b'-- Up-to-date: /home/a/ws_moveit2/install/stm32_mavlink_interface/include/stm32_mavlink_interface/stm32_mavlink_interface/srv/detail/set_encoder_config__type_support.h\n'}
[0.255968] (stm32_mavlink_interface) StdoutLine: {'line': b'-- Up-to-date: /home/a/ws_moveit2/install/stm32_mavlink_interface/include/stm32_mavlink_interface/stm32_mavlink_interface/srv/detail/set_servo_config__functions.h\n'}
[0.255991] (stm32_mavlink_interface) StdoutLine: {'line': b'-- Up-to-date: /home/a/ws_moveit2/install/stm32_mavlink_interface/include/stm32_mavlink_interface/stm32_mavlink_interface/srv/detail/get_robomaster_motor_config__type_support.h\n'}
[0.256016] (stm32_mavlink_interface) StdoutLine: {'line': b'-- Up-to-date: /home/a/ws_moveit2/install/stm32_mavlink_interface/include/stm32_mavlink_interface/stm32_mavlink_interface/srv/detail/set_servo_config__type_support.h\n'}
[0.256251] (stm32_mavlink_interface) StdoutLine: {'line': b'-- Up-to-date: /home/a/ws_moveit2/install/stm32_mavlink_interface/include/stm32_mavlink_interface/stm32_mavlink_interface/srv/detail/set_encoder_config__functions.c\n'}
[0.256297] (stm32_mavlink_interface) StdoutLine: {'line': b'-- Up-to-date: /home/a/ws_moveit2/install/stm32_mavlink_interface/include/stm32_mavlink_interface/stm32_mavlink_interface/srv/get_robomaster_motor_config.h\n'}
[0.256320] (stm32_mavlink_interface) StdoutLine: {'line': b'-- Up-to-date: /home/a/ws_moveit2/install/stm32_mavlink_interface/include/stm32_mavlink_interface/stm32_mavlink_interface/srv/set_servo_config.h\n'}
[0.256343] (stm32_mavlink_interface) StdoutLine: {'line': b'-- Up-to-date: /home/a/ws_moveit2/install/stm32_mavlink_interface/share/stm32_mavlink_interface/environment/library_path.sh\n'}
[0.256366] (stm32_mavlink_interface) StdoutLine: {'line': b'-- Up-to-date: /home/a/ws_moveit2/install/stm32_mavlink_interface/share/stm32_mavlink_interface/environment/library_path.dsv\n'}
[0.256390] (stm32_mavlink_interface) StdoutLine: {'line': b'-- Up-to-date: /home/a/ws_moveit2/install/stm32_mavlink_interface/lib/libstm32_mavlink_interface__rosidl_generator_c.so\n'}
[0.256414] (stm32_mavlink_interface) StdoutLine: {'line': b'-- Up-to-date: /home/a/ws_moveit2/install/stm32_mavlink_interface/include/stm32_mavlink_interface/stm32_mavlink_interface\n'}
[0.256438] (stm32_mavlink_interface) StdoutLine: {'line': b'-- Up-to-date: /home/a/ws_moveit2/install/stm32_mavlink_interface/include/stm32_mavlink_interface/stm32_mavlink_interface/msg\n'}
[0.256462] (stm32_mavlink_interface) StdoutLine: {'line': b'-- Up-to-date: /home/a/ws_moveit2/install/stm32_mavlink_interface/include/stm32_mavlink_interface/stm32_mavlink_interface/msg/rosidl_typesupport_fastrtps_c__visibility_control.h\n'}
[0.256535] (stm32_mavlink_interface) StdoutLine: {'line': b'-- Up-to-date: /home/a/ws_moveit2/install/stm32_mavlink_interface/include/stm32_mavlink_interface/stm32_mavlink_interface/msg/detail\n'}
[0.256562] (stm32_mavlink_interface) StdoutLine: {'line': b'-- Up-to-date: /home/a/ws_moveit2/install/stm32_mavlink_interface/include/stm32_mavlink_interface/stm32_mavlink_interface/msg/detail/encoder_state__rosidl_typesupport_fastrtps_c.h\n'}
[0.256584] (stm32_mavlink_interface) StdoutLine: {'line': b'-- Up-to-date: /home/a/ws_moveit2/install/stm32_mavlink_interface/include/stm32_mavlink_interface/stm32_mavlink_interface/msg/detail/robomaster_motor_config__rosidl_typesupport_fastrtps_c.h\n'}
[0.256608] (stm32_mavlink_interface) StdoutLine: {'line': b'-- Up-to-date: /home/a/ws_moveit2/install/stm32_mavlink_interface/include/stm32_mavlink_interface/stm32_mavlink_interface/msg/detail/encoder_config__rosidl_typesupport_fastrtps_c.h\n'}
[0.256633] (stm32_mavlink_interface) StdoutLine: {'line': b'-- Up-to-date: /home/a/ws_moveit2/install/stm32_mavlink_interface/include/stm32_mavlink_interface/stm32_mavlink_interface/msg/detail/servo_command__rosidl_typesupport_fastrtps_c.h\n'}
[0.256657] (stm32_mavlink_interface) StdoutLine: {'line': b'-- Up-to-date: /home/a/ws_moveit2/install/stm32_mavlink_interface/include/stm32_mavlink_interface/stm32_mavlink_interface/msg/detail/robomaster_motor_state__rosidl_typesupport_fastrtps_c.h\n'}
[0.256682] (stm32_mavlink_interface) StdoutLine: {'line': b'-- Up-to-date: /home/a/ws_moveit2/install/stm32_mavlink_interface/include/stm32_mavlink_interface/stm32_mavlink_interface/msg/detail/robomaster_motor_command__rosidl_typesupport_fastrtps_c.h\n'}
[0.256707] (stm32_mavlink_interface) StdoutLine: {'line': b'-- Up-to-date: /home/a/ws_moveit2/install/stm32_mavlink_interface/include/stm32_mavlink_interface/stm32_mavlink_interface/msg/detail/servo_state__rosidl_typesupport_fastrtps_c.h\n'}
[0.256731] (stm32_mavlink_interface) StdoutLine: {'line': b'-- Up-to-date: /home/a/ws_moveit2/install/stm32_mavlink_interface/include/stm32_mavlink_interface/stm32_mavlink_interface/srv\n'}
[0.256756] (stm32_mavlink_interface) StdoutLine: {'line': b'-- Up-to-date: /home/a/ws_moveit2/install/stm32_mavlink_interface/include/stm32_mavlink_interface/stm32_mavlink_interface/srv/detail\n'}
[0.257062] (stm32_mavlink_interface) StdoutLine: {'line': b'-- Up-to-date: /home/a/ws_moveit2/install/stm32_mavlink_interface/include/stm32_mavlink_interface/stm32_mavlink_interface/srv/detail/set_encoder_config__rosidl_typesupport_fastrtps_c.h\n'}
[0.257084] (stm32_mavlink_interface) StdoutLine: {'line': b'-- Up-to-date: /home/a/ws_moveit2/install/stm32_mavlink_interface/include/stm32_mavlink_interface/stm32_mavlink_interface/srv/detail/set_servo_config__rosidl_typesupport_fastrtps_c.h\n'}
[0.257105] (stm32_mavlink_interface) StdoutLine: {'line': b'-- Up-to-date: /home/a/ws_moveit2/install/stm32_mavlink_interface/include/stm32_mavlink_interface/stm32_mavlink_interface/srv/detail/get_robomaster_motor_config__rosidl_typesupport_fastrtps_c.h\n'}
[0.257128] (stm32_mavlink_interface) StdoutLine: {'line': b'-- Up-to-date: /home/a/ws_moveit2/install/stm32_mavlink_interface/include/stm32_mavlink_interface/stm32_mavlink_interface/srv/detail/set_robomaster_motor_config__rosidl_typesupport_fastrtps_c.h\n'}
[0.257150] (stm32_mavlink_interface) StdoutLine: {'line': b'-- Up-to-date: /home/a/ws_moveit2/install/stm32_mavlink_interface/lib/libstm32_mavlink_interface__rosidl_typesupport_fastrtps_c.so\n'}
[0.257172] (stm32_mavlink_interface) StdoutLine: {'line': b'-- Up-to-date: /home/a/ws_moveit2/install/stm32_mavlink_interface/include/stm32_mavlink_interface/stm32_mavlink_interface\n'}
[0.257195] (stm32_mavlink_interface) StdoutLine: {'line': b'-- Up-to-date: /home/a/ws_moveit2/install/stm32_mavlink_interface/include/stm32_mavlink_interface/stm32_mavlink_interface/msg\n'}
[0.257217] (stm32_mavlink_interface) StdoutLine: {'line': b'-- Up-to-date: /home/a/ws_moveit2/install/stm32_mavlink_interface/include/stm32_mavlink_interface/stm32_mavlink_interface/msg/servo_command.hpp\n'}
[0.257239] (stm32_mavlink_interface) StdoutLine: {'line': b'-- Up-to-date: /home/a/ws_moveit2/install/stm32_mavlink_interface/include/stm32_mavlink_interface/stm32_mavlink_interface/msg/robomaster_motor_config.hpp\n'}
[0.257261] (stm32_mavlink_interface) StdoutLine: {'line': b'-- Up-to-date: /home/a/ws_moveit2/install/stm32_mavlink_interface/include/stm32_mavlink_interface/stm32_mavlink_interface/msg/encoder_config.hpp\n'}
[0.257282] (stm32_mavlink_interface) StdoutLine: {'line': b'-- Up-to-date: /home/a/ws_moveit2/install/stm32_mavlink_interface/include/stm32_mavlink_interface/stm32_mavlink_interface/msg/encoder_state.hpp\n'}
[0.257303] (stm32_mavlink_interface) StdoutLine: {'line': b'-- Up-to-date: /home/a/ws_moveit2/install/stm32_mavlink_interface/include/stm32_mavlink_interface/stm32_mavlink_interface/msg/robomaster_motor_state.hpp\n'}
[0.257325] (stm32_mavlink_interface) StdoutLine: {'line': b'-- Up-to-date: /home/a/ws_moveit2/install/stm32_mavlink_interface/include/stm32_mavlink_interface/stm32_mavlink_interface/msg/robomaster_motor_command.hpp\n'}
[0.257346] (stm32_mavlink_interface) StdoutLine: {'line': b'-- Up-to-date: /home/a/ws_moveit2/install/stm32_mavlink_interface/include/stm32_mavlink_interface/stm32_mavlink_interface/msg/servo_state.hpp\n'}
[0.257367] (stm32_mavlink_interface) StdoutLine: {'line': b'-- Up-to-date: /home/a/ws_moveit2/install/stm32_mavlink_interface/include/stm32_mavlink_interface/stm32_mavlink_interface/msg/rosidl_generator_cpp__visibility_control.hpp\n'}
[0.257389] (stm32_mavlink_interface) StdoutLine: {'line': b'-- Up-to-date: /home/a/ws_moveit2/install/stm32_mavlink_interface/include/stm32_mavlink_interface/stm32_mavlink_interface/msg/detail\n'}
[0.257410] (stm32_mavlink_interface) StdoutLine: {'line': b'-- Up-to-date: /home/a/ws_moveit2/install/stm32_mavlink_interface/include/stm32_mavlink_interface/stm32_mavlink_interface/msg/detail/encoder_state__type_support.hpp\n'}
[0.257436] (stm32_mavlink_interface) StdoutLine: {'line': b'-- Up-to-date: /home/a/ws_moveit2/install/stm32_mavlink_interface/include/stm32_mavlink_interface/stm32_mavlink_interface/msg/detail/robomaster_motor_state__traits.hpp\n'}
[0.257458] (stm32_mavlink_interface) StdoutLine: {'line': b'-- Up-to-date: /home/a/ws_moveit2/install/stm32_mavlink_interface/include/stm32_mavlink_interface/stm32_mavlink_interface/msg/detail/servo_state__struct.hpp\n'}
[0.257481] (stm32_mavlink_interface) StdoutLine: {'line': b'-- Up-to-date: /home/a/ws_moveit2/install/stm32_mavlink_interface/include/stm32_mavlink_interface/stm32_mavlink_interface/msg/detail/encoder_state__builder.hpp\n'}
[0.257503] (stm32_mavlink_interface) StdoutLine: {'line': b'-- Up-to-date: /home/a/ws_moveit2/install/stm32_mavlink_interface/include/stm32_mavlink_interface/stm32_mavlink_interface/msg/detail/robomaster_motor_config__type_support.hpp\n'}
[0.257529] (stm32_mavlink_interface) StdoutLine: {'line': b'-- Up-to-date: /home/a/ws_moveit2/install/stm32_mavlink_interface/include/stm32_mavlink_interface/stm32_mavlink_interface/msg/detail/servo_state__traits.hpp\n'}
[0.257551] (stm32_mavlink_interface) StdoutLine: {'line': b'-- Up-to-date: /home/a/ws_moveit2/install/stm32_mavlink_interface/include/stm32_mavlink_interface/stm32_mavlink_interface/msg/detail/robomaster_motor_config__traits.hpp\n'}
[0.257573] (stm32_mavlink_interface) StdoutLine: {'line': b'-- Up-to-date: /home/a/ws_moveit2/install/stm32_mavlink_interface/include/stm32_mavlink_interface/stm32_mavlink_interface/msg/detail/robomaster_motor_state__builder.hpp\n'}
[0.257594] (stm32_mavlink_interface) StdoutLine: {'line': b'-- Up-to-date: /home/a/ws_moveit2/install/stm32_mavlink_interface/include/stm32_mavlink_interface/stm32_mavlink_interface/msg/detail/robomaster_motor_command__struct.hpp\n'}
[0.257616] (stm32_mavlink_interface) StdoutLine: {'line': b'-- Up-to-date: /home/a/ws_moveit2/install/stm32_mavlink_interface/include/stm32_mavlink_interface/stm32_mavlink_interface/msg/detail/servo_command__struct.hpp\n'}
[0.257638] (stm32_mavlink_interface) StdoutLine: {'line': b'-- Up-to-date: /home/a/ws_moveit2/install/stm32_mavlink_interface/include/stm32_mavlink_interface/stm32_mavlink_interface/msg/detail/servo_state__type_support.hpp\n'}
[0.257659] (stm32_mavlink_interface) StdoutLine: {'line': b'-- Up-to-date: /home/a/ws_moveit2/install/stm32_mavlink_interface/include/stm32_mavlink_interface/stm32_mavlink_interface/msg/detail/encoder_state__struct.hpp\n'}
[0.257681] (stm32_mavlink_interface) StdoutLine: {'line': b'-- Up-to-date: /home/a/ws_moveit2/install/stm32_mavlink_interface/include/stm32_mavlink_interface/stm32_mavlink_interface/msg/detail/encoder_config__traits.hpp\n'}
[0.257702] (stm32_mavlink_interface) StdoutLine: {'line': b'-- Up-to-date: /home/a/ws_moveit2/install/stm32_mavlink_interface/include/stm32_mavlink_interface/stm32_mavlink_interface/msg/detail/encoder_config__builder.hpp\n'}
[0.257723] (stm32_mavlink_interface) StdoutLine: {'line': b'-- Up-to-date: /home/a/ws_moveit2/install/stm32_mavlink_interface/include/stm32_mavlink_interface/stm32_mavlink_interface/msg/detail/robomaster_motor_state__struct.hpp\n'}
[0.257746] (stm32_mavlink_interface) StdoutLine: {'line': b'-- Up-to-date: /home/a/ws_moveit2/install/stm32_mavlink_interface/include/stm32_mavlink_interface/stm32_mavlink_interface/msg/detail/servo_command__builder.hpp\n'}
[0.257768] (stm32_mavlink_interface) StdoutLine: {'line': b'-- Up-to-date: /home/a/ws_moveit2/install/stm32_mavlink_interface/include/stm32_mavlink_interface/stm32_mavlink_interface/msg/detail/encoder_state__traits.hpp\n'}
[0.257789] (stm32_mavlink_interface) StdoutLine: {'line': b'-- Up-to-date: /home/a/ws_moveit2/install/stm32_mavlink_interface/include/stm32_mavlink_interface/stm32_mavlink_interface/msg/detail/robomaster_motor_state__type_support.hpp\n'}
[0.257811] (stm32_mavlink_interface) StdoutLine: {'line': b'-- Up-to-date: /home/a/ws_moveit2/install/stm32_mavlink_interface/include/stm32_mavlink_interface/stm32_mavlink_interface/msg/detail/encoder_config__type_support.hpp\n'}
[0.257833] (stm32_mavlink_interface) StdoutLine: {'line': b'-- Up-to-date: /home/a/ws_moveit2/install/stm32_mavlink_interface/include/stm32_mavlink_interface/stm32_mavlink_interface/msg/detail/servo_command__traits.hpp\n'}
[0.257854] (stm32_mavlink_interface) StdoutLine: {'line': b'-- Up-to-date: /home/a/ws_moveit2/install/stm32_mavlink_interface/include/stm32_mavlink_interface/stm32_mavlink_interface/msg/detail/servo_state__builder.hpp\n'}
[0.257877] (stm32_mavlink_interface) StdoutLine: {'line': b'-- Up-to-date: /home/a/ws_moveit2/install/stm32_mavlink_interface/include/stm32_mavlink_interface/stm32_mavlink_interface/msg/detail/robomaster_motor_command__builder.hpp\n'}
[0.257898] (stm32_mavlink_interface) StdoutLine: {'line': b'-- Up-to-date: /home/a/ws_moveit2/install/stm32_mavlink_interface/include/stm32_mavlink_interface/stm32_mavlink_interface/msg/detail/robomaster_motor_command__traits.hpp\n'}
[0.257920] (stm32_mavlink_interface) StdoutLine: {'line': b'-- Up-to-date: /home/a/ws_moveit2/install/stm32_mavlink_interface/include/stm32_mavlink_interface/stm32_mavlink_interface/msg/detail/robomaster_motor_command__type_support.hpp\n'}
[0.257941] (stm32_mavlink_interface) StdoutLine: {'line': b'-- Up-to-date: /home/a/ws_moveit2/install/stm32_mavlink_interface/include/stm32_mavlink_interface/stm32_mavlink_interface/msg/detail/robomaster_motor_config__builder.hpp\n'}
[0.257965] (stm32_mavlink_interface) StdoutLine: {'line': b'-- Up-to-date: /home/a/ws_moveit2/install/stm32_mavlink_interface/include/stm32_mavlink_interface/stm32_mavlink_interface/msg/detail/robomaster_motor_config__struct.hpp\n'}
[0.257986] (stm32_mavlink_interface) StdoutLine: {'line': b'-- Up-to-date: /home/a/ws_moveit2/install/stm32_mavlink_interface/include/stm32_mavlink_interface/stm32_mavlink_interface/msg/detail/encoder_config__struct.hpp\n'}
[0.258007] (stm32_mavlink_interface) StdoutLine: {'line': b'-- Up-to-date: /home/a/ws_moveit2/install/stm32_mavlink_interface/include/stm32_mavlink_interface/stm32_mavlink_interface/msg/detail/servo_command__type_support.hpp\n'}
[0.258029] (stm32_mavlink_interface) StdoutLine: {'line': b'-- Up-to-date: /home/a/ws_moveit2/install/stm32_mavlink_interface/include/stm32_mavlink_interface/stm32_mavlink_interface/srv\n'}
[0.258051] (stm32_mavlink_interface) StdoutLine: {'line': b'-- Up-to-date: /home/a/ws_moveit2/install/stm32_mavlink_interface/include/stm32_mavlink_interface/stm32_mavlink_interface/srv/set_robomaster_motor_config.hpp\n'}
[0.258072] (stm32_mavlink_interface) StdoutLine: {'line': b'-- Up-to-date: /home/a/ws_moveit2/install/stm32_mavlink_interface/include/stm32_mavlink_interface/stm32_mavlink_interface/srv/set_encoder_config.hpp\n'}
[0.258094] (stm32_mavlink_interface) StdoutLine: {'line': b'-- Up-to-date: /home/a/ws_moveit2/install/stm32_mavlink_interface/include/stm32_mavlink_interface/stm32_mavlink_interface/srv/get_robomaster_motor_config.hpp\n'}
[0.258116] (stm32_mavlink_interface) StdoutLine: {'line': b'-- Up-to-date: /home/a/ws_moveit2/install/stm32_mavlink_interface/include/stm32_mavlink_interface/stm32_mavlink_interface/srv/detail\n'}
[0.258138] (stm32_mavlink_interface) StdoutLine: {'line': b'-- Up-to-date: /home/a/ws_moveit2/install/stm32_mavlink_interface/include/stm32_mavlink_interface/stm32_mavlink_interface/srv/detail/set_robomaster_motor_config__builder.hpp\n'}
[0.258160] (stm32_mavlink_interface) StdoutLine: {'line': b'-- Up-to-date: /home/a/ws_moveit2/install/stm32_mavlink_interface/include/stm32_mavlink_interface/stm32_mavlink_interface/srv/detail/set_servo_config__builder.hpp\n'}
[0.258181] (stm32_mavlink_interface) StdoutLine: {'line': b'-- Up-to-date: /home/a/ws_moveit2/install/stm32_mavlink_interface/include/stm32_mavlink_interface/stm32_mavlink_interface/srv/detail/set_servo_config__traits.hpp\n'}
[0.258202] (stm32_mavlink_interface) StdoutLine: {'line': b'-- Up-to-date: /home/a/ws_moveit2/install/stm32_mavlink_interface/include/stm32_mavlink_interface/stm32_mavlink_interface/srv/detail/set_encoder_config__type_support.hpp\n'}
[0.258224] (stm32_mavlink_interface) StdoutLine: {'line': b'-- Up-to-date: /home/a/ws_moveit2/install/stm32_mavlink_interface/include/stm32_mavlink_interface/stm32_mavlink_interface/srv/detail/get_robomaster_motor_config__struct.hpp\n'}
[0.258246] (stm32_mavlink_interface) StdoutLine: {'line': b'-- Up-to-date: /home/a/ws_moveit2/install/stm32_mavlink_interface/include/stm32_mavlink_interface/stm32_mavlink_interface/srv/detail/set_servo_config__type_support.hpp\n'}
[0.258270] (stm32_mavlink_interface) StdoutLine: {'line': b'-- Up-to-date: /home/a/ws_moveit2/install/stm32_mavlink_interface/include/stm32_mavlink_interface/stm32_mavlink_interface/srv/detail/set_encoder_config__traits.hpp\n'}
[0.258292] (stm32_mavlink_interface) StdoutLine: {'line': b'-- Up-to-date: /home/a/ws_moveit2/install/stm32_mavlink_interface/include/stm32_mavlink_interface/stm32_mavlink_interface/srv/detail/set_robomaster_motor_config__struct.hpp\n'}
[0.258314] (stm32_mavlink_interface) StdoutLine: {'line': b'-- Up-to-date: /home/a/ws_moveit2/install/stm32_mavlink_interface/include/stm32_mavlink_interface/stm32_mavlink_interface/srv/detail/set_servo_config__struct.hpp\n'}
[0.258335] (stm32_mavlink_interface) StdoutLine: {'line': b'-- Up-to-date: /home/a/ws_moveit2/install/stm32_mavlink_interface/include/stm32_mavlink_interface/stm32_mavlink_interface/srv/detail/get_robomaster_motor_config__type_support.hpp\n'}
[0.258356] (stm32_mavlink_interface) StdoutLine: {'line': b'-- Up-to-date: /home/a/ws_moveit2/install/stm32_mavlink_interface/include/stm32_mavlink_interface/stm32_mavlink_interface/srv/detail/get_robomaster_motor_config__builder.hpp\n'}
[0.258378] (stm32_mavlink_interface) StdoutLine: {'line': b'-- Up-to-date: /home/a/ws_moveit2/install/stm32_mavlink_interface/include/stm32_mavlink_interface/stm32_mavlink_interface/srv/detail/set_robomaster_motor_config__traits.hpp\n'}
[0.258399] (stm32_mavlink_interface) StdoutLine: {'line': b'-- Up-to-date: /home/a/ws_moveit2/install/stm32_mavlink_interface/include/stm32_mavlink_interface/stm32_mavlink_interface/srv/detail/set_encoder_config__builder.hpp\n'}
[0.258421] (stm32_mavlink_interface) StdoutLine: {'line': b'-- Up-to-date: /home/a/ws_moveit2/install/stm32_mavlink_interface/include/stm32_mavlink_interface/stm32_mavlink_interface/srv/detail/set_encoder_config__struct.hpp\n'}
[0.258443] (stm32_mavlink_interface) StdoutLine: {'line': b'-- Up-to-date: /home/a/ws_moveit2/install/stm32_mavlink_interface/include/stm32_mavlink_interface/stm32_mavlink_interface/srv/detail/get_robomaster_motor_config__traits.hpp\n'}
[0.258464] (stm32_mavlink_interface) StdoutLine: {'line': b'-- Up-to-date: /home/a/ws_moveit2/install/stm32_mavlink_interface/include/stm32_mavlink_interface/stm32_mavlink_interface/srv/detail/set_robomaster_motor_config__type_support.hpp\n'}
[0.258486] (stm32_mavlink_interface) StdoutLine: {'line': b'-- Up-to-date: /home/a/ws_moveit2/install/stm32_mavlink_interface/include/stm32_mavlink_interface/stm32_mavlink_interface/srv/set_servo_config.hpp\n'}
[0.258508] (stm32_mavlink_interface) StdoutLine: {'line': b'-- Up-to-date: /home/a/ws_moveit2/install/stm32_mavlink_interface/include/stm32_mavlink_interface/stm32_mavlink_interface\n'}
[0.258535] (stm32_mavlink_interface) StdoutLine: {'line': b'-- Up-to-date: /home/a/ws_moveit2/install/stm32_mavlink_interface/include/stm32_mavlink_interface/stm32_mavlink_interface/msg\n'}
[0.258557] (stm32_mavlink_interface) StdoutLine: {'line': b'-- Up-to-date: /home/a/ws_moveit2/install/stm32_mavlink_interface/include/stm32_mavlink_interface/stm32_mavlink_interface/msg/detail\n'}
[0.258579] (stm32_mavlink_interface) StdoutLine: {'line': b'-- Up-to-date: /home/a/ws_moveit2/install/stm32_mavlink_interface/include/stm32_mavlink_interface/stm32_mavlink_interface/msg/detail/robomaster_motor_command__rosidl_typesupport_fastrtps_cpp.hpp\n'}
[0.258602] (stm32_mavlink_interface) StdoutLine: {'line': b'-- Up-to-date: /home/a/ws_moveit2/install/stm32_mavlink_interface/include/stm32_mavlink_interface/stm32_mavlink_interface/msg/detail/encoder_state__rosidl_typesupport_fastrtps_cpp.hpp\n'}
[0.258624] (stm32_mavlink_interface) StdoutLine: {'line': b'-- Up-to-date: /home/a/ws_moveit2/install/stm32_mavlink_interface/include/stm32_mavlink_interface/stm32_mavlink_interface/msg/detail/encoder_config__rosidl_typesupport_fastrtps_cpp.hpp\n'}
[0.258645] (stm32_mavlink_interface) StdoutLine: {'line': b'-- Up-to-date: /home/a/ws_moveit2/install/stm32_mavlink_interface/include/stm32_mavlink_interface/stm32_mavlink_interface/msg/detail/robomaster_motor_config__rosidl_typesupport_fastrtps_cpp.hpp\n'}
[0.258669] (stm32_mavlink_interface) StdoutLine: {'line': b'-- Up-to-date: /home/a/ws_moveit2/install/stm32_mavlink_interface/include/stm32_mavlink_interface/stm32_mavlink_interface/msg/detail/robomaster_motor_state__rosidl_typesupport_fastrtps_cpp.hpp\n'}
[0.258690] (stm32_mavlink_interface) StdoutLine: {'line': b'-- Up-to-date: /home/a/ws_moveit2/install/stm32_mavlink_interface/include/stm32_mavlink_interface/stm32_mavlink_interface/msg/detail/servo_state__rosidl_typesupport_fastrtps_cpp.hpp\n'}
[0.258713] (stm32_mavlink_interface) StdoutLine: {'line': b'-- Up-to-date: /home/a/ws_moveit2/install/stm32_mavlink_interface/include/stm32_mavlink_interface/stm32_mavlink_interface/msg/detail/servo_command__rosidl_typesupport_fastrtps_cpp.hpp\n'}
[0.258734] (stm32_mavlink_interface) StdoutLine: {'line': b'-- Up-to-date: /home/a/ws_moveit2/install/stm32_mavlink_interface/include/stm32_mavlink_interface/stm32_mavlink_interface/msg/detail/dds_fastrtps\n'}
[0.258755] (stm32_mavlink_interface) StdoutLine: {'line': b'-- Up-to-date: /home/a/ws_moveit2/install/stm32_mavlink_interface/include/stm32_mavlink_interface/stm32_mavlink_interface/msg/rosidl_typesupport_fastrtps_cpp__visibility_control.h\n'}
[0.258777] (stm32_mavlink_interface) StdoutLine: {'line': b'-- Up-to-date: /home/a/ws_moveit2/install/stm32_mavlink_interface/include/stm32_mavlink_interface/stm32_mavlink_interface/srv\n'}
[0.258799] (stm32_mavlink_interface) StdoutLine: {'line': b'-- Up-to-date: /home/a/ws_moveit2/install/stm32_mavlink_interface/include/stm32_mavlink_interface/stm32_mavlink_interface/srv/detail\n'}
[0.258821] (stm32_mavlink_interface) StdoutLine: {'line': b'-- Up-to-date: /home/a/ws_moveit2/install/stm32_mavlink_interface/include/stm32_mavlink_interface/stm32_mavlink_interface/srv/detail/set_encoder_config__rosidl_typesupport_fastrtps_cpp.hpp\n'}
[0.258842] (stm32_mavlink_interface) StdoutLine: {'line': b'-- Up-to-date: /home/a/ws_moveit2/install/stm32_mavlink_interface/include/stm32_mavlink_interface/stm32_mavlink_interface/srv/detail/set_servo_config__rosidl_typesupport_fastrtps_cpp.hpp\n'}
[0.258863] (stm32_mavlink_interface) StdoutLine: {'line': b'-- Up-to-date: /home/a/ws_moveit2/install/stm32_mavlink_interface/include/stm32_mavlink_interface/stm32_mavlink_interface/srv/detail/set_robomaster_motor_config__rosidl_typesupport_fastrtps_cpp.hpp\n'}
[0.258884] (stm32_mavlink_interface) StdoutLine: {'line': b'-- Up-to-date: /home/a/ws_moveit2/install/stm32_mavlink_interface/include/stm32_mavlink_interface/stm32_mavlink_interface/srv/detail/get_robomaster_motor_config__rosidl_typesupport_fastrtps_cpp.hpp\n'}
[0.258906] (stm32_mavlink_interface) StdoutLine: {'line': b'-- Up-to-date: /home/a/ws_moveit2/install/stm32_mavlink_interface/include/stm32_mavlink_interface/stm32_mavlink_interface/srv/detail/dds_fastrtps\n'}
[0.258927] (stm32_mavlink_interface) StdoutLine: {'line': b'-- Up-to-date: /home/a/ws_moveit2/install/stm32_mavlink_interface/lib/libstm32_mavlink_interface__rosidl_typesupport_fastrtps_cpp.so\n'}
[0.258949] (stm32_mavlink_interface) StdoutLine: {'line': b'-- Up-to-date: /home/a/ws_moveit2/install/stm32_mavlink_interface/include/stm32_mavlink_interface/stm32_mavlink_interface\n'}
[0.258971] (stm32_mavlink_interface) StdoutLine: {'line': b'-- Up-to-date: /home/a/ws_moveit2/install/stm32_mavlink_interface/include/stm32_mavlink_interface/stm32_mavlink_interface/msg\n'}
[0.258992] (stm32_mavlink_interface) StdoutLine: {'line': b'-- Up-to-date: /home/a/ws_moveit2/install/stm32_mavlink_interface/include/stm32_mavlink_interface/stm32_mavlink_interface/msg/rosidl_typesupport_introspection_c__visibility_control.h\n'}
[0.259013] (stm32_mavlink_interface) StdoutLine: {'line': b'-- Up-to-date: /home/a/ws_moveit2/install/stm32_mavlink_interface/include/stm32_mavlink_interface/stm32_mavlink_interface/msg/detail\n'}
[0.259035] (stm32_mavlink_interface) StdoutLine: {'line': b'-- Up-to-date: /home/a/ws_moveit2/install/stm32_mavlink_interface/include/stm32_mavlink_interface/stm32_mavlink_interface/msg/detail/robomaster_motor_state__type_support.c\n'}
[0.259057] (stm32_mavlink_interface) StdoutLine: {'line': b'-- Up-to-date: /home/a/ws_moveit2/install/stm32_mavlink_interface/include/stm32_mavlink_interface/stm32_mavlink_interface/msg/detail/robomaster_motor_command__rosidl_typesupport_introspection_c.h\n'}
[0.259082] (stm32_mavlink_interface) StdoutLine: {'line': b'-- Up-to-date: /home/a/ws_moveit2/install/stm32_mavlink_interface/include/stm32_mavlink_interface/stm32_mavlink_interface/msg/detail/robomaster_motor_config__rosidl_typesupport_introspection_c.h\n'}
[0.259104] (stm32_mavlink_interface) StdoutLine: {'line': b'-- Up-to-date: /home/a/ws_moveit2/install/stm32_mavlink_interface/include/stm32_mavlink_interface/stm32_mavlink_interface/msg/detail/robomaster_motor_state__rosidl_typesupport_introspection_c.h\n'}
[0.259126] (stm32_mavlink_interface) StdoutLine: {'line': b'-- Up-to-date: /home/a/ws_moveit2/install/stm32_mavlink_interface/include/stm32_mavlink_interface/stm32_mavlink_interface/msg/detail/servo_state__rosidl_typesupport_introspection_c.h\n'}
[0.259147] (stm32_mavlink_interface) StdoutLine: {'line': b'-- Up-to-date: /home/a/ws_moveit2/install/stm32_mavlink_interface/include/stm32_mavlink_interface/stm32_mavlink_interface/msg/detail/encoder_state__type_support.c\n'}
[0.259169] (stm32_mavlink_interface) StdoutLine: {'line': b'-- Up-to-date: /home/a/ws_moveit2/install/stm32_mavlink_interface/include/stm32_mavlink_interface/stm32_mavlink_interface/msg/detail/servo_state__type_support.c\n'}
[0.259190] (stm32_mavlink_interface) StdoutLine: {'line': b'-- Up-to-date: /home/a/ws_moveit2/install/stm32_mavlink_interface/include/stm32_mavlink_interface/stm32_mavlink_interface/msg/detail/encoder_config__type_support.c\n'}
[0.259211] (stm32_mavlink_interface) StdoutLine: {'line': b'-- Up-to-date: /home/a/ws_moveit2/install/stm32_mavlink_interface/include/stm32_mavlink_interface/stm32_mavlink_interface/msg/detail/encoder_state__rosidl_typesupport_introspection_c.h\n'}
[0.259232] (stm32_mavlink_interface) StdoutLine: {'line': b'-- Up-to-date: /home/a/ws_moveit2/install/stm32_mavlink_interface/include/stm32_mavlink_interface/stm32_mavlink_interface/msg/detail/robomaster_motor_config__type_support.c\n'}
[0.259254] (stm32_mavlink_interface) StdoutLine: {'line': b'-- Up-to-date: /home/a/ws_moveit2/install/stm32_mavlink_interface/include/stm32_mavlink_interface/stm32_mavlink_interface/msg/detail/servo_command__type_support.c\n'}
[0.259278] (stm32_mavlink_interface) StdoutLine: {'line': b'-- Up-to-date: /home/a/ws_moveit2/install/stm32_mavlink_interface/include/stm32_mavlink_interface/stm32_mavlink_interface/msg/detail/encoder_config__rosidl_typesupport_introspection_c.h\n'}
[0.259300] (stm32_mavlink_interface) StdoutLine: {'line': b'-- Up-to-date: /home/a/ws_moveit2/install/stm32_mavlink_interface/include/stm32_mavlink_interface/stm32_mavlink_interface/msg/detail/servo_command__rosidl_typesupport_introspection_c.h\n'}
[0.259321] (stm32_mavlink_interface) StdoutLine: {'line': b'-- Up-to-date: /home/a/ws_moveit2/install/stm32_mavlink_interface/include/stm32_mavlink_interface/stm32_mavlink_interface/msg/detail/robomaster_motor_command__type_support.c\n'}
[0.259343] (stm32_mavlink_interface) StdoutLine: {'line': b'-- Up-to-date: /home/a/ws_moveit2/install/stm32_mavlink_interface/include/stm32_mavlink_interface/stm32_mavlink_interface/srv\n'}
[0.259365] (stm32_mavlink_interface) StdoutLine: {'line': b'-- Up-to-date: /home/a/ws_moveit2/install/stm32_mavlink_interface/include/stm32_mavlink_interface/stm32_mavlink_interface/srv/detail\n'}
[0.259386] (stm32_mavlink_interface) StdoutLine: {'line': b'-- Up-to-date: /home/a/ws_moveit2/install/stm32_mavlink_interface/include/stm32_mavlink_interface/stm32_mavlink_interface/srv/detail/get_robomaster_motor_config__type_support.c\n'}
[0.259408] (stm32_mavlink_interface) StdoutLine: {'line': b'-- Up-to-date: /home/a/ws_moveit2/install/stm32_mavlink_interface/include/stm32_mavlink_interface/stm32_mavlink_interface/srv/detail/set_robomaster_motor_config__type_support.c\n'}
[0.259431] (stm32_mavlink_interface) StdoutLine: {'line': b'-- Up-to-date: /home/a/ws_moveit2/install/stm32_mavlink_interface/include/stm32_mavlink_interface/stm32_mavlink_interface/srv/detail/get_robomaster_motor_config__rosidl_typesupport_introspection_c.h\n'}
[0.259453] (stm32_mavlink_interface) StdoutLine: {'line': b'-- Up-to-date: /home/a/ws_moveit2/install/stm32_mavlink_interface/include/stm32_mavlink_interface/stm32_mavlink_interface/srv/detail/set_servo_config__type_support.c\n'}
[0.259475] (stm32_mavlink_interface) StdoutLine: {'line': b'-- Up-to-date: /home/a/ws_moveit2/install/stm32_mavlink_interface/include/stm32_mavlink_interface/stm32_mavlink_interface/srv/detail/set_robomaster_motor_config__rosidl_typesupport_introspection_c.h\n'}
[0.259497] (stm32_mavlink_interface) StdoutLine: {'line': b'-- Up-to-date: /home/a/ws_moveit2/install/stm32_mavlink_interface/include/stm32_mavlink_interface/stm32_mavlink_interface/srv/detail/set_servo_config__rosidl_typesupport_introspection_c.h\n'}
[0.259548] (stm32_mavlink_interface) StdoutLine: {'line': b'-- Up-to-date: /home/a/ws_moveit2/install/stm32_mavlink_interface/include/stm32_mavlink_interface/stm32_mavlink_interface/srv/detail/set_encoder_config__rosidl_typesupport_introspection_c.h\n'}
[0.259573] (stm32_mavlink_interface) StdoutLine: {'line': b'-- Up-to-date: /home/a/ws_moveit2/install/stm32_mavlink_interface/include/stm32_mavlink_interface/stm32_mavlink_interface/srv/detail/set_encoder_config__type_support.c\n'}
[0.259595] (stm32_mavlink_interface) StdoutLine: {'line': b'-- Up-to-date: /home/a/ws_moveit2/install/stm32_mavlink_interface/lib/libstm32_mavlink_interface__rosidl_typesupport_introspection_c.so\n'}
[0.259621] (stm32_mavlink_interface) StdoutLine: {'line': b'-- Up-to-date: /home/a/ws_moveit2/install/stm32_mavlink_interface/lib/libstm32_mavlink_interface__rosidl_typesupport_c.so\n'}
[0.259644] (stm32_mavlink_interface) StdoutLine: {'line': b'-- Up-to-date: /home/a/ws_moveit2/install/stm32_mavlink_interface/include/stm32_mavlink_interface/stm32_mavlink_interface\n'}
[0.259666] (stm32_mavlink_interface) StdoutLine: {'line': b'-- Up-to-date: /home/a/ws_moveit2/install/stm32_mavlink_interface/include/stm32_mavlink_interface/stm32_mavlink_interface/msg\n'}
[0.259687] (stm32_mavlink_interface) StdoutLine: {'line': b'-- Up-to-date: /home/a/ws_moveit2/install/stm32_mavlink_interface/include/stm32_mavlink_interface/stm32_mavlink_interface/msg/detail\n'}
[0.259709] (stm32_mavlink_interface) StdoutLine: {'line': b'-- Up-to-date: /home/a/ws_moveit2/install/stm32_mavlink_interface/include/stm32_mavlink_interface/stm32_mavlink_interface/msg/detail/servo_state__rosidl_typesupport_introspection_cpp.hpp\n'}
[0.259730] (stm32_mavlink_interface) StdoutLine: {'line': b'-- Up-to-date: /home/a/ws_moveit2/install/stm32_mavlink_interface/include/stm32_mavlink_interface/stm32_mavlink_interface/msg/detail/encoder_config__type_support.cpp\n'}
[0.259752] (stm32_mavlink_interface) StdoutLine: {'line': b'-- Up-to-date: /home/a/ws_moveit2/install/stm32_mavlink_interface/include/stm32_mavlink_interface/stm32_mavlink_interface/msg/detail/robomaster_motor_command__type_support.cpp\n'}
[0.259773] (stm32_mavlink_interface) StdoutLine: {'line': b'-- Up-to-date: /home/a/ws_moveit2/install/stm32_mavlink_interface/include/stm32_mavlink_interface/stm32_mavlink_interface/msg/detail/servo_command__type_support.cpp\n'}
[0.259795] (stm32_mavlink_interface) StdoutLine: {'line': b'-- Up-to-date: /home/a/ws_moveit2/install/stm32_mavlink_interface/include/stm32_mavlink_interface/stm32_mavlink_interface/msg/detail/robomaster_motor_command__rosidl_typesupport_introspection_cpp.hpp\n'}
[0.259818] (stm32_mavlink_interface) StdoutLine: {'line': b'-- Up-to-date: /home/a/ws_moveit2/install/stm32_mavlink_interface/include/stm32_mavlink_interface/stm32_mavlink_interface/msg/detail/servo_state__type_support.cpp\n'}
[0.259841] (stm32_mavlink_interface) StdoutLine: {'line': b'-- Up-to-date: /home/a/ws_moveit2/install/stm32_mavlink_interface/include/stm32_mavlink_interface/stm32_mavlink_interface/msg/detail/robomaster_motor_config__type_support.cpp\n'}
[0.259865] (stm32_mavlink_interface) StdoutLine: {'line': b'-- Up-to-date: /home/a/ws_moveit2/install/stm32_mavlink_interface/include/stm32_mavlink_interface/stm32_mavlink_interface/msg/detail/robomaster_motor_config__rosidl_typesupport_introspection_cpp.hpp\n'}
[0.259887] (stm32_mavlink_interface) StdoutLine: {'line': b'-- Up-to-date: /home/a/ws_moveit2/install/stm32_mavlink_interface/include/stm32_mavlink_interface/stm32_mavlink_interface/msg/detail/servo_command__rosidl_typesupport_introspection_cpp.hpp\n'}
[0.259909] (stm32_mavlink_interface) StdoutLine: {'line': b'-- Up-to-date: /home/a/ws_moveit2/install/stm32_mavlink_interface/include/stm32_mavlink_interface/stm32_mavlink_interface/msg/detail/robomaster_motor_state__rosidl_typesupport_introspection_cpp.hpp\n'}
[0.259931] (stm32_mavlink_interface) StdoutLine: {'line': b'-- Up-to-date: /home/a/ws_moveit2/install/stm32_mavlink_interface/include/stm32_mavlink_interface/stm32_mavlink_interface/msg/detail/encoder_state__type_support.cpp\n'}
[0.259953] (stm32_mavlink_interface) StdoutLine: {'line': b'-- Up-to-date: /home/a/ws_moveit2/install/stm32_mavlink_interface/include/stm32_mavlink_interface/stm32_mavlink_interface/msg/detail/encoder_config__rosidl_typesupport_introspection_cpp.hpp\n'}
[0.259974] (stm32_mavlink_interface) StdoutLine: {'line': b'-- Up-to-date: /home/a/ws_moveit2/install/stm32_mavlink_interface/include/stm32_mavlink_interface/stm32_mavlink_interface/msg/detail/robomaster_motor_state__type_support.cpp\n'}
[0.259995] (stm32_mavlink_interface) StdoutLine: {'line': b'-- Up-to-date: /home/a/ws_moveit2/install/stm32_mavlink_interface/include/stm32_mavlink_interface/stm32_mavlink_interface/msg/detail/encoder_state__rosidl_typesupport_introspection_cpp.hpp\n'}
[0.260017] (stm32_mavlink_interface) StdoutLine: {'line': b'-- Up-to-date: /home/a/ws_moveit2/install/stm32_mavlink_interface/include/stm32_mavlink_interface/stm32_mavlink_interface/srv\n'}
[0.260039] (stm32_mavlink_interface) StdoutLine: {'line': b'-- Up-to-date: /home/a/ws_moveit2/install/stm32_mavlink_interface/include/stm32_mavlink_interface/stm32_mavlink_interface/srv/detail\n'}
[0.260061] (stm32_mavlink_interface) StdoutLine: {'line': b'-- Up-to-date: /home/a/ws_moveit2/install/stm32_mavlink_interface/include/stm32_mavlink_interface/stm32_mavlink_interface/srv/detail/set_robomaster_motor_config__rosidl_typesupport_introspection_cpp.hpp\n'}
[0.260083] (stm32_mavlink_interface) StdoutLine: {'line': b'-- Up-to-date: /home/a/ws_moveit2/install/stm32_mavlink_interface/include/stm32_mavlink_interface/stm32_mavlink_interface/srv/detail/set_encoder_config__rosidl_typesupport_introspection_cpp.hpp\n'}
[0.260106] (stm32_mavlink_interface) StdoutLine: {'line': b'-- Up-to-date: /home/a/ws_moveit2/install/stm32_mavlink_interface/include/stm32_mavlink_interface/stm32_mavlink_interface/srv/detail/set_servo_config__rosidl_typesupport_introspection_cpp.hpp\n'}
[0.260128] (stm32_mavlink_interface) StdoutLine: {'line': b'-- Up-to-date: /home/a/ws_moveit2/install/stm32_mavlink_interface/include/stm32_mavlink_interface/stm32_mavlink_interface/srv/detail/set_encoder_config__type_support.cpp\n'}
[0.260152] (stm32_mavlink_interface) StdoutLine: {'line': b'-- Up-to-date: /home/a/ws_moveit2/install/stm32_mavlink_interface/include/stm32_mavlink_interface/stm32_mavlink_interface/srv/detail/get_robomaster_motor_config__type_support.cpp\n'}
[0.260174] (stm32_mavlink_interface) StdoutLine: {'line': b'-- Up-to-date: /home/a/ws_moveit2/install/stm32_mavlink_interface/include/stm32_mavlink_interface/stm32_mavlink_interface/srv/detail/get_robomaster_motor_config__rosidl_typesupport_introspection_cpp.hpp\n'}
[0.260196] (stm32_mavlink_interface) StdoutLine: {'line': b'-- Up-to-date: /home/a/ws_moveit2/install/stm32_mavlink_interface/include/stm32_mavlink_interface/stm32_mavlink_interface/srv/detail/set_robomaster_motor_config__type_support.cpp\n'}
[0.260218] (stm32_mavlink_interface) StdoutLine: {'line': b'-- Up-to-date: /home/a/ws_moveit2/install/stm32_mavlink_interface/include/stm32_mavlink_interface/stm32_mavlink_interface/srv/detail/set_servo_config__type_support.cpp\n'}
[0.260241] (stm32_mavlink_interface) StdoutLine: {'line': b'-- Up-to-date: /home/a/ws_moveit2/install/stm32_mavlink_interface/lib/libstm32_mavlink_interface__rosidl_typesupport_introspection_cpp.so\n'}
[0.260263] (stm32_mavlink_interface) StdoutLine: {'line': b'-- Up-to-date: /home/a/ws_moveit2/install/stm32_mavlink_interface/lib/libstm32_mavlink_interface__rosidl_typesupport_cpp.so\n'}
[0.260285] (stm32_mavlink_interface) StdoutLine: {'line': b'-- Up-to-date: /home/a/ws_moveit2/install/stm32_mavlink_interface/share/stm32_mavlink_interface/environment/pythonpath.sh\n'}
[0.260306] (stm32_mavlink_interface) StdoutLine: {'line': b'-- Up-to-date: /home/a/ws_moveit2/install/stm32_mavlink_interface/share/stm32_mavlink_interface/environment/pythonpath.dsv\n'}
[0.260328] (stm32_mavlink_interface) StdoutLine: {'line': b'-- Up-to-date: /home/a/ws_moveit2/install/stm32_mavlink_interface/local/lib/python3.10/dist-packages/stm32_mavlink_interface-1.0.0-py3.10.egg-info\n'}
[0.260352] (stm32_mavlink_interface) StdoutLine: {'line': b'-- Installing: /home/a/ws_moveit2/install/stm32_mavlink_interface/local/lib/python3.10/dist-packages/stm32_mavlink_interface-1.0.0-py3.10.egg-info/top_level.txt\n'}
[0.260374] (stm32_mavlink_interface) StdoutLine: {'line': b'-- Installing: /home/a/ws_moveit2/install/stm32_mavlink_interface/local/lib/python3.10/dist-packages/stm32_mavlink_interface-1.0.0-py3.10.egg-info/SOURCES.txt\n'}
[0.260396] (stm32_mavlink_interface) StdoutLine: {'line': b'-- Installing: /home/a/ws_moveit2/install/stm32_mavlink_interface/local/lib/python3.10/dist-packages/stm32_mavlink_interface-1.0.0-py3.10.egg-info/PKG-INFO\n'}
[0.260418] (stm32_mavlink_interface) StdoutLine: {'line': b'-- Installing: /home/a/ws_moveit2/install/stm32_mavlink_interface/local/lib/python3.10/dist-packages/stm32_mavlink_interface-1.0.0-py3.10.egg-info/dependency_links.txt\n'}
[0.260439] (stm32_mavlink_interface) StdoutLine: {'line': b'-- Up-to-date: /home/a/ws_moveit2/install/stm32_mavlink_interface/local/lib/python3.10/dist-packages/stm32_mavlink_interface\n'}
[0.260460] (stm32_mavlink_interface) StdoutLine: {'line': b'-- Up-to-date: /home/a/ws_moveit2/install/stm32_mavlink_interface/local/lib/python3.10/dist-packages/stm32_mavlink_interface/stm32_mavlink_interface_s__rosidl_typesupport_c.cpython-310-x86_64-linux-gnu.so\n'}
[0.260482] (stm32_mavlink_interface) StdoutLine: {'line': b'-- Up-to-date: /home/a/ws_moveit2/install/stm32_mavlink_interface/local/lib/python3.10/dist-packages/stm32_mavlink_interface/msg\n'}
[0.260504] (stm32_mavlink_interface) StdoutLine: {'line': b'-- Up-to-date: /home/a/ws_moveit2/install/stm32_mavlink_interface/local/lib/python3.10/dist-packages/stm32_mavlink_interface/msg/_servo_command_s.c\n'}
[0.260607] (stm32_mavlink_interface) StdoutLine: {'line': b'-- Up-to-date: /home/a/ws_moveit2/install/stm32_mavlink_interface/local/lib/python3.10/dist-packages/stm32_mavlink_interface/msg/_servo_command.py\n'}
[0.260631] (stm32_mavlink_interface) StdoutLine: {'line': b'-- Up-to-date: /home/a/ws_moveit2/install/stm32_mavlink_interface/local/lib/python3.10/dist-packages/stm32_mavlink_interface/msg/_servo_state_s.c\n'}
[0.260655] (stm32_mavlink_interface) StdoutLine: {'line': b'-- Up-to-date: /home/a/ws_moveit2/install/stm32_mavlink_interface/local/lib/python3.10/dist-packages/stm32_mavlink_interface/msg/_robomaster_motor_state.py\n'}
[0.260678] (stm32_mavlink_interface) StdoutLine: {'line': b'-- Up-to-date: /home/a/ws_moveit2/install/stm32_mavlink_interface/local/lib/python3.10/dist-packages/stm32_mavlink_interface/msg/_robomaster_motor_config_s.c\n'}
[0.260700] (stm32_mavlink_interface) StdoutLine: {'line': b'-- Up-to-date: /home/a/ws_moveit2/install/stm32_mavlink_interface/local/lib/python3.10/dist-packages/stm32_mavlink_interface/msg/_robomaster_motor_state_s.c\n'}
[0.260723] (stm32_mavlink_interface) StdoutLine: {'line': b'-- Up-to-date: /home/a/ws_moveit2/install/stm32_mavlink_interface/local/lib/python3.10/dist-packages/stm32_mavlink_interface/msg/_robomaster_motor_command_s.c\n'}
[0.260747] (stm32_mavlink_interface) StdoutLine: {'line': b'-- Up-to-date: /home/a/ws_moveit2/install/stm32_mavlink_interface/local/lib/python3.10/dist-packages/stm32_mavlink_interface/msg/_encoder_config.py\n'}
[0.260769] (stm32_mavlink_interface) StdoutLine: {'line': b'-- Up-to-date: /home/a/ws_moveit2/install/stm32_mavlink_interface/local/lib/python3.10/dist-packages/stm32_mavlink_interface/msg/__init__.py\n'}
[0.260791] (stm32_mavlink_interface) StdoutLine: {'line': b'-- Up-to-date: /home/a/ws_moveit2/install/stm32_mavlink_interface/local/lib/python3.10/dist-packages/stm32_mavlink_interface/msg/_robomaster_motor_config.py\n'}
[0.260813] (stm32_mavlink_interface) StdoutLine: {'line': b'-- Up-to-date: /home/a/ws_moveit2/install/stm32_mavlink_interface/local/lib/python3.10/dist-packages/stm32_mavlink_interface/msg/_servo_state.py\n'}
[0.260837] (stm32_mavlink_interface) StdoutLine: {'line': b'-- Up-to-date: /home/a/ws_moveit2/install/stm32_mavlink_interface/local/lib/python3.10/dist-packages/stm32_mavlink_interface/msg/_encoder_state.py\n'}
[0.260859] (stm32_mavlink_interface) StdoutLine: {'line': b'-- Up-to-date: /home/a/ws_moveit2/install/stm32_mavlink_interface/local/lib/python3.10/dist-packages/stm32_mavlink_interface/msg/_encoder_state_s.c\n'}
[0.260881] (stm32_mavlink_interface) StdoutLine: {'line': b'-- Up-to-date: /home/a/ws_moveit2/install/stm32_mavlink_interface/local/lib/python3.10/dist-packages/stm32_mavlink_interface/msg/_encoder_config_s.c\n'}
[0.260903] (stm32_mavlink_interface) StdoutLine: {'line': b'-- Up-to-date: /home/a/ws_moveit2/install/stm32_mavlink_interface/local/lib/python3.10/dist-packages/stm32_mavlink_interface/msg/_robomaster_motor_command.py\n'}
[0.260925] (stm32_mavlink_interface) StdoutLine: {'line': b'-- Up-to-date: /home/a/ws_moveit2/install/stm32_mavlink_interface/local/lib/python3.10/dist-packages/stm32_mavlink_interface/_stm32_mavlink_interface_s.ep.rosidl_typesupport_introspection_c.c\n'}
[0.260946] (stm32_mavlink_interface) StdoutLine: {'line': b'-- Up-to-date: /home/a/ws_moveit2/install/stm32_mavlink_interface/local/lib/python3.10/dist-packages/stm32_mavlink_interface/_stm32_mavlink_interface_s.ep.rosidl_typesupport_c.c\n'}
[0.260969] (stm32_mavlink_interface) StdoutLine: {'line': b'-- Up-to-date: /home/a/ws_moveit2/install/stm32_mavlink_interface/local/lib/python3.10/dist-packages/stm32_mavlink_interface/_stm32_mavlink_interface_s.ep.rosidl_typesupport_fastrtps_c.c\n'}
[0.260991] (stm32_mavlink_interface) StdoutLine: {'line': b'-- Up-to-date: /home/a/ws_moveit2/install/stm32_mavlink_interface/local/lib/python3.10/dist-packages/stm32_mavlink_interface/__init__.py\n'}
[0.261013] (stm32_mavlink_interface) StdoutLine: {'line': b'-- Up-to-date: /home/a/ws_moveit2/install/stm32_mavlink_interface/local/lib/python3.10/dist-packages/stm32_mavlink_interface/stm32_mavlink_interface_s__rosidl_typesupport_fastrtps_c.cpython-310-x86_64-linux-gnu.so\n'}
[0.261034] (stm32_mavlink_interface) StdoutLine: {'line': b'-- Up-to-date: /home/a/ws_moveit2/install/stm32_mavlink_interface/local/lib/python3.10/dist-packages/stm32_mavlink_interface/libstm32_mavlink_interface__rosidl_generator_py.so\n'}
[0.261056] (stm32_mavlink_interface) StdoutLine: {'line': b'-- Up-to-date: /home/a/ws_moveit2/install/stm32_mavlink_interface/local/lib/python3.10/dist-packages/stm32_mavlink_interface/srv\n'}
[0.261077] (stm32_mavlink_interface) StdoutLine: {'line': b'-- Up-to-date: /home/a/ws_moveit2/install/stm32_mavlink_interface/local/lib/python3.10/dist-packages/stm32_mavlink_interface/srv/_set_encoder_config.py\n'}
[0.261099] (stm32_mavlink_interface) StdoutLine: {'line': b'-- Up-to-date: /home/a/ws_moveit2/install/stm32_mavlink_interface/local/lib/python3.10/dist-packages/stm32_mavlink_interface/srv/_set_servo_config.py\n'}
[0.261120] (stm32_mavlink_interface) StdoutLine: {'line': b'-- Up-to-date: /home/a/ws_moveit2/install/stm32_mavlink_interface/local/lib/python3.10/dist-packages/stm32_mavlink_interface/srv/_get_robomaster_motor_config.py\n'}
[0.261144] (stm32_mavlink_interface) StdoutLine: {'line': b'-- Up-to-date: /home/a/ws_moveit2/install/stm32_mavlink_interface/local/lib/python3.10/dist-packages/stm32_mavlink_interface/srv/_set_robomaster_motor_config.py\n'}
[0.261165] (stm32_mavlink_interface) StdoutLine: {'line': b'-- Up-to-date: /home/a/ws_moveit2/install/stm32_mavlink_interface/local/lib/python3.10/dist-packages/stm32_mavlink_interface/srv/_get_robomaster_motor_config_s.c\n'}
[0.261187] (stm32_mavlink_interface) StdoutLine: {'line': b'-- Up-to-date: /home/a/ws_moveit2/install/stm32_mavlink_interface/local/lib/python3.10/dist-packages/stm32_mavlink_interface/srv/_set_robomaster_motor_config_s.c\n'}
[0.261208] (stm32_mavlink_interface) StdoutLine: {'line': b'-- Up-to-date: /home/a/ws_moveit2/install/stm32_mavlink_interface/local/lib/python3.10/dist-packages/stm32_mavlink_interface/srv/__init__.py\n'}
[0.261230] (stm32_mavlink_interface) StdoutLine: {'line': b'-- Up-to-date: /home/a/ws_moveit2/install/stm32_mavlink_interface/local/lib/python3.10/dist-packages/stm32_mavlink_interface/srv/_set_servo_config_s.c\n'}
[0.261252] (stm32_mavlink_interface) StdoutLine: {'line': b'-- Up-to-date: /home/a/ws_moveit2/install/stm32_mavlink_interface/local/lib/python3.10/dist-packages/stm32_mavlink_interface/srv/_set_encoder_config_s.c\n'}
[0.261273] (stm32_mavlink_interface) StdoutLine: {'line': b'-- Up-to-date: /home/a/ws_moveit2/install/stm32_mavlink_interface/local/lib/python3.10/dist-packages/stm32_mavlink_interface/stm32_mavlink_interface_s__rosidl_typesupport_introspection_c.cpython-310-x86_64-linux-gnu.so\n'}
[0.277559] (stm32_mavlink_interface) StdoutLine: {'line': b"Listing '/home/a/ws_moveit2/install/stm32_mavlink_interface/local/lib/python3.10/dist-packages/stm32_mavlink_interface'...\n"}
[0.277645] (stm32_mavlink_interface) StdoutLine: {'line': b"Listing '/home/a/ws_moveit2/install/stm32_mavlink_interface/local/lib/python3.10/dist-packages/stm32_mavlink_interface/msg'...\n"}
[0.277671] (stm32_mavlink_interface) StdoutLine: {'line': b"Listing '/home/a/ws_moveit2/install/stm32_mavlink_interface/local/lib/python3.10/dist-packages/stm32_mavlink_interface/srv'...\n"}
[0.279870] (stm32_mavlink_interface) StdoutLine: {'line': b'-- Up-to-date: /home/a/ws_moveit2/install/stm32_mavlink_interface/local/lib/python3.10/dist-packages/stm32_mavlink_interface/stm32_mavlink_interface_s__rosidl_typesupport_fastrtps_c.cpython-310-x86_64-linux-gnu.so\n'}
[0.280107] (stm32_mavlink_interface) StdoutLine: {'line': b'-- Up-to-date: /home/a/ws_moveit2/install/stm32_mavlink_interface/local/lib/python3.10/dist-packages/stm32_mavlink_interface/stm32_mavlink_interface_s__rosidl_typesupport_introspection_c.cpython-310-x86_64-linux-gnu.so\n'}
[0.280336] (stm32_mavlink_interface) StdoutLine: {'line': b'-- Up-to-date: /home/a/ws_moveit2/install/stm32_mavlink_interface/local/lib/python3.10/dist-packages/stm32_mavlink_interface/stm32_mavlink_interface_s__rosidl_typesupport_c.cpython-310-x86_64-linux-gnu.so\n'}
[0.280540] (stm32_mavlink_interface) StdoutLine: {'line': b'-- Up-to-date: /home/a/ws_moveit2/install/stm32_mavlink_interface/lib/libstm32_mavlink_interface__rosidl_generator_py.so\n'}
[0.280676] (stm32_mavlink_interface) StdoutLine: {'line': b'-- Up-to-date: /home/a/ws_moveit2/install/stm32_mavlink_interface/share/stm32_mavlink_interface/msg/ServoCommand.idl\n'}
[0.280727] (stm32_mavlink_interface) StdoutLine: {'line': b'-- Up-to-date: /home/a/ws_moveit2/install/stm32_mavlink_interface/share/stm32_mavlink_interface/msg/ServoState.idl\n'}
[0.280894] (stm32_mavlink_interface) StdoutLine: {'line': b'-- Up-to-date: /home/a/ws_moveit2/install/stm32_mavlink_interface/share/stm32_mavlink_interface/msg/EncoderState.idl\n'}
[0.280949] (stm32_mavlink_interface) StdoutLine: {'line': b'-- Up-to-date: /home/a/ws_moveit2/install/stm32_mavlink_interface/share/stm32_mavlink_interface/msg/EncoderConfig.idl\n'}
[0.280976] (stm32_mavlink_interface) StdoutLine: {'line': b'-- Up-to-date: /home/a/ws_moveit2/install/stm32_mavlink_interface/share/stm32_mavlink_interface/msg/RobomasterMotorCommand.idl\n'}
[0.281037] (stm32_mavlink_interface) StdoutLine: {'line': b'-- Up-to-date: /home/a/ws_moveit2/install/stm32_mavlink_interface/share/stm32_mavlink_interface/msg/RobomasterMotorState.idl\n'}
[0.281063] (stm32_mavlink_interface) StdoutLine: {'line': b'-- Up-to-date: /home/a/ws_moveit2/install/stm32_mavlink_interface/share/stm32_mavlink_interface/msg/RobomasterMotorConfig.idl\n'}
[0.281089] (stm32_mavlink_interface) StdoutLine: {'line': b'-- Up-to-date: /home/a/ws_moveit2/install/stm32_mavlink_interface/share/stm32_mavlink_interface/srv/SetServoConfig.idl\n'}
[0.281114] (stm32_mavlink_interface) StdoutLine: {'line': b'-- Up-to-date: /home/a/ws_moveit2/install/stm32_mavlink_interface/share/stm32_mavlink_interface/srv/SetEncoderConfig.idl\n'}
[0.281240] (stm32_mavlink_interface) StdoutLine: {'line': b'-- Up-to-date: /home/a/ws_moveit2/install/stm32_mavlink_interface/share/stm32_mavlink_interface/srv/SetRobomasterMotorConfig.idl\n'}
[0.281269] (stm32_mavlink_interface) StdoutLine: {'line': b'-- Up-to-date: /home/a/ws_moveit2/install/stm32_mavlink_interface/share/stm32_mavlink_interface/srv/GetRobomasterMotorConfig.idl\n'}
[0.281294] (stm32_mavlink_interface) StdoutLine: {'line': b'-- Up-to-date: /home/a/ws_moveit2/install/stm32_mavlink_interface/share/stm32_mavlink_interface/msg/ServoCommand.msg\n'}
[0.281318] (stm32_mavlink_interface) StdoutLine: {'line': b'-- Up-to-date: /home/a/ws_moveit2/install/stm32_mavlink_interface/share/stm32_mavlink_interface/msg/ServoState.msg\n'}
[0.281344] (stm32_mavlink_interface) StdoutLine: {'line': b'-- Up-to-date: /home/a/ws_moveit2/install/stm32_mavlink_interface/share/stm32_mavlink_interface/msg/EncoderState.msg\n'}
[0.281369] (stm32_mavlink_interface) StdoutLine: {'line': b'-- Up-to-date: /home/a/ws_moveit2/install/stm32_mavlink_interface/share/stm32_mavlink_interface/msg/EncoderConfig.msg\n'}
[0.281633] (stm32_mavlink_interface) StdoutLine: {'line': b'-- Up-to-date: /home/a/ws_moveit2/install/stm32_mavlink_interface/share/stm32_mavlink_interface/msg/RobomasterMotorCommand.msg\n'}
[0.281698] (stm32_mavlink_interface) StdoutLine: {'line': b'-- Up-to-date: /home/a/ws_moveit2/install/stm32_mavlink_interface/share/stm32_mavlink_interface/msg/RobomasterMotorState.msg\n'}
[0.281740] (stm32_mavlink_interface) StdoutLine: {'line': b'-- Up-to-date: /home/a/ws_moveit2/install/stm32_mavlink_interface/share/stm32_mavlink_interface/msg/RobomasterMotorConfig.msg\n'}
[0.281779] (stm32_mavlink_interface) StdoutLine: {'line': b'-- Up-to-date: /home/a/ws_moveit2/install/stm32_mavlink_interface/share/stm32_mavlink_interface/srv/SetServoConfig.srv\n'}
[0.281817] (stm32_mavlink_interface) StdoutLine: {'line': b'-- Up-to-date: /home/a/ws_moveit2/install/stm32_mavlink_interface/share/stm32_mavlink_interface/srv/SetServoConfig_Request.msg\n'}
[0.281853] (stm32_mavlink_interface) StdoutLine: {'line': b'-- Up-to-date: /home/a/ws_moveit2/install/stm32_mavlink_interface/share/stm32_mavlink_interface/srv/SetServoConfig_Response.msg\n'}
[0.281888] (stm32_mavlink_interface) StdoutLine: {'line': b'-- Up-to-date: /home/a/ws_moveit2/install/stm32_mavlink_interface/share/stm32_mavlink_interface/srv/SetEncoderConfig.srv\n'}
[0.281922] (stm32_mavlink_interface) StdoutLine: {'line': b'-- Up-to-date: /home/a/ws_moveit2/install/stm32_mavlink_interface/share/stm32_mavlink_interface/srv/SetEncoderConfig_Request.msg\n'}
[0.281959] (stm32_mavlink_interface) StdoutLine: {'line': b'-- Up-to-date: /home/a/ws_moveit2/install/stm32_mavlink_interface/share/stm32_mavlink_interface/srv/SetEncoderConfig_Response.msg\n'}
[0.281995] (stm32_mavlink_interface) StdoutLine: {'line': b'-- Up-to-date: /home/a/ws_moveit2/install/stm32_mavlink_interface/share/stm32_mavlink_interface/srv/SetRobomasterMotorConfig.srv\n'}
[0.282030] (stm32_mavlink_interface) StdoutLine: {'line': b'-- Up-to-date: /home/a/ws_moveit2/install/stm32_mavlink_interface/share/stm32_mavlink_interface/srv/SetRobomasterMotorConfig_Request.msg\n'}
[0.282065] (stm32_mavlink_interface) StdoutLine: {'line': b'-- Up-to-date: /home/a/ws_moveit2/install/stm32_mavlink_interface/share/stm32_mavlink_interface/srv/SetRobomasterMotorConfig_Response.msg\n'}
[0.283601] (stm32_mavlink_interface) StdoutLine: {'line': b'-- Up-to-date: /home/a/ws_moveit2/install/stm32_mavlink_interface/share/stm32_mavlink_interface/srv/GetRobomasterMotorConfig.srv\n'}
[0.283630] (stm32_mavlink_interface) StdoutLine: {'line': b'-- Up-to-date: /home/a/ws_moveit2/install/stm32_mavlink_interface/share/stm32_mavlink_interface/srv/GetRobomasterMotorConfig_Request.msg\n'}
[0.284289] (stm32_mavlink_interface) StdoutLine: {'line': b'-- Up-to-date: /home/a/ws_moveit2/install/stm32_mavlink_interface/share/stm32_mavlink_interface/srv/GetRobomasterMotorConfig_Response.msg\n'}
[0.284317] (stm32_mavlink_interface) StdoutLine: {'line': b'-- Up-to-date: /home/a/ws_moveit2/install/stm32_mavlink_interface/lib/stm32_mavlink_interface/mavlink_serial_node\n'}
[0.284344] (stm32_mavlink_interface) StdoutLine: {'line': b'-- Up-to-date: /home/a/ws_moveit2/install/stm32_mavlink_interface/share/stm32_mavlink_interface/launch\n'}
[0.284371] (stm32_mavlink_interface) StdoutLine: {'line': b'-- Up-to-date: /home/a/ws_moveit2/install/stm32_mavlink_interface/share/stm32_mavlink_interface/launch/stm32_interface.launch.py\n'}
[0.284536] (stm32_mavlink_interface) StdoutLine: {'line': b'-- Up-to-date: /home/a/ws_moveit2/install/stm32_mavlink_interface/share/stm32_mavlink_interface/config\n'}
[0.284834] (stm32_mavlink_interface) StdoutLine: {'line': b'-- Up-to-date: /home/a/ws_moveit2/install/stm32_mavlink_interface/share/stm32_mavlink_interface/config/serial_config.yaml\n'}
[0.284862] (stm32_mavlink_interface) StdoutLine: {'line': b'-- Up-to-date: /home/a/ws_moveit2/install/stm32_mavlink_interface/include\n'}
[0.284887] (stm32_mavlink_interface) StdoutLine: {'line': b'-- Up-to-date: /home/a/ws_moveit2/install/stm32_mavlink_interface/include/mavlink\n'}
[0.285158] (stm32_mavlink_interface) StdoutLine: {'line': b'-- Up-to-date: /home/a/ws_moveit2/install/stm32_mavlink_interface/include/mavlink/c_library_v2\n'}
[0.285487] (stm32_mavlink_interface) StdoutLine: {'line': b'-- Up-to-date: /home/a/ws_moveit2/install/stm32_mavlink_interface/include/mavlink/c_library_v2/protocol.h\n'}
[0.285518] (stm32_mavlink_interface) StdoutLine: {'line': b'-- Up-to-date: /home/a/ws_moveit2/install/stm32_mavlink_interface/include/mavlink/c_library_v2/mavlink_helpers.h\n'}
[0.285549] (stm32_mavlink_interface) StdoutLine: {'line': b'-- Up-to-date: /home/a/ws_moveit2/install/stm32_mavlink_interface/include/mavlink/c_library_v2/checksum.h\n'}
[0.285576] (stm32_mavlink_interface) StdoutLine: {'line': b'-- Up-to-date: /home/a/ws_moveit2/install/stm32_mavlink_interface/include/mavlink/c_library_v2/paparazzi\n'}
[0.285604] (stm32_mavlink_interface) StdoutLine: {'line': b'-- Up-to-date: /home/a/ws_moveit2/install/stm32_mavlink_interface/include/mavlink/c_library_v2/paparazzi/mavlink_msg_script_count.h\n'}
[0.285632] (stm32_mavlink_interface) StdoutLine: {'line': b'-- Up-to-date: /home/a/ws_moveit2/install/stm32_mavlink_interface/include/mavlink/c_library_v2/paparazzi/mavlink_msg_script_item.h\n'}
[0.285657] (stm32_mavlink_interface) StdoutLine: {'line': b'-- Up-to-date: /home/a/ws_moveit2/install/stm32_mavlink_interface/include/mavlink/c_library_v2/paparazzi/mavlink_msg_script_request_list.h\n'}
[0.285703] (stm32_mavlink_interface) StdoutLine: {'line': b'-- Up-to-date: /home/a/ws_moveit2/install/stm32_mavlink_interface/include/mavlink/c_library_v2/paparazzi/paparazzi.h\n'}
[0.285728] (stm32_mavlink_interface) StdoutLine: {'line': b'-- Up-to-date: /home/a/ws_moveit2/install/stm32_mavlink_interface/include/mavlink/c_library_v2/paparazzi/version.h\n'}
[0.285753] (stm32_mavlink_interface) StdoutLine: {'line': b'-- Up-to-date: /home/a/ws_moveit2/install/stm32_mavlink_interface/include/mavlink/c_library_v2/paparazzi/mavlink_msg_script_request.h\n'}
[0.285778] (stm32_mavlink_interface) StdoutLine: {'line': b'-- Up-to-date: /home/a/ws_moveit2/install/stm32_mavlink_interface/include/mavlink/c_library_v2/paparazzi/mavlink_msg_script_current.h\n'}
[0.285802] (stm32_mavlink_interface) StdoutLine: {'line': b'-- Up-to-date: /home/a/ws_moveit2/install/stm32_mavlink_interface/include/mavlink/c_library_v2/paparazzi/testsuite.h\n'}
[0.286031] (stm32_mavlink_interface) StdoutLine: {'line': b'-- Up-to-date: /home/a/ws_moveit2/install/stm32_mavlink_interface/include/mavlink/c_library_v2/paparazzi/mavlink.h\n'}
[0.286057] (stm32_mavlink_interface) StdoutLine: {'line': b'-- Up-to-date: /home/a/ws_moveit2/install/stm32_mavlink_interface/include/mavlink/c_library_v2/common\n'}
[0.286084] (stm32_mavlink_interface) StdoutLine: {'line': b'-- Up-to-date: /home/a/ws_moveit2/install/stm32_mavlink_interface/include/mavlink/c_library_v2/common/mavlink_msg_v2_extension.h\n'}
[0.286110] (stm32_mavlink_interface) StdoutLine: {'line': b'-- Up-to-date: /home/a/ws_moveit2/install/stm32_mavlink_interface/include/mavlink/c_library_v2/common/mavlink_msg_logging_data.h\n'}
[0.286173] (stm32_mavlink_interface) StdoutLine: {'line': b'-- Up-to-date: /home/a/ws_moveit2/install/stm32_mavlink_interface/include/mavlink/c_library_v2/common/mavlink_msg_hil_gps.h\n'}
[0.286196] (stm32_mavlink_interface) StdoutLine: {'line': b'-- Up-to-date: /home/a/ws_moveit2/install/stm32_mavlink_interface/include/mavlink/c_library_v2/common/mavlink_msg_resource_request.h\n'}
[0.286220] (stm32_mavlink_interface) StdoutLine: {'line': b'-- Up-to-date: /home/a/ws_moveit2/install/stm32_mavlink_interface/include/mavlink/c_library_v2/common/mavlink_msg_local_position_ned.h\n'}
[0.286244] (stm32_mavlink_interface) StdoutLine: {'line': b'-- Up-to-date: /home/a/ws_moveit2/install/stm32_mavlink_interface/include/mavlink/c_library_v2/common/mavlink_msg_generator_status.h\n'}
[0.286269] (stm32_mavlink_interface) StdoutLine: {'line': b'-- Up-to-date: /home/a/ws_moveit2/install/stm32_mavlink_interface/include/mavlink/c_library_v2/common/mavlink_msg_named_value_float.h\n'}
[0.286294] (stm32_mavlink_interface) StdoutLine: {'line': b'-- Up-to-date: /home/a/ws_moveit2/install/stm32_mavlink_interface/include/mavlink/c_library_v2/common/mavlink_msg_command_ack.h\n'}
[0.286318] (stm32_mavlink_interface) StdoutLine: {'line': b'-- Up-to-date: /home/a/ws_moveit2/install/stm32_mavlink_interface/include/mavlink/c_library_v2/common/mavlink_msg_log_request_end.h\n'}
[0.286444] (stm32_mavlink_interface) StdoutLine: {'line': b'-- Up-to-date: /home/a/ws_moveit2/install/stm32_mavlink_interface/include/mavlink/c_library_v2/common/mavlink_msg_change_operator_control.h\n'}
[0.286467] (stm32_mavlink_interface) StdoutLine: {'line': b'-- Up-to-date: /home/a/ws_moveit2/install/stm32_mavlink_interface/include/mavlink/c_library_v2/common/mavlink_msg_encapsulated_data.h\n'}
[0.286493] (stm32_mavlink_interface) StdoutLine: {'line': b'-- Up-to-date: /home/a/ws_moveit2/install/stm32_mavlink_interface/include/mavlink/c_library_v2/common/mavlink_msg_current_event_sequence.h\n'}
[0.286518] (stm32_mavlink_interface) StdoutLine: {'line': b'-- Up-to-date: /home/a/ws_moveit2/install/stm32_mavlink_interface/include/mavlink/c_library_v2/common/mavlink_msg_available_modes.h\n'}
[0.286544] (stm32_mavlink_interface) StdoutLine: {'line': b'-- Up-to-date: /home/a/ws_moveit2/install/stm32_mavlink_interface/include/mavlink/c_library_v2/common/mavlink_msg_set_gps_global_origin.h\n'}
[0.286591] (stm32_mavlink_interface) StdoutLine: {'line': b'-- Up-to-date: /home/a/ws_moveit2/install/stm32_mavlink_interface/include/mavlink/c_library_v2/common/mavlink_msg_param_set.h\n'}
[0.286614] (stm32_mavlink_interface) StdoutLine: {'line': b'-- Up-to-date: /home/a/ws_moveit2/install/stm32_mavlink_interface/include/mavlink/c_library_v2/common/mavlink_msg_rc_channels_raw.h\n'}
[0.286638] (stm32_mavlink_interface) StdoutLine: {'line': b'-- Up-to-date: /home/a/ws_moveit2/install/stm32_mavlink_interface/include/mavlink/c_library_v2/common/mavlink_msg_auth_key.h\n'}
[0.286663] (stm32_mavlink_interface) StdoutLine: {'line': b'-- Up-to-date: /home/a/ws_moveit2/install/stm32_mavlink_interface/include/mavlink/c_library_v2/common/mavlink_msg_manual_control.h\n'}
[0.286719] (stm32_mavlink_interface) StdoutLine: {'line': b'-- Up-to-date: /home/a/ws_moveit2/install/stm32_mavlink_interface/include/mavlink/c_library_v2/common/mavlink_msg_setup_signing.h\n'}
[0.286744] (stm32_mavlink_interface) StdoutLine: {'line': b'-- Up-to-date: /home/a/ws_moveit2/install/stm32_mavlink_interface/include/mavlink/c_library_v2/common/mavlink_msg_request_data_stream.h\n'}
[0.286769] (stm32_mavlink_interface) StdoutLine: {'line': b'-- Up-to-date: /home/a/ws_moveit2/install/stm32_mavlink_interface/include/mavlink/c_library_v2/common/mavlink_msg_mission_set_current.h\n'}
[0.286795] (stm32_mavlink_interface) StdoutLine: {'line': b'-- Up-to-date: /home/a/ws_moveit2/install/stm32_mavlink_interface/include/mavlink/c_library_v2/common/mavlink_msg_command_cancel.h\n'}
[0.286821] (stm32_mavlink_interface) StdoutLine: {'line': b'-- Up-to-date: /home/a/ws_moveit2/install/stm32_mavlink_interface/include/mavlink/c_library_v2/common/mavlink_msg_mission_request_partial_list.h\n'}
[0.286848] (stm32_mavlink_interface) StdoutLine: {'line': b'-- Up-to-date: /home/a/ws_moveit2/install/stm32_mavlink_interface/include/mavlink/c_library_v2/common/mavlink_msg_component_metadata.h\n'}
[0.286874] (stm32_mavlink_interface) StdoutLine: {'line': b'-- Up-to-date: /home/a/ws_moveit2/install/stm32_mavlink_interface/include/mavlink/c_library_v2/common/mavlink_msg_terrain_check.h\n'}
[0.286900] (stm32_mavlink_interface) StdoutLine: {'line': b'-- Up-to-date: /home/a/ws_moveit2/install/stm32_mavlink_interface/include/mavlink/c_library_v2/common/mavlink_msg_open_drone_id_operator_id.h\n'}
[0.286954] (stm32_mavlink_interface) StdoutLine: {'line': b'-- Up-to-date: /home/a/ws_moveit2/install/stm32_mavlink_interface/include/mavlink/c_library_v2/common/mavlink_msg_gimbal_manager_status.h\n'}
[0.286979] (stm32_mavlink_interface) StdoutLine: {'line': b'-- Up-to-date: /home/a/ws_moveit2/install/stm32_mavlink_interface/include/mavlink/c_library_v2/common/mavlink_msg_raw_pressure.h\n'}
[0.287026] (stm32_mavlink_interface) StdoutLine: {'line': b'-- Up-to-date: /home/a/ws_moveit2/install/stm32_mavlink_interface/include/mavlink/c_library_v2/common/mavlink_msg_response_event_error.h\n'}
[0.287072] (stm32_mavlink_interface) StdoutLine: {'line': b'-- Up-to-date: /home/a/ws_moveit2/install/stm32_mavlink_interface/include/mavlink/c_library_v2/common/mavlink_msg_can_frame.h\n'}
[0.287096] (stm32_mavlink_interface) StdoutLine: {'line': b'-- Up-to-date: /home/a/ws_moveit2/install/stm32_mavlink_interface/include/mavlink/c_library_v2/common/mavlink_msg_log_entry.h\n'}
[0.287141] (stm32_mavlink_interface) StdoutLine: {'line': b'-- Up-to-date: /home/a/ws_moveit2/install/stm32_mavlink_interface/include/mavlink/c_library_v2/common/mavlink_msg_follow_target.h\n'}
[0.287165] (stm32_mavlink_interface) StdoutLine: {'line': b'-- Up-to-date: /home/a/ws_moveit2/install/stm32_mavlink_interface/include/mavlink/c_library_v2/common/mavlink_msg_camera_fov_status.h\n'}
[0.287191] (stm32_mavlink_interface) StdoutLine: {'line': b'-- Up-to-date: /home/a/ws_moveit2/install/stm32_mavlink_interface/include/mavlink/c_library_v2/common/mavlink_msg_log_data.h\n'}
[0.287216] (stm32_mavlink_interface) StdoutLine: {'line': b'-- Up-to-date: /home/a/ws_moveit2/install/stm32_mavlink_interface/include/mavlink/c_library_v2/common/mavlink_msg_autopilot_state_for_gimbal_device.h\n'}
[0.287242] (stm32_mavlink_interface) StdoutLine: {'line': b'-- Up-to-date: /home/a/ws_moveit2/install/stm32_mavlink_interface/include/mavlink/c_library_v2/common/mavlink_msg_open_drone_id_authentication.h\n'}
[0.287268] (stm32_mavlink_interface) StdoutLine: {'line': b'-- Up-to-date: /home/a/ws_moveit2/install/stm32_mavlink_interface/include/mavlink/c_library_v2/common/mavlink_msg_gps2_raw.h\n'}
[0.287294] (stm32_mavlink_interface) StdoutLine: {'line': b'-- Up-to-date: /home/a/ws_moveit2/install/stm32_mavlink_interface/include/mavlink/c_library_v2/common/mavlink_msg_battery_info.h\n'}
[0.287319] (stm32_mavlink_interface) StdoutLine: {'line': b'-- Up-to-date: /home/a/ws_moveit2/install/stm32_mavlink_interface/include/mavlink/c_library_v2/common/mavlink_msg_can_filter_modify.h\n'}
[0.287372] (stm32_mavlink_interface) StdoutLine: {'line': b'-- Up-to-date: /home/a/ws_moveit2/install/stm32_mavlink_interface/include/mavlink/c_library_v2/common/mavlink_msg_hil_state_quaternion.h\n'}
[0.287398] (stm32_mavlink_interface) StdoutLine: {'line': b'-- Up-to-date: /home/a/ws_moveit2/install/stm32_mavlink_interface/include/mavlink/c_library_v2/common/mavlink_msg_trajectory_representation_bezier.h\n'}
[0.287423] (stm32_mavlink_interface) StdoutLine: {'line': b'-- Up-to-date: /home/a/ws_moveit2/install/stm32_mavlink_interface/include/mavlink/c_library_v2/common/mavlink_msg_open_drone_id_arm_status.h\n'}
[0.287476] (stm32_mavlink_interface) StdoutLine: {'line': b'-- Up-to-date: /home/a/ws_moveit2/install/stm32_mavlink_interface/include/mavlink/c_library_v2/common/mavlink_msg_open_drone_id_system.h\n'}
[0.287502] (stm32_mavlink_interface) StdoutLine: {'line': b'-- Up-to-date: /home/a/ws_moveit2/install/stm32_mavlink_interface/include/mavlink/c_library_v2/common/mavlink_msg_log_request_data.h\n'}
[0.287552] (stm32_mavlink_interface) StdoutLine: {'line': b'-- Up-to-date: /home/a/ws_moveit2/install/stm32_mavlink_interface/include/mavlink/c_library_v2/common/mavlink_msg_storage_information.h\n'}
[0.287579] (stm32_mavlink_interface) StdoutLine: {'line': b'-- Up-to-date: /home/a/ws_moveit2/install/stm32_mavlink_interface/include/mavlink/c_library_v2/common/mavlink_msg_open_drone_id_location.h\n'}
[0.287605] (stm32_mavlink_interface) StdoutLine: {'line': b'-- Up-to-date: /home/a/ws_moveit2/install/stm32_mavlink_interface/include/mavlink/c_library_v2/common/mavlink_msg_wind_cov.h\n'}
[0.287652] (stm32_mavlink_interface) StdoutLine: {'line': b'-- Up-to-date: /home/a/ws_moveit2/install/stm32_mavlink_interface/include/mavlink/c_library_v2/common/mavlink_msg_set_position_target_global_int.h\n'}
[0.287695] (stm32_mavlink_interface) StdoutLine: {'line': b'-- Up-to-date: /home/a/ws_moveit2/install/stm32_mavlink_interface/include/mavlink/c_library_v2/common/mavlink_msg_flight_information.h\n'}
[0.287718] (stm32_mavlink_interface) StdoutLine: {'line': b'-- Up-to-date: /home/a/ws_moveit2/install/stm32_mavlink_interface/include/mavlink/c_library_v2/common/mavlink_msg_named_value_int.h\n'}
[0.287743] (stm32_mavlink_interface) StdoutLine: {'line': b'-- Up-to-date: /home/a/ws_moveit2/install/stm32_mavlink_interface/include/mavlink/c_library_v2/common/mavlink_msg_nav_controller_output.h\n'}
[0.287766] (stm32_mavlink_interface) StdoutLine: {'line': b'-- Up-to-date: /home/a/ws_moveit2/install/stm32_mavlink_interface/include/mavlink/c_library_v2/common/mavlink_msg_isbd_link_status.h\n'}
[0.287790] (stm32_mavlink_interface) StdoutLine: {'line': b'-- Up-to-date: /home/a/ws_moveit2/install/stm32_mavlink_interface/include/mavlink/c_library_v2/common/mavlink_msg_scaled_imu.h\n'}
[0.287815] (stm32_mavlink_interface) StdoutLine: {'line': b'-- Up-to-date: /home/a/ws_moveit2/install/stm32_mavlink_interface/include/mavlink/c_library_v2/common/mavlink_msg_set_position_target_local_ned.h\n'}
[0.287863] (stm32_mavlink_interface) StdoutLine: {'line': b'-- Up-to-date: /home/a/ws_moveit2/install/stm32_mavlink_interface/include/mavlink/c_library_v2/common/mavlink_msg_data_transmission_handshake.h\n'}
[0.287886] (stm32_mavlink_interface) StdoutLine: {'line': b'-- Up-to-date: /home/a/ws_moveit2/install/stm32_mavlink_interface/include/mavlink/c_library_v2/common/mavlink_msg_camera_image_captured.h\n'}
[0.287910] (stm32_mavlink_interface) StdoutLine: {'line': b'-- Up-to-date: /home/a/ws_moveit2/install/stm32_mavlink_interface/include/mavlink/c_library_v2/common/mavlink_msg_mission_ack.h\n'}
[0.287935] (stm32_mavlink_interface) StdoutLine: {'line': b'-- Up-to-date: /home/a/ws_moveit2/install/stm32_mavlink_interface/include/mavlink/c_library_v2/common/mavlink_msg_hygrometer_sensor.h\n'}
[0.287958] (stm32_mavlink_interface) StdoutLine: {'line': b'-- Up-to-date: /home/a/ws_moveit2/install/stm32_mavlink_interface/include/mavlink/c_library_v2/common/mavlink_msg_esc_info.h\n'}
[0.287983] (stm32_mavlink_interface) StdoutLine: {'line': b'-- Up-to-date: /home/a/ws_moveit2/install/stm32_mavlink_interface/include/mavlink/c_library_v2/common/mavlink_msg_attitude_quaternion_cov.h\n'}
[0.288041] (stm32_mavlink_interface) StdoutLine: {'line': b'-- Up-to-date: /home/a/ws_moveit2/install/stm32_mavlink_interface/include/mavlink/c_library_v2/common/mavlink_msg_link_node_status.h\n'}
[0.288084] (stm32_mavlink_interface) StdoutLine: {'line': b'-- Up-to-date: /home/a/ws_moveit2/install/stm32_mavlink_interface/include/mavlink/c_library_v2/common/mavlink_msg_sys_status.h\n'}
[0.288107] (stm32_mavlink_interface) StdoutLine: {'line': b'-- Up-to-date: /home/a/ws_moveit2/install/stm32_mavlink_interface/include/mavlink/c_library_v2/common/mavlink_msg_mission_item.h\n'}
[0.288128] (stm32_mavlink_interface) StdoutLine: {'line': b'-- Up-to-date: /home/a/ws_moveit2/install/stm32_mavlink_interface/include/mavlink/c_library_v2/common/mavlink_msg_supported_tunes.h\n'}
[0.288153] (stm32_mavlink_interface) StdoutLine: {'line': b'-- Up-to-date: /home/a/ws_moveit2/install/stm32_mavlink_interface/include/mavlink/c_library_v2/common/mavlink_msg_gimbal_device_attitude_status.h\n'}
[0.288178] (stm32_mavlink_interface) StdoutLine: {'line': b'-- Up-to-date: /home/a/ws_moveit2/install/stm32_mavlink_interface/include/mavlink/c_library_v2/common/mavlink_msg_open_drone_id_message_pack.h\n'}
[0.288203] (stm32_mavlink_interface) StdoutLine: {'line': b'-- Up-to-date: /home/a/ws_moveit2/install/stm32_mavlink_interface/include/mavlink/c_library_v2/common/mavlink_msg_terrain_report.h\n'}
[0.288249] (stm32_mavlink_interface) StdoutLine: {'line': b'-- Up-to-date: /home/a/ws_moveit2/install/stm32_mavlink_interface/include/mavlink/c_library_v2/common/mavlink_msg_estimator_status.h\n'}
[0.288274] (stm32_mavlink_interface) StdoutLine: {'line': b'-- Up-to-date: /home/a/ws_moveit2/install/stm32_mavlink_interface/include/mavlink/c_library_v2/common/mavlink_msg_rc_channels.h\n'}
[0.288299] (stm32_mavlink_interface) StdoutLine: {'line': b'-- Up-to-date: /home/a/ws_moveit2/install/stm32_mavlink_interface/include/mavlink/c_library_v2/common/mavlink_msg_hil_rc_inputs_raw.h\n'}
[0.288346] (stm32_mavlink_interface) StdoutLine: {'line': b'-- Up-to-date: /home/a/ws_moveit2/install/stm32_mavlink_interface/include/mavlink/c_library_v2/common/mavlink_msg_param_ext_ack.h\n'}
[0.288371] (stm32_mavlink_interface) StdoutLine: {'line': b'-- Up-to-date: /home/a/ws_moveit2/install/stm32_mavlink_interface/include/mavlink/c_library_v2/common/mavlink_msg_global_position_int_cov.h\n'}
[0.288398] (stm32_mavlink_interface) StdoutLine: {'line': b'-- Up-to-date: /home/a/ws_moveit2/install/stm32_mavlink_interface/include/mavlink/c_library_v2/common/mavlink_msg_actuator_output_status.h\n'}
[0.288424] (stm32_mavlink_interface) StdoutLine: {'line': b'-- Up-to-date: /home/a/ws_moveit2/install/stm32_mavlink_interface/include/mavlink/c_library_v2/common/mavlink_msg_gps_inject_data.h\n'}
[0.288447] (stm32_mavlink_interface) StdoutLine: {'line': b'-- Up-to-date: /home/a/ws_moveit2/install/stm32_mavlink_interface/include/mavlink/c_library_v2/common/mavlink_msg_log_request_list.h\n'}
[0.288503] (stm32_mavlink_interface) StdoutLine: {'line': b'-- Up-to-date: /home/a/ws_moveit2/install/stm32_mavlink_interface/include/mavlink/c_library_v2/common/mavlink_msg_ping.h\n'}
[0.288534] (stm32_mavlink_interface) StdoutLine: {'line': b'-- Up-to-date: /home/a/ws_moveit2/install/stm32_mavlink_interface/include/mavlink/c_library_v2/common/mavlink_msg_command_long.h\n'}
[0.288591] (stm32_mavlink_interface) StdoutLine: {'line': b'-- Up-to-date: /home/a/ws_moveit2/install/stm32_mavlink_interface/include/mavlink/c_library_v2/common/mavlink_msg_system_time.h\n'}
[0.288617] (stm32_mavlink_interface) StdoutLine: {'line': b'-- Up-to-date: /home/a/ws_moveit2/install/stm32_mavlink_interface/include/mavlink/c_library_v2/common/mavlink_msg_memory_vect.h\n'}
[0.288642] (stm32_mavlink_interface) StdoutLine: {'line': b'-- Up-to-date: /home/a/ws_moveit2/install/stm32_mavlink_interface/include/mavlink/c_library_v2/common/mavlink_msg_event.h\n'}
[0.288667] (stm32_mavlink_interface) StdoutLine: {'line': b'-- Up-to-date: /home/a/ws_moveit2/install/stm32_mavlink_interface/include/mavlink/c_library_v2/common/mavlink_msg_scaled_imu2.h\n'}
[0.288695] (stm32_mavlink_interface) StdoutLine: {'line': b'-- Up-to-date: /home/a/ws_moveit2/install/stm32_mavlink_interface/include/mavlink/c_library_v2/common/mavlink_msg_gps_rtk.h\n'}
[0.288721] (stm32_mavlink_interface) StdoutLine: {'line': b'-- Up-to-date: /home/a/ws_moveit2/install/stm32_mavlink_interface/include/mavlink/c_library_v2/common/mavlink_msg_camera_thermal_range.h\n'}
[0.288747] (stm32_mavlink_interface) StdoutLine: {'line': b'-- Up-to-date: /home/a/ws_moveit2/install/stm32_mavlink_interface/include/mavlink/c_library_v2/common/mavlink_msg_high_latency.h\n'}
[0.288770] (stm32_mavlink_interface) StdoutLine: {'line': b'-- Up-to-date: /home/a/ws_moveit2/install/stm32_mavlink_interface/include/mavlink/c_library_v2/common/mavlink_msg_manual_setpoint.h\n'}
[0.288796] (stm32_mavlink_interface) StdoutLine: {'line': b'-- Up-to-date: /home/a/ws_moveit2/install/stm32_mavlink_interface/include/mavlink/c_library_v2/common/mavlink_msg_open_drone_id_self_id.h\n'}
[0.288842] (stm32_mavlink_interface) StdoutLine: {'line': b'-- Up-to-date: /home/a/ws_moveit2/install/stm32_mavlink_interface/include/mavlink/c_library_v2/common/mavlink_msg_global_vision_position_estimate.h\n'}
[0.288864] (stm32_mavlink_interface) StdoutLine: {'line': b'-- Up-to-date: /home/a/ws_moveit2/install/stm32_mavlink_interface/include/mavlink/c_library_v2/common/mavlink_msg_trajectory_representation_waypoints.h\n'}
[0.288887] (stm32_mavlink_interface) StdoutLine: {'line': b'-- Up-to-date: /home/a/ws_moveit2/install/stm32_mavlink_interface/include/mavlink/c_library_v2/common/mavlink_msg_rc_channels_override.h\n'}
[0.288909] (stm32_mavlink_interface) StdoutLine: {'line': b'-- Up-to-date: /home/a/ws_moveit2/install/stm32_mavlink_interface/include/mavlink/c_library_v2/common/mavlink_msg_camera_trigger.h\n'}
[0.288931] (stm32_mavlink_interface) StdoutLine: {'line': b'-- Up-to-date: /home/a/ws_moveit2/install/stm32_mavlink_interface/include/mavlink/c_library_v2/common/mavlink_msg_component_information.h\n'}
[0.288954] (stm32_mavlink_interface) StdoutLine: {'line': b'-- Up-to-date: /home/a/ws_moveit2/install/stm32_mavlink_interface/include/mavlink/c_library_v2/common/mavlink_msg_scaled_pressure3.h\n'}
[0.288977] (stm32_mavlink_interface) StdoutLine: {'line': b'-- Up-to-date: /home/a/ws_moveit2/install/stm32_mavlink_interface/include/mavlink/c_library_v2/common/mavlink_msg_gps_global_origin.h\n'}
[0.289001] (stm32_mavlink_interface) StdoutLine: {'line': b'-- Up-to-date: /home/a/ws_moveit2/install/stm32_mavlink_interface/include/mavlink/c_library_v2/common/mavlink_msg_set_actuator_control_target.h\n'}
[0.289025] (stm32_mavlink_interface) StdoutLine: {'line': b'-- Up-to-date: /home/a/ws_moveit2/install/stm32_mavlink_interface/include/mavlink/c_library_v2/common/mavlink_msg_cellular_status.h\n'}
[0.289048] (stm32_mavlink_interface) StdoutLine: {'line': b'-- Up-to-date: /home/a/ws_moveit2/install/stm32_mavlink_interface/include/mavlink/c_library_v2/common/mavlink_msg_time_estimate_to_target.h\n'}
[0.289070] (stm32_mavlink_interface) StdoutLine: {'line': b'-- Up-to-date: /home/a/ws_moveit2/install/stm32_mavlink_interface/include/mavlink/c_library_v2/common/mavlink_msg_logging_ack.h\n'}
[0.289093] (stm32_mavlink_interface) StdoutLine: {'line': b'-- Up-to-date: /home/a/ws_moveit2/install/stm32_mavlink_interface/include/mavlink/c_library_v2/common/mavlink_msg_wheel_distance.h\n'}
[0.289115] (stm32_mavlink_interface) StdoutLine: {'line': b'-- Up-to-date: /home/a/ws_moveit2/install/stm32_mavlink_interface/include/mavlink/c_library_v2/common/mavlink_msg_terrain_data.h\n'}
[0.289140] (stm32_mavlink_interface) StdoutLine: {'line': b'-- Up-to-date: /home/a/ws_moveit2/install/stm32_mavlink_interface/include/mavlink/c_library_v2/common/mavlink_msg_obstacle_distance.h\n'}
[0.289163] (stm32_mavlink_interface) StdoutLine: {'line': b'-- Up-to-date: /home/a/ws_moveit2/install/stm32_mavlink_interface/include/mavlink/c_library_v2/common/mavlink_msg_sim_state.h\n'}
[0.289188] (stm32_mavlink_interface) StdoutLine: {'line': b'-- Up-to-date: /home/a/ws_moveit2/install/stm32_mavlink_interface/include/mavlink/c_library_v2/common/mavlink_msg_utm_global_position.h\n'}
[0.289210] (stm32_mavlink_interface) StdoutLine: {'line': b'-- Up-to-date: /home/a/ws_moveit2/install/stm32_mavlink_interface/include/mavlink/c_library_v2/common/mavlink_msg_current_mode.h\n'}
[0.289236] (stm32_mavlink_interface) StdoutLine: {'line': b'-- Up-to-date: /home/a/ws_moveit2/install/stm32_mavlink_interface/include/mavlink/c_library_v2/common/mavlink_msg_set_home_position.h\n'}
[0.289260] (stm32_mavlink_interface) StdoutLine: {'line': b'-- Up-to-date: /home/a/ws_moveit2/install/stm32_mavlink_interface/include/mavlink/c_library_v2/common/mavlink_msg_scaled_imu3.h\n'}
[0.289283] (stm32_mavlink_interface) StdoutLine: {'line': b'-- Up-to-date: /home/a/ws_moveit2/install/stm32_mavlink_interface/include/mavlink/c_library_v2/common/mavlink_msg_rc_channels_scaled.h\n'}
[0.289306] (stm32_mavlink_interface) StdoutLine: {'line': b'-- Up-to-date: /home/a/ws_moveit2/install/stm32_mavlink_interface/include/mavlink/c_library_v2/common/mavlink_msg_mission_item_int.h\n'}
[0.289329] (stm32_mavlink_interface) StdoutLine: {'line': b'-- Up-to-date: /home/a/ws_moveit2/install/stm32_mavlink_interface/include/mavlink/c_library_v2/common/mavlink_msg_param_ext_request_list.h\n'}
[0.289352] (stm32_mavlink_interface) StdoutLine: {'line': b'-- Up-to-date: /home/a/ws_moveit2/install/stm32_mavlink_interface/include/mavlink/c_library_v2/common/mavlink_msg_att_pos_mocap.h\n'}
[0.289375] (stm32_mavlink_interface) StdoutLine: {'line': b'-- Up-to-date: /home/a/ws_moveit2/install/stm32_mavlink_interface/include/mavlink/c_library_v2/common/version.h\n'}
[0.289398] (stm32_mavlink_interface) StdoutLine: {'line': b'-- Up-to-date: /home/a/ws_moveit2/install/stm32_mavlink_interface/include/mavlink/c_library_v2/common/mavlink_msg_camera_capture_status.h\n'}
[0.289421] (stm32_mavlink_interface) StdoutLine: {'line': b'-- Up-to-date: /home/a/ws_moveit2/install/stm32_mavlink_interface/include/mavlink/c_library_v2/common/mavlink_msg_serial_control.h\n'}
[0.289443] (stm32_mavlink_interface) StdoutLine: {'line': b'-- Up-to-date: /home/a/ws_moveit2/install/stm32_mavlink_interface/include/mavlink/c_library_v2/common/mavlink_msg_camera_tracking_geo_status.h\n'}
[0.289466] (stm32_mavlink_interface) StdoutLine: {'line': b'-- Up-to-date: /home/a/ws_moveit2/install/stm32_mavlink_interface/include/mavlink/c_library_v2/common/mavlink_msg_mission_request_int.h\n'}
[0.289488] (stm32_mavlink_interface) StdoutLine: {'line': b'-- Up-to-date: /home/a/ws_moveit2/install/stm32_mavlink_interface/include/mavlink/c_library_v2/common/mavlink_msg_open_drone_id_system_update.h\n'}
[0.289510] (stm32_mavlink_interface) StdoutLine: {'line': b'-- Up-to-date: /home/a/ws_moveit2/install/stm32_mavlink_interface/include/mavlink/c_library_v2/common/mavlink_msg_fence_status.h\n'}
[0.289538] (stm32_mavlink_interface) StdoutLine: {'line': b'-- Up-to-date: /home/a/ws_moveit2/install/stm32_mavlink_interface/include/mavlink/c_library_v2/common/mavlink_msg_fuel_status.h\n'}
[0.289562] (stm32_mavlink_interface) StdoutLine: {'line': b'-- Up-to-date: /home/a/ws_moveit2/install/stm32_mavlink_interface/include/mavlink/c_library_v2/common/mavlink_msg_gps_input.h\n'}
[0.289585] (stm32_mavlink_interface) StdoutLine: {'line': b'-- Up-to-date: /home/a/ws_moveit2/install/stm32_mavlink_interface/include/mavlink/c_library_v2/common/mavlink_msg_gimbal_manager_information.h\n'}
[0.289608] (stm32_mavlink_interface) StdoutLine: {'line': b'-- Up-to-date: /home/a/ws_moveit2/install/stm32_mavlink_interface/include/mavlink/c_library_v2/common/mavlink_msg_camera_settings.h\n'}
[0.289631] (stm32_mavlink_interface) StdoutLine: {'line': b'-- Up-to-date: /home/a/ws_moveit2/install/stm32_mavlink_interface/include/mavlink/c_library_v2/common/mavlink_msg_param_value.h\n'}
[0.289654] (stm32_mavlink_interface) StdoutLine: {'line': b'-- Up-to-date: /home/a/ws_moveit2/install/stm32_mavlink_interface/include/mavlink/c_library_v2/common/mavlink_msg_video_stream_status.h\n'}
[0.289678] (stm32_mavlink_interface) StdoutLine: {'line': b'-- Up-to-date: /home/a/ws_moveit2/install/stm32_mavlink_interface/include/mavlink/c_library_v2/common/mavlink_msg_actuator_control_target.h\n'}
[0.289702] (stm32_mavlink_interface) StdoutLine: {'line': b'-- Up-to-date: /home/a/ws_moveit2/install/stm32_mavlink_interface/include/mavlink/c_library_v2/common/mavlink_msg_data_stream.h\n'}
[0.289730] (stm32_mavlink_interface) StdoutLine: {'line': b'-- Up-to-date: /home/a/ws_moveit2/install/stm32_mavlink_interface/include/mavlink/c_library_v2/common/mavlink_msg_wifi_config_ap.h\n'}
[0.289756] (stm32_mavlink_interface) StdoutLine: {'line': b'-- Up-to-date: /home/a/ws_moveit2/install/stm32_mavlink_interface/include/mavlink/c_library_v2/common/mavlink_msg_power_status.h\n'}
[0.289782] (stm32_mavlink_interface) StdoutLine: {'line': b'-- Up-to-date: /home/a/ws_moveit2/install/stm32_mavlink_interface/include/mavlink/c_library_v2/common/mavlink_msg_mount_orientation.h\n'}
[0.289807] (stm32_mavlink_interface) StdoutLine: {'line': b'-- Up-to-date: /home/a/ws_moveit2/install/stm32_mavlink_interface/include/mavlink/c_library_v2/common/mavlink_msg_mission_count.h\n'}
[0.289862] (stm32_mavlink_interface) StdoutLine: {'line': b'-- Up-to-date: /home/a/ws_moveit2/install/stm32_mavlink_interface/include/mavlink/c_library_v2/common/mavlink_msg_vicon_position_estimate.h\n'}
[0.289889] (stm32_mavlink_interface) StdoutLine: {'line': b'-- Up-to-date: /home/a/ws_moveit2/install/stm32_mavlink_interface/include/mavlink/c_library_v2/common/mavlink_msg_command_int.h\n'}
[0.290064] (stm32_mavlink_interface) StdoutLine: {'line': b'-- Up-to-date: /home/a/ws_moveit2/install/stm32_mavlink_interface/include/mavlink/c_library_v2/common/mavlink_msg_mission_current.h\n'}
[0.290108] (stm32_mavlink_interface) StdoutLine: {'line': b'-- Up-to-date: /home/a/ws_moveit2/install/stm32_mavlink_interface/include/mavlink/c_library_v2/common/mavlink_msg_uavcan_node_status.h\n'}
[0.290135] (stm32_mavlink_interface) StdoutLine: {'line': b'-- Up-to-date: /home/a/ws_moveit2/install/stm32_mavlink_interface/include/mavlink/c_library_v2/common/mavlink_msg_home_position.h\n'}
[0.290190] (stm32_mavlink_interface) StdoutLine: {'line': b'-- Up-to-date: /home/a/ws_moveit2/install/stm32_mavlink_interface/include/mavlink/c_library_v2/common/mavlink_msg_debug_vect.h\n'}
[0.290230] (stm32_mavlink_interface) StdoutLine: {'line': b'-- Up-to-date: /home/a/ws_moveit2/install/stm32_mavlink_interface/include/mavlink/c_library_v2/common/mavlink_msg_set_attitude_target.h\n'}
[0.290413] (stm32_mavlink_interface) StdoutLine: {'line': b'-- Up-to-date: /home/a/ws_moveit2/install/stm32_mavlink_interface/include/mavlink/c_library_v2/common/mavlink_msg_open_drone_id_basic_id.h\n'}
[0.290547] (stm32_mavlink_interface) StdoutLine: {'line': b'-- Up-to-date: /home/a/ws_moveit2/install/stm32_mavlink_interface/include/mavlink/c_library_v2/common/mavlink_msg_button_change.h\n'}
[0.290580] (stm32_mavlink_interface) StdoutLine: {'line': b'-- Up-to-date: /home/a/ws_moveit2/install/stm32_mavlink_interface/include/mavlink/c_library_v2/common/mavlink_msg_high_latency2.h\n'}
[0.290607] (stm32_mavlink_interface) StdoutLine: {'line': b'-- Up-to-date: /home/a/ws_moveit2/install/stm32_mavlink_interface/include/mavlink/c_library_v2/common/mavlink_msg_gps2_rtk.h\n'}
[0.290633] (stm32_mavlink_interface) StdoutLine: {'line': b'-- Up-to-date: /home/a/ws_moveit2/install/stm32_mavlink_interface/include/mavlink/c_library_v2/common/mavlink_msg_logging_data_acked.h\n'}
[0.290659] (stm32_mavlink_interface) StdoutLine: {'line': b'-- Up-to-date: /home/a/ws_moveit2/install/stm32_mavlink_interface/include/mavlink/c_library_v2/common/mavlink_msg_set_mode.h\n'}
[0.290753] (stm32_mavlink_interface) StdoutLine: {'line': b'-- Up-to-date: /home/a/ws_moveit2/install/stm32_mavlink_interface/include/mavlink/c_library_v2/common/mavlink_msg_gimbal_manager_set_manual_control.h\n'}
[0.290780] (stm32_mavlink_interface) StdoutLine: {'line': b'-- Up-to-date: /home/a/ws_moveit2/install/stm32_mavlink_interface/include/mavlink/c_library_v2/common/mavlink_msg_attitude.h\n'}
[0.290808] (stm32_mavlink_interface) StdoutLine: {'line': b'-- Up-to-date: /home/a/ws_moveit2/install/stm32_mavlink_interface/include/mavlink/c_library_v2/common/mavlink_msg_illuminator_status.h\n'}
[0.290833] (stm32_mavlink_interface) StdoutLine: {'line': b'-- Up-to-date: /home/a/ws_moveit2/install/stm32_mavlink_interface/include/mavlink/c_library_v2/common/mavlink_msg_raw_rpm.h\n'}
[0.290859] (stm32_mavlink_interface) StdoutLine: {'line': b'-- Up-to-date: /home/a/ws_moveit2/install/stm32_mavlink_interface/include/mavlink/c_library_v2/common/mavlink_msg_optical_flow_rad.h\n'}
[0.290895] (stm32_mavlink_interface) StdoutLine: {'line': b'-- Up-to-date: /home/a/ws_moveit2/install/stm32_mavlink_interface/include/mavlink/c_library_v2/common/mavlink_msg_esc_status.h\n'}
[0.290923] (stm32_mavlink_interface) StdoutLine: {'line': b'-- Up-to-date: /home/a/ws_moveit2/install/stm32_mavlink_interface/include/mavlink/c_library_v2/common/mavlink_msg_position_target_local_ned.h\n'}
[0.290949] (stm32_mavlink_interface) StdoutLine: {'line': b'-- Up-to-date: /home/a/ws_moveit2/install/stm32_mavlink_interface/include/mavlink/c_library_v2/common/mavlink_msg_gps_rtcm_data.h\n'}
[0.290975] (stm32_mavlink_interface) StdoutLine: {'line': b'-- Up-to-date: /home/a/ws_moveit2/install/stm32_mavlink_interface/include/mavlink/c_library_v2/common/mavlink_msg_available_modes_monitor.h\n'}
[0.291052] (stm32_mavlink_interface) StdoutLine: {'line': b'-- Up-to-date: /home/a/ws_moveit2/install/stm32_mavlink_interface/include/mavlink/c_library_v2/common/mavlink_msg_local_position_ned_system_global_offset.h\n'}
[0.291081] (stm32_mavlink_interface) StdoutLine: {'line': b'-- Up-to-date: /home/a/ws_moveit2/install/stm32_mavlink_interface/include/mavlink/c_library_v2/common/mavlink_msg_attitude_target.h\n'}
[0.291108] (stm32_mavlink_interface) StdoutLine: {'line': b'-- Up-to-date: /home/a/ws_moveit2/install/stm32_mavlink_interface/include/mavlink/c_library_v2/common/mavlink_msg_canfd_frame.h\n'}
[0.291135] (stm32_mavlink_interface) StdoutLine: {'line': b'-- Up-to-date: /home/a/ws_moveit2/install/stm32_mavlink_interface/include/mavlink/c_library_v2/common/mavlink_msg_hil_actuator_controls.h\n'}
[0.291161] (stm32_mavlink_interface) StdoutLine: {'line': b'-- Up-to-date: /home/a/ws_moveit2/install/stm32_mavlink_interface/include/mavlink/c_library_v2/common/mavlink_msg_adsb_vehicle.h\n'}
[0.291186] (stm32_mavlink_interface) StdoutLine: {'line': b'-- Up-to-date: /home/a/ws_moveit2/install/stm32_mavlink_interface/include/mavlink/c_library_v2/common/mavlink_msg_position_target_global_int.h\n'}
[0.291212] (stm32_mavlink_interface) StdoutLine: {'line': b'-- Up-to-date: /home/a/ws_moveit2/install/stm32_mavlink_interface/include/mavlink/c_library_v2/common/mavlink_msg_vision_speed_estimate.h\n'}
[0.291241] (stm32_mavlink_interface) StdoutLine: {'line': b'-- Up-to-date: /home/a/ws_moveit2/install/stm32_mavlink_interface/include/mavlink/c_library_v2/common/mavlink_msg_distance_sensor.h\n'}
[0.291267] (stm32_mavlink_interface) StdoutLine: {'line': b'-- Up-to-date: /home/a/ws_moveit2/install/stm32_mavlink_interface/include/mavlink/c_library_v2/common/mavlink_msg_attitude_quaternion.h\n'}
[0.291293] (stm32_mavlink_interface) StdoutLine: {'line': b'-- Up-to-date: /home/a/ws_moveit2/install/stm32_mavlink_interface/include/mavlink/c_library_v2/common/mavlink_msg_mission_request_list.h\n'}
[0.291318] (stm32_mavlink_interface) StdoutLine: {'line': b'-- Up-to-date: /home/a/ws_moveit2/install/stm32_mavlink_interface/include/mavlink/c_library_v2/common/mavlink_msg_collision.h\n'}
[0.291344] (stm32_mavlink_interface) StdoutLine: {'line': b'-- Up-to-date: /home/a/ws_moveit2/install/stm32_mavlink_interface/include/mavlink/c_library_v2/common/mavlink_msg_cellular_config.h\n'}
[0.291370] (stm32_mavlink_interface) StdoutLine: {'line': b'-- Up-to-date: /home/a/ws_moveit2/install/stm32_mavlink_interface/include/mavlink/c_library_v2/common/mavlink_msg_altitude.h\n'}
[0.291396] (stm32_mavlink_interface) StdoutLine: {'line': b'-- Up-to-date: /home/a/ws_moveit2/install/stm32_mavlink_interface/include/mavlink/c_library_v2/common/mavlink_msg_mission_request.h\n'}
[0.291422] (stm32_mavlink_interface) StdoutLine: {'line': b'-- Up-to-date: /home/a/ws_moveit2/install/stm32_mavlink_interface/include/mavlink/c_library_v2/common/mavlink_msg_servo_output_raw.h\n'}
[0.291486] (stm32_mavlink_interface) StdoutLine: {'line': b'-- Up-to-date: /home/a/ws_moveit2/install/stm32_mavlink_interface/include/mavlink/c_library_v2/common/mavlink_msg_onboard_computer_status.h\n'}
[0.291512] (stm32_mavlink_interface) StdoutLine: {'line': b'-- Up-to-date: /home/a/ws_moveit2/install/stm32_mavlink_interface/include/mavlink/c_library_v2/common/mavlink_msg_log_erase.h\n'}
[0.291543] (stm32_mavlink_interface) StdoutLine: {'line': b'-- Up-to-date: /home/a/ws_moveit2/install/stm32_mavlink_interface/include/mavlink/c_library_v2/common/mavlink_msg_control_system_state.h\n'}
[0.291569] (stm32_mavlink_interface) StdoutLine: {'line': b'-- Up-to-date: /home/a/ws_moveit2/install/stm32_mavlink_interface/include/mavlink/c_library_v2/common/mavlink_msg_radio_status.h\n'}
[0.291594] (stm32_mavlink_interface) StdoutLine: {'line': b'-- Up-to-date: /home/a/ws_moveit2/install/stm32_mavlink_interface/include/mavlink/c_library_v2/common/mavlink_msg_hil_controls.h\n'}
[0.291741] (stm32_mavlink_interface) StdoutLine: {'line': b'-- Up-to-date: /home/a/ws_moveit2/install/stm32_mavlink_interface/include/mavlink/c_library_v2/common/mavlink_msg_highres_imu.h\n'}
[0.291769] (stm32_mavlink_interface) StdoutLine: {'line': b'-- Up-to-date: /home/a/ws_moveit2/install/stm32_mavlink_interface/include/mavlink/c_library_v2/common/mavlink_msg_odometry.h\n'}
[0.291796] (stm32_mavlink_interface) StdoutLine: {'line': b'-- Up-to-date: /home/a/ws_moveit2/install/stm32_mavlink_interface/include/mavlink/c_library_v2/common/testsuite.h\n'}
[0.291823] (stm32_mavlink_interface) StdoutLine: {'line': b'-- Up-to-date: /home/a/ws_moveit2/install/stm32_mavlink_interface/include/mavlink/c_library_v2/common/mavlink_msg_file_transfer_protocol.h\n'}
[0.291849] (stm32_mavlink_interface) StdoutLine: {'line': b'-- Up-to-date: /home/a/ws_moveit2/install/stm32_mavlink_interface/include/mavlink/c_library_v2/common/mavlink_msg_uavcan_node_info.h\n'}
[0.291886] (stm32_mavlink_interface) StdoutLine: {'line': b'-- Up-to-date: /home/a/ws_moveit2/install/stm32_mavlink_interface/include/mavlink/c_library_v2/common/mavlink_msg_gimbal_device_set_attitude.h\n'}
[0.292051] (stm32_mavlink_interface) StdoutLine: {'line': b'-- Up-to-date: /home/a/ws_moveit2/install/stm32_mavlink_interface/include/mavlink/c_library_v2/common/mavlink_msg_hil_sensor.h\n'}
[0.292079] (stm32_mavlink_interface) StdoutLine: {'line': b'-- Up-to-date: /home/a/ws_moveit2/install/stm32_mavlink_interface/include/mavlink/c_library_v2/common/mavlink_msg_efi_status.h\n'}
[0.292104] (stm32_mavlink_interface) StdoutLine: {'line': b'-- Up-to-date: /home/a/ws_moveit2/install/stm32_mavlink_interface/include/mavlink/c_library_v2/common/mavlink_msg_debug_float_array.h\n'}
[0.292130] (stm32_mavlink_interface) StdoutLine: {'line': b'-- Up-to-date: /home/a/ws_moveit2/install/stm32_mavlink_interface/include/mavlink/c_library_v2/common/mavlink_msg_scaled_pressure.h\n'}
[0.292155] (stm32_mavlink_interface) StdoutLine: {'line': b'-- Up-to-date: /home/a/ws_moveit2/install/stm32_mavlink_interface/include/mavlink/c_library_v2/common/mavlink_msg_timesync.h\n'}
[0.292188] (stm32_mavlink_interface) StdoutLine: {'line': b'-- Up-to-date: /home/a/ws_moveit2/install/stm32_mavlink_interface/include/mavlink/c_library_v2/common/mavlink_msg_camera_information.h\n'}
[0.292215] (stm32_mavlink_interface) StdoutLine: {'line': b'-- Up-to-date: /home/a/ws_moveit2/install/stm32_mavlink_interface/include/mavlink/c_library_v2/common/mavlink_msg_param_map_rc.h\n'}
[0.292242] (stm32_mavlink_interface) StdoutLine: {'line': b'-- Up-to-date: /home/a/ws_moveit2/install/stm32_mavlink_interface/include/mavlink/c_library_v2/common/mavlink_msg_global_position_int.h\n'}
[0.292268] (stm32_mavlink_interface) StdoutLine: {'line': b'-- Up-to-date: /home/a/ws_moveit2/install/stm32_mavlink_interface/include/mavlink/c_library_v2/common/mavlink_msg_gps_status.h\n'}
[0.292330] (stm32_mavlink_interface) StdoutLine: {'line': b'-- Up-to-date: /home/a/ws_moveit2/install/stm32_mavlink_interface/include/mavlink/c_library_v2/common/mavlink_msg_mission_clear_all.h\n'}
[0.292359] (stm32_mavlink_interface) StdoutLine: {'line': b'-- Up-to-date: /home/a/ws_moveit2/install/stm32_mavlink_interface/include/mavlink/c_library_v2/common/mavlink_msg_optical_flow.h\n'}
[0.292386] (stm32_mavlink_interface) StdoutLine: {'line': b'-- Up-to-date: /home/a/ws_moveit2/install/stm32_mavlink_interface/include/mavlink/c_library_v2/common/mavlink_msg_vision_position_estimate.h\n'}
[0.292414] (stm32_mavlink_interface) StdoutLine: {'line': b'-- Up-to-date: /home/a/ws_moveit2/install/stm32_mavlink_interface/include/mavlink/c_library_v2/common/mavlink_msg_mag_cal_report.h\n'}
[0.292440] (stm32_mavlink_interface) StdoutLine: {'line': b'-- Up-to-date: /home/a/ws_moveit2/install/stm32_mavlink_interface/include/mavlink/c_library_v2/common/mavlink_msg_play_tune_v2.h\n'}
[0.292466] (stm32_mavlink_interface) StdoutLine: {'line': b'-- Up-to-date: /home/a/ws_moveit2/install/stm32_mavlink_interface/include/mavlink/c_library_v2/common/mavlink_msg_smart_battery_info.h\n'}
[0.292492] (stm32_mavlink_interface) StdoutLine: {'line': b'-- Up-to-date: /home/a/ws_moveit2/install/stm32_mavlink_interface/include/mavlink/c_library_v2/common/mavlink_msg_param_request_list.h\n'}
[0.292519] (stm32_mavlink_interface) StdoutLine: {'line': b'-- Up-to-date: /home/a/ws_moveit2/install/stm32_mavlink_interface/include/mavlink/c_library_v2/common/mavlink.h\n'}
[0.292559] (stm32_mavlink_interface) StdoutLine: {'line': b'-- Up-to-date: /home/a/ws_moveit2/install/stm32_mavlink_interface/include/mavlink/c_library_v2/common/mavlink_msg_vfr_hud.h\n'}
[0.292586] (stm32_mavlink_interface) StdoutLine: {'line': b'-- Up-to-date: /home/a/ws_moveit2/install/stm32_mavlink_interface/include/mavlink/c_library_v2/common/mavlink_msg_play_tune.h\n'}
[0.292612] (stm32_mavlink_interface) StdoutLine: {'line': b'-- Up-to-date: /home/a/ws_moveit2/install/stm32_mavlink_interface/include/mavlink/c_library_v2/common/mavlink_msg_statustext.h\n'}
[0.292674] (stm32_mavlink_interface) StdoutLine: {'line': b'-- Up-to-date: /home/a/ws_moveit2/install/stm32_mavlink_interface/include/mavlink/c_library_v2/common/mavlink_msg_winch_status.h\n'}
[0.292702] (stm32_mavlink_interface) StdoutLine: {'line': b'-- Up-to-date: /home/a/ws_moveit2/install/stm32_mavlink_interface/include/mavlink/c_library_v2/common/mavlink_msg_param_ext_request_read.h\n'}
[0.292729] (stm32_mavlink_interface) StdoutLine: {'line': b'-- Up-to-date: /home/a/ws_moveit2/install/stm32_mavlink_interface/include/mavlink/c_library_v2/common/mavlink_msg_safety_set_allowed_area.h\n'}
[0.292754] (stm32_mavlink_interface) StdoutLine: {'line': b'-- Up-to-date: /home/a/ws_moveit2/install/stm32_mavlink_interface/include/mavlink/c_library_v2/common/mavlink_msg_tunnel.h\n'}
[0.292781] (stm32_mavlink_interface) StdoutLine: {'line': b'-- Up-to-date: /home/a/ws_moveit2/install/stm32_mavlink_interface/include/mavlink/c_library_v2/common/mavlink_msg_raw_imu.h\n'}
[0.292807] (stm32_mavlink_interface) StdoutLine: {'line': b'-- Up-to-date: /home/a/ws_moveit2/install/stm32_mavlink_interface/include/mavlink/c_library_v2/common/mavlink_msg_param_ext_value.h\n'}
[0.292832] (stm32_mavlink_interface) StdoutLine: {'line': b'-- Up-to-date: /home/a/ws_moveit2/install/stm32_mavlink_interface/include/mavlink/c_library_v2/common/mavlink_msg_orbit_execution_status.h\n'}
[0.292858] (stm32_mavlink_interface) StdoutLine: {'line': b'-- Up-to-date: /home/a/ws_moveit2/install/stm32_mavlink_interface/include/mavlink/c_library_v2/common/mavlink_msg_request_event.h\n'}
[0.292883] (stm32_mavlink_interface) StdoutLine: {'line': b'-- Up-to-date: /home/a/ws_moveit2/install/stm32_mavlink_interface/include/mavlink/c_library_v2/common/mavlink_msg_gimbal_manager_set_pitchyaw.h\n'}
[0.292908] (stm32_mavlink_interface) StdoutLine: {'line': b'-- Up-to-date: /home/a/ws_moveit2/install/stm32_mavlink_interface/include/mavlink/c_library_v2/common/mavlink_msg_mission_item_reached.h\n'}
[0.292936] (stm32_mavlink_interface) StdoutLine: {'line': b'-- Up-to-date: /home/a/ws_moveit2/install/stm32_mavlink_interface/include/mavlink/c_library_v2/common/mavlink_msg_hil_state.h\n'}
[0.292962] (stm32_mavlink_interface) StdoutLine: {'line': b'-- Up-to-date: /home/a/ws_moveit2/install/stm32_mavlink_interface/include/mavlink/c_library_v2/common/mavlink_msg_mission_write_partial_list.h\n'}
[0.292988] (stm32_mavlink_interface) StdoutLine: {'line': b'-- Up-to-date: /home/a/ws_moveit2/install/stm32_mavlink_interface/include/mavlink/c_library_v2/common/mavlink_msg_param_request_read.h\n'}
[0.293014] (stm32_mavlink_interface) StdoutLine: {'line': b'-- Up-to-date: /home/a/ws_moveit2/install/stm32_mavlink_interface/include/mavlink/c_library_v2/common/mavlink_msg_gimbal_manager_set_attitude.h\n'}
[0.293040] (stm32_mavlink_interface) StdoutLine: {'line': b'-- Up-to-date: /home/a/ws_moveit2/install/stm32_mavlink_interface/include/mavlink/c_library_v2/common/mavlink_msg_component_information_basic.h\n'}
[0.293065] (stm32_mavlink_interface) StdoutLine: {'line': b'-- Up-to-date: /home/a/ws_moveit2/install/stm32_mavlink_interface/include/mavlink/c_library_v2/common/mavlink_msg_scaled_pressure2.h\n'}
[0.293091] (stm32_mavlink_interface) StdoutLine: {'line': b'-- Up-to-date: /home/a/ws_moveit2/install/stm32_mavlink_interface/include/mavlink/c_library_v2/common/mavlink_msg_ais_vessel.h\n'}
[0.293116] (stm32_mavlink_interface) StdoutLine: {'line': b'-- Up-to-date: /home/a/ws_moveit2/install/stm32_mavlink_interface/include/mavlink/c_library_v2/common/mavlink_msg_video_stream_information.h\n'}
[0.293142] (stm32_mavlink_interface) StdoutLine: {'line': b'-- Up-to-date: /home/a/ws_moveit2/install/stm32_mavlink_interface/include/mavlink/c_library_v2/common/mavlink_msg_gimbal_device_information.h\n'}
[0.293169] (stm32_mavlink_interface) StdoutLine: {'line': b'-- Up-to-date: /home/a/ws_moveit2/install/stm32_mavlink_interface/include/mavlink/c_library_v2/common/mavlink_msg_hil_optical_flow.h\n'}
[0.293201] (stm32_mavlink_interface) StdoutLine: {'line': b'-- Up-to-date: /home/a/ws_moveit2/install/stm32_mavlink_interface/include/mavlink/c_library_v2/common/mavlink_msg_change_operator_control_ack.h\n'}
[0.293257] (stm32_mavlink_interface) StdoutLine: {'line': b'-- Up-to-date: /home/a/ws_moveit2/install/stm32_mavlink_interface/include/mavlink/c_library_v2/common/mavlink_msg_terrain_request.h\n'}
[0.293284] (stm32_mavlink_interface) StdoutLine: {'line': b'-- Up-to-date: /home/a/ws_moveit2/install/stm32_mavlink_interface/include/mavlink/c_library_v2/common/mavlink_msg_param_ext_set.h\n'}
[0.293309] (stm32_mavlink_interface) StdoutLine: {'line': b'-- Up-to-date: /home/a/ws_moveit2/install/stm32_mavlink_interface/include/mavlink/c_library_v2/common/mavlink_msg_message_interval.h\n'}
[0.293335] (stm32_mavlink_interface) StdoutLine: {'line': b'-- Up-to-date: /home/a/ws_moveit2/install/stm32_mavlink_interface/include/mavlink/c_library_v2/common/mavlink_msg_local_position_ned_cov.h\n'}
[0.293360] (stm32_mavlink_interface) StdoutLine: {'line': b'-- Up-to-date: /home/a/ws_moveit2/install/stm32_mavlink_interface/include/mavlink/c_library_v2/common/mavlink_msg_camera_tracking_image_status.h\n'}
[0.293386] (stm32_mavlink_interface) StdoutLine: {'line': b'-- Up-to-date: /home/a/ws_moveit2/install/stm32_mavlink_interface/include/mavlink/c_library_v2/common/mavlink_msg_battery_status.h\n'}
[0.293413] (stm32_mavlink_interface) StdoutLine: {'line': b'-- Up-to-date: /home/a/ws_moveit2/install/stm32_mavlink_interface/include/mavlink/c_library_v2/common/common.h\n'}
[0.293470] (stm32_mavlink_interface) StdoutLine: {'line': b'-- Up-to-date: /home/a/ws_moveit2/install/stm32_mavlink_interface/include/mavlink/c_library_v2/common/mavlink_msg_extended_sys_state.h\n'}
[0.293496] (stm32_mavlink_interface) StdoutLine: {'line': b'-- Up-to-date: /home/a/ws_moveit2/install/stm32_mavlink_interface/include/mavlink/c_library_v2/common/mavlink_msg_gps_raw_int.h\n'}
[0.293529] (stm32_mavlink_interface) StdoutLine: {'line': b'-- Up-to-date: /home/a/ws_moveit2/install/stm32_mavlink_interface/include/mavlink/c_library_v2/common/mavlink_msg_debug.h\n'}
[0.293557] (stm32_mavlink_interface) StdoutLine: {'line': b'-- Up-to-date: /home/a/ws_moveit2/install/stm32_mavlink_interface/include/mavlink/c_library_v2/common/mavlink_msg_landing_target.h\n'}
[0.293590] (stm32_mavlink_interface) StdoutLine: {'line': b'-- Up-to-date: /home/a/ws_moveit2/install/stm32_mavlink_interface/include/mavlink/c_library_v2/common/mavlink_msg_vibration.h\n'}
[0.293616] (stm32_mavlink_interface) StdoutLine: {'line': b'-- Up-to-date: /home/a/ws_moveit2/install/stm32_mavlink_interface/include/mavlink/c_library_v2/common/mavlink_msg_safety_allowed_area.h\n'}
[0.293641] (stm32_mavlink_interface) StdoutLine: {'line': b'-- Up-to-date: /home/a/ws_moveit2/install/stm32_mavlink_interface/include/mavlink/c_library_v2/matrixpilot\n'}
[0.293667] (stm32_mavlink_interface) StdoutLine: {'line': b'-- Up-to-date: /home/a/ws_moveit2/install/stm32_mavlink_interface/include/mavlink/c_library_v2/matrixpilot/mavlink_msg_serial_udb_extra_f20.h\n'}
[0.293692] (stm32_mavlink_interface) StdoutLine: {'line': b'-- Up-to-date: /home/a/ws_moveit2/install/stm32_mavlink_interface/include/mavlink/c_library_v2/matrixpilot/mavlink_msg_serial_udb_extra_f7.h\n'}
[0.293718] (stm32_mavlink_interface) StdoutLine: {'line': b'-- Up-to-date: /home/a/ws_moveit2/install/stm32_mavlink_interface/include/mavlink/c_library_v2/matrixpilot/matrixpilot.h\n'}
[0.293743] (stm32_mavlink_interface) StdoutLine: {'line': b'-- Up-to-date: /home/a/ws_moveit2/install/stm32_mavlink_interface/include/mavlink/c_library_v2/matrixpilot/mavlink_msg_serial_udb_extra_f5.h\n'}
[0.293768] (stm32_mavlink_interface) StdoutLine: {'line': b'-- Up-to-date: /home/a/ws_moveit2/install/stm32_mavlink_interface/include/mavlink/c_library_v2/matrixpilot/mavlink_msg_serial_udb_extra_f4.h\n'}
[0.293793] (stm32_mavlink_interface) StdoutLine: {'line': b'-- Up-to-date: /home/a/ws_moveit2/install/stm32_mavlink_interface/include/mavlink/c_library_v2/matrixpilot/mavlink_msg_flexifunction_buffer_function_ack.h\n'}
[0.293819] (stm32_mavlink_interface) StdoutLine: {'line': b'-- Up-to-date: /home/a/ws_moveit2/install/stm32_mavlink_interface/include/mavlink/c_library_v2/matrixpilot/mavlink_msg_flexifunction_directory.h\n'}
[0.293950] (stm32_mavlink_interface) StdoutLine: {'line': b'-- Up-to-date: /home/a/ws_moveit2/install/stm32_mavlink_interface/include/mavlink/c_library_v2/matrixpilot/mavlink_msg_serial_udb_extra_f18.h\n'}
[0.293977] (stm32_mavlink_interface) StdoutLine: {'line': b'-- Up-to-date: /home/a/ws_moveit2/install/stm32_mavlink_interface/include/mavlink/c_library_v2/matrixpilot/mavlink_msg_flexifunction_read_req.h\n'}
[0.294002] (stm32_mavlink_interface) StdoutLine: {'line': b'-- Up-to-date: /home/a/ws_moveit2/install/stm32_mavlink_interface/include/mavlink/c_library_v2/matrixpilot/mavlink_msg_flexifunction_directory_ack.h\n'}
[0.294027] (stm32_mavlink_interface) StdoutLine: {'line': b'-- Up-to-date: /home/a/ws_moveit2/install/stm32_mavlink_interface/include/mavlink/c_library_v2/matrixpilot/mavlink_msg_serial_udb_extra_f6.h\n'}
[0.294052] (stm32_mavlink_interface) StdoutLine: {'line': b'-- Up-to-date: /home/a/ws_moveit2/install/stm32_mavlink_interface/include/mavlink/c_library_v2/matrixpilot/mavlink_msg_serial_udb_extra_f21.h\n'}
[0.294079] (stm32_mavlink_interface) StdoutLine: {'line': b'-- Up-to-date: /home/a/ws_moveit2/install/stm32_mavlink_interface/include/mavlink/c_library_v2/matrixpilot/version.h\n'}
[0.294139] (stm32_mavlink_interface) StdoutLine: {'line': b'-- Up-to-date: /home/a/ws_moveit2/install/stm32_mavlink_interface/include/mavlink/c_library_v2/matrixpilot/mavlink_msg_serial_udb_extra_f14.h\n'}
[0.294165] (stm32_mavlink_interface) StdoutLine: {'line': b'-- Up-to-date: /home/a/ws_moveit2/install/stm32_mavlink_interface/include/mavlink/c_library_v2/matrixpilot/mavlink_msg_serial_udb_extra_f13.h\n'}
[0.294191] (stm32_mavlink_interface) StdoutLine: {'line': b'-- Up-to-date: /home/a/ws_moveit2/install/stm32_mavlink_interface/include/mavlink/c_library_v2/matrixpilot/mavlink_msg_serial_udb_extra_f2_b.h\n'}
[0.294218] (stm32_mavlink_interface) StdoutLine: {'line': b'-- Up-to-date: /home/a/ws_moveit2/install/stm32_mavlink_interface/include/mavlink/c_library_v2/matrixpilot/mavlink_msg_serial_udb_extra_f8.h\n'}
[0.294245] (stm32_mavlink_interface) StdoutLine: {'line': b'-- Up-to-date: /home/a/ws_moveit2/install/stm32_mavlink_interface/include/mavlink/c_library_v2/matrixpilot/mavlink_msg_flexifunction_command_ack.h\n'}
[0.294270] (stm32_mavlink_interface) StdoutLine: {'line': b'-- Up-to-date: /home/a/ws_moveit2/install/stm32_mavlink_interface/include/mavlink/c_library_v2/matrixpilot/mavlink_msg_serial_udb_extra_f16.h\n'}
[0.294295] (stm32_mavlink_interface) StdoutLine: {'line': b'-- Up-to-date: /home/a/ws_moveit2/install/stm32_mavlink_interface/include/mavlink/c_library_v2/matrixpilot/mavlink_msg_serial_udb_extra_f2_a.h\n'}
[0.294320] (stm32_mavlink_interface) StdoutLine: {'line': b'-- Up-to-date: /home/a/ws_moveit2/install/stm32_mavlink_interface/include/mavlink/c_library_v2/matrixpilot/mavlink_msg_serial_udb_extra_f19.h\n'}
[0.294346] (stm32_mavlink_interface) StdoutLine: {'line': b'-- Up-to-date: /home/a/ws_moveit2/install/stm32_mavlink_interface/include/mavlink/c_library_v2/matrixpilot/mavlink_msg_flexifunction_command.h\n'}
[0.294379] (stm32_mavlink_interface) StdoutLine: {'line': b'-- Up-to-date: /home/a/ws_moveit2/install/stm32_mavlink_interface/include/mavlink/c_library_v2/matrixpilot/mavlink_msg_serial_udb_extra_f15.h\n'}
[0.294406] (stm32_mavlink_interface) StdoutLine: {'line': b'-- Up-to-date: /home/a/ws_moveit2/install/stm32_mavlink_interface/include/mavlink/c_library_v2/matrixpilot/testsuite.h\n'}
[0.294432] (stm32_mavlink_interface) StdoutLine: {'line': b'-- Up-to-date: /home/a/ws_moveit2/install/stm32_mavlink_interface/include/mavlink/c_library_v2/matrixpilot/mavlink_msg_altitudes.h\n'}
[0.294493] (stm32_mavlink_interface) StdoutLine: {'line': b'-- Up-to-date: /home/a/ws_moveit2/install/stm32_mavlink_interface/include/mavlink/c_library_v2/matrixpilot/mavlink.h\n'}
[0.294522] (stm32_mavlink_interface) StdoutLine: {'line': b'-- Up-to-date: /home/a/ws_moveit2/install/stm32_mavlink_interface/include/mavlink/c_library_v2/matrixpilot/mavlink_msg_flexifunction_buffer_function.h\n'}
[0.294550] (stm32_mavlink_interface) StdoutLine: {'line': b'-- Up-to-date: /home/a/ws_moveit2/install/stm32_mavlink_interface/include/mavlink/c_library_v2/matrixpilot/mavlink_msg_flexifunction_set.h\n'}
[0.294575] (stm32_mavlink_interface) StdoutLine: {'line': b'-- Up-to-date: /home/a/ws_moveit2/install/stm32_mavlink_interface/include/mavlink/c_library_v2/matrixpilot/mavlink_msg_serial_udb_extra_f17.h\n'}
[0.294600] (stm32_mavlink_interface) StdoutLine: {'line': b'-- Up-to-date: /home/a/ws_moveit2/install/stm32_mavlink_interface/include/mavlink/c_library_v2/matrixpilot/mavlink_msg_serial_udb_extra_f22.h\n'}
[0.294627] (stm32_mavlink_interface) StdoutLine: {'line': b'-- Up-to-date: /home/a/ws_moveit2/install/stm32_mavlink_interface/include/mavlink/c_library_v2/matrixpilot/mavlink_msg_airspeeds.h\n'}
[0.294652] (stm32_mavlink_interface) StdoutLine: {'line': b'-- Up-to-date: /home/a/ws_moveit2/install/stm32_mavlink_interface/include/mavlink/c_library_v2/AVSSUAS\n'}
[0.294678] (stm32_mavlink_interface) StdoutLine: {'line': b'-- Up-to-date: /home/a/ws_moveit2/install/stm32_mavlink_interface/include/mavlink/c_library_v2/AVSSUAS/mavlink_msg_avss_drone_position.h\n'}
[0.294702] (stm32_mavlink_interface) StdoutLine: {'line': b'-- Up-to-date: /home/a/ws_moveit2/install/stm32_mavlink_interface/include/mavlink/c_library_v2/AVSSUAS/mavlink_msg_avss_drone_imu.h\n'}
[0.294728] (stm32_mavlink_interface) StdoutLine: {'line': b'-- Up-to-date: /home/a/ws_moveit2/install/stm32_mavlink_interface/include/mavlink/c_library_v2/AVSSUAS/version.h\n'}
[0.294755] (stm32_mavlink_interface) StdoutLine: {'line': b'-- Up-to-date: /home/a/ws_moveit2/install/stm32_mavlink_interface/include/mavlink/c_library_v2/AVSSUAS/AVSSUAS.h\n'}
[0.294819] (stm32_mavlink_interface) StdoutLine: {'line': b'-- Up-to-date: /home/a/ws_moveit2/install/stm32_mavlink_interface/include/mavlink/c_library_v2/AVSSUAS/mavlink_msg_avss_prs_sys_status.h\n'}
[0.294845] (stm32_mavlink_interface) StdoutLine: {'line': b'-- Up-to-date: /home/a/ws_moveit2/install/stm32_mavlink_interface/include/mavlink/c_library_v2/AVSSUAS/testsuite.h\n'}
[0.294870] (stm32_mavlink_interface) StdoutLine: {'line': b'-- Up-to-date: /home/a/ws_moveit2/install/stm32_mavlink_interface/include/mavlink/c_library_v2/AVSSUAS/mavlink_msg_avss_drone_operation_mode.h\n'}
[0.294896] (stm32_mavlink_interface) StdoutLine: {'line': b'-- Up-to-date: /home/a/ws_moveit2/install/stm32_mavlink_interface/include/mavlink/c_library_v2/AVSSUAS/mavlink.h\n'}
[0.294921] (stm32_mavlink_interface) StdoutLine: {'line': b'-- Up-to-date: /home/a/ws_moveit2/install/stm32_mavlink_interface/include/mavlink/c_library_v2/cubepilot\n'}
[0.294955] (stm32_mavlink_interface) StdoutLine: {'line': b'-- Up-to-date: /home/a/ws_moveit2/install/stm32_mavlink_interface/include/mavlink/c_library_v2/cubepilot/mavlink_msg_cubepilot_firmware_update_start.h\n'}
[0.295011] (stm32_mavlink_interface) StdoutLine: {'line': b'-- Up-to-date: /home/a/ws_moveit2/install/stm32_mavlink_interface/include/mavlink/c_library_v2/cubepilot/cubepilot.h\n'}
[0.295038] (stm32_mavlink_interface) StdoutLine: {'line': b'-- Up-to-date: /home/a/ws_moveit2/install/stm32_mavlink_interface/include/mavlink/c_library_v2/cubepilot/version.h\n'}
[0.295064] (stm32_mavlink_interface) StdoutLine: {'line': b'-- Up-to-date: /home/a/ws_moveit2/install/stm32_mavlink_interface/include/mavlink/c_library_v2/cubepilot/mavlink_msg_cubepilot_raw_rc.h\n'}
[0.295090] (stm32_mavlink_interface) StdoutLine: {'line': b'-- Up-to-date: /home/a/ws_moveit2/install/stm32_mavlink_interface/include/mavlink/c_library_v2/cubepilot/mavlink_msg_cubepilot_firmware_update_resp.h\n'}
[0.295116] (stm32_mavlink_interface) StdoutLine: {'line': b'-- Up-to-date: /home/a/ws_moveit2/install/stm32_mavlink_interface/include/mavlink/c_library_v2/cubepilot/mavlink_msg_herelink_video_stream_information.h\n'}
[0.295141] (stm32_mavlink_interface) StdoutLine: {'line': b'-- Up-to-date: /home/a/ws_moveit2/install/stm32_mavlink_interface/include/mavlink/c_library_v2/cubepilot/testsuite.h\n'}
[0.295167] (stm32_mavlink_interface) StdoutLine: {'line': b'-- Up-to-date: /home/a/ws_moveit2/install/stm32_mavlink_interface/include/mavlink/c_library_v2/cubepilot/mavlink.h\n'}
[0.295192] (stm32_mavlink_interface) StdoutLine: {'line': b'-- Up-to-date: /home/a/ws_moveit2/install/stm32_mavlink_interface/include/mavlink/c_library_v2/cubepilot/mavlink_msg_herelink_telem.h\n'}
[0.295217] (stm32_mavlink_interface) StdoutLine: {'line': b'-- Up-to-date: /home/a/ws_moveit2/install/stm32_mavlink_interface/include/mavlink/c_library_v2/mavlink_sha256.h\n'}
[0.295243] (stm32_mavlink_interface) StdoutLine: {'line': b'-- Up-to-date: /home/a/ws_moveit2/install/stm32_mavlink_interface/include/mavlink/c_library_v2/icarous\n'}
[0.295298] (stm32_mavlink_interface) StdoutLine: {'line': b'-- Up-to-date: /home/a/ws_moveit2/install/stm32_mavlink_interface/include/mavlink/c_library_v2/icarous/version.h\n'}
[0.295331] (stm32_mavlink_interface) StdoutLine: {'line': b'-- Up-to-date: /home/a/ws_moveit2/install/stm32_mavlink_interface/include/mavlink/c_library_v2/icarous/mavlink_msg_icarous_heartbeat.h\n'}
[0.295357] (stm32_mavlink_interface) StdoutLine: {'line': b'-- Up-to-date: /home/a/ws_moveit2/install/stm32_mavlink_interface/include/mavlink/c_library_v2/icarous/icarous.h\n'}
[0.295382] (stm32_mavlink_interface) StdoutLine: {'line': b'-- Up-to-date: /home/a/ws_moveit2/install/stm32_mavlink_interface/include/mavlink/c_library_v2/icarous/mavlink_msg_icarous_kinematic_bands.h\n'}
[0.295408] (stm32_mavlink_interface) StdoutLine: {'line': b'-- Up-to-date: /home/a/ws_moveit2/install/stm32_mavlink_interface/include/mavlink/c_library_v2/icarous/testsuite.h\n'}
[0.295432] (stm32_mavlink_interface) StdoutLine: {'line': b'-- Up-to-date: /home/a/ws_moveit2/install/stm32_mavlink_interface/include/mavlink/c_library_v2/icarous/mavlink.h\n'}
[0.295545] (stm32_mavlink_interface) StdoutLine: {'line': b'-- Up-to-date: /home/a/ws_moveit2/install/stm32_mavlink_interface/include/mavlink/c_library_v2/minimal\n'}
[0.295571] (stm32_mavlink_interface) StdoutLine: {'line': b'-- Up-to-date: /home/a/ws_moveit2/install/stm32_mavlink_interface/include/mavlink/c_library_v2/minimal/minimal.h\n'}
[0.295599] (stm32_mavlink_interface) StdoutLine: {'line': b'-- Up-to-date: /home/a/ws_moveit2/install/stm32_mavlink_interface/include/mavlink/c_library_v2/minimal/version.h\n'}
[0.295625] (stm32_mavlink_interface) StdoutLine: {'line': b'-- Up-to-date: /home/a/ws_moveit2/install/stm32_mavlink_interface/include/mavlink/c_library_v2/minimal/testsuite.h\n'}
[0.295651] (stm32_mavlink_interface) StdoutLine: {'line': b'-- Up-to-date: /home/a/ws_moveit2/install/stm32_mavlink_interface/include/mavlink/c_library_v2/minimal/mavlink.h\n'}
[0.295677] (stm32_mavlink_interface) StdoutLine: {'line': b'-- Up-to-date: /home/a/ws_moveit2/install/stm32_mavlink_interface/include/mavlink/c_library_v2/minimal/mavlink_msg_protocol_version.h\n'}
[0.295704] (stm32_mavlink_interface) StdoutLine: {'line': b'-- Up-to-date: /home/a/ws_moveit2/install/stm32_mavlink_interface/include/mavlink/c_library_v2/minimal/mavlink_msg_heartbeat.h\n'}
[0.295730] (stm32_mavlink_interface) StdoutLine: {'line': b'-- Up-to-date: /home/a/ws_moveit2/install/stm32_mavlink_interface/include/mavlink/c_library_v2/ASLUAV\n'}
[0.295757] (stm32_mavlink_interface) StdoutLine: {'line': b'-- Up-to-date: /home/a/ws_moveit2/install/stm32_mavlink_interface/include/mavlink/c_library_v2/ASLUAV/mavlink_msg_gsm_link_status.h\n'}
[0.295783] (stm32_mavlink_interface) StdoutLine: {'line': b'-- Up-to-date: /home/a/ws_moveit2/install/stm32_mavlink_interface/include/mavlink/c_library_v2/ASLUAV/mavlink_msg_sens_power.h\n'}
[0.295809] (stm32_mavlink_interface) StdoutLine: {'line': b'-- Up-to-date: /home/a/ws_moveit2/install/stm32_mavlink_interface/include/mavlink/c_library_v2/ASLUAV/ASLUAV.h\n'}
[0.295835] (stm32_mavlink_interface) StdoutLine: {'line': b'-- Up-to-date: /home/a/ws_moveit2/install/stm32_mavlink_interface/include/mavlink/c_library_v2/ASLUAV/mavlink_msg_sensor_airflow_angles.h\n'}
[0.295861] (stm32_mavlink_interface) StdoutLine: {'line': b'-- Up-to-date: /home/a/ws_moveit2/install/stm32_mavlink_interface/include/mavlink/c_library_v2/ASLUAV/mavlink_msg_satcom_link_status.h\n'}
[0.295888] (stm32_mavlink_interface) StdoutLine: {'line': b'-- Up-to-date: /home/a/ws_moveit2/install/stm32_mavlink_interface/include/mavlink/c_library_v2/ASLUAV/mavlink_msg_fw_soaring_data.h\n'}
[0.295915] (stm32_mavlink_interface) StdoutLine: {'line': b'-- Up-to-date: /home/a/ws_moveit2/install/stm32_mavlink_interface/include/mavlink/c_library_v2/ASLUAV/mavlink_msg_sens_power_board.h\n'}
[0.295942] (stm32_mavlink_interface) StdoutLine: {'line': b'-- Up-to-date: /home/a/ws_moveit2/install/stm32_mavlink_interface/include/mavlink/c_library_v2/ASLUAV/mavlink_msg_sens_batmon.h\n'}
[0.295968] (stm32_mavlink_interface) StdoutLine: {'line': b'-- Up-to-date: /home/a/ws_moveit2/install/stm32_mavlink_interface/include/mavlink/c_library_v2/ASLUAV/mavlink_msg_aslctrl_data.h\n'}
[0.295994] (stm32_mavlink_interface) StdoutLine: {'line': b'-- Up-to-date: /home/a/ws_moveit2/install/stm32_mavlink_interface/include/mavlink/c_library_v2/ASLUAV/version.h\n'}
[0.296020] (stm32_mavlink_interface) StdoutLine: {'line': b'-- Up-to-date: /home/a/ws_moveit2/install/stm32_mavlink_interface/include/mavlink/c_library_v2/ASLUAV/mavlink_msg_command_long_stamped.h\n'}
[0.296046] (stm32_mavlink_interface) StdoutLine: {'line': b'-- Up-to-date: /home/a/ws_moveit2/install/stm32_mavlink_interface/include/mavlink/c_library_v2/ASLUAV/mavlink_msg_sens_atmos.h\n'}
[0.296072] (stm32_mavlink_interface) StdoutLine: {'line': b'-- Up-to-date: /home/a/ws_moveit2/install/stm32_mavlink_interface/include/mavlink/c_library_v2/ASLUAV/mavlink_msg_aslctrl_debug.h\n'}
[0.296097] (stm32_mavlink_interface) StdoutLine: {'line': b'-- Up-to-date: /home/a/ws_moveit2/install/stm32_mavlink_interface/include/mavlink/c_library_v2/ASLUAV/testsuite.h\n'}
[0.296157] (stm32_mavlink_interface) StdoutLine: {'line': b'-- Up-to-date: /home/a/ws_moveit2/install/stm32_mavlink_interface/include/mavlink/c_library_v2/ASLUAV/mavlink_msg_asluav_status.h\n'}
[0.296182] (stm32_mavlink_interface) StdoutLine: {'line': b'-- Up-to-date: /home/a/ws_moveit2/install/stm32_mavlink_interface/include/mavlink/c_library_v2/ASLUAV/mavlink_msg_ekf_ext.h\n'}
[0.296208] (stm32_mavlink_interface) StdoutLine: {'line': b'-- Up-to-date: /home/a/ws_moveit2/install/stm32_mavlink_interface/include/mavlink/c_library_v2/ASLUAV/mavlink_msg_sensorpod_status.h\n'}
[0.296233] (stm32_mavlink_interface) StdoutLine: {'line': b'-- Up-to-date: /home/a/ws_moveit2/install/stm32_mavlink_interface/include/mavlink/c_library_v2/ASLUAV/mavlink.h\n'}
[0.296259] (stm32_mavlink_interface) StdoutLine: {'line': b'-- Up-to-date: /home/a/ws_moveit2/install/stm32_mavlink_interface/include/mavlink/c_library_v2/ASLUAV/mavlink_msg_asl_obctrl.h\n'}
[0.296290] (stm32_mavlink_interface) StdoutLine: {'line': b'-- Up-to-date: /home/a/ws_moveit2/install/stm32_mavlink_interface/include/mavlink/c_library_v2/ASLUAV/mavlink_msg_sens_mppt.h\n'}
[0.296316] (stm32_mavlink_interface) StdoutLine: {'line': b'-- Up-to-date: /home/a/ws_moveit2/install/stm32_mavlink_interface/include/mavlink/c_library_v2/ASLUAV/mavlink_msg_command_int_stamped.h\n'}
[0.296430] (stm32_mavlink_interface) StdoutLine: {'line': b'-- Up-to-date: /home/a/ws_moveit2/install/stm32_mavlink_interface/include/mavlink/c_library_v2/mavlink_types.h\n'}
[0.296456] (stm32_mavlink_interface) StdoutLine: {'line': b'-- Up-to-date: /home/a/ws_moveit2/install/stm32_mavlink_interface/include/mavlink/c_library_v2/csAirLink\n'}
[0.296482] (stm32_mavlink_interface) StdoutLine: {'line': b'-- Up-to-date: /home/a/ws_moveit2/install/stm32_mavlink_interface/include/mavlink/c_library_v2/csAirLink/csAirLink.h\n'}
[0.296508] (stm32_mavlink_interface) StdoutLine: {'line': b'-- Up-to-date: /home/a/ws_moveit2/install/stm32_mavlink_interface/include/mavlink/c_library_v2/csAirLink/mavlink_msg_airlink_auth_response.h\n'}
[0.296540] (stm32_mavlink_interface) StdoutLine: {'line': b'-- Up-to-date: /home/a/ws_moveit2/install/stm32_mavlink_interface/include/mavlink/c_library_v2/csAirLink/version.h\n'}
[0.296567] (stm32_mavlink_interface) StdoutLine: {'line': b'-- Up-to-date: /home/a/ws_moveit2/install/stm32_mavlink_interface/include/mavlink/c_library_v2/csAirLink/testsuite.h\n'}
[0.296592] (stm32_mavlink_interface) StdoutLine: {'line': b'-- Up-to-date: /home/a/ws_moveit2/install/stm32_mavlink_interface/include/mavlink/c_library_v2/csAirLink/mavlink.h\n'}
[0.296618] (stm32_mavlink_interface) StdoutLine: {'line': b'-- Up-to-date: /home/a/ws_moveit2/install/stm32_mavlink_interface/include/mavlink/c_library_v2/csAirLink/mavlink_msg_airlink_auth.h\n'}
[0.296644] (stm32_mavlink_interface) StdoutLine: {'line': b'-- Up-to-date: /home/a/ws_moveit2/install/stm32_mavlink_interface/include/mavlink/c_library_v2/marsh\n'}
[0.296669] (stm32_mavlink_interface) StdoutLine: {'line': b'-- Up-to-date: /home/a/ws_moveit2/install/stm32_mavlink_interface/include/mavlink/c_library_v2/marsh/mavlink_msg_eye_tracking_data.h\n'}
[0.296695] (stm32_mavlink_interface) StdoutLine: {'line': b'-- Up-to-date: /home/a/ws_moveit2/install/stm32_mavlink_interface/include/mavlink/c_library_v2/marsh/mavlink_msg_control_loading_axis.h\n'}
[0.296720] (stm32_mavlink_interface) StdoutLine: {'line': b'-- Up-to-date: /home/a/ws_moveit2/install/stm32_mavlink_interface/include/mavlink/c_library_v2/marsh/mavlink_msg_rexroth_motion_platform.h\n'}
[0.296750] (stm32_mavlink_interface) StdoutLine: {'line': b'-- Up-to-date: /home/a/ws_moveit2/install/stm32_mavlink_interface/include/mavlink/c_library_v2/marsh/mavlink_msg_motion_cue_extra.h\n'}
[0.296776] (stm32_mavlink_interface) StdoutLine: {'line': b'-- Up-to-date: /home/a/ws_moveit2/install/stm32_mavlink_interface/include/mavlink/c_library_v2/marsh/mavlink_msg_motion_platform_state.h\n'}
[0.296802] (stm32_mavlink_interface) StdoutLine: {'line': b'-- Up-to-date: /home/a/ws_moveit2/install/stm32_mavlink_interface/include/mavlink/c_library_v2/marsh/marsh.h\n'}
[0.296828] (stm32_mavlink_interface) StdoutLine: {'line': b'-- Up-to-date: /home/a/ws_moveit2/install/stm32_mavlink_interface/include/mavlink/c_library_v2/marsh/version.h\n'}
[0.296855] (stm32_mavlink_interface) StdoutLine: {'line': b'-- Up-to-date: /home/a/ws_moveit2/install/stm32_mavlink_interface/include/mavlink/c_library_v2/marsh/testsuite.h\n'}
[0.297100] (stm32_mavlink_interface) StdoutLine: {'line': b'-- Up-to-date: /home/a/ws_moveit2/install/stm32_mavlink_interface/include/mavlink/c_library_v2/marsh/mavlink.h\n'}
[0.297127] (stm32_mavlink_interface) StdoutLine: {'line': b'-- Up-to-date: /home/a/ws_moveit2/install/stm32_mavlink_interface/include/mavlink/c_library_v2/python_array_test\n'}
[0.297153] (stm32_mavlink_interface) StdoutLine: {'line': b'-- Up-to-date: /home/a/ws_moveit2/install/stm32_mavlink_interface/include/mavlink/c_library_v2/python_array_test/mavlink_msg_array_test_1.h\n'}
[0.297262] (stm32_mavlink_interface) StdoutLine: {'line': b'-- Up-to-date: /home/a/ws_moveit2/install/stm32_mavlink_interface/include/mavlink/c_library_v2/python_array_test/mavlink_msg_array_test_0.h\n'}
[0.297289] (stm32_mavlink_interface) StdoutLine: {'line': b'-- Up-to-date: /home/a/ws_moveit2/install/stm32_mavlink_interface/include/mavlink/c_library_v2/python_array_test/mavlink_msg_array_test_6.h\n'}
[0.297315] (stm32_mavlink_interface) StdoutLine: {'line': b'-- Up-to-date: /home/a/ws_moveit2/install/stm32_mavlink_interface/include/mavlink/c_library_v2/python_array_test/mavlink_msg_array_test_8.h\n'}
[0.297341] (stm32_mavlink_interface) StdoutLine: {'line': b'-- Up-to-date: /home/a/ws_moveit2/install/stm32_mavlink_interface/include/mavlink/c_library_v2/python_array_test/mavlink_msg_array_test_7.h\n'}
[0.297367] (stm32_mavlink_interface) StdoutLine: {'line': b'-- Up-to-date: /home/a/ws_moveit2/install/stm32_mavlink_interface/include/mavlink/c_library_v2/python_array_test/version.h\n'}
[0.297393] (stm32_mavlink_interface) StdoutLine: {'line': b'-- Up-to-date: /home/a/ws_moveit2/install/stm32_mavlink_interface/include/mavlink/c_library_v2/python_array_test/mavlink_msg_array_test_4.h\n'}
[0.297417] (stm32_mavlink_interface) StdoutLine: {'line': b'-- Up-to-date: /home/a/ws_moveit2/install/stm32_mavlink_interface/include/mavlink/c_library_v2/python_array_test/testsuite.h\n'}
[0.297442] (stm32_mavlink_interface) StdoutLine: {'line': b'-- Up-to-date: /home/a/ws_moveit2/install/stm32_mavlink_interface/include/mavlink/c_library_v2/python_array_test/mavlink_msg_array_test_5.h\n'}
[0.297468] (stm32_mavlink_interface) StdoutLine: {'line': b'-- Up-to-date: /home/a/ws_moveit2/install/stm32_mavlink_interface/include/mavlink/c_library_v2/python_array_test/mavlink.h\n'}
[0.297505] (stm32_mavlink_interface) StdoutLine: {'line': b'-- Up-to-date: /home/a/ws_moveit2/install/stm32_mavlink_interface/include/mavlink/c_library_v2/python_array_test/python_array_test.h\n'}
[0.297534] (stm32_mavlink_interface) StdoutLine: {'line': b'-- Up-to-date: /home/a/ws_moveit2/install/stm32_mavlink_interface/include/mavlink/c_library_v2/python_array_test/mavlink_msg_array_test_3.h\n'}
[0.297559] (stm32_mavlink_interface) StdoutLine: {'line': b'-- Up-to-date: /home/a/ws_moveit2/install/stm32_mavlink_interface/include/mavlink/c_library_v2/loweheiser\n'}
[0.297584] (stm32_mavlink_interface) StdoutLine: {'line': b'-- Up-to-date: /home/a/ws_moveit2/install/stm32_mavlink_interface/include/mavlink/c_library_v2/loweheiser/loweheiser.h\n'}
[0.297609] (stm32_mavlink_interface) StdoutLine: {'line': b'-- Up-to-date: /home/a/ws_moveit2/install/stm32_mavlink_interface/include/mavlink/c_library_v2/loweheiser/version.h\n'}
[0.297634] (stm32_mavlink_interface) StdoutLine: {'line': b'-- Up-to-date: /home/a/ws_moveit2/install/stm32_mavlink_interface/include/mavlink/c_library_v2/loweheiser/testsuite.h\n'}
[0.297659] (stm32_mavlink_interface) StdoutLine: {'line': b'-- Up-to-date: /home/a/ws_moveit2/install/stm32_mavlink_interface/include/mavlink/c_library_v2/loweheiser/mavlink_msg_loweheiser_gov_efi.h\n'}
[0.297722] (stm32_mavlink_interface) StdoutLine: {'line': b'-- Up-to-date: /home/a/ws_moveit2/install/stm32_mavlink_interface/include/mavlink/c_library_v2/loweheiser/mavlink.h\n'}
[0.297749] (stm32_mavlink_interface) StdoutLine: {'line': b'-- Up-to-date: /home/a/ws_moveit2/install/stm32_mavlink_interface/include/mavlink/c_library_v2/message_definitions\n'}
[0.297775] (stm32_mavlink_interface) StdoutLine: {'line': b'-- Up-to-date: /home/a/ws_moveit2/install/stm32_mavlink_interface/include/mavlink/c_library_v2/message_definitions/development.xml\n'}
[0.297821] (stm32_mavlink_interface) StdoutLine: {'line': b'-- Up-to-date: /home/a/ws_moveit2/install/stm32_mavlink_interface/include/mavlink/c_library_v2/message_definitions/cubepilot.xml\n'}
[0.297847] (stm32_mavlink_interface) StdoutLine: {'line': b'-- Up-to-date: /home/a/ws_moveit2/install/stm32_mavlink_interface/include/mavlink/c_library_v2/message_definitions/AVSSUAS.xml\n'}
[0.297873] (stm32_mavlink_interface) StdoutLine: {'line': b'-- Up-to-date: /home/a/ws_moveit2/install/stm32_mavlink_interface/include/mavlink/c_library_v2/message_definitions/icarous.xml\n'}
[0.297899] (stm32_mavlink_interface) StdoutLine: {'line': b'-- Up-to-date: /home/a/ws_moveit2/install/stm32_mavlink_interface/include/mavlink/c_library_v2/message_definitions/marsh.xml\n'}
[0.297924] (stm32_mavlink_interface) StdoutLine: {'line': b'-- Up-to-date: /home/a/ws_moveit2/install/stm32_mavlink_interface/include/mavlink/c_library_v2/message_definitions/all.xml\n'}
[0.297949] (stm32_mavlink_interface) StdoutLine: {'line': b'-- Up-to-date: /home/a/ws_moveit2/install/stm32_mavlink_interface/include/mavlink/c_library_v2/message_definitions/paparazzi.xml\n'}
[0.297975] (stm32_mavlink_interface) StdoutLine: {'line': b'-- Up-to-date: /home/a/ws_moveit2/install/stm32_mavlink_interface/include/mavlink/c_library_v2/message_definitions/ualberta.xml\n'}
[0.298003] (stm32_mavlink_interface) StdoutLine: {'line': b'-- Up-to-date: /home/a/ws_moveit2/install/stm32_mavlink_interface/include/mavlink/c_library_v2/message_definitions/ardupilotmega.xml\n'}
[0.298028] (stm32_mavlink_interface) StdoutLine: {'line': b'-- Up-to-date: /home/a/ws_moveit2/install/stm32_mavlink_interface/include/mavlink/c_library_v2/message_definitions/test.xml\n'}
[0.298054] (stm32_mavlink_interface) StdoutLine: {'line': b'-- Up-to-date: /home/a/ws_moveit2/install/stm32_mavlink_interface/include/mavlink/c_library_v2/message_definitions/matrixpilot.xml\n'}
[0.298081] (stm32_mavlink_interface) StdoutLine: {'line': b'-- Up-to-date: /home/a/ws_moveit2/install/stm32_mavlink_interface/include/mavlink/c_library_v2/message_definitions/common.xml\n'}
[0.298108] (stm32_mavlink_interface) StdoutLine: {'line': b'-- Up-to-date: /home/a/ws_moveit2/install/stm32_mavlink_interface/include/mavlink/c_library_v2/message_definitions/python_array_test.xml\n'}
[0.298133] (stm32_mavlink_interface) StdoutLine: {'line': b'-- Up-to-date: /home/a/ws_moveit2/install/stm32_mavlink_interface/include/mavlink/c_library_v2/message_definitions/ASLUAV.xml\n'}
[0.298159] (stm32_mavlink_interface) StdoutLine: {'line': b'-- Up-to-date: /home/a/ws_moveit2/install/stm32_mavlink_interface/include/mavlink/c_library_v2/message_definitions/csAirLink.xml\n'}
[0.298184] (stm32_mavlink_interface) StdoutLine: {'line': b'-- Up-to-date: /home/a/ws_moveit2/install/stm32_mavlink_interface/include/mavlink/c_library_v2/message_definitions/storm32.xml\n'}
[0.298212] (stm32_mavlink_interface) StdoutLine: {'line': b'-- Up-to-date: /home/a/ws_moveit2/install/stm32_mavlink_interface/include/mavlink/c_library_v2/message_definitions/loweheiser.xml\n'}
[0.298237] (stm32_mavlink_interface) StdoutLine: {'line': b'-- Up-to-date: /home/a/ws_moveit2/install/stm32_mavlink_interface/include/mavlink/c_library_v2/message_definitions/standard.xml\n'}
[0.298263] (stm32_mavlink_interface) StdoutLine: {'line': b'-- Up-to-date: /home/a/ws_moveit2/install/stm32_mavlink_interface/include/mavlink/c_library_v2/message_definitions/uAvionix.xml\n'}
[0.298288] (stm32_mavlink_interface) StdoutLine: {'line': b'-- Up-to-date: /home/a/ws_moveit2/install/stm32_mavlink_interface/include/mavlink/c_library_v2/message_definitions/minimal.xml\n'}
[0.298316] (stm32_mavlink_interface) StdoutLine: {'line': b'-- Up-to-date: /home/a/ws_moveit2/install/stm32_mavlink_interface/include/mavlink/c_library_v2/all\n'}
[0.298342] (stm32_mavlink_interface) StdoutLine: {'line': b'-- Up-to-date: /home/a/ws_moveit2/install/stm32_mavlink_interface/include/mavlink/c_library_v2/all/all.h\n'}
[0.298367] (stm32_mavlink_interface) StdoutLine: {'line': b'-- Up-to-date: /home/a/ws_moveit2/install/stm32_mavlink_interface/include/mavlink/c_library_v2/all/version.h\n'}
[0.298393] (stm32_mavlink_interface) StdoutLine: {'line': b'-- Up-to-date: /home/a/ws_moveit2/install/stm32_mavlink_interface/include/mavlink/c_library_v2/all/testsuite.h\n'}
[0.298418] (stm32_mavlink_interface) StdoutLine: {'line': b'-- Up-to-date: /home/a/ws_moveit2/install/stm32_mavlink_interface/include/mavlink/c_library_v2/all/mavlink.h\n'}
[0.298443] (stm32_mavlink_interface) StdoutLine: {'line': b'-- Up-to-date: /home/a/ws_moveit2/install/stm32_mavlink_interface/include/mavlink/c_library_v2/mavlink_conversions.h\n'}
[0.298468] (stm32_mavlink_interface) StdoutLine: {'line': b'-- Up-to-date: /home/a/ws_moveit2/install/stm32_mavlink_interface/include/mavlink/c_library_v2/ualberta\n'}
[0.298494] (stm32_mavlink_interface) StdoutLine: {'line': b'-- Up-to-date: /home/a/ws_moveit2/install/stm32_mavlink_interface/include/mavlink/c_library_v2/ualberta/ualberta.h\n'}
[0.298521] (stm32_mavlink_interface) StdoutLine: {'line': b'-- Up-to-date: /home/a/ws_moveit2/install/stm32_mavlink_interface/include/mavlink/c_library_v2/ualberta/mavlink_msg_nav_filter_bias.h\n'}
[0.298548] (stm32_mavlink_interface) StdoutLine: {'line': b'-- Up-to-date: /home/a/ws_moveit2/install/stm32_mavlink_interface/include/mavlink/c_library_v2/ualberta/mavlink_msg_radio_calibration.h\n'}
[0.298573] (stm32_mavlink_interface) StdoutLine: {'line': b'-- Up-to-date: /home/a/ws_moveit2/install/stm32_mavlink_interface/include/mavlink/c_library_v2/ualberta/version.h\n'}
[0.298598] (stm32_mavlink_interface) StdoutLine: {'line': b'-- Up-to-date: /home/a/ws_moveit2/install/stm32_mavlink_interface/include/mavlink/c_library_v2/ualberta/mavlink_msg_ualberta_sys_status.h\n'}
[0.298627] (stm32_mavlink_interface) StdoutLine: {'line': b'-- Up-to-date: /home/a/ws_moveit2/install/stm32_mavlink_interface/include/mavlink/c_library_v2/ualberta/testsuite.h\n'}
[0.298652] (stm32_mavlink_interface) StdoutLine: {'line': b'-- Up-to-date: /home/a/ws_moveit2/install/stm32_mavlink_interface/include/mavlink/c_library_v2/ualberta/mavlink.h\n'}
[0.298679] (stm32_mavlink_interface) StdoutLine: {'line': b'-- Up-to-date: /home/a/ws_moveit2/install/stm32_mavlink_interface/include/mavlink/c_library_v2/test\n'}
[0.298704] (stm32_mavlink_interface) StdoutLine: {'line': b'-- Up-to-date: /home/a/ws_moveit2/install/stm32_mavlink_interface/include/mavlink/c_library_v2/test/mavlink_msg_test_types.h\n'}
[0.298729] (stm32_mavlink_interface) StdoutLine: {'line': b'-- Up-to-date: /home/a/ws_moveit2/install/stm32_mavlink_interface/include/mavlink/c_library_v2/test/test.h\n'}
[0.298756] (stm32_mavlink_interface) StdoutLine: {'line': b'-- Up-to-date: /home/a/ws_moveit2/install/stm32_mavlink_interface/include/mavlink/c_library_v2/test/version.h\n'}
[0.298781] (stm32_mavlink_interface) StdoutLine: {'line': b'-- Up-to-date: /home/a/ws_moveit2/install/stm32_mavlink_interface/include/mavlink/c_library_v2/test/testsuite.h\n'}
[0.298807] (stm32_mavlink_interface) StdoutLine: {'line': b'-- Up-to-date: /home/a/ws_moveit2/install/stm32_mavlink_interface/include/mavlink/c_library_v2/test/mavlink.h\n'}
[0.298834] (stm32_mavlink_interface) StdoutLine: {'line': b'-- Up-to-date: /home/a/ws_moveit2/install/stm32_mavlink_interface/include/mavlink/c_library_v2/storm32\n'}
[0.298860] (stm32_mavlink_interface) StdoutLine: {'line': b'-- Up-to-date: /home/a/ws_moveit2/install/stm32_mavlink_interface/include/mavlink/c_library_v2/storm32/mavlink_msg_mlrs_radio_link_flow_control.h\n'}
[0.298885] (stm32_mavlink_interface) StdoutLine: {'line': b'-- Up-to-date: /home/a/ws_moveit2/install/stm32_mavlink_interface/include/mavlink/c_library_v2/storm32/mavlink_msg_storm32_gimbal_manager_control_pitchyaw.h\n'}
[0.298911] (stm32_mavlink_interface) StdoutLine: {'line': b'-- Up-to-date: /home/a/ws_moveit2/install/stm32_mavlink_interface/include/mavlink/c_library_v2/storm32/mavlink_msg_storm32_gimbal_manager_control.h\n'}
[0.298939] (stm32_mavlink_interface) StdoutLine: {'line': b'-- Up-to-date: /home/a/ws_moveit2/install/stm32_mavlink_interface/include/mavlink/c_library_v2/storm32/mavlink_msg_qshot_status.h\n'}
[0.298965] (stm32_mavlink_interface) StdoutLine: {'line': b'-- Up-to-date: /home/a/ws_moveit2/install/stm32_mavlink_interface/include/mavlink/c_library_v2/storm32/storm32.h\n'}
[0.298990] (stm32_mavlink_interface) StdoutLine: {'line': b'-- Up-to-date: /home/a/ws_moveit2/install/stm32_mavlink_interface/include/mavlink/c_library_v2/storm32/version.h\n'}
[0.299015] (stm32_mavlink_interface) StdoutLine: {'line': b'-- Up-to-date: /home/a/ws_moveit2/install/stm32_mavlink_interface/include/mavlink/c_library_v2/storm32/mavlink_msg_mlrs_radio_link_information.h\n'}
[0.299040] (stm32_mavlink_interface) StdoutLine: {'line': b'-- Up-to-date: /home/a/ws_moveit2/install/stm32_mavlink_interface/include/mavlink/c_library_v2/storm32/mavlink_msg_storm32_gimbal_manager_status.h\n'}
[0.299066] (stm32_mavlink_interface) StdoutLine: {'line': b'-- Up-to-date: /home/a/ws_moveit2/install/stm32_mavlink_interface/include/mavlink/c_library_v2/storm32/mavlink_msg_storm32_gimbal_manager_information.h\n'}
[0.299092] (stm32_mavlink_interface) StdoutLine: {'line': b'-- Up-to-date: /home/a/ws_moveit2/install/stm32_mavlink_interface/include/mavlink/c_library_v2/storm32/mavlink_msg_param_value_array.h\n'}
[0.299117] (stm32_mavlink_interface) StdoutLine: {'line': b'-- Up-to-date: /home/a/ws_moveit2/install/stm32_mavlink_interface/include/mavlink/c_library_v2/storm32/mavlink_msg_storm32_gimbal_manager_correct_roll.h\n'}
[0.299143] (stm32_mavlink_interface) StdoutLine: {'line': b'-- Up-to-date: /home/a/ws_moveit2/install/stm32_mavlink_interface/include/mavlink/c_library_v2/storm32/testsuite.h\n'}
[0.299168] (stm32_mavlink_interface) StdoutLine: {'line': b'-- Up-to-date: /home/a/ws_moveit2/install/stm32_mavlink_interface/include/mavlink/c_library_v2/storm32/mavlink_msg_frsky_passthrough_array.h\n'}
[0.299193] (stm32_mavlink_interface) StdoutLine: {'line': b'-- Up-to-date: /home/a/ws_moveit2/install/stm32_mavlink_interface/include/mavlink/c_library_v2/storm32/mavlink_msg_autopilot_state_for_gimbal_device_ext.h\n'}
[0.299217] (stm32_mavlink_interface) StdoutLine: {'line': b'-- Up-to-date: /home/a/ws_moveit2/install/stm32_mavlink_interface/include/mavlink/c_library_v2/storm32/mavlink_msg_mlrs_radio_link_stats.h\n'}
[0.299243] (stm32_mavlink_interface) StdoutLine: {'line': b'-- Up-to-date: /home/a/ws_moveit2/install/stm32_mavlink_interface/include/mavlink/c_library_v2/storm32/mavlink.h\n'}
[0.299268] (stm32_mavlink_interface) StdoutLine: {'line': b'-- Up-to-date: /home/a/ws_moveit2/install/stm32_mavlink_interface/include/mavlink/c_library_v2/mavlink_get_info.h\n'}
[0.299292] (stm32_mavlink_interface) StdoutLine: {'line': b'-- Up-to-date: /home/a/ws_moveit2/install/stm32_mavlink_interface/include/mavlink/c_library_v2/standard\n'}
[0.299317] (stm32_mavlink_interface) StdoutLine: {'line': b'-- Up-to-date: /home/a/ws_moveit2/install/stm32_mavlink_interface/include/mavlink/c_library_v2/standard/version.h\n'}
[0.299342] (stm32_mavlink_interface) StdoutLine: {'line': b'-- Up-to-date: /home/a/ws_moveit2/install/stm32_mavlink_interface/include/mavlink/c_library_v2/standard/mavlink_msg_autopilot_version.h\n'}
[0.299367] (stm32_mavlink_interface) StdoutLine: {'line': b'-- Up-to-date: /home/a/ws_moveit2/install/stm32_mavlink_interface/include/mavlink/c_library_v2/standard/testsuite.h\n'}
[0.299392] (stm32_mavlink_interface) StdoutLine: {'line': b'-- Up-to-date: /home/a/ws_moveit2/install/stm32_mavlink_interface/include/mavlink/c_library_v2/standard/standard.h\n'}
[0.299417] (-) TimerEvent: {}
[0.299426] (stm32_mavlink_interface) StdoutLine: {'line': b'-- Up-to-date: /home/a/ws_moveit2/install/stm32_mavlink_interface/include/mavlink/c_library_v2/standard/mavlink.h\n'}
[0.299530] (stm32_mavlink_interface) StdoutLine: {'line': b'-- Up-to-date: /home/a/ws_moveit2/install/stm32_mavlink_interface/include/mavlink/c_library_v2/ardupilotmega\n'}
[0.299558] (stm32_mavlink_interface) StdoutLine: {'line': b'-- Up-to-date: /home/a/ws_moveit2/install/stm32_mavlink_interface/include/mavlink/c_library_v2/ardupilotmega/mavlink_msg_gopro_heartbeat.h\n'}
[0.299591] (stm32_mavlink_interface) StdoutLine: {'line': b'-- Up-to-date: /home/a/ws_moveit2/install/stm32_mavlink_interface/include/mavlink/c_library_v2/ardupilotmega/mavlink_msg_mag_cal_progress.h\n'}
[0.299617] (stm32_mavlink_interface) StdoutLine: {'line': b'-- Up-to-date: /home/a/ws_moveit2/install/stm32_mavlink_interface/include/mavlink/c_library_v2/ardupilotmega/mavlink_msg_wind.h\n'}
[0.299642] (stm32_mavlink_interface) StdoutLine: {'line': b'-- Up-to-date: /home/a/ws_moveit2/install/stm32_mavlink_interface/include/mavlink/c_library_v2/ardupilotmega/mavlink_msg_set_mag_offsets.h\n'}
[0.299682] (stm32_mavlink_interface) StdoutLine: {'line': b'-- Up-to-date: /home/a/ws_moveit2/install/stm32_mavlink_interface/include/mavlink/c_library_v2/ardupilotmega/mavlink_msg_gimbal_report.h\n'}
[0.299718] (stm32_mavlink_interface) StdoutLine: {'line': b'-- Up-to-date: /home/a/ws_moveit2/install/stm32_mavlink_interface/include/mavlink/c_library_v2/ardupilotmega/mavlink_msg_mount_status.h\n'}
[0.299744] (stm32_mavlink_interface) StdoutLine: {'line': b'-- Up-to-date: /home/a/ws_moveit2/install/stm32_mavlink_interface/include/mavlink/c_library_v2/ardupilotmega/mavlink_msg_device_op_read_reply.h\n'}
[0.299769] (stm32_mavlink_interface) StdoutLine: {'line': b'-- Up-to-date: /home/a/ws_moveit2/install/stm32_mavlink_interface/include/mavlink/c_library_v2/ardupilotmega/mavlink_msg_ahrs3.h\n'}
[0.299794] (stm32_mavlink_interface) StdoutLine: {'line': b'-- Up-to-date: /home/a/ws_moveit2/install/stm32_mavlink_interface/include/mavlink/c_library_v2/ardupilotmega/mavlink_msg_esc_telemetry_5_to_8.h\n'}
[0.299820] (stm32_mavlink_interface) StdoutLine: {'line': b'-- Up-to-date: /home/a/ws_moveit2/install/stm32_mavlink_interface/include/mavlink/c_library_v2/ardupilotmega/mavlink_msg_ahrs.h\n'}
[0.299846] (stm32_mavlink_interface) StdoutLine: {'line': b'-- Up-to-date: /home/a/ws_moveit2/install/stm32_mavlink_interface/include/mavlink/c_library_v2/ardupilotmega/mavlink_msg_rally_point.h\n'}
[0.299871] (stm32_mavlink_interface) StdoutLine: {'line': b'-- Up-to-date: /home/a/ws_moveit2/install/stm32_mavlink_interface/include/mavlink/c_library_v2/ardupilotmega/mavlink_msg_obstacle_distance_3d.h\n'}
[0.299896] (stm32_mavlink_interface) StdoutLine: {'line': b'-- Up-to-date: /home/a/ws_moveit2/install/stm32_mavlink_interface/include/mavlink/c_library_v2/ardupilotmega/mavlink_msg_fence_point.h\n'}
[0.299922] (stm32_mavlink_interface) StdoutLine: {'line': b'-- Up-to-date: /home/a/ws_moveit2/install/stm32_mavlink_interface/include/mavlink/c_library_v2/ardupilotmega/mavlink_msg_esc_telemetry_9_to_12.h\n'}
[0.299947] (stm32_mavlink_interface) StdoutLine: {'line': b'-- Up-to-date: /home/a/ws_moveit2/install/stm32_mavlink_interface/include/mavlink/c_library_v2/ardupilotmega/mavlink_msg_gopro_set_response.h\n'}
[0.299973] (stm32_mavlink_interface) StdoutLine: {'line': b'-- Up-to-date: /home/a/ws_moveit2/install/stm32_mavlink_interface/include/mavlink/c_library_v2/ardupilotmega/mavlink_msg_osd_param_show_config_reply.h\n'}
[0.299998] (stm32_mavlink_interface) StdoutLine: {'line': b'-- Up-to-date: /home/a/ws_moveit2/install/stm32_mavlink_interface/include/mavlink/c_library_v2/ardupilotmega/mavlink_msg_esc_telemetry_25_to_28.h\n'}
[0.300023] (stm32_mavlink_interface) StdoutLine: {'line': b'-- Up-to-date: /home/a/ws_moveit2/install/stm32_mavlink_interface/include/mavlink/c_library_v2/ardupilotmega/mavlink_msg_water_depth.h\n'}
[0.300049] (stm32_mavlink_interface) StdoutLine: {'line': b'-- Up-to-date: /home/a/ws_moveit2/install/stm32_mavlink_interface/include/mavlink/c_library_v2/ardupilotmega/mavlink_msg_ap_adc.h\n'}
[0.300076] (stm32_mavlink_interface) StdoutLine: {'line': b'-- Up-to-date: /home/a/ws_moveit2/install/stm32_mavlink_interface/include/mavlink/c_library_v2/ardupilotmega/mavlink_msg_autopilot_version_request.h\n'}
[0.300102] (stm32_mavlink_interface) StdoutLine: {'line': b'-- Up-to-date: /home/a/ws_moveit2/install/stm32_mavlink_interface/include/mavlink/c_library_v2/ardupilotmega/mavlink_msg_led_control.h\n'}
[0.300127] (stm32_mavlink_interface) StdoutLine: {'line': b'-- Up-to-date: /home/a/ws_moveit2/install/stm32_mavlink_interface/include/mavlink/c_library_v2/ardupilotmega/mavlink_msg_camera_feedback.h\n'}
[0.300155] (stm32_mavlink_interface) StdoutLine: {'line': b'-- Up-to-date: /home/a/ws_moveit2/install/stm32_mavlink_interface/include/mavlink/c_library_v2/ardupilotmega/mavlink_msg_sensor_offsets.h\n'}
[0.300181] (stm32_mavlink_interface) StdoutLine: {'line': b'-- Up-to-date: /home/a/ws_moveit2/install/stm32_mavlink_interface/include/mavlink/c_library_v2/ardupilotmega/mavlink_msg_rally_fetch_point.h\n'}
[0.300209] (stm32_mavlink_interface) StdoutLine: {'line': b'-- Up-to-date: /home/a/ws_moveit2/install/stm32_mavlink_interface/include/mavlink/c_library_v2/ardupilotmega/mavlink_msg_limits_status.h\n'}
[0.300235] (stm32_mavlink_interface) StdoutLine: {'line': b'-- Up-to-date: /home/a/ws_moveit2/install/stm32_mavlink_interface/include/mavlink/c_library_v2/ardupilotmega/mavlink_msg_fence_fetch_point.h\n'}
[0.300260] (stm32_mavlink_interface) StdoutLine: {'line': b'-- Up-to-date: /home/a/ws_moveit2/install/stm32_mavlink_interface/include/mavlink/c_library_v2/ardupilotmega/mavlink_msg_data32.h\n'}
[0.300286] (stm32_mavlink_interface) StdoutLine: {'line': b'-- Up-to-date: /home/a/ws_moveit2/install/stm32_mavlink_interface/include/mavlink/c_library_v2/ardupilotmega/mavlink_msg_mount_configure.h\n'}
[0.300311] (stm32_mavlink_interface) StdoutLine: {'line': b'-- Up-to-date: /home/a/ws_moveit2/install/stm32_mavlink_interface/include/mavlink/c_library_v2/ardupilotmega/mavlink_msg_gopro_get_response.h\n'}
[0.300342] (stm32_mavlink_interface) StdoutLine: {'line': b'-- Up-to-date: /home/a/ws_moveit2/install/stm32_mavlink_interface/include/mavlink/c_library_v2/ardupilotmega/mavlink_msg_data16.h\n'}
[0.300368] (stm32_mavlink_interface) StdoutLine: {'line': b'-- Up-to-date: /home/a/ws_moveit2/install/stm32_mavlink_interface/include/mavlink/c_library_v2/ardupilotmega/mavlink_msg_camera_status.h\n'}
[0.300394] (stm32_mavlink_interface) StdoutLine: {'line': b'-- Up-to-date: /home/a/ws_moveit2/install/stm32_mavlink_interface/include/mavlink/c_library_v2/ardupilotmega/mavlink_msg_secure_command.h\n'}
[0.300421] (stm32_mavlink_interface) StdoutLine: {'line': b'-- Up-to-date: /home/a/ws_moveit2/install/stm32_mavlink_interface/include/mavlink/c_library_v2/ardupilotmega/version.h\n'}
[0.300447] (stm32_mavlink_interface) StdoutLine: {'line': b'-- Up-to-date: /home/a/ws_moveit2/install/stm32_mavlink_interface/include/mavlink/c_library_v2/ardupilotmega/mavlink_msg_meminfo.h\n'}
[0.300473] (stm32_mavlink_interface) StdoutLine: {'line': b'-- Up-to-date: /home/a/ws_moveit2/install/stm32_mavlink_interface/include/mavlink/c_library_v2/ardupilotmega/mavlink_msg_deepstall.h\n'}
[0.300498] (stm32_mavlink_interface) StdoutLine: {'line': b'-- Up-to-date: /home/a/ws_moveit2/install/stm32_mavlink_interface/include/mavlink/c_library_v2/ardupilotmega/ardupilotmega.h\n'}
[0.300526] (stm32_mavlink_interface) StdoutLine: {'line': b'-- Up-to-date: /home/a/ws_moveit2/install/stm32_mavlink_interface/include/mavlink/c_library_v2/ardupilotmega/mavlink_msg_compassmot_status.h\n'}
[0.300552] (stm32_mavlink_interface) StdoutLine: {'line': b'-- Up-to-date: /home/a/ws_moveit2/install/stm32_mavlink_interface/include/mavlink/c_library_v2/ardupilotmega/mavlink_msg_rpm.h\n'}
[0.300578] (stm32_mavlink_interface) StdoutLine: {'line': b'-- Up-to-date: /home/a/ws_moveit2/install/stm32_mavlink_interface/include/mavlink/c_library_v2/ardupilotmega/mavlink_msg_gopro_get_request.h\n'}
[0.300609] (stm32_mavlink_interface) StdoutLine: {'line': b'-- Up-to-date: /home/a/ws_moveit2/install/stm32_mavlink_interface/include/mavlink/c_library_v2/ardupilotmega/mavlink_msg_vision_position_delta.h\n'}
[0.300634] (stm32_mavlink_interface) StdoutLine: {'line': b'-- Up-to-date: /home/a/ws_moveit2/install/stm32_mavlink_interface/include/mavlink/c_library_v2/ardupilotmega/mavlink_msg_osd_param_show_config.h\n'}
[0.300659] (stm32_mavlink_interface) StdoutLine: {'line': b'-- Up-to-date: /home/a/ws_moveit2/install/stm32_mavlink_interface/include/mavlink/c_library_v2/ardupilotmega/mavlink_msg_remote_log_block_status.h\n'}
[0.300685] (stm32_mavlink_interface) StdoutLine: {'line': b'-- Up-to-date: /home/a/ws_moveit2/install/stm32_mavlink_interface/include/mavlink/c_library_v2/ardupilotmega/mavlink_msg_esc_telemetry_17_to_20.h\n'}
[0.300711] (stm32_mavlink_interface) StdoutLine: {'line': b'-- Up-to-date: /home/a/ws_moveit2/install/stm32_mavlink_interface/include/mavlink/c_library_v2/ardupilotmega/mavlink_msg_rangefinder.h\n'}
[0.300736] (stm32_mavlink_interface) StdoutLine: {'line': b'-- Up-to-date: /home/a/ws_moveit2/install/stm32_mavlink_interface/include/mavlink/c_library_v2/ardupilotmega/mavlink_msg_hwstatus.h\n'}
[0.300762] (stm32_mavlink_interface) StdoutLine: {'line': b'-- Up-to-date: /home/a/ws_moveit2/install/stm32_mavlink_interface/include/mavlink/c_library_v2/ardupilotmega/mavlink_msg_gimbal_torque_cmd_report.h\n'}
[0.300787] (stm32_mavlink_interface) StdoutLine: {'line': b'-- Up-to-date: /home/a/ws_moveit2/install/stm32_mavlink_interface/include/mavlink/c_library_v2/ardupilotmega/mavlink_msg_device_op_write_reply.h\n'}
[0.300812] (stm32_mavlink_interface) StdoutLine: {'line': b'-- Up-to-date: /home/a/ws_moveit2/install/stm32_mavlink_interface/include/mavlink/c_library_v2/ardupilotmega/mavlink_msg_aoa_ssa.h\n'}
[0.300837] (stm32_mavlink_interface) StdoutLine: {'line': b'-- Up-to-date: /home/a/ws_moveit2/install/stm32_mavlink_interface/include/mavlink/c_library_v2/ardupilotmega/mavlink_msg_data96.h\n'}
[0.300864] (stm32_mavlink_interface) StdoutLine: {'line': b'-- Up-to-date: /home/a/ws_moveit2/install/stm32_mavlink_interface/include/mavlink/c_library_v2/ardupilotmega/mavlink_msg_battery2.h\n'}
[0.300890] (stm32_mavlink_interface) StdoutLine: {'line': b'-- Up-to-date: /home/a/ws_moveit2/install/stm32_mavlink_interface/include/mavlink/c_library_v2/ardupilotmega/mavlink_msg_ahrs2.h\n'}
[0.300918] (stm32_mavlink_interface) StdoutLine: {'line': b'-- Up-to-date: /home/a/ws_moveit2/install/stm32_mavlink_interface/include/mavlink/c_library_v2/ardupilotmega/mavlink_msg_esc_telemetry_29_to_32.h\n'}
[0.300943] (stm32_mavlink_interface) StdoutLine: {'line': b'-- Up-to-date: /home/a/ws_moveit2/install/stm32_mavlink_interface/include/mavlink/c_library_v2/ardupilotmega/mavlink_msg_adap_tuning.h\n'}
[0.300968] (stm32_mavlink_interface) StdoutLine: {'line': b'-- Up-to-date: /home/a/ws_moveit2/install/stm32_mavlink_interface/include/mavlink/c_library_v2/ardupilotmega/mavlink_msg_mount_control.h\n'}
[0.300994] (stm32_mavlink_interface) StdoutLine: {'line': b'-- Up-to-date: /home/a/ws_moveit2/install/stm32_mavlink_interface/include/mavlink/c_library_v2/ardupilotmega/mavlink_msg_device_op_read.h\n'}
[0.301021] (stm32_mavlink_interface) StdoutLine: {'line': b'-- Up-to-date: /home/a/ws_moveit2/install/stm32_mavlink_interface/include/mavlink/c_library_v2/ardupilotmega/mavlink_msg_digicam_control.h\n'}
[0.301047] (stm32_mavlink_interface) StdoutLine: {'line': b'-- Up-to-date: /home/a/ws_moveit2/install/stm32_mavlink_interface/include/mavlink/c_library_v2/ardupilotmega/testsuite.h\n'}
[0.301073] (stm32_mavlink_interface) StdoutLine: {'line': b'-- Up-to-date: /home/a/ws_moveit2/install/stm32_mavlink_interface/include/mavlink/c_library_v2/ardupilotmega/mavlink_msg_esc_telemetry_13_to_16.h\n'}
[0.301099] (stm32_mavlink_interface) StdoutLine: {'line': b'-- Up-to-date: /home/a/ws_moveit2/install/stm32_mavlink_interface/include/mavlink/c_library_v2/ardupilotmega/mavlink_msg_osd_param_config_reply.h\n'}
[0.301129] (stm32_mavlink_interface) StdoutLine: {'line': b'-- Up-to-date: /home/a/ws_moveit2/install/stm32_mavlink_interface/include/mavlink/c_library_v2/ardupilotmega/mavlink_msg_ekf_status_report.h\n'}
[0.301281] (stm32_mavlink_interface) StdoutLine: {'line': b'-- Up-to-date: /home/a/ws_moveit2/install/stm32_mavlink_interface/include/mavlink/c_library_v2/ardupilotmega/mavlink_msg_secure_command_reply.h\n'}
[0.301310] (stm32_mavlink_interface) StdoutLine: {'line': b'-- Up-to-date: /home/a/ws_moveit2/install/stm32_mavlink_interface/include/mavlink/c_library_v2/ardupilotmega/mavlink_msg_digicam_configure.h\n'}
[0.301336] (stm32_mavlink_interface) StdoutLine: {'line': b'-- Up-to-date: /home/a/ws_moveit2/install/stm32_mavlink_interface/include/mavlink/c_library_v2/ardupilotmega/mavlink_msg_simstate.h\n'}
[0.301363] (stm32_mavlink_interface) StdoutLine: {'line': b'-- Up-to-date: /home/a/ws_moveit2/install/stm32_mavlink_interface/include/mavlink/c_library_v2/ardupilotmega/mavlink_msg_pid_tuning.h\n'}
[0.301390] (stm32_mavlink_interface) StdoutLine: {'line': b'-- Up-to-date: /home/a/ws_moveit2/install/stm32_mavlink_interface/include/mavlink/c_library_v2/ardupilotmega/mavlink.h\n'}
[0.301416] (stm32_mavlink_interface) StdoutLine: {'line': b'-- Up-to-date: /home/a/ws_moveit2/install/stm32_mavlink_interface/include/mavlink/c_library_v2/ardupilotmega/mavlink_msg_device_op_write.h\n'}
[0.301442] (stm32_mavlink_interface) StdoutLine: {'line': b'-- Up-to-date: /home/a/ws_moveit2/install/stm32_mavlink_interface/include/mavlink/c_library_v2/ardupilotmega/mavlink_msg_esc_telemetry_21_to_24.h\n'}
[0.301468] (stm32_mavlink_interface) StdoutLine: {'line': b'-- Up-to-date: /home/a/ws_moveit2/install/stm32_mavlink_interface/include/mavlink/c_library_v2/ardupilotmega/mavlink_msg_mcu_status.h\n'}
[0.301506] (stm32_mavlink_interface) StdoutLine: {'line': b'-- Up-to-date: /home/a/ws_moveit2/install/stm32_mavlink_interface/include/mavlink/c_library_v2/ardupilotmega/mavlink_msg_gopro_set_request.h\n'}
[0.301539] (stm32_mavlink_interface) StdoutLine: {'line': b'-- Up-to-date: /home/a/ws_moveit2/install/stm32_mavlink_interface/include/mavlink/c_library_v2/ardupilotmega/mavlink_msg_esc_telemetry_1_to_4.h\n'}
[0.301566] (stm32_mavlink_interface) StdoutLine: {'line': b'-- Up-to-date: /home/a/ws_moveit2/install/stm32_mavlink_interface/include/mavlink/c_library_v2/ardupilotmega/mavlink_msg_osd_param_config.h\n'}
[0.301592] (stm32_mavlink_interface) StdoutLine: {'line': b'-- Up-to-date: /home/a/ws_moveit2/install/stm32_mavlink_interface/include/mavlink/c_library_v2/ardupilotmega/mavlink_msg_gimbal_control.h\n'}
[0.301618] (stm32_mavlink_interface) StdoutLine: {'line': b'-- Up-to-date: /home/a/ws_moveit2/install/stm32_mavlink_interface/include/mavlink/c_library_v2/ardupilotmega/mavlink_msg_data64.h\n'}
[0.301643] (stm32_mavlink_interface) StdoutLine: {'line': b'-- Up-to-date: /home/a/ws_moveit2/install/stm32_mavlink_interface/include/mavlink/c_library_v2/ardupilotmega/mavlink_msg_radio.h\n'}
[0.301669] (stm32_mavlink_interface) StdoutLine: {'line': b'-- Up-to-date: /home/a/ws_moveit2/install/stm32_mavlink_interface/include/mavlink/c_library_v2/ardupilotmega/mavlink_msg_remote_log_data_block.h\n'}
[0.301695] (stm32_mavlink_interface) StdoutLine: {'line': b'-- Up-to-date: /home/a/ws_moveit2/install/stm32_mavlink_interface/include/mavlink/c_library_v2/ardupilotmega/mavlink_msg_airspeed_autocal.h\n'}
[0.301721] (stm32_mavlink_interface) StdoutLine: {'line': b'-- Up-to-date: /home/a/ws_moveit2/install/stm32_mavlink_interface/include/mavlink/c_library_v2/uAvionix\n'}
[0.301747] (stm32_mavlink_interface) StdoutLine: {'line': b'-- Up-to-date: /home/a/ws_moveit2/install/stm32_mavlink_interface/include/mavlink/c_library_v2/uAvionix/mavlink_msg_uavionix_adsb_transceiver_health_report.h\n'}
[0.301773] (stm32_mavlink_interface) StdoutLine: {'line': b'-- Up-to-date: /home/a/ws_moveit2/install/stm32_mavlink_interface/include/mavlink/c_library_v2/uAvionix/mavlink_msg_uavionix_adsb_out_cfg_registration.h\n'}
[0.301803] (stm32_mavlink_interface) StdoutLine: {'line': b'-- Up-to-date: /home/a/ws_moveit2/install/stm32_mavlink_interface/include/mavlink/c_library_v2/uAvionix/mavlink_msg_uavionix_adsb_out_status.h\n'}
[0.301831] (stm32_mavlink_interface) StdoutLine: {'line': b'-- Up-to-date: /home/a/ws_moveit2/install/stm32_mavlink_interface/include/mavlink/c_library_v2/uAvionix/version.h\n'}
[0.301857] (stm32_mavlink_interface) StdoutLine: {'line': b'-- Up-to-date: /home/a/ws_moveit2/install/stm32_mavlink_interface/include/mavlink/c_library_v2/uAvionix/mavlink_msg_uavionix_adsb_out_cfg_flightid.h\n'}
[0.301883] (stm32_mavlink_interface) StdoutLine: {'line': b'-- Up-to-date: /home/a/ws_moveit2/install/stm32_mavlink_interface/include/mavlink/c_library_v2/uAvionix/mavlink_msg_uavionix_adsb_out_cfg.h\n'}
[0.301910] (stm32_mavlink_interface) StdoutLine: {'line': b'-- Up-to-date: /home/a/ws_moveit2/install/stm32_mavlink_interface/include/mavlink/c_library_v2/uAvionix/testsuite.h\n'}
[0.301936] (stm32_mavlink_interface) StdoutLine: {'line': b'-- Up-to-date: /home/a/ws_moveit2/install/stm32_mavlink_interface/include/mavlink/c_library_v2/uAvionix/mavlink_msg_uavionix_adsb_get.h\n'}
[0.301981] (stm32_mavlink_interface) StdoutLine: {'line': b'-- Up-to-date: /home/a/ws_moveit2/install/stm32_mavlink_interface/include/mavlink/c_library_v2/uAvionix/mavlink_msg_uavionix_adsb_out_dynamic.h\n'}
[0.302006] (stm32_mavlink_interface) StdoutLine: {'line': b'-- Up-to-date: /home/a/ws_moveit2/install/stm32_mavlink_interface/include/mavlink/c_library_v2/uAvionix/mavlink.h\n'}
[0.302033] (stm32_mavlink_interface) StdoutLine: {'line': b'-- Up-to-date: /home/a/ws_moveit2/install/stm32_mavlink_interface/include/mavlink/c_library_v2/uAvionix/mavlink_msg_uavionix_adsb_out_control.h\n'}
[0.302068] (stm32_mavlink_interface) StdoutLine: {'line': b'-- Up-to-date: /home/a/ws_moveit2/install/stm32_mavlink_interface/include/mavlink/c_library_v2/uAvionix/uAvionix.h\n'}
[0.302123] (stm32_mavlink_interface) StdoutLine: {'line': b'-- Up-to-date: /home/a/ws_moveit2/install/stm32_mavlink_interface/include/mavlink/c_library_v2/development\n'}
[0.302155] (stm32_mavlink_interface) StdoutLine: {'line': b'-- Up-to-date: /home/a/ws_moveit2/install/stm32_mavlink_interface/include/mavlink/c_library_v2/development/development.h\n'}
[0.302181] (stm32_mavlink_interface) StdoutLine: {'line': b'-- Up-to-date: /home/a/ws_moveit2/install/stm32_mavlink_interface/include/mavlink/c_library_v2/development/mavlink_msg_battery_status_v2.h\n'}
[0.302220] (stm32_mavlink_interface) StdoutLine: {'line': b'-- Up-to-date: /home/a/ws_moveit2/install/stm32_mavlink_interface/include/mavlink/c_library_v2/development/mavlink_msg_control_status.h\n'}
[0.302250] (stm32_mavlink_interface) StdoutLine: {'line': b'-- Up-to-date: /home/a/ws_moveit2/install/stm32_mavlink_interface/include/mavlink/c_library_v2/development/mavlink_msg_gnss_integrity.h\n'}
[0.302276] (stm32_mavlink_interface) StdoutLine: {'line': b'-- Up-to-date: /home/a/ws_moveit2/install/stm32_mavlink_interface/include/mavlink/c_library_v2/development/mavlink_msg_airspeed.h\n'}
[0.302302] (stm32_mavlink_interface) StdoutLine: {'line': b'-- Up-to-date: /home/a/ws_moveit2/install/stm32_mavlink_interface/include/mavlink/c_library_v2/development/mavlink_msg_global_position.h\n'}
[0.302327] (stm32_mavlink_interface) StdoutLine: {'line': b'-- Up-to-date: /home/a/ws_moveit2/install/stm32_mavlink_interface/include/mavlink/c_library_v2/development/version.h\n'}
[0.302356] (stm32_mavlink_interface) StdoutLine: {'line': b'-- Up-to-date: /home/a/ws_moveit2/install/stm32_mavlink_interface/include/mavlink/c_library_v2/development/mavlink_msg_velocity_limits.h\n'}
[0.302382] (stm32_mavlink_interface) StdoutLine: {'line': b'-- Up-to-date: /home/a/ws_moveit2/install/stm32_mavlink_interface/include/mavlink/c_library_v2/development/mavlink_msg_target_absolute.h\n'}
[0.302407] (stm32_mavlink_interface) StdoutLine: {'line': b'-- Up-to-date: /home/a/ws_moveit2/install/stm32_mavlink_interface/include/mavlink/c_library_v2/development/mavlink_msg_target_relative.h\n'}
[0.302432] (stm32_mavlink_interface) StdoutLine: {'line': b'-- Up-to-date: /home/a/ws_moveit2/install/stm32_mavlink_interface/include/mavlink/c_library_v2/development/testsuite.h\n'}
[0.302468] (stm32_mavlink_interface) StdoutLine: {'line': b'-- Up-to-date: /home/a/ws_moveit2/install/stm32_mavlink_interface/include/mavlink/c_library_v2/development/mavlink_msg_figure_eight_execution_status.h\n'}
[0.302494] (stm32_mavlink_interface) StdoutLine: {'line': b'-- Up-to-date: /home/a/ws_moveit2/install/stm32_mavlink_interface/include/mavlink/c_library_v2/development/mavlink_msg_radio_rc_channels.h\n'}
[0.302522] (stm32_mavlink_interface) StdoutLine: {'line': b'-- Up-to-date: /home/a/ws_moveit2/install/stm32_mavlink_interface/include/mavlink/c_library_v2/development/mavlink_msg_set_velocity_limits.h\n'}
[0.302549] (stm32_mavlink_interface) StdoutLine: {'line': b'-- Up-to-date: /home/a/ws_moveit2/install/stm32_mavlink_interface/include/mavlink/c_library_v2/development/mavlink_msg_group_start.h\n'}
[0.302575] (stm32_mavlink_interface) StdoutLine: {'line': b'-- Up-to-date: /home/a/ws_moveit2/install/stm32_mavlink_interface/include/mavlink/c_library_v2/development/mavlink.h\n'}
[0.302611] (stm32_mavlink_interface) StdoutLine: {'line': b'-- Up-to-date: /home/a/ws_moveit2/install/stm32_mavlink_interface/include/mavlink/c_library_v2/development/mavlink_msg_group_end.h\n'}
[0.302636] (stm32_mavlink_interface) StdoutLine: {'line': b'-- Up-to-date: /home/a/ws_moveit2/install/stm32_mavlink_interface/include/mavlink/c_library_v2/.git\n'}
[0.302661] (stm32_mavlink_interface) StdoutLine: {'line': b'-- Up-to-date: /home/a/ws_moveit2/install/stm32_mavlink_interface/include/mavlink/c_library_v2/.git/branches\n'}
[0.302690] (stm32_mavlink_interface) StdoutLine: {'line': b'-- Up-to-date: /home/a/ws_moveit2/install/stm32_mavlink_interface/include/mavlink/c_library_v2/.git/hooks\n'}
[0.302720] (stm32_mavlink_interface) StdoutLine: {'line': b'-- Up-to-date: /home/a/ws_moveit2/install/stm32_mavlink_interface/include/mavlink/c_library_v2/.git/hooks/pre-receive.sample\n'}
[0.302751] (stm32_mavlink_interface) StdoutLine: {'line': b'-- Up-to-date: /home/a/ws_moveit2/install/stm32_mavlink_interface/include/mavlink/c_library_v2/.git/hooks/post-update.sample\n'}
[0.302777] (stm32_mavlink_interface) StdoutLine: {'line': b'-- Up-to-date: /home/a/ws_moveit2/install/stm32_mavlink_interface/include/mavlink/c_library_v2/.git/hooks/pre-rebase.sample\n'}
[0.302802] (stm32_mavlink_interface) StdoutLine: {'line': b'-- Up-to-date: /home/a/ws_moveit2/install/stm32_mavlink_interface/include/mavlink/c_library_v2/.git/hooks/applypatch-msg.sample\n'}
[0.302838] (stm32_mavlink_interface) StdoutLine: {'line': b'-- Up-to-date: /home/a/ws_moveit2/install/stm32_mavlink_interface/include/mavlink/c_library_v2/.git/hooks/commit-msg.sample\n'}
[0.302863] (stm32_mavlink_interface) StdoutLine: {'line': b'-- Up-to-date: /home/a/ws_moveit2/install/stm32_mavlink_interface/include/mavlink/c_library_v2/.git/hooks/update.sample\n'}
[0.302888] (stm32_mavlink_interface) StdoutLine: {'line': b'-- Up-to-date: /home/a/ws_moveit2/install/stm32_mavlink_interface/include/mavlink/c_library_v2/.git/hooks/prepare-commit-msg.sample\n'}
[0.302913] (stm32_mavlink_interface) StdoutLine: {'line': b'-- Up-to-date: /home/a/ws_moveit2/install/stm32_mavlink_interface/include/mavlink/c_library_v2/.git/hooks/push-to-checkout.sample\n'}
[0.302938] (stm32_mavlink_interface) StdoutLine: {'line': b'-- Up-to-date: /home/a/ws_moveit2/install/stm32_mavlink_interface/include/mavlink/c_library_v2/.git/hooks/pre-commit.sample\n'}
[0.302969] (stm32_mavlink_interface) StdoutLine: {'line': b'-- Up-to-date: /home/a/ws_moveit2/install/stm32_mavlink_interface/include/mavlink/c_library_v2/.git/hooks/pre-merge-commit.sample\n'}
[0.302999] (stm32_mavlink_interface) StdoutLine: {'line': b'-- Up-to-date: /home/a/ws_moveit2/install/stm32_mavlink_interface/include/mavlink/c_library_v2/.git/hooks/pre-push.sample\n'}
[0.303024] (stm32_mavlink_interface) StdoutLine: {'line': b'-- Up-to-date: /home/a/ws_moveit2/install/stm32_mavlink_interface/include/mavlink/c_library_v2/.git/hooks/fsmonitor-watchman.sample\n'}
[0.303064] (stm32_mavlink_interface) StdoutLine: {'line': b'-- Up-to-date: /home/a/ws_moveit2/install/stm32_mavlink_interface/include/mavlink/c_library_v2/.git/hooks/pre-applypatch.sample\n'}
[0.303107] (stm32_mavlink_interface) StdoutLine: {'line': b'-- Up-to-date: /home/a/ws_moveit2/install/stm32_mavlink_interface/include/mavlink/c_library_v2/.git/packed-refs\n'}
[0.303136] (stm32_mavlink_interface) StdoutLine: {'line': b'-- Up-to-date: /home/a/ws_moveit2/install/stm32_mavlink_interface/include/mavlink/c_library_v2/.git/refs\n'}
[0.303161] (stm32_mavlink_interface) StdoutLine: {'line': b'-- Up-to-date: /home/a/ws_moveit2/install/stm32_mavlink_interface/include/mavlink/c_library_v2/.git/refs/remotes\n'}
[0.303186] (stm32_mavlink_interface) StdoutLine: {'line': b'-- Up-to-date: /home/a/ws_moveit2/install/stm32_mavlink_interface/include/mavlink/c_library_v2/.git/refs/remotes/origin\n'}
[0.303212] (stm32_mavlink_interface) StdoutLine: {'line': b'-- Up-to-date: /home/a/ws_moveit2/install/stm32_mavlink_interface/include/mavlink/c_library_v2/.git/refs/remotes/origin/HEAD\n'}
[0.303237] (stm32_mavlink_interface) StdoutLine: {'line': b'-- Up-to-date: /home/a/ws_moveit2/install/stm32_mavlink_interface/include/mavlink/c_library_v2/.git/refs/heads\n'}
[0.303262] (stm32_mavlink_interface) StdoutLine: {'line': b'-- Up-to-date: /home/a/ws_moveit2/install/stm32_mavlink_interface/include/mavlink/c_library_v2/.git/refs/heads/master\n'}
[0.303288] (stm32_mavlink_interface) StdoutLine: {'line': b'-- Up-to-date: /home/a/ws_moveit2/install/stm32_mavlink_interface/include/mavlink/c_library_v2/.git/refs/tags\n'}
[0.303314] (stm32_mavlink_interface) StdoutLine: {'line': b'-- Up-to-date: /home/a/ws_moveit2/install/stm32_mavlink_interface/include/mavlink/c_library_v2/.git/config\n'}
[0.303349] (stm32_mavlink_interface) StdoutLine: {'line': b'-- Up-to-date: /home/a/ws_moveit2/install/stm32_mavlink_interface/include/mavlink/c_library_v2/.git/info\n'}
[0.303377] (stm32_mavlink_interface) StdoutLine: {'line': b'-- Up-to-date: /home/a/ws_moveit2/install/stm32_mavlink_interface/include/mavlink/c_library_v2/.git/info/exclude\n'}
[0.303403] (stm32_mavlink_interface) StdoutLine: {'line': b'-- Installing: /home/a/ws_moveit2/install/stm32_mavlink_interface/include/mavlink/c_library_v2/.git/index\n'}
[0.303429] (stm32_mavlink_interface) StdoutLine: {'line': b'-- Up-to-date: /home/a/ws_moveit2/install/stm32_mavlink_interface/include/mavlink/c_library_v2/.git/logs\n'}
[0.303457] (stm32_mavlink_interface) StdoutLine: {'line': b'-- Up-to-date: /home/a/ws_moveit2/install/stm32_mavlink_interface/include/mavlink/c_library_v2/.git/logs/refs\n'}
[0.303487] (stm32_mavlink_interface) StdoutLine: {'line': b'-- Up-to-date: /home/a/ws_moveit2/install/stm32_mavlink_interface/include/mavlink/c_library_v2/.git/logs/refs/remotes\n'}
[0.303545] (stm32_mavlink_interface) StdoutLine: {'line': b'-- Up-to-date: /home/a/ws_moveit2/install/stm32_mavlink_interface/include/mavlink/c_library_v2/.git/logs/refs/remotes/origin\n'}
[0.303594] (stm32_mavlink_interface) StdoutLine: {'line': b'-- Up-to-date: /home/a/ws_moveit2/install/stm32_mavlink_interface/include/mavlink/c_library_v2/.git/logs/refs/remotes/origin/HEAD\n'}
[0.303628] (stm32_mavlink_interface) StdoutLine: {'line': b'-- Up-to-date: /home/a/ws_moveit2/install/stm32_mavlink_interface/include/mavlink/c_library_v2/.git/logs/refs/heads\n'}
[0.303655] (stm32_mavlink_interface) StdoutLine: {'line': b'-- Up-to-date: /home/a/ws_moveit2/install/stm32_mavlink_interface/include/mavlink/c_library_v2/.git/logs/refs/heads/master\n'}
[0.303680] (stm32_mavlink_interface) StdoutLine: {'line': b'-- Up-to-date: /home/a/ws_moveit2/install/stm32_mavlink_interface/include/mavlink/c_library_v2/.git/logs/HEAD\n'}
[0.303706] (stm32_mavlink_interface) StdoutLine: {'line': b'-- Up-to-date: /home/a/ws_moveit2/install/stm32_mavlink_interface/include/mavlink/c_library_v2/.git/HEAD\n'}
[0.303731] (stm32_mavlink_interface) StdoutLine: {'line': b'-- Up-to-date: /home/a/ws_moveit2/install/stm32_mavlink_interface/include/mavlink/c_library_v2/.git/objects\n'}
[0.303756] (stm32_mavlink_interface) StdoutLine: {'line': b'-- Up-to-date: /home/a/ws_moveit2/install/stm32_mavlink_interface/include/mavlink/c_library_v2/.git/objects/info\n'}
[0.303799] (stm32_mavlink_interface) StdoutLine: {'line': b'-- Up-to-date: /home/a/ws_moveit2/install/stm32_mavlink_interface/include/mavlink/c_library_v2/.git/objects/pack\n'}
[0.303830] (stm32_mavlink_interface) StdoutLine: {'line': b'-- Up-to-date: /home/a/ws_moveit2/install/stm32_mavlink_interface/include/mavlink/c_library_v2/.git/objects/pack/pack-885579ba7db053fdc05595b6629040fabfb627f7.idx\n'}
[0.303859] (stm32_mavlink_interface) StdoutLine: {'line': b'-- Up-to-date: /home/a/ws_moveit2/install/stm32_mavlink_interface/include/mavlink/c_library_v2/.git/objects/pack/pack-885579ba7db053fdc05595b6629040fabfb627f7.pack\n'}
[0.303885] (stm32_mavlink_interface) StdoutLine: {'line': b'-- Up-to-date: /home/a/ws_moveit2/install/stm32_mavlink_interface/include/mavlink/c_library_v2/.git/description\n'}
[0.303910] (stm32_mavlink_interface) StdoutLine: {'line': b'-- Up-to-date: /home/a/ws_moveit2/install/stm32_mavlink_interface/include/stm32_mavlink_interface\n'}
[0.303936] (stm32_mavlink_interface) StdoutLine: {'line': b'-- Up-to-date: /home/a/ws_moveit2/install/stm32_mavlink_interface/include/stm32_mavlink_interface/servo_controller.hpp\n'}
[0.303960] (stm32_mavlink_interface) StdoutLine: {'line': b'-- Up-to-date: /home/a/ws_moveit2/install/stm32_mavlink_interface/include/stm32_mavlink_interface/encoder_interface.hpp\n'}
[0.303984] (stm32_mavlink_interface) StdoutLine: {'line': b'-- Up-to-date: /home/a/ws_moveit2/install/stm32_mavlink_interface/include/stm32_mavlink_interface/mavlink_serial_node.hpp\n'}
[0.304009] (stm32_mavlink_interface) StdoutLine: {'line': b'-- Up-to-date: /home/a/ws_moveit2/install/stm32_mavlink_interface/include/stm32_mavlink_interface/robomaster_controller.hpp\n'}
[0.304032] (stm32_mavlink_interface) StdoutLine: {'line': b'-- Up-to-date: /home/a/ws_moveit2/install/stm32_mavlink_interface/include/stm32_mavlink_interface/robomaster\n'}
[0.304056] (stm32_mavlink_interface) StdoutLine: {'line': b'-- Up-to-date: /home/a/ws_moveit2/install/stm32_mavlink_interface/include/stm32_mavlink_interface/robomaster/RoboMasterController.hpp\n'}
[0.304105] (stm32_mavlink_interface) StdoutLine: {'line': b'-- Up-to-date: /home/a/ws_moveit2/install/stm32_mavlink_interface/include/stm32_mavlink_interface/robomaster/RoboMasterMotor.hpp\n'}
[0.304130] (stm32_mavlink_interface) StdoutLine: {'line': b'-- Up-to-date: /home/a/ws_moveit2/install/stm32_mavlink_interface/include/stm32_mavlink_interface/robomaster/RoboMasterCANManager.hpp\n'}
[0.304155] (stm32_mavlink_interface) StdoutLine: {'line': b'-- Up-to-date: /home/a/ws_moveit2/install/stm32_mavlink_interface/include/stm32_mavlink_interface/robomaster/MAVLinkRoboMasterController.hpp\n'}
[0.304182] (stm32_mavlink_interface) StdoutLine: {'line': b'-- Up-to-date: /home/a/ws_moveit2/install/stm32_mavlink_interface/share/ament_index/resource_index/package_run_dependencies/stm32_mavlink_interface\n'}
[0.304216] (stm32_mavlink_interface) StdoutLine: {'line': b'-- Up-to-date: /home/a/ws_moveit2/install/stm32_mavlink_interface/share/ament_index/resource_index/parent_prefix_path/stm32_mavlink_interface\n'}
[0.304244] (stm32_mavlink_interface) StdoutLine: {'line': b'-- Up-to-date: /home/a/ws_moveit2/install/stm32_mavlink_interface/share/stm32_mavlink_interface/environment/ament_prefix_path.sh\n'}
[0.304269] (stm32_mavlink_interface) StdoutLine: {'line': b'-- Up-to-date: /home/a/ws_moveit2/install/stm32_mavlink_interface/share/stm32_mavlink_interface/environment/ament_prefix_path.dsv\n'}
[0.304294] (stm32_mavlink_interface) StdoutLine: {'line': b'-- Up-to-date: /home/a/ws_moveit2/install/stm32_mavlink_interface/share/stm32_mavlink_interface/environment/path.sh\n'}
[0.304319] (stm32_mavlink_interface) StdoutLine: {'line': b'-- Up-to-date: /home/a/ws_moveit2/install/stm32_mavlink_interface/share/stm32_mavlink_interface/environment/path.dsv\n'}
[0.304347] (stm32_mavlink_interface) StdoutLine: {'line': b'-- Up-to-date: /home/a/ws_moveit2/install/stm32_mavlink_interface/share/stm32_mavlink_interface/local_setup.bash\n'}
[0.304377] (stm32_mavlink_interface) StdoutLine: {'line': b'-- Up-to-date: /home/a/ws_moveit2/install/stm32_mavlink_interface/share/stm32_mavlink_interface/local_setup.sh\n'}
[0.304401] (stm32_mavlink_interface) StdoutLine: {'line': b'-- Up-to-date: /home/a/ws_moveit2/install/stm32_mavlink_interface/share/stm32_mavlink_interface/local_setup.zsh\n'}
[0.304425] (stm32_mavlink_interface) StdoutLine: {'line': b'-- Up-to-date: /home/a/ws_moveit2/install/stm32_mavlink_interface/share/stm32_mavlink_interface/local_setup.dsv\n'}
[0.304449] (stm32_mavlink_interface) StdoutLine: {'line': b'-- Up-to-date: /home/a/ws_moveit2/install/stm32_mavlink_interface/share/stm32_mavlink_interface/package.dsv\n'}
[0.304473] (stm32_mavlink_interface) StdoutLine: {'line': b'-- Up-to-date: /home/a/ws_moveit2/install/stm32_mavlink_interface/share/ament_index/resource_index/packages/stm32_mavlink_interface\n'}
[0.304497] (stm32_mavlink_interface) StdoutLine: {'line': b'-- Up-to-date: /home/a/ws_moveit2/install/stm32_mavlink_interface/share/stm32_mavlink_interface/cmake/export_stm32_mavlink_interface__rosidl_generator_cExport.cmake\n'}
[0.304525] (stm32_mavlink_interface) StdoutLine: {'line': b'-- Up-to-date: /home/a/ws_moveit2/install/stm32_mavlink_interface/share/stm32_mavlink_interface/cmake/export_stm32_mavlink_interface__rosidl_generator_cExport-noconfig.cmake\n'}
[0.304551] (stm32_mavlink_interface) StdoutLine: {'line': b'-- Up-to-date: /home/a/ws_moveit2/install/stm32_mavlink_interface/share/stm32_mavlink_interface/cmake/export_stm32_mavlink_interface__rosidl_typesupport_fastrtps_cExport.cmake\n'}
[0.304575] (stm32_mavlink_interface) StdoutLine: {'line': b'-- Up-to-date: /home/a/ws_moveit2/install/stm32_mavlink_interface/share/stm32_mavlink_interface/cmake/export_stm32_mavlink_interface__rosidl_typesupport_fastrtps_cExport-noconfig.cmake\n'}
[0.304598] (stm32_mavlink_interface) StdoutLine: {'line': b'-- Up-to-date: /home/a/ws_moveit2/install/stm32_mavlink_interface/share/stm32_mavlink_interface/cmake/export_stm32_mavlink_interface__rosidl_generator_cppExport.cmake\n'}
[0.304622] (stm32_mavlink_interface) StdoutLine: {'line': b'-- Up-to-date: /home/a/ws_moveit2/install/stm32_mavlink_interface/share/stm32_mavlink_interface/cmake/export_stm32_mavlink_interface__rosidl_typesupport_fastrtps_cppExport.cmake\n'}
[0.304646] (stm32_mavlink_interface) StdoutLine: {'line': b'-- Up-to-date: /home/a/ws_moveit2/install/stm32_mavlink_interface/share/stm32_mavlink_interface/cmake/export_stm32_mavlink_interface__rosidl_typesupport_fastrtps_cppExport-noconfig.cmake\n'}
[0.304677] (stm32_mavlink_interface) StdoutLine: {'line': b'-- Up-to-date: /home/a/ws_moveit2/install/stm32_mavlink_interface/share/stm32_mavlink_interface/cmake/stm32_mavlink_interface__rosidl_typesupport_introspection_cExport.cmake\n'}
[0.304703] (stm32_mavlink_interface) StdoutLine: {'line': b'-- Up-to-date: /home/a/ws_moveit2/install/stm32_mavlink_interface/share/stm32_mavlink_interface/cmake/stm32_mavlink_interface__rosidl_typesupport_introspection_cExport-noconfig.cmake\n'}
[0.304727] (stm32_mavlink_interface) StdoutLine: {'line': b'-- Up-to-date: /home/a/ws_moveit2/install/stm32_mavlink_interface/share/stm32_mavlink_interface/cmake/stm32_mavlink_interface__rosidl_typesupport_cExport.cmake\n'}
[0.304750] (stm32_mavlink_interface) StdoutLine: {'line': b'-- Up-to-date: /home/a/ws_moveit2/install/stm32_mavlink_interface/share/stm32_mavlink_interface/cmake/stm32_mavlink_interface__rosidl_typesupport_cExport-noconfig.cmake\n'}
[0.304777] (stm32_mavlink_interface) StdoutLine: {'line': b'-- Up-to-date: /home/a/ws_moveit2/install/stm32_mavlink_interface/share/stm32_mavlink_interface/cmake/stm32_mavlink_interface__rosidl_typesupport_introspection_cppExport.cmake\n'}
[0.304813] (stm32_mavlink_interface) StdoutLine: {'line': b'-- Up-to-date: /home/a/ws_moveit2/install/stm32_mavlink_interface/share/stm32_mavlink_interface/cmake/stm32_mavlink_interface__rosidl_typesupport_introspection_cppExport-noconfig.cmake\n'}
[0.304837] (stm32_mavlink_interface) StdoutLine: {'line': b'-- Up-to-date: /home/a/ws_moveit2/install/stm32_mavlink_interface/share/stm32_mavlink_interface/cmake/stm32_mavlink_interface__rosidl_typesupport_cppExport.cmake\n'}
[0.304882] (stm32_mavlink_interface) StdoutLine: {'line': b'-- Up-to-date: /home/a/ws_moveit2/install/stm32_mavlink_interface/share/stm32_mavlink_interface/cmake/stm32_mavlink_interface__rosidl_typesupport_cppExport-noconfig.cmake\n'}
[0.304915] (stm32_mavlink_interface) StdoutLine: {'line': b'-- Up-to-date: /home/a/ws_moveit2/install/stm32_mavlink_interface/share/stm32_mavlink_interface/cmake/export_stm32_mavlink_interface__rosidl_generator_pyExport.cmake\n'}
[0.304942] (stm32_mavlink_interface) StdoutLine: {'line': b'-- Up-to-date: /home/a/ws_moveit2/install/stm32_mavlink_interface/share/stm32_mavlink_interface/cmake/export_stm32_mavlink_interface__rosidl_generator_pyExport-noconfig.cmake\n'}
[0.304967] (stm32_mavlink_interface) StdoutLine: {'line': b'-- Up-to-date: /home/a/ws_moveit2/install/stm32_mavlink_interface/share/stm32_mavlink_interface/cmake/rosidl_cmake-extras.cmake\n'}
[0.304990] (stm32_mavlink_interface) StdoutLine: {'line': b'-- Up-to-date: /home/a/ws_moveit2/install/stm32_mavlink_interface/share/stm32_mavlink_interface/cmake/ament_cmake_export_dependencies-extras.cmake\n'}
[0.305018] (stm32_mavlink_interface) StdoutLine: {'line': b'-- Up-to-date: /home/a/ws_moveit2/install/stm32_mavlink_interface/share/stm32_mavlink_interface/cmake/ament_cmake_export_include_directories-extras.cmake\n'}
[0.305042] (stm32_mavlink_interface) StdoutLine: {'line': b'-- Up-to-date: /home/a/ws_moveit2/install/stm32_mavlink_interface/share/stm32_mavlink_interface/cmake/ament_cmake_export_libraries-extras.cmake\n'}
[0.305066] (stm32_mavlink_interface) StdoutLine: {'line': b'-- Up-to-date: /home/a/ws_moveit2/install/stm32_mavlink_interface/share/stm32_mavlink_interface/cmake/ament_cmake_export_targets-extras.cmake\n'}
[0.305090] (stm32_mavlink_interface) StdoutLine: {'line': b'-- Up-to-date: /home/a/ws_moveit2/install/stm32_mavlink_interface/share/stm32_mavlink_interface/cmake/rosidl_cmake_export_typesupport_targets-extras.cmake\n'}
[0.305114] (stm32_mavlink_interface) StdoutLine: {'line': b'-- Up-to-date: /home/a/ws_moveit2/install/stm32_mavlink_interface/share/stm32_mavlink_interface/cmake/rosidl_cmake_export_typesupport_libraries-extras.cmake\n'}
[0.305137] (stm32_mavlink_interface) StdoutLine: {'line': b'-- Up-to-date: /home/a/ws_moveit2/install/stm32_mavlink_interface/share/stm32_mavlink_interface/cmake/stm32_mavlink_interfaceConfig.cmake\n'}
[0.305161] (stm32_mavlink_interface) StdoutLine: {'line': b'-- Up-to-date: /home/a/ws_moveit2/install/stm32_mavlink_interface/share/stm32_mavlink_interface/cmake/stm32_mavlink_interfaceConfig-version.cmake\n'}
[0.305184] (stm32_mavlink_interface) StdoutLine: {'line': b'-- Up-to-date: /home/a/ws_moveit2/install/stm32_mavlink_interface/share/stm32_mavlink_interface/package.xml\n'}
[0.305209] (stm32_mavlink_interface) CommandEnded: {'returncode': 0}
[0.314213] (stm32_mavlink_interface) JobEnded: {'identifier': 'stm32_mavlink_interface', 'rc': 0}
[0.314462] (-) EventReactorShutdown: {}
