{"cameraMode":{"drawMode":0,"name":"Shaded","section":"Shading Mode"},"sceneLighting":true,"audioPlay":false,"sceneViewState":{"m_AlwaysRefresh":false,"showFog":true,"showSkybox":true,"showFlares":true,"showImageEffects":true,"showParticleSystems":true,"showVisualEffectGraphs":true,"m_FxEnabled":true},"in2DMode":false,"pivot":{"x":0.39493733644485476,"y":-0.7981547713279724,"z":0.7423914670944214},"rotation":{"x":0.4087332487106323,"y":0.09185728430747986,"z":-0.04124150797724724,"w":0.907158613204956},"size":1.6217883825302125,"orthographic":false}