{"cameraMode":{"drawMode":0,"name":"Shaded","section":"Shading Mode"},"sceneLighting":true,"audioPlay":false,"sceneViewState":{"m_AlwaysRefresh":false,"showFog":true,"showSkybox":true,"showFlares":true,"showImageEffects":true,"showParticleSystems":true,"showVisualEffectGraphs":true,"m_FxEnabled":true},"in2DMode":false,"pivot":{"x":-0.2280232310295105,"y":0.38738253712654116,"z":0.0241476409137249},"rotation":{"x":-0.12415603548288346,"y":0.7098961472511292,"z":-0.12940730154514314,"w":-0.6810991168022156},"size":0.6549413800239563,"orthographic":false}