{"cameraMode":{"drawMode":0,"name":"Shaded","section":"Shading Mode"},"sceneLighting":true,"audioPlay":false,"sceneViewState":{"m_AlwaysRefresh":false,"showFog":true,"showSkybox":true,"showFlares":true,"showImageEffects":true,"showParticleSystems":true,"showVisualEffectGraphs":true,"m_FxEnabled":true},"in2DMode":false,"pivot":{"x":1.1794288158416749,"y":-0.5383936762809753,"z":0.21384067833423615},"rotation":{"x":0.20540200173854829,"y":0.6698442697525024,"z":-0.20076829195022584,"w":0.6847863793373108},"size":1.2627559900283814,"orthographic":false}