{"cameraMode":{"drawMode":0,"name":"Shaded","section":"Shading Mode"},"sceneLighting":true,"audioPlay":false,"sceneViewState":{"m_AlwaysRefresh":false,"showFog":true,"showSkybox":true,"showFlares":true,"showImageEffects":true,"showParticleSystems":true,"showVisualEffectGraphs":true,"m_FxEnabled":true},"in2DMode":false,"pivot":{"x":0.6294193863868713,"y":-0.6169377565383911,"z":0.5920135974884033},"rotation":{"x":0.5163751840591431,"y":0.2338554859161377,"z":-0.14886286854743958,"w":0.8103440999984741},"size":0.7764891982078552,"orthographic":false}