[0.189s] DEBUG:colcon:Command line arguments: ['/usr/bin/colcon', 'build', '--packages-select', 'mavlink_controller_client']
[0.189s] DEBUG:colcon:Parsed command line arguments: Namespace(log_base=None, log_level=None, verb_name='build', build_base='build', install_base='install', merge_install=False, symlink_install=False, test_result_base=None, continue_on_error=False, executor='parallel', parallel_workers=22, event_handlers=None, ignore_user_meta=False, metas=['./colcon.meta'], base_paths=['.'], packages_ignore=None, packages_ignore_regex=None, paths=None, packages_up_to=None, packages_up_to_regex=None, packages_above=None, packages_above_and_dependencies=None, packages_above_depth=None, packages_select_by_dep=None, packages_skip_by_dep=None, packages_skip_up_to=None, packages_select_build_failed=False, packages_skip_build_finished=False, packages_select_test_failures=False, packages_skip_test_passed=False, packages_select=['mavlink_controller_client'], packages_skip=None, packages_select_regex=None, packages_skip_regex=None, packages_start=None, packages_end=None, allow_overriding=[], cmake_args=None, cmake_target=None, cmake_target_skip_unavailable=False, cmake_clean_cache=False, cmake_clean_first=False, cmake_force_configure=False, ament_cmake_args=None, catkin_cmake_args=None, catkin_skip_building_tests=False, mixin_files=None, mixin=None, verb_parser=<colcon_mixin.mixin.mixin_argument.MixinArgumentDecorator object at 0x7ef6e7e821d0>, verb_extension=<colcon_core.verb.build.BuildVerb object at 0x7ef6e7e81b40>, main=<bound method BuildVerb.main of <colcon_core.verb.build.BuildVerb object at 0x7ef6e7e81b40>>, mixin_verb=('build',))
[0.484s] Level 1:colcon.colcon_core.package_discovery:discover_packages(colcon_meta) check parameters
[0.484s] Level 1:colcon.colcon_core.package_discovery:discover_packages(recursive) check parameters
[0.484s] Level 1:colcon.colcon_core.package_discovery:discover_packages(ignore) check parameters
[0.484s] Level 1:colcon.colcon_core.package_discovery:discover_packages(path) check parameters
[0.484s] Level 1:colcon.colcon_core.package_discovery:discover_packages(colcon_meta) discover
[0.484s] Level 1:colcon.colcon_core.package_discovery:discover_packages(recursive) discover
[0.484s] INFO:colcon.colcon_core.package_discovery:Crawling recursively for packages in '/home/a/ws_moveit2'
[0.484s] Level 1:colcon.colcon_core.package_identification:_identify(.) by extensions ['ignore', 'ignore_ament_install']
[0.485s] Level 1:colcon.colcon_core.package_identification:_identify(.) by extension 'ignore'
[0.485s] Level 1:colcon.colcon_core.package_identification:_identify(.) by extension 'ignore_ament_install'
[0.485s] Level 1:colcon.colcon_core.package_identification:_identify(.) by extensions ['colcon_pkg']
[0.485s] Level 1:colcon.colcon_core.package_identification:_identify(.) by extension 'colcon_pkg'
[0.485s] Level 1:colcon.colcon_core.package_identification:_identify(.) by extensions ['colcon_meta']
[0.485s] Level 1:colcon.colcon_core.package_identification:_identify(.) by extension 'colcon_meta'
[0.485s] Level 1:colcon.colcon_core.package_identification:_identify(.) by extensions ['ros']
[0.485s] Level 1:colcon.colcon_core.package_identification:_identify(.) by extension 'ros'
[0.516s] Level 1:colcon.colcon_core.package_identification:_identify(.) by extensions ['cmake', 'python']
[0.516s] Level 1:colcon.colcon_core.package_identification:_identify(.) by extension 'cmake'
[0.516s] Level 1:colcon.colcon_core.package_identification:_identify(.) by extension 'python'
[0.516s] Level 1:colcon.colcon_core.package_identification:_identify(.) by extensions ['python_setup_py']
[0.516s] Level 1:colcon.colcon_core.package_identification:_identify(.) by extension 'python_setup_py'
[0.516s] Level 1:colcon.colcon_core.package_identification:_identify(build) by extensions ['ignore', 'ignore_ament_install']
[0.517s] Level 1:colcon.colcon_core.package_identification:_identify(build) by extension 'ignore'
[0.517s] Level 1:colcon.colcon_core.package_identification:_identify(build) ignored
[0.517s] Level 1:colcon.colcon_core.package_identification:_identify(install) by extensions ['ignore', 'ignore_ament_install']
[0.517s] Level 1:colcon.colcon_core.package_identification:_identify(install) by extension 'ignore'
[0.517s] Level 1:colcon.colcon_core.package_identification:_identify(install) ignored
[0.518s] Level 1:colcon.colcon_core.package_identification:_identify(log) by extensions ['ignore', 'ignore_ament_install']
[0.518s] Level 1:colcon.colcon_core.package_identification:_identify(log) by extension 'ignore'
[0.518s] Level 1:colcon.colcon_core.package_identification:_identify(log) ignored
[0.519s] Level 1:colcon.colcon_core.package_identification:_identify(src) by extensions ['ignore', 'ignore_ament_install']
[0.519s] Level 1:colcon.colcon_core.package_identification:_identify(src) by extension 'ignore'
[0.519s] Level 1:colcon.colcon_core.package_identification:_identify(src) by extension 'ignore_ament_install'
[0.519s] Level 1:colcon.colcon_core.package_identification:_identify(src) by extensions ['colcon_pkg']
[0.519s] Level 1:colcon.colcon_core.package_identification:_identify(src) by extension 'colcon_pkg'
[0.519s] Level 1:colcon.colcon_core.package_identification:_identify(src) by extensions ['colcon_meta']
[0.519s] Level 1:colcon.colcon_core.package_identification:_identify(src) by extension 'colcon_meta'
[0.519s] Level 1:colcon.colcon_core.package_identification:_identify(src) by extensions ['ros']
[0.519s] Level 1:colcon.colcon_core.package_identification:_identify(src) by extension 'ros'
[0.519s] Level 1:colcon.colcon_core.package_identification:_identify(src) by extensions ['cmake', 'python']
[0.519s] Level 1:colcon.colcon_core.package_identification:_identify(src) by extension 'cmake'
[0.519s] Level 1:colcon.colcon_core.package_identification:_identify(src) by extension 'python'
[0.519s] Level 1:colcon.colcon_core.package_identification:_identify(src) by extensions ['python_setup_py']
[0.519s] Level 1:colcon.colcon_core.package_identification:_identify(src) by extension 'python_setup_py'
[0.519s] Level 1:colcon.colcon_core.package_identification:_identify(src/MAVLink) by extensions ['ignore', 'ignore_ament_install']
[0.520s] Level 1:colcon.colcon_core.package_identification:_identify(src/MAVLink) by extension 'ignore'
[0.520s] Level 1:colcon.colcon_core.package_identification:_identify(src/MAVLink) by extension 'ignore_ament_install'
[0.520s] Level 1:colcon.colcon_core.package_identification:_identify(src/MAVLink) by extensions ['colcon_pkg']
[0.520s] Level 1:colcon.colcon_core.package_identification:_identify(src/MAVLink) by extension 'colcon_pkg'
[0.520s] Level 1:colcon.colcon_core.package_identification:_identify(src/MAVLink) by extensions ['colcon_meta']
[0.520s] Level 1:colcon.colcon_core.package_identification:_identify(src/MAVLink) by extension 'colcon_meta'
[0.520s] Level 1:colcon.colcon_core.package_identification:_identify(src/MAVLink) by extensions ['ros']
[0.520s] Level 1:colcon.colcon_core.package_identification:_identify(src/MAVLink) by extension 'ros'
[0.520s] Level 1:colcon.colcon_core.package_identification:_identify(src/MAVLink) by extensions ['cmake', 'python']
[0.520s] Level 1:colcon.colcon_core.package_identification:_identify(src/MAVLink) by extension 'cmake'
[0.520s] Level 1:colcon.colcon_core.package_identification:_identify(src/MAVLink) by extension 'python'
[0.520s] Level 1:colcon.colcon_core.package_identification:_identify(src/MAVLink) by extensions ['python_setup_py']
[0.520s] Level 1:colcon.colcon_core.package_identification:_identify(src/MAVLink) by extension 'python_setup_py'
[0.520s] Level 1:colcon.colcon_core.package_identification:_identify(src/MAVLink/MAVLink_f446re) by extensions ['ignore', 'ignore_ament_install']
[0.520s] Level 1:colcon.colcon_core.package_identification:_identify(src/MAVLink/MAVLink_f446re) by extension 'ignore'
[0.520s] Level 1:colcon.colcon_core.package_identification:_identify(src/MAVLink/MAVLink_f446re) by extension 'ignore_ament_install'
[0.520s] Level 1:colcon.colcon_core.package_identification:_identify(src/MAVLink/MAVLink_f446re) by extensions ['colcon_pkg']
[0.521s] Level 1:colcon.colcon_core.package_identification:_identify(src/MAVLink/MAVLink_f446re) by extension 'colcon_pkg'
[0.521s] Level 1:colcon.colcon_core.package_identification:_identify(src/MAVLink/MAVLink_f446re) by extensions ['colcon_meta']
[0.521s] Level 1:colcon.colcon_core.package_identification:_identify(src/MAVLink/MAVLink_f446re) by extension 'colcon_meta'
[0.521s] Level 1:colcon.colcon_core.package_identification:_identify(src/MAVLink/MAVLink_f446re) by extensions ['ros']
[0.521s] Level 1:colcon.colcon_core.package_identification:_identify(src/MAVLink/MAVLink_f446re) by extension 'ros'
[0.521s] Level 1:colcon.colcon_core.package_identification:_identify(src/MAVLink/MAVLink_f446re) by extensions ['cmake', 'python']
[0.521s] Level 1:colcon.colcon_core.package_identification:_identify(src/MAVLink/MAVLink_f446re) by extension 'cmake'
[0.539s] Level 1:colcon.colcon_core.package_identification:_identify(src/MAVLink/MAVLink_f446re) by extension 'python'
[0.539s] DEBUG:colcon.colcon_core.package_identification:Package 'src/MAVLink/MAVLink_f446re' with type 'cmake' and name 'MAVLink_f446re'
[0.539s] Level 1:colcon.colcon_core.package_identification:_identify(src/MAVLink/MAVLink_gui_ros2) by extensions ['ignore', 'ignore_ament_install']
[0.539s] Level 1:colcon.colcon_core.package_identification:_identify(src/MAVLink/MAVLink_gui_ros2) by extension 'ignore'
[0.539s] Level 1:colcon.colcon_core.package_identification:_identify(src/MAVLink/MAVLink_gui_ros2) by extension 'ignore_ament_install'
[0.539s] Level 1:colcon.colcon_core.package_identification:_identify(src/MAVLink/MAVLink_gui_ros2) by extensions ['colcon_pkg']
[0.539s] Level 1:colcon.colcon_core.package_identification:_identify(src/MAVLink/MAVLink_gui_ros2) by extension 'colcon_pkg'
[0.539s] Level 1:colcon.colcon_core.package_identification:_identify(src/MAVLink/MAVLink_gui_ros2) by extensions ['colcon_meta']
[0.539s] Level 1:colcon.colcon_core.package_identification:_identify(src/MAVLink/MAVLink_gui_ros2) by extension 'colcon_meta'
[0.539s] Level 1:colcon.colcon_core.package_identification:_identify(src/MAVLink/MAVLink_gui_ros2) by extensions ['ros']
[0.539s] Level 1:colcon.colcon_core.package_identification:_identify(src/MAVLink/MAVLink_gui_ros2) by extension 'ros'
[0.544s] DEBUG:colcon.colcon_core.package_identification:Package 'src/MAVLink/MAVLink_gui_ros2' with type 'ros.ament_cmake' and name 'mavlink_gui_tester'
[0.544s] Level 1:colcon.colcon_core.package_identification:_identify(src/MAVLink/MAVLink_ros2) by extensions ['ignore', 'ignore_ament_install']
[0.544s] Level 1:colcon.colcon_core.package_identification:_identify(src/MAVLink/MAVLink_ros2) by extension 'ignore'
[0.544s] Level 1:colcon.colcon_core.package_identification:_identify(src/MAVLink/MAVLink_ros2) by extension 'ignore_ament_install'
[0.544s] Level 1:colcon.colcon_core.package_identification:_identify(src/MAVLink/MAVLink_ros2) by extensions ['colcon_pkg']
[0.544s] Level 1:colcon.colcon_core.package_identification:_identify(src/MAVLink/MAVLink_ros2) by extension 'colcon_pkg'
[0.544s] Level 1:colcon.colcon_core.package_identification:_identify(src/MAVLink/MAVLink_ros2) by extensions ['colcon_meta']
[0.544s] Level 1:colcon.colcon_core.package_identification:_identify(src/MAVLink/MAVLink_ros2) by extension 'colcon_meta'
[0.544s] Level 1:colcon.colcon_core.package_identification:_identify(src/MAVLink/MAVLink_ros2) by extensions ['ros']
[0.545s] Level 1:colcon.colcon_core.package_identification:_identify(src/MAVLink/MAVLink_ros2) by extension 'ros'
[0.546s] DEBUG:colcon.colcon_core.package_identification:Package 'src/MAVLink/MAVLink_ros2' with type 'ros.ament_cmake' and name 'stm32_mavlink_interface'
[0.546s] Level 1:colcon.colcon_core.package_identification:_identify(src/MAVLink/config) by extensions ['ignore', 'ignore_ament_install']
[0.546s] Level 1:colcon.colcon_core.package_identification:_identify(src/MAVLink/config) by extension 'ignore'
[0.546s] Level 1:colcon.colcon_core.package_identification:_identify(src/MAVLink/config) by extension 'ignore_ament_install'
[0.546s] Level 1:colcon.colcon_core.package_identification:_identify(src/MAVLink/config) by extensions ['colcon_pkg']
[0.547s] Level 1:colcon.colcon_core.package_identification:_identify(src/MAVLink/config) by extension 'colcon_pkg'
[0.547s] Level 1:colcon.colcon_core.package_identification:_identify(src/MAVLink/config) by extensions ['colcon_meta']
[0.547s] Level 1:colcon.colcon_core.package_identification:_identify(src/MAVLink/config) by extension 'colcon_meta'
[0.547s] Level 1:colcon.colcon_core.package_identification:_identify(src/MAVLink/config) by extensions ['ros']
[0.547s] Level 1:colcon.colcon_core.package_identification:_identify(src/MAVLink/config) by extension 'ros'
[0.547s] Level 1:colcon.colcon_core.package_identification:_identify(src/MAVLink/config) by extensions ['cmake', 'python']
[0.547s] Level 1:colcon.colcon_core.package_identification:_identify(src/MAVLink/config) by extension 'cmake'
[0.547s] Level 1:colcon.colcon_core.package_identification:_identify(src/MAVLink/config) by extension 'python'
[0.547s] Level 1:colcon.colcon_core.package_identification:_identify(src/MAVLink/config) by extensions ['python_setup_py']
[0.548s] Level 1:colcon.colcon_core.package_identification:_identify(src/MAVLink/config) by extension 'python_setup_py'
[0.548s] Level 1:colcon.colcon_core.package_identification:_identify(src/MAVLink/mavlink_controller_client) by extensions ['ignore', 'ignore_ament_install']
[0.548s] Level 1:colcon.colcon_core.package_identification:_identify(src/MAVLink/mavlink_controller_client) by extension 'ignore'
[0.548s] Level 1:colcon.colcon_core.package_identification:_identify(src/MAVLink/mavlink_controller_client) by extension 'ignore_ament_install'
[0.548s] Level 1:colcon.colcon_core.package_identification:_identify(src/MAVLink/mavlink_controller_client) by extensions ['colcon_pkg']
[0.548s] Level 1:colcon.colcon_core.package_identification:_identify(src/MAVLink/mavlink_controller_client) by extension 'colcon_pkg'
[0.549s] Level 1:colcon.colcon_core.package_identification:_identify(src/MAVLink/mavlink_controller_client) by extensions ['colcon_meta']
[0.549s] Level 1:colcon.colcon_core.package_identification:_identify(src/MAVLink/mavlink_controller_client) by extension 'colcon_meta'
[0.549s] Level 1:colcon.colcon_core.package_identification:_identify(src/MAVLink/mavlink_controller_client) by extensions ['ros']
[0.549s] Level 1:colcon.colcon_core.package_identification:_identify(src/MAVLink/mavlink_controller_client) by extension 'ros'
[0.551s] DEBUG:colcon.colcon_core.package_identification:Package 'src/MAVLink/mavlink_controller_client' with type 'ros.ament_python' and name 'mavlink_controller_client'
[0.551s] Level 1:colcon.colcon_core.package_identification:_identify(src/ROS-TCP-Endpoint) by extensions ['ignore', 'ignore_ament_install']
[0.551s] Level 1:colcon.colcon_core.package_identification:_identify(src/ROS-TCP-Endpoint) by extension 'ignore'
[0.551s] Level 1:colcon.colcon_core.package_identification:_identify(src/ROS-TCP-Endpoint) by extension 'ignore_ament_install'
[0.552s] Level 1:colcon.colcon_core.package_identification:_identify(src/ROS-TCP-Endpoint) by extensions ['colcon_pkg']
[0.552s] Level 1:colcon.colcon_core.package_identification:_identify(src/ROS-TCP-Endpoint) by extension 'colcon_pkg'
[0.552s] Level 1:colcon.colcon_core.package_identification:_identify(src/ROS-TCP-Endpoint) by extensions ['colcon_meta']
[0.552s] Level 1:colcon.colcon_core.package_identification:_identify(src/ROS-TCP-Endpoint) by extension 'colcon_meta'
[0.552s] Level 1:colcon.colcon_core.package_identification:_identify(src/ROS-TCP-Endpoint) by extensions ['ros']
[0.552s] Level 1:colcon.colcon_core.package_identification:_identify(src/ROS-TCP-Endpoint) by extension 'ros'
[0.552s] DEBUG:colcon.colcon_core.package_identification:Package 'src/ROS-TCP-Endpoint' with type 'ros.ament_python' and name 'ros_tcp_endpoint'
[0.553s] Level 1:colcon.colcon_core.package_identification:_identify(src/blue_seiretu_description) by extensions ['ignore', 'ignore_ament_install']
[0.553s] Level 1:colcon.colcon_core.package_identification:_identify(src/blue_seiretu_description) by extension 'ignore'
[0.553s] Level 1:colcon.colcon_core.package_identification:_identify(src/blue_seiretu_description) by extension 'ignore_ament_install'
[0.553s] Level 1:colcon.colcon_core.package_identification:_identify(src/blue_seiretu_description) by extensions ['colcon_pkg']
[0.553s] Level 1:colcon.colcon_core.package_identification:_identify(src/blue_seiretu_description) by extension 'colcon_pkg'
[0.553s] Level 1:colcon.colcon_core.package_identification:_identify(src/blue_seiretu_description) by extensions ['colcon_meta']
[0.553s] Level 1:colcon.colcon_core.package_identification:_identify(src/blue_seiretu_description) by extension 'colcon_meta'
[0.553s] Level 1:colcon.colcon_core.package_identification:_identify(src/blue_seiretu_description) by extensions ['ros']
[0.553s] Level 1:colcon.colcon_core.package_identification:_identify(src/blue_seiretu_description) by extension 'ros'
[0.554s] DEBUG:colcon.colcon_core.package_identification:Package 'src/blue_seiretu_description' with type 'ros.ament_cmake' and name 'blue_seiretu_description'
[0.554s] Level 1:colcon.colcon_core.package_identification:_identify(src/catch_gazebo_ros2_control) by extensions ['ignore', 'ignore_ament_install']
[0.554s] Level 1:colcon.colcon_core.package_identification:_identify(src/catch_gazebo_ros2_control) by extension 'ignore'
[0.554s] Level 1:colcon.colcon_core.package_identification:_identify(src/catch_gazebo_ros2_control) by extension 'ignore_ament_install'
[0.554s] Level 1:colcon.colcon_core.package_identification:_identify(src/catch_gazebo_ros2_control) by extensions ['colcon_pkg']
[0.554s] Level 1:colcon.colcon_core.package_identification:_identify(src/catch_gazebo_ros2_control) by extension 'colcon_pkg'
[0.554s] Level 1:colcon.colcon_core.package_identification:_identify(src/catch_gazebo_ros2_control) by extensions ['colcon_meta']
[0.554s] Level 1:colcon.colcon_core.package_identification:_identify(src/catch_gazebo_ros2_control) by extension 'colcon_meta'
[0.555s] Level 1:colcon.colcon_core.package_identification:_identify(src/catch_gazebo_ros2_control) by extensions ['ros']
[0.555s] Level 1:colcon.colcon_core.package_identification:_identify(src/catch_gazebo_ros2_control) by extension 'ros'
[0.555s] DEBUG:colcon.colcon_core.package_identification:Package 'src/catch_gazebo_ros2_control' with type 'ros.ament_cmake' and name 'catch_gazebo_ros2_control'
[0.555s] Level 1:colcon.colcon_core.package_identification:_identify(src/catch_unity) by extensions ['ignore', 'ignore_ament_install']
[0.556s] Level 1:colcon.colcon_core.package_identification:_identify(src/catch_unity) by extension 'ignore'
[0.556s] Level 1:colcon.colcon_core.package_identification:_identify(src/catch_unity) ignored
[0.556s] Level 1:colcon.colcon_core.package_identification:_identify(src/d415_rgb_depth_3d) by extensions ['ignore', 'ignore_ament_install']
[0.556s] Level 1:colcon.colcon_core.package_identification:_identify(src/d415_rgb_depth_3d) by extension 'ignore'
[0.556s] Level 1:colcon.colcon_core.package_identification:_identify(src/d415_rgb_depth_3d) by extension 'ignore_ament_install'
[0.556s] Level 1:colcon.colcon_core.package_identification:_identify(src/d415_rgb_depth_3d) by extensions ['colcon_pkg']
[0.556s] Level 1:colcon.colcon_core.package_identification:_identify(src/d415_rgb_depth_3d) by extension 'colcon_pkg'
[0.556s] Level 1:colcon.colcon_core.package_identification:_identify(src/d415_rgb_depth_3d) by extensions ['colcon_meta']
[0.556s] Level 1:colcon.colcon_core.package_identification:_identify(src/d415_rgb_depth_3d) by extension 'colcon_meta'
[0.556s] Level 1:colcon.colcon_core.package_identification:_identify(src/d415_rgb_depth_3d) by extensions ['ros']
[0.556s] Level 1:colcon.colcon_core.package_identification:_identify(src/d415_rgb_depth_3d) by extension 'ros'
[0.557s] DEBUG:colcon.colcon_core.package_identification:Package 'src/d415_rgb_depth_3d' with type 'ros.ament_python' and name 'd415_rgb_depth_3d'
[0.558s] Level 1:colcon.colcon_core.package_identification:_identify(src/dynamixel_ros2) by extensions ['ignore', 'ignore_ament_install']
[0.558s] Level 1:colcon.colcon_core.package_identification:_identify(src/dynamixel_ros2) by extension 'ignore'
[0.558s] Level 1:colcon.colcon_core.package_identification:_identify(src/dynamixel_ros2) by extension 'ignore_ament_install'
[0.558s] Level 1:colcon.colcon_core.package_identification:_identify(src/dynamixel_ros2) by extensions ['colcon_pkg']
[0.558s] Level 1:colcon.colcon_core.package_identification:_identify(src/dynamixel_ros2) by extension 'colcon_pkg'
[0.558s] Level 1:colcon.colcon_core.package_identification:_identify(src/dynamixel_ros2) by extensions ['colcon_meta']
[0.558s] Level 1:colcon.colcon_core.package_identification:_identify(src/dynamixel_ros2) by extension 'colcon_meta'
[0.558s] Level 1:colcon.colcon_core.package_identification:_identify(src/dynamixel_ros2) by extensions ['ros']
[0.558s] Level 1:colcon.colcon_core.package_identification:_identify(src/dynamixel_ros2) by extension 'ros'
[0.558s] Level 1:colcon.colcon_core.package_identification:_identify(src/dynamixel_ros2) by extensions ['cmake', 'python']
[0.558s] Level 1:colcon.colcon_core.package_identification:_identify(src/dynamixel_ros2) by extension 'cmake'
[0.558s] Level 1:colcon.colcon_core.package_identification:_identify(src/dynamixel_ros2) by extension 'python'
[0.558s] Level 1:colcon.colcon_core.package_identification:_identify(src/dynamixel_ros2) by extensions ['python_setup_py']
[0.559s] Level 1:colcon.colcon_core.package_identification:_identify(src/dynamixel_ros2) by extension 'python_setup_py'
[0.559s] Level 1:colcon.colcon_core.package_identification:_identify(src/dynamixel_ros2/DynamixelSDK) by extensions ['ignore', 'ignore_ament_install']
[0.559s] Level 1:colcon.colcon_core.package_identification:_identify(src/dynamixel_ros2/DynamixelSDK) by extension 'ignore'
[0.559s] Level 1:colcon.colcon_core.package_identification:_identify(src/dynamixel_ros2/DynamixelSDK) by extension 'ignore_ament_install'
[0.559s] Level 1:colcon.colcon_core.package_identification:_identify(src/dynamixel_ros2/DynamixelSDK) by extensions ['colcon_pkg']
[0.559s] Level 1:colcon.colcon_core.package_identification:_identify(src/dynamixel_ros2/DynamixelSDK) by extension 'colcon_pkg'
[0.559s] Level 1:colcon.colcon_core.package_identification:_identify(src/dynamixel_ros2/DynamixelSDK) by extensions ['colcon_meta']
[0.559s] Level 1:colcon.colcon_core.package_identification:_identify(src/dynamixel_ros2/DynamixelSDK) by extension 'colcon_meta'
[0.559s] Level 1:colcon.colcon_core.package_identification:_identify(src/dynamixel_ros2/DynamixelSDK) by extensions ['ros']
[0.559s] Level 1:colcon.colcon_core.package_identification:_identify(src/dynamixel_ros2/DynamixelSDK) by extension 'ros'
[0.560s] Level 1:colcon.colcon_core.package_identification:_identify(src/dynamixel_ros2/DynamixelSDK) by extensions ['cmake', 'python']
[0.560s] Level 1:colcon.colcon_core.package_identification:_identify(src/dynamixel_ros2/DynamixelSDK) by extension 'cmake'
[0.560s] Level 1:colcon.colcon_core.package_identification:_identify(src/dynamixel_ros2/DynamixelSDK) by extension 'python'
[0.560s] Level 1:colcon.colcon_core.package_identification:_identify(src/dynamixel_ros2/DynamixelSDK) by extensions ['python_setup_py']
[0.560s] Level 1:colcon.colcon_core.package_identification:_identify(src/dynamixel_ros2/DynamixelSDK) by extension 'python_setup_py'
[0.560s] Level 1:colcon.colcon_core.package_identification:_identify(src/dynamixel_ros2/DynamixelSDK/dynamixel_sdk) by extensions ['ignore', 'ignore_ament_install']
[0.560s] Level 1:colcon.colcon_core.package_identification:_identify(src/dynamixel_ros2/DynamixelSDK/dynamixel_sdk) by extension 'ignore'
[0.560s] Level 1:colcon.colcon_core.package_identification:_identify(src/dynamixel_ros2/DynamixelSDK/dynamixel_sdk) by extension 'ignore_ament_install'
[0.560s] Level 1:colcon.colcon_core.package_identification:_identify(src/dynamixel_ros2/DynamixelSDK/dynamixel_sdk) by extensions ['colcon_pkg']
[0.561s] Level 1:colcon.colcon_core.package_identification:_identify(src/dynamixel_ros2/DynamixelSDK/dynamixel_sdk) by extension 'colcon_pkg'
[0.561s] Level 1:colcon.colcon_core.package_identification:_identify(src/dynamixel_ros2/DynamixelSDK/dynamixel_sdk) by extensions ['colcon_meta']
[0.561s] Level 1:colcon.colcon_core.package_identification:_identify(src/dynamixel_ros2/DynamixelSDK/dynamixel_sdk) by extension 'colcon_meta'
[0.561s] Level 1:colcon.colcon_core.package_identification:_identify(src/dynamixel_ros2/DynamixelSDK/dynamixel_sdk) by extensions ['ros']
[0.561s] Level 1:colcon.colcon_core.package_identification:_identify(src/dynamixel_ros2/DynamixelSDK/dynamixel_sdk) by extension 'ros'
[0.562s] DEBUG:colcon.colcon_core.package_identification:Package 'src/dynamixel_ros2/DynamixelSDK/dynamixel_sdk' with type 'ros.ament_cmake' and name 'dynamixel_sdk'
[0.562s] Level 1:colcon.colcon_core.package_identification:_identify(src/dynamixel_ros2/DynamixelSDK/dynamixel_sdk_custom_interfaces) by extensions ['ignore', 'ignore_ament_install']
[0.563s] Level 1:colcon.colcon_core.package_identification:_identify(src/dynamixel_ros2/DynamixelSDK/dynamixel_sdk_custom_interfaces) by extension 'ignore'
[0.563s] Level 1:colcon.colcon_core.package_identification:_identify(src/dynamixel_ros2/DynamixelSDK/dynamixel_sdk_custom_interfaces) by extension 'ignore_ament_install'
[0.563s] Level 1:colcon.colcon_core.package_identification:_identify(src/dynamixel_ros2/DynamixelSDK/dynamixel_sdk_custom_interfaces) by extensions ['colcon_pkg']
[0.563s] Level 1:colcon.colcon_core.package_identification:_identify(src/dynamixel_ros2/DynamixelSDK/dynamixel_sdk_custom_interfaces) by extension 'colcon_pkg'
[0.563s] Level 1:colcon.colcon_core.package_identification:_identify(src/dynamixel_ros2/DynamixelSDK/dynamixel_sdk_custom_interfaces) by extensions ['colcon_meta']
[0.563s] Level 1:colcon.colcon_core.package_identification:_identify(src/dynamixel_ros2/DynamixelSDK/dynamixel_sdk_custom_interfaces) by extension 'colcon_meta'
[0.563s] Level 1:colcon.colcon_core.package_identification:_identify(src/dynamixel_ros2/DynamixelSDK/dynamixel_sdk_custom_interfaces) by extensions ['ros']
[0.563s] Level 1:colcon.colcon_core.package_identification:_identify(src/dynamixel_ros2/DynamixelSDK/dynamixel_sdk_custom_interfaces) by extension 'ros'
[0.564s] DEBUG:colcon.colcon_core.package_identification:Package 'src/dynamixel_ros2/DynamixelSDK/dynamixel_sdk_custom_interfaces' with type 'ros.ament_cmake' and name 'dynamixel_sdk_custom_interfaces'
[0.564s] Level 1:colcon.colcon_core.package_identification:_identify(src/dynamixel_ros2/DynamixelSDK/dynamixel_sdk_examples) by extensions ['ignore', 'ignore_ament_install']
[0.564s] Level 1:colcon.colcon_core.package_identification:_identify(src/dynamixel_ros2/DynamixelSDK/dynamixel_sdk_examples) by extension 'ignore'
[0.564s] Level 1:colcon.colcon_core.package_identification:_identify(src/dynamixel_ros2/DynamixelSDK/dynamixel_sdk_examples) by extension 'ignore_ament_install'
[0.564s] Level 1:colcon.colcon_core.package_identification:_identify(src/dynamixel_ros2/DynamixelSDK/dynamixel_sdk_examples) by extensions ['colcon_pkg']
[0.564s] Level 1:colcon.colcon_core.package_identification:_identify(src/dynamixel_ros2/DynamixelSDK/dynamixel_sdk_examples) by extension 'colcon_pkg'
[0.564s] Level 1:colcon.colcon_core.package_identification:_identify(src/dynamixel_ros2/DynamixelSDK/dynamixel_sdk_examples) by extensions ['colcon_meta']
[0.565s] Level 1:colcon.colcon_core.package_identification:_identify(src/dynamixel_ros2/DynamixelSDK/dynamixel_sdk_examples) by extension 'colcon_meta'
[0.565s] Level 1:colcon.colcon_core.package_identification:_identify(src/dynamixel_ros2/DynamixelSDK/dynamixel_sdk_examples) by extensions ['ros']
[0.565s] Level 1:colcon.colcon_core.package_identification:_identify(src/dynamixel_ros2/DynamixelSDK/dynamixel_sdk_examples) by extension 'ros'
[0.566s] DEBUG:colcon.colcon_core.package_identification:Package 'src/dynamixel_ros2/DynamixelSDK/dynamixel_sdk_examples' with type 'ros.ament_cmake' and name 'dynamixel_sdk_examples'
[0.566s] Level 1:colcon.colcon_core.package_identification:_identify(src/dynamixel_ros2/dynamixel_controller) by extensions ['ignore', 'ignore_ament_install']
[0.566s] Level 1:colcon.colcon_core.package_identification:_identify(src/dynamixel_ros2/dynamixel_controller) by extension 'ignore'
[0.566s] Level 1:colcon.colcon_core.package_identification:_identify(src/dynamixel_ros2/dynamixel_controller) by extension 'ignore_ament_install'
[0.566s] Level 1:colcon.colcon_core.package_identification:_identify(src/dynamixel_ros2/dynamixel_controller) by extensions ['colcon_pkg']
[0.566s] Level 1:colcon.colcon_core.package_identification:_identify(src/dynamixel_ros2/dynamixel_controller) by extension 'colcon_pkg'
[0.567s] Level 1:colcon.colcon_core.package_identification:_identify(src/dynamixel_ros2/dynamixel_controller) by extensions ['colcon_meta']
[0.567s] Level 1:colcon.colcon_core.package_identification:_identify(src/dynamixel_ros2/dynamixel_controller) by extension 'colcon_meta'
[0.567s] Level 1:colcon.colcon_core.package_identification:_identify(src/dynamixel_ros2/dynamixel_controller) by extensions ['ros']
[0.567s] Level 1:colcon.colcon_core.package_identification:_identify(src/dynamixel_ros2/dynamixel_controller) by extension 'ros'
[0.568s] DEBUG:colcon.colcon_core.package_identification:Package 'src/dynamixel_ros2/dynamixel_controller' with type 'ros.ament_cmake' and name 'dynamixel_controller'
[0.568s] Level 1:colcon.colcon_core.package_identification:_identify(src/dynamixel_ros2/dynamixel_controller_client) by extensions ['ignore', 'ignore_ament_install']
[0.568s] Level 1:colcon.colcon_core.package_identification:_identify(src/dynamixel_ros2/dynamixel_controller_client) by extension 'ignore'
[0.568s] Level 1:colcon.colcon_core.package_identification:_identify(src/dynamixel_ros2/dynamixel_controller_client) by extension 'ignore_ament_install'
[0.568s] Level 1:colcon.colcon_core.package_identification:_identify(src/dynamixel_ros2/dynamixel_controller_client) by extensions ['colcon_pkg']
[0.568s] Level 1:colcon.colcon_core.package_identification:_identify(src/dynamixel_ros2/dynamixel_controller_client) by extension 'colcon_pkg'
[0.568s] Level 1:colcon.colcon_core.package_identification:_identify(src/dynamixel_ros2/dynamixel_controller_client) by extensions ['colcon_meta']
[0.568s] Level 1:colcon.colcon_core.package_identification:_identify(src/dynamixel_ros2/dynamixel_controller_client) by extension 'colcon_meta'
[0.568s] Level 1:colcon.colcon_core.package_identification:_identify(src/dynamixel_ros2/dynamixel_controller_client) by extensions ['ros']
[0.568s] Level 1:colcon.colcon_core.package_identification:_identify(src/dynamixel_ros2/dynamixel_controller_client) by extension 'ros'
[0.569s] DEBUG:colcon.colcon_core.package_identification:Package 'src/dynamixel_ros2/dynamixel_controller_client' with type 'ros.ament_python' and name 'dynamixel_controller_client'
[0.569s] Level 1:colcon.colcon_core.package_identification:_identify(src/dynamixel_ros2/dynamixel_controller_gui) by extensions ['ignore', 'ignore_ament_install']
[0.569s] Level 1:colcon.colcon_core.package_identification:_identify(src/dynamixel_ros2/dynamixel_controller_gui) by extension 'ignore'
[0.569s] Level 1:colcon.colcon_core.package_identification:_identify(src/dynamixel_ros2/dynamixel_controller_gui) by extension 'ignore_ament_install'
[0.570s] Level 1:colcon.colcon_core.package_identification:_identify(src/dynamixel_ros2/dynamixel_controller_gui) by extensions ['colcon_pkg']
[0.570s] Level 1:colcon.colcon_core.package_identification:_identify(src/dynamixel_ros2/dynamixel_controller_gui) by extension 'colcon_pkg'
[0.570s] Level 1:colcon.colcon_core.package_identification:_identify(src/dynamixel_ros2/dynamixel_controller_gui) by extensions ['colcon_meta']
[0.570s] Level 1:colcon.colcon_core.package_identification:_identify(src/dynamixel_ros2/dynamixel_controller_gui) by extension 'colcon_meta'
[0.570s] Level 1:colcon.colcon_core.package_identification:_identify(src/dynamixel_ros2/dynamixel_controller_gui) by extensions ['ros']
[0.570s] Level 1:colcon.colcon_core.package_identification:_identify(src/dynamixel_ros2/dynamixel_controller_gui) by extension 'ros'
[0.571s] DEBUG:colcon.colcon_core.package_identification:Package 'src/dynamixel_ros2/dynamixel_controller_gui' with type 'ros.ament_python' and name 'dynamixel_controller_gui'
[0.571s] Level 1:colcon.colcon_core.package_identification:_identify(src/field_description-20250822T021318Z-1-001) by extensions ['ignore', 'ignore_ament_install']
[0.571s] Level 1:colcon.colcon_core.package_identification:_identify(src/field_description-20250822T021318Z-1-001) by extension 'ignore'
[0.571s] Level 1:colcon.colcon_core.package_identification:_identify(src/field_description-20250822T021318Z-1-001) by extension 'ignore_ament_install'
[0.571s] Level 1:colcon.colcon_core.package_identification:_identify(src/field_description-20250822T021318Z-1-001) by extensions ['colcon_pkg']
[0.571s] Level 1:colcon.colcon_core.package_identification:_identify(src/field_description-20250822T021318Z-1-001) by extension 'colcon_pkg'
[0.571s] Level 1:colcon.colcon_core.package_identification:_identify(src/field_description-20250822T021318Z-1-001) by extensions ['colcon_meta']
[0.571s] Level 1:colcon.colcon_core.package_identification:_identify(src/field_description-20250822T021318Z-1-001) by extension 'colcon_meta'
[0.572s] Level 1:colcon.colcon_core.package_identification:_identify(src/field_description-20250822T021318Z-1-001) by extensions ['ros']
[0.572s] Level 1:colcon.colcon_core.package_identification:_identify(src/field_description-20250822T021318Z-1-001) by extension 'ros'
[0.572s] Level 1:colcon.colcon_core.package_identification:_identify(src/field_description-20250822T021318Z-1-001) by extensions ['cmake', 'python']
[0.572s] Level 1:colcon.colcon_core.package_identification:_identify(src/field_description-20250822T021318Z-1-001) by extension 'cmake'
[0.572s] Level 1:colcon.colcon_core.package_identification:_identify(src/field_description-20250822T021318Z-1-001) by extension 'python'
[0.572s] Level 1:colcon.colcon_core.package_identification:_identify(src/field_description-20250822T021318Z-1-001) by extensions ['python_setup_py']
[0.572s] Level 1:colcon.colcon_core.package_identification:_identify(src/field_description-20250822T021318Z-1-001) by extension 'python_setup_py'
[0.572s] Level 1:colcon.colcon_core.package_identification:_identify(src/field_description-20250822T021318Z-1-001/field_description) by extensions ['ignore', 'ignore_ament_install']
[0.572s] Level 1:colcon.colcon_core.package_identification:_identify(src/field_description-20250822T021318Z-1-001/field_description) by extension 'ignore'
[0.572s] Level 1:colcon.colcon_core.package_identification:_identify(src/field_description-20250822T021318Z-1-001/field_description) by extension 'ignore_ament_install'
[0.572s] Level 1:colcon.colcon_core.package_identification:_identify(src/field_description-20250822T021318Z-1-001/field_description) by extensions ['colcon_pkg']
[0.572s] Level 1:colcon.colcon_core.package_identification:_identify(src/field_description-20250822T021318Z-1-001/field_description) by extension 'colcon_pkg'
[0.572s] Level 1:colcon.colcon_core.package_identification:_identify(src/field_description-20250822T021318Z-1-001/field_description) by extensions ['colcon_meta']
[0.572s] Level 1:colcon.colcon_core.package_identification:_identify(src/field_description-20250822T021318Z-1-001/field_description) by extension 'colcon_meta'
[0.572s] Level 1:colcon.colcon_core.package_identification:_identify(src/field_description-20250822T021318Z-1-001/field_description) by extensions ['ros']
[0.572s] Level 1:colcon.colcon_core.package_identification:_identify(src/field_description-20250822T021318Z-1-001/field_description) by extension 'ros'
[0.573s] DEBUG:colcon.colcon_core.package_identification:Package 'src/field_description-20250822T021318Z-1-001/field_description' with type 'ros.ament_cmake' and name 'field_description'
[0.573s] Level 1:colcon.colcon_core.package_identification:_identify(src/hello_moveit) by extensions ['ignore', 'ignore_ament_install']
[0.574s] Level 1:colcon.colcon_core.package_identification:_identify(src/hello_moveit) by extension 'ignore'
[0.574s] Level 1:colcon.colcon_core.package_identification:_identify(src/hello_moveit) by extension 'ignore_ament_install'
[0.574s] Level 1:colcon.colcon_core.package_identification:_identify(src/hello_moveit) by extensions ['colcon_pkg']
[0.574s] Level 1:colcon.colcon_core.package_identification:_identify(src/hello_moveit) by extension 'colcon_pkg'
[0.574s] Level 1:colcon.colcon_core.package_identification:_identify(src/hello_moveit) by extensions ['colcon_meta']
[0.574s] Level 1:colcon.colcon_core.package_identification:_identify(src/hello_moveit) by extension 'colcon_meta'
[0.574s] Level 1:colcon.colcon_core.package_identification:_identify(src/hello_moveit) by extensions ['ros']
[0.574s] Level 1:colcon.colcon_core.package_identification:_identify(src/hello_moveit) by extension 'ros'
[0.575s] DEBUG:colcon.colcon_core.package_identification:Package 'src/hello_moveit' with type 'ros.ament_cmake' and name 'hello_moveit'
[0.575s] Level 1:colcon.colcon_core.package_identification:_identify(src/launch_param_builder) by extensions ['ignore', 'ignore_ament_install']
[0.575s] Level 1:colcon.colcon_core.package_identification:_identify(src/launch_param_builder) by extension 'ignore'
[0.575s] Level 1:colcon.colcon_core.package_identification:_identify(src/launch_param_builder) by extension 'ignore_ament_install'
[0.575s] Level 1:colcon.colcon_core.package_identification:_identify(src/launch_param_builder) by extensions ['colcon_pkg']
[0.575s] Level 1:colcon.colcon_core.package_identification:_identify(src/launch_param_builder) by extension 'colcon_pkg'
[0.575s] Level 1:colcon.colcon_core.package_identification:_identify(src/launch_param_builder) by extensions ['colcon_meta']
[0.575s] Level 1:colcon.colcon_core.package_identification:_identify(src/launch_param_builder) by extension 'colcon_meta'
[0.576s] Level 1:colcon.colcon_core.package_identification:_identify(src/launch_param_builder) by extensions ['ros']
[0.576s] Level 1:colcon.colcon_core.package_identification:_identify(src/launch_param_builder) by extension 'ros'
[0.576s] DEBUG:colcon.colcon_core.package_identification:Package 'src/launch_param_builder' with type 'ros.ament_python' and name 'launch_param_builder'
[0.576s] Level 1:colcon.colcon_core.package_identification:_identify(src/moveit2) by extensions ['ignore', 'ignore_ament_install']
[0.577s] Level 1:colcon.colcon_core.package_identification:_identify(src/moveit2) by extension 'ignore'
[0.577s] Level 1:colcon.colcon_core.package_identification:_identify(src/moveit2) by extension 'ignore_ament_install'
[0.577s] Level 1:colcon.colcon_core.package_identification:_identify(src/moveit2) by extensions ['colcon_pkg']
[0.577s] Level 1:colcon.colcon_core.package_identification:_identify(src/moveit2) by extension 'colcon_pkg'
[0.577s] Level 1:colcon.colcon_core.package_identification:_identify(src/moveit2) by extensions ['colcon_meta']
[0.577s] Level 1:colcon.colcon_core.package_identification:_identify(src/moveit2) by extension 'colcon_meta'
[0.577s] Level 1:colcon.colcon_core.package_identification:_identify(src/moveit2) by extensions ['ros']
[0.577s] Level 1:colcon.colcon_core.package_identification:_identify(src/moveit2) by extension 'ros'
[0.577s] Level 1:colcon.colcon_core.package_identification:_identify(src/moveit2) by extensions ['cmake', 'python']
[0.577s] Level 1:colcon.colcon_core.package_identification:_identify(src/moveit2) by extension 'cmake'
[0.577s] Level 1:colcon.colcon_core.package_identification:_identify(src/moveit2) by extension 'python'
[0.577s] Level 1:colcon.colcon_core.package_identification:_identify(src/moveit2) by extensions ['python_setup_py']
[0.577s] Level 1:colcon.colcon_core.package_identification:_identify(src/moveit2) by extension 'python_setup_py'
[0.577s] Level 1:colcon.colcon_core.package_identification:_identify(src/moveit2/doc) by extensions ['ignore', 'ignore_ament_install']
[0.577s] Level 1:colcon.colcon_core.package_identification:_identify(src/moveit2/doc) by extension 'ignore'
[0.578s] Level 1:colcon.colcon_core.package_identification:_identify(src/moveit2/doc) by extension 'ignore_ament_install'
[0.578s] Level 1:colcon.colcon_core.package_identification:_identify(src/moveit2/doc) by extensions ['colcon_pkg']
[0.578s] Level 1:colcon.colcon_core.package_identification:_identify(src/moveit2/doc) by extension 'colcon_pkg'
[0.578s] Level 1:colcon.colcon_core.package_identification:_identify(src/moveit2/doc) by extensions ['colcon_meta']
[0.578s] Level 1:colcon.colcon_core.package_identification:_identify(src/moveit2/doc) by extension 'colcon_meta'
[0.578s] Level 1:colcon.colcon_core.package_identification:_identify(src/moveit2/doc) by extensions ['ros']
[0.578s] Level 1:colcon.colcon_core.package_identification:_identify(src/moveit2/doc) by extension 'ros'
[0.578s] Level 1:colcon.colcon_core.package_identification:_identify(src/moveit2/doc) by extensions ['cmake', 'python']
[0.578s] Level 1:colcon.colcon_core.package_identification:_identify(src/moveit2/doc) by extension 'cmake'
[0.578s] Level 1:colcon.colcon_core.package_identification:_identify(src/moveit2/doc) by extension 'python'
[0.578s] Level 1:colcon.colcon_core.package_identification:_identify(src/moveit2/doc) by extensions ['python_setup_py']
[0.578s] Level 1:colcon.colcon_core.package_identification:_identify(src/moveit2/doc) by extension 'python_setup_py'
[0.578s] Level 1:colcon.colcon_core.package_identification:_identify(src/moveit2/moveit) by extensions ['ignore', 'ignore_ament_install']
[0.578s] Level 1:colcon.colcon_core.package_identification:_identify(src/moveit2/moveit) by extension 'ignore'
[0.578s] Level 1:colcon.colcon_core.package_identification:_identify(src/moveit2/moveit) by extension 'ignore_ament_install'
[0.578s] Level 1:colcon.colcon_core.package_identification:_identify(src/moveit2/moveit) by extensions ['colcon_pkg']
[0.579s] Level 1:colcon.colcon_core.package_identification:_identify(src/moveit2/moveit) by extension 'colcon_pkg'
[0.579s] Level 1:colcon.colcon_core.package_identification:_identify(src/moveit2/moveit) by extensions ['colcon_meta']
[0.579s] Level 1:colcon.colcon_core.package_identification:_identify(src/moveit2/moveit) by extension 'colcon_meta'
[0.579s] Level 1:colcon.colcon_core.package_identification:_identify(src/moveit2/moveit) by extensions ['ros']
[0.579s] Level 1:colcon.colcon_core.package_identification:_identify(src/moveit2/moveit) by extension 'ros'
[0.580s] DEBUG:colcon.colcon_core.package_identification:Package 'src/moveit2/moveit' with type 'ros.ament_cmake' and name 'moveit'
[0.580s] Level 1:colcon.colcon_core.package_identification:_identify(src/moveit2/moveit_commander) by extensions ['ignore', 'ignore_ament_install']
[0.580s] Level 1:colcon.colcon_core.package_identification:_identify(src/moveit2/moveit_commander) by extension 'ignore'
[0.580s] Level 1:colcon.colcon_core.package_identification:_identify(src/moveit2/moveit_commander) ignored
[0.580s] Level 1:colcon.colcon_core.package_identification:_identify(src/moveit2/moveit_common) by extensions ['ignore', 'ignore_ament_install']
[0.581s] Level 1:colcon.colcon_core.package_identification:_identify(src/moveit2/moveit_common) by extension 'ignore'
[0.581s] Level 1:colcon.colcon_core.package_identification:_identify(src/moveit2/moveit_common) by extension 'ignore_ament_install'
[0.581s] Level 1:colcon.colcon_core.package_identification:_identify(src/moveit2/moveit_common) by extensions ['colcon_pkg']
[0.581s] Level 1:colcon.colcon_core.package_identification:_identify(src/moveit2/moveit_common) by extension 'colcon_pkg'
[0.581s] Level 1:colcon.colcon_core.package_identification:_identify(src/moveit2/moveit_common) by extensions ['colcon_meta']
[0.581s] Level 1:colcon.colcon_core.package_identification:_identify(src/moveit2/moveit_common) by extension 'colcon_meta'
[0.581s] Level 1:colcon.colcon_core.package_identification:_identify(src/moveit2/moveit_common) by extensions ['ros']
[0.581s] Level 1:colcon.colcon_core.package_identification:_identify(src/moveit2/moveit_common) by extension 'ros'
[0.582s] DEBUG:colcon.colcon_core.package_identification:Package 'src/moveit2/moveit_common' with type 'ros.ament_cmake' and name 'moveit_common'
[0.582s] Level 1:colcon.colcon_core.package_identification:_identify(src/moveit2/moveit_configs_utils) by extensions ['ignore', 'ignore_ament_install']
[0.582s] Level 1:colcon.colcon_core.package_identification:_identify(src/moveit2/moveit_configs_utils) by extension 'ignore'
[0.582s] Level 1:colcon.colcon_core.package_identification:_identify(src/moveit2/moveit_configs_utils) by extension 'ignore_ament_install'
[0.582s] Level 1:colcon.colcon_core.package_identification:_identify(src/moveit2/moveit_configs_utils) by extensions ['colcon_pkg']
[0.582s] Level 1:colcon.colcon_core.package_identification:_identify(src/moveit2/moveit_configs_utils) by extension 'colcon_pkg'
[0.582s] Level 1:colcon.colcon_core.package_identification:_identify(src/moveit2/moveit_configs_utils) by extensions ['colcon_meta']
[0.583s] Level 1:colcon.colcon_core.package_identification:_identify(src/moveit2/moveit_configs_utils) by extension 'colcon_meta'
[0.583s] Level 1:colcon.colcon_core.package_identification:_identify(src/moveit2/moveit_configs_utils) by extensions ['ros']
[0.583s] Level 1:colcon.colcon_core.package_identification:_identify(src/moveit2/moveit_configs_utils) by extension 'ros'
[0.583s] DEBUG:colcon.colcon_core.package_identification:Package 'src/moveit2/moveit_configs_utils' with type 'ros.ament_python' and name 'moveit_configs_utils'
[0.584s] Level 1:colcon.colcon_core.package_identification:_identify(src/moveit2/moveit_core) by extensions ['ignore', 'ignore_ament_install']
[0.584s] Level 1:colcon.colcon_core.package_identification:_identify(src/moveit2/moveit_core) by extension 'ignore'
[0.584s] Level 1:colcon.colcon_core.package_identification:_identify(src/moveit2/moveit_core) by extension 'ignore_ament_install'
[0.584s] Level 1:colcon.colcon_core.package_identification:_identify(src/moveit2/moveit_core) by extensions ['colcon_pkg']
[0.584s] Level 1:colcon.colcon_core.package_identification:_identify(src/moveit2/moveit_core) by extension 'colcon_pkg'
[0.584s] Level 1:colcon.colcon_core.package_identification:_identify(src/moveit2/moveit_core) by extensions ['colcon_meta']
[0.584s] Level 1:colcon.colcon_core.package_identification:_identify(src/moveit2/moveit_core) by extension 'colcon_meta'
[0.584s] Level 1:colcon.colcon_core.package_identification:_identify(src/moveit2/moveit_core) by extensions ['ros']
[0.584s] Level 1:colcon.colcon_core.package_identification:_identify(src/moveit2/moveit_core) by extension 'ros'
[0.590s] DEBUG:colcon.colcon_core.package_identification:Package 'src/moveit2/moveit_core' with type 'ros.ament_cmake' and name 'moveit_core'
[0.590s] Level 1:colcon.colcon_core.package_identification:_identify(src/moveit2/moveit_experimental) by extensions ['ignore', 'ignore_ament_install']
[0.590s] Level 1:colcon.colcon_core.package_identification:_identify(src/moveit2/moveit_experimental) by extension 'ignore'
[0.591s] Level 1:colcon.colcon_core.package_identification:_identify(src/moveit2/moveit_experimental) ignored
[0.591s] Level 1:colcon.colcon_core.package_identification:_identify(src/moveit2/moveit_kinematics) by extensions ['ignore', 'ignore_ament_install']
[0.591s] Level 1:colcon.colcon_core.package_identification:_identify(src/moveit2/moveit_kinematics) by extension 'ignore'
[0.591s] Level 1:colcon.colcon_core.package_identification:_identify(src/moveit2/moveit_kinematics) by extension 'ignore_ament_install'
[0.591s] Level 1:colcon.colcon_core.package_identification:_identify(src/moveit2/moveit_kinematics) by extensions ['colcon_pkg']
[0.591s] Level 1:colcon.colcon_core.package_identification:_identify(src/moveit2/moveit_kinematics) by extension 'colcon_pkg'
[0.591s] Level 1:colcon.colcon_core.package_identification:_identify(src/moveit2/moveit_kinematics) by extensions ['colcon_meta']
[0.591s] Level 1:colcon.colcon_core.package_identification:_identify(src/moveit2/moveit_kinematics) by extension 'colcon_meta'
[0.591s] Level 1:colcon.colcon_core.package_identification:_identify(src/moveit2/moveit_kinematics) by extensions ['ros']
[0.591s] Level 1:colcon.colcon_core.package_identification:_identify(src/moveit2/moveit_kinematics) by extension 'ros'
[0.594s] DEBUG:colcon.colcon_core.package_identification:Package 'src/moveit2/moveit_kinematics' with type 'ros.ament_cmake' and name 'moveit_kinematics'
[0.594s] Level 1:colcon.colcon_core.package_identification:_identify(src/moveit2/moveit_planners) by extensions ['ignore', 'ignore_ament_install']
[0.594s] Level 1:colcon.colcon_core.package_identification:_identify(src/moveit2/moveit_planners) by extension 'ignore'
[0.594s] Level 1:colcon.colcon_core.package_identification:_identify(src/moveit2/moveit_planners) by extension 'ignore_ament_install'
[0.594s] Level 1:colcon.colcon_core.package_identification:_identify(src/moveit2/moveit_planners) by extensions ['colcon_pkg']
[0.594s] Level 1:colcon.colcon_core.package_identification:_identify(src/moveit2/moveit_planners) by extension 'colcon_pkg'
[0.594s] Level 1:colcon.colcon_core.package_identification:_identify(src/moveit2/moveit_planners) by extensions ['colcon_meta']
[0.594s] Level 1:colcon.colcon_core.package_identification:_identify(src/moveit2/moveit_planners) by extension 'colcon_meta'
[0.594s] Level 1:colcon.colcon_core.package_identification:_identify(src/moveit2/moveit_planners) by extensions ['ros']
[0.594s] Level 1:colcon.colcon_core.package_identification:_identify(src/moveit2/moveit_planners) by extension 'ros'
[0.594s] Level 1:colcon.colcon_core.package_identification:_identify(src/moveit2/moveit_planners) by extensions ['cmake', 'python']
[0.594s] Level 1:colcon.colcon_core.package_identification:_identify(src/moveit2/moveit_planners) by extension 'cmake'
[0.594s] Level 1:colcon.colcon_core.package_identification:_identify(src/moveit2/moveit_planners) by extension 'python'
[0.594s] Level 1:colcon.colcon_core.package_identification:_identify(src/moveit2/moveit_planners) by extensions ['python_setup_py']
[0.595s] Level 1:colcon.colcon_core.package_identification:_identify(src/moveit2/moveit_planners) by extension 'python_setup_py'
[0.595s] Level 1:colcon.colcon_core.package_identification:_identify(src/moveit2/moveit_planners/chomp) by extensions ['ignore', 'ignore_ament_install']
[0.595s] Level 1:colcon.colcon_core.package_identification:_identify(src/moveit2/moveit_planners/chomp) by extension 'ignore'
[0.595s] Level 1:colcon.colcon_core.package_identification:_identify(src/moveit2/moveit_planners/chomp) by extension 'ignore_ament_install'
[0.595s] Level 1:colcon.colcon_core.package_identification:_identify(src/moveit2/moveit_planners/chomp) by extensions ['colcon_pkg']
[0.595s] Level 1:colcon.colcon_core.package_identification:_identify(src/moveit2/moveit_planners/chomp) by extension 'colcon_pkg'
[0.595s] Level 1:colcon.colcon_core.package_identification:_identify(src/moveit2/moveit_planners/chomp) by extensions ['colcon_meta']
[0.595s] Level 1:colcon.colcon_core.package_identification:_identify(src/moveit2/moveit_planners/chomp) by extension 'colcon_meta'
[0.595s] Level 1:colcon.colcon_core.package_identification:_identify(src/moveit2/moveit_planners/chomp) by extensions ['ros']
[0.595s] Level 1:colcon.colcon_core.package_identification:_identify(src/moveit2/moveit_planners/chomp) by extension 'ros'
[0.595s] Level 1:colcon.colcon_core.package_identification:_identify(src/moveit2/moveit_planners/chomp) by extensions ['cmake', 'python']
[0.595s] Level 1:colcon.colcon_core.package_identification:_identify(src/moveit2/moveit_planners/chomp) by extension 'cmake'
[0.595s] Level 1:colcon.colcon_core.package_identification:_identify(src/moveit2/moveit_planners/chomp) by extension 'python'
[0.595s] Level 1:colcon.colcon_core.package_identification:_identify(src/moveit2/moveit_planners/chomp) by extensions ['python_setup_py']
[0.595s] Level 1:colcon.colcon_core.package_identification:_identify(src/moveit2/moveit_planners/chomp) by extension 'python_setup_py'
[0.596s] Level 1:colcon.colcon_core.package_identification:_identify(src/moveit2/moveit_planners/chomp/chomp_interface) by extensions ['ignore', 'ignore_ament_install']
[0.596s] Level 1:colcon.colcon_core.package_identification:_identify(src/moveit2/moveit_planners/chomp/chomp_interface) by extension 'ignore'
[0.596s] Level 1:colcon.colcon_core.package_identification:_identify(src/moveit2/moveit_planners/chomp/chomp_interface) by extension 'ignore_ament_install'
[0.596s] Level 1:colcon.colcon_core.package_identification:_identify(src/moveit2/moveit_planners/chomp/chomp_interface) by extensions ['colcon_pkg']
[0.596s] Level 1:colcon.colcon_core.package_identification:_identify(src/moveit2/moveit_planners/chomp/chomp_interface) by extension 'colcon_pkg'
[0.596s] Level 1:colcon.colcon_core.package_identification:_identify(src/moveit2/moveit_planners/chomp/chomp_interface) by extensions ['colcon_meta']
[0.596s] Level 1:colcon.colcon_core.package_identification:_identify(src/moveit2/moveit_planners/chomp/chomp_interface) by extension 'colcon_meta'
[0.596s] Level 1:colcon.colcon_core.package_identification:_identify(src/moveit2/moveit_planners/chomp/chomp_interface) by extensions ['ros']
[0.596s] Level 1:colcon.colcon_core.package_identification:_identify(src/moveit2/moveit_planners/chomp/chomp_interface) by extension 'ros'
[0.598s] DEBUG:colcon.colcon_core.package_identification:Package 'src/moveit2/moveit_planners/chomp/chomp_interface' with type 'ros.ament_cmake' and name 'moveit_planners_chomp'
[0.598s] Level 1:colcon.colcon_core.package_identification:_identify(src/moveit2/moveit_planners/chomp/chomp_motion_planner) by extensions ['ignore', 'ignore_ament_install']
[0.598s] Level 1:colcon.colcon_core.package_identification:_identify(src/moveit2/moveit_planners/chomp/chomp_motion_planner) by extension 'ignore'
[0.598s] Level 1:colcon.colcon_core.package_identification:_identify(src/moveit2/moveit_planners/chomp/chomp_motion_planner) by extension 'ignore_ament_install'
[0.598s] Level 1:colcon.colcon_core.package_identification:_identify(src/moveit2/moveit_planners/chomp/chomp_motion_planner) by extensions ['colcon_pkg']
[0.598s] Level 1:colcon.colcon_core.package_identification:_identify(src/moveit2/moveit_planners/chomp/chomp_motion_planner) by extension 'colcon_pkg'
[0.598s] Level 1:colcon.colcon_core.package_identification:_identify(src/moveit2/moveit_planners/chomp/chomp_motion_planner) by extensions ['colcon_meta']
[0.598s] Level 1:colcon.colcon_core.package_identification:_identify(src/moveit2/moveit_planners/chomp/chomp_motion_planner) by extension 'colcon_meta'
[0.598s] Level 1:colcon.colcon_core.package_identification:_identify(src/moveit2/moveit_planners/chomp/chomp_motion_planner) by extensions ['ros']
[0.598s] Level 1:colcon.colcon_core.package_identification:_identify(src/moveit2/moveit_planners/chomp/chomp_motion_planner) by extension 'ros'
[0.600s] DEBUG:colcon.colcon_core.package_identification:Package 'src/moveit2/moveit_planners/chomp/chomp_motion_planner' with type 'ros.ament_cmake' and name 'chomp_motion_planner'
[0.600s] Level 1:colcon.colcon_core.package_identification:_identify(src/moveit2/moveit_planners/chomp/chomp_optimizer_adapter) by extensions ['ignore', 'ignore_ament_install']
[0.600s] Level 1:colcon.colcon_core.package_identification:_identify(src/moveit2/moveit_planners/chomp/chomp_optimizer_adapter) by extension 'ignore'
[0.600s] Level 1:colcon.colcon_core.package_identification:_identify(src/moveit2/moveit_planners/chomp/chomp_optimizer_adapter) by extension 'ignore_ament_install'
[0.600s] Level 1:colcon.colcon_core.package_identification:_identify(src/moveit2/moveit_planners/chomp/chomp_optimizer_adapter) by extensions ['colcon_pkg']
[0.600s] Level 1:colcon.colcon_core.package_identification:_identify(src/moveit2/moveit_planners/chomp/chomp_optimizer_adapter) by extension 'colcon_pkg'
[0.600s] Level 1:colcon.colcon_core.package_identification:_identify(src/moveit2/moveit_planners/chomp/chomp_optimizer_adapter) by extensions ['colcon_meta']
[0.600s] Level 1:colcon.colcon_core.package_identification:_identify(src/moveit2/moveit_planners/chomp/chomp_optimizer_adapter) by extension 'colcon_meta'
[0.600s] Level 1:colcon.colcon_core.package_identification:_identify(src/moveit2/moveit_planners/chomp/chomp_optimizer_adapter) by extensions ['ros']
[0.600s] Level 1:colcon.colcon_core.package_identification:_identify(src/moveit2/moveit_planners/chomp/chomp_optimizer_adapter) by extension 'ros'
[0.601s] DEBUG:colcon.colcon_core.package_identification:Package 'src/moveit2/moveit_planners/chomp/chomp_optimizer_adapter' with type 'ros.ament_cmake' and name 'moveit_chomp_optimizer_adapter'
[0.602s] Level 1:colcon.colcon_core.package_identification:_identify(src/moveit2/moveit_planners/moveit_planners) by extensions ['ignore', 'ignore_ament_install']
[0.602s] Level 1:colcon.colcon_core.package_identification:_identify(src/moveit2/moveit_planners/moveit_planners) by extension 'ignore'
[0.602s] Level 1:colcon.colcon_core.package_identification:_identify(src/moveit2/moveit_planners/moveit_planners) by extension 'ignore_ament_install'
[0.602s] Level 1:colcon.colcon_core.package_identification:_identify(src/moveit2/moveit_planners/moveit_planners) by extensions ['colcon_pkg']
[0.602s] Level 1:colcon.colcon_core.package_identification:_identify(src/moveit2/moveit_planners/moveit_planners) by extension 'colcon_pkg'
[0.602s] Level 1:colcon.colcon_core.package_identification:_identify(src/moveit2/moveit_planners/moveit_planners) by extensions ['colcon_meta']
[0.602s] Level 1:colcon.colcon_core.package_identification:_identify(src/moveit2/moveit_planners/moveit_planners) by extension 'colcon_meta'
[0.602s] Level 1:colcon.colcon_core.package_identification:_identify(src/moveit2/moveit_planners/moveit_planners) by extensions ['ros']
[0.602s] Level 1:colcon.colcon_core.package_identification:_identify(src/moveit2/moveit_planners/moveit_planners) by extension 'ros'
[0.603s] DEBUG:colcon.colcon_core.package_identification:Package 'src/moveit2/moveit_planners/moveit_planners' with type 'ros.ament_cmake' and name 'moveit_planners'
[0.603s] Level 1:colcon.colcon_core.package_identification:_identify(src/moveit2/moveit_planners/ompl) by extensions ['ignore', 'ignore_ament_install']
[0.603s] Level 1:colcon.colcon_core.package_identification:_identify(src/moveit2/moveit_planners/ompl) by extension 'ignore'
[0.603s] Level 1:colcon.colcon_core.package_identification:_identify(src/moveit2/moveit_planners/ompl) by extension 'ignore_ament_install'
[0.604s] Level 1:colcon.colcon_core.package_identification:_identify(src/moveit2/moveit_planners/ompl) by extensions ['colcon_pkg']
[0.604s] Level 1:colcon.colcon_core.package_identification:_identify(src/moveit2/moveit_planners/ompl) by extension 'colcon_pkg'
[0.604s] Level 1:colcon.colcon_core.package_identification:_identify(src/moveit2/moveit_planners/ompl) by extensions ['colcon_meta']
[0.604s] Level 1:colcon.colcon_core.package_identification:_identify(src/moveit2/moveit_planners/ompl) by extension 'colcon_meta'
[0.604s] Level 1:colcon.colcon_core.package_identification:_identify(src/moveit2/moveit_planners/ompl) by extensions ['ros']
[0.604s] Level 1:colcon.colcon_core.package_identification:_identify(src/moveit2/moveit_planners/ompl) by extension 'ros'
[0.606s] DEBUG:colcon.colcon_core.package_identification:Package 'src/moveit2/moveit_planners/ompl' with type 'ros.ament_cmake' and name 'moveit_planners_ompl'
[0.606s] Level 1:colcon.colcon_core.package_identification:_identify(src/moveit2/moveit_planners/pilz_industrial_motion_planner) by extensions ['ignore', 'ignore_ament_install']
[0.606s] Level 1:colcon.colcon_core.package_identification:_identify(src/moveit2/moveit_planners/pilz_industrial_motion_planner) by extension 'ignore'
[0.606s] Level 1:colcon.colcon_core.package_identification:_identify(src/moveit2/moveit_planners/pilz_industrial_motion_planner) by extension 'ignore_ament_install'
[0.607s] Level 1:colcon.colcon_core.package_identification:_identify(src/moveit2/moveit_planners/pilz_industrial_motion_planner) by extensions ['colcon_pkg']
[0.607s] Level 1:colcon.colcon_core.package_identification:_identify(src/moveit2/moveit_planners/pilz_industrial_motion_planner) by extension 'colcon_pkg'
[0.607s] Level 1:colcon.colcon_core.package_identification:_identify(src/moveit2/moveit_planners/pilz_industrial_motion_planner) by extensions ['colcon_meta']
[0.607s] Level 1:colcon.colcon_core.package_identification:_identify(src/moveit2/moveit_planners/pilz_industrial_motion_planner) by extension 'colcon_meta'
[0.607s] Level 1:colcon.colcon_core.package_identification:_identify(src/moveit2/moveit_planners/pilz_industrial_motion_planner) by extensions ['ros']
[0.607s] Level 1:colcon.colcon_core.package_identification:_identify(src/moveit2/moveit_planners/pilz_industrial_motion_planner) by extension 'ros'
[0.610s] DEBUG:colcon.colcon_core.package_identification:Package 'src/moveit2/moveit_planners/pilz_industrial_motion_planner' with type 'ros.ament_cmake' and name 'pilz_industrial_motion_planner'
[0.610s] Level 1:colcon.colcon_core.package_identification:_identify(src/moveit2/moveit_planners/pilz_industrial_motion_planner_testutils) by extensions ['ignore', 'ignore_ament_install']
[0.610s] Level 1:colcon.colcon_core.package_identification:_identify(src/moveit2/moveit_planners/pilz_industrial_motion_planner_testutils) by extension 'ignore'
[0.610s] Level 1:colcon.colcon_core.package_identification:_identify(src/moveit2/moveit_planners/pilz_industrial_motion_planner_testutils) by extension 'ignore_ament_install'
[0.610s] Level 1:colcon.colcon_core.package_identification:_identify(src/moveit2/moveit_planners/pilz_industrial_motion_planner_testutils) by extensions ['colcon_pkg']
[0.610s] Level 1:colcon.colcon_core.package_identification:_identify(src/moveit2/moveit_planners/pilz_industrial_motion_planner_testutils) by extension 'colcon_pkg'
[0.610s] Level 1:colcon.colcon_core.package_identification:_identify(src/moveit2/moveit_planners/pilz_industrial_motion_planner_testutils) by extensions ['colcon_meta']
[0.610s] Level 1:colcon.colcon_core.package_identification:_identify(src/moveit2/moveit_planners/pilz_industrial_motion_planner_testutils) by extension 'colcon_meta'
[0.610s] Level 1:colcon.colcon_core.package_identification:_identify(src/moveit2/moveit_planners/pilz_industrial_motion_planner_testutils) by extensions ['ros']
[0.610s] Level 1:colcon.colcon_core.package_identification:_identify(src/moveit2/moveit_planners/pilz_industrial_motion_planner_testutils) by extension 'ros'
[0.612s] DEBUG:colcon.colcon_core.package_identification:Package 'src/moveit2/moveit_planners/pilz_industrial_motion_planner_testutils' with type 'ros.ament_cmake' and name 'pilz_industrial_motion_planner_testutils'
[0.612s] Level 1:colcon.colcon_core.package_identification:_identify(src/moveit2/moveit_planners/test_configs) by extensions ['ignore', 'ignore_ament_install']
[0.612s] Level 1:colcon.colcon_core.package_identification:_identify(src/moveit2/moveit_planners/test_configs) by extension 'ignore'
[0.612s] Level 1:colcon.colcon_core.package_identification:_identify(src/moveit2/moveit_planners/test_configs) by extension 'ignore_ament_install'
[0.612s] Level 1:colcon.colcon_core.package_identification:_identify(src/moveit2/moveit_planners/test_configs) by extensions ['colcon_pkg']
[0.612s] Level 1:colcon.colcon_core.package_identification:_identify(src/moveit2/moveit_planners/test_configs) by extension 'colcon_pkg'
[0.612s] Level 1:colcon.colcon_core.package_identification:_identify(src/moveit2/moveit_planners/test_configs) by extensions ['colcon_meta']
[0.612s] Level 1:colcon.colcon_core.package_identification:_identify(src/moveit2/moveit_planners/test_configs) by extension 'colcon_meta'
[0.612s] Level 1:colcon.colcon_core.package_identification:_identify(src/moveit2/moveit_planners/test_configs) by extensions ['ros']
[0.613s] Level 1:colcon.colcon_core.package_identification:_identify(src/moveit2/moveit_planners/test_configs) by extension 'ros'
[0.613s] Level 1:colcon.colcon_core.package_identification:_identify(src/moveit2/moveit_planners/test_configs) by extensions ['cmake', 'python']
[0.613s] Level 1:colcon.colcon_core.package_identification:_identify(src/moveit2/moveit_planners/test_configs) by extension 'cmake'
[0.613s] Level 1:colcon.colcon_core.package_identification:_identify(src/moveit2/moveit_planners/test_configs) by extension 'python'
[0.613s] Level 1:colcon.colcon_core.package_identification:_identify(src/moveit2/moveit_planners/test_configs) by extensions ['python_setup_py']
[0.613s] Level 1:colcon.colcon_core.package_identification:_identify(src/moveit2/moveit_planners/test_configs) by extension 'python_setup_py'
[0.613s] Level 1:colcon.colcon_core.package_identification:_identify(src/moveit2/moveit_planners/test_configs/prbt_ikfast_manipulator_plugin) by extensions ['ignore', 'ignore_ament_install']
[0.613s] Level 1:colcon.colcon_core.package_identification:_identify(src/moveit2/moveit_planners/test_configs/prbt_ikfast_manipulator_plugin) by extension 'ignore'
[0.613s] Level 1:colcon.colcon_core.package_identification:_identify(src/moveit2/moveit_planners/test_configs/prbt_ikfast_manipulator_plugin) by extension 'ignore_ament_install'
[0.613s] Level 1:colcon.colcon_core.package_identification:_identify(src/moveit2/moveit_planners/test_configs/prbt_ikfast_manipulator_plugin) by extensions ['colcon_pkg']
[0.613s] Level 1:colcon.colcon_core.package_identification:_identify(src/moveit2/moveit_planners/test_configs/prbt_ikfast_manipulator_plugin) by extension 'colcon_pkg'
[0.613s] Level 1:colcon.colcon_core.package_identification:_identify(src/moveit2/moveit_planners/test_configs/prbt_ikfast_manipulator_plugin) by extensions ['colcon_meta']
[0.613s] Level 1:colcon.colcon_core.package_identification:_identify(src/moveit2/moveit_planners/test_configs/prbt_ikfast_manipulator_plugin) by extension 'colcon_meta'
[0.613s] Level 1:colcon.colcon_core.package_identification:_identify(src/moveit2/moveit_planners/test_configs/prbt_ikfast_manipulator_plugin) by extensions ['ros']
[0.613s] Level 1:colcon.colcon_core.package_identification:_identify(src/moveit2/moveit_planners/test_configs/prbt_ikfast_manipulator_plugin) by extension 'ros'
[0.615s] DEBUG:colcon.colcon_core.package_identification:Package 'src/moveit2/moveit_planners/test_configs/prbt_ikfast_manipulator_plugin' with type 'ros.ament_cmake' and name 'moveit_resources_prbt_ikfast_manipulator_plugin'
[0.615s] Level 1:colcon.colcon_core.package_identification:_identify(src/moveit2/moveit_planners/test_configs/prbt_moveit_config) by extensions ['ignore', 'ignore_ament_install']
[0.615s] Level 1:colcon.colcon_core.package_identification:_identify(src/moveit2/moveit_planners/test_configs/prbt_moveit_config) by extension 'ignore'
[0.615s] Level 1:colcon.colcon_core.package_identification:_identify(src/moveit2/moveit_planners/test_configs/prbt_moveit_config) by extension 'ignore_ament_install'
[0.615s] Level 1:colcon.colcon_core.package_identification:_identify(src/moveit2/moveit_planners/test_configs/prbt_moveit_config) by extensions ['colcon_pkg']
[0.615s] Level 1:colcon.colcon_core.package_identification:_identify(src/moveit2/moveit_planners/test_configs/prbt_moveit_config) by extension 'colcon_pkg'
[0.615s] Level 1:colcon.colcon_core.package_identification:_identify(src/moveit2/moveit_planners/test_configs/prbt_moveit_config) by extensions ['colcon_meta']
[0.615s] Level 1:colcon.colcon_core.package_identification:_identify(src/moveit2/moveit_planners/test_configs/prbt_moveit_config) by extension 'colcon_meta'
[0.615s] Level 1:colcon.colcon_core.package_identification:_identify(src/moveit2/moveit_planners/test_configs/prbt_moveit_config) by extensions ['ros']
[0.615s] Level 1:colcon.colcon_core.package_identification:_identify(src/moveit2/moveit_planners/test_configs/prbt_moveit_config) by extension 'ros'
[0.616s] DEBUG:colcon.colcon_core.package_identification:Package 'src/moveit2/moveit_planners/test_configs/prbt_moveit_config' with type 'ros.ament_cmake' and name 'moveit_resources_prbt_moveit_config'
[0.617s] Level 1:colcon.colcon_core.package_identification:_identify(src/moveit2/moveit_planners/test_configs/prbt_pg70_support) by extensions ['ignore', 'ignore_ament_install']
[0.617s] Level 1:colcon.colcon_core.package_identification:_identify(src/moveit2/moveit_planners/test_configs/prbt_pg70_support) by extension 'ignore'
[0.617s] Level 1:colcon.colcon_core.package_identification:_identify(src/moveit2/moveit_planners/test_configs/prbt_pg70_support) by extension 'ignore_ament_install'
[0.617s] Level 1:colcon.colcon_core.package_identification:_identify(src/moveit2/moveit_planners/test_configs/prbt_pg70_support) by extensions ['colcon_pkg']
[0.617s] Level 1:colcon.colcon_core.package_identification:_identify(src/moveit2/moveit_planners/test_configs/prbt_pg70_support) by extension 'colcon_pkg'
[0.617s] Level 1:colcon.colcon_core.package_identification:_identify(src/moveit2/moveit_planners/test_configs/prbt_pg70_support) by extensions ['colcon_meta']
[0.617s] Level 1:colcon.colcon_core.package_identification:_identify(src/moveit2/moveit_planners/test_configs/prbt_pg70_support) by extension 'colcon_meta'
[0.617s] Level 1:colcon.colcon_core.package_identification:_identify(src/moveit2/moveit_planners/test_configs/prbt_pg70_support) by extensions ['ros']
[0.617s] Level 1:colcon.colcon_core.package_identification:_identify(src/moveit2/moveit_planners/test_configs/prbt_pg70_support) by extension 'ros'
[0.618s] DEBUG:colcon.colcon_core.package_identification:Package 'src/moveit2/moveit_planners/test_configs/prbt_pg70_support' with type 'ros.ament_cmake' and name 'moveit_resources_prbt_pg70_support'
[0.618s] Level 1:colcon.colcon_core.package_identification:_identify(src/moveit2/moveit_planners/test_configs/prbt_support) by extensions ['ignore', 'ignore_ament_install']
[0.619s] Level 1:colcon.colcon_core.package_identification:_identify(src/moveit2/moveit_planners/test_configs/prbt_support) by extension 'ignore'
[0.619s] Level 1:colcon.colcon_core.package_identification:_identify(src/moveit2/moveit_planners/test_configs/prbt_support) by extension 'ignore_ament_install'
[0.619s] Level 1:colcon.colcon_core.package_identification:_identify(src/moveit2/moveit_planners/test_configs/prbt_support) by extensions ['colcon_pkg']
[0.619s] Level 1:colcon.colcon_core.package_identification:_identify(src/moveit2/moveit_planners/test_configs/prbt_support) by extension 'colcon_pkg'
[0.619s] Level 1:colcon.colcon_core.package_identification:_identify(src/moveit2/moveit_planners/test_configs/prbt_support) by extensions ['colcon_meta']
[0.619s] Level 1:colcon.colcon_core.package_identification:_identify(src/moveit2/moveit_planners/test_configs/prbt_support) by extension 'colcon_meta'
[0.619s] Level 1:colcon.colcon_core.package_identification:_identify(src/moveit2/moveit_planners/test_configs/prbt_support) by extensions ['ros']
[0.619s] Level 1:colcon.colcon_core.package_identification:_identify(src/moveit2/moveit_planners/test_configs/prbt_support) by extension 'ros'
[0.620s] DEBUG:colcon.colcon_core.package_identification:Package 'src/moveit2/moveit_planners/test_configs/prbt_support' with type 'ros.ament_cmake' and name 'moveit_resources_prbt_support'
[0.620s] Level 1:colcon.colcon_core.package_identification:_identify(src/moveit2/moveit_planners/trajopt) by extensions ['ignore', 'ignore_ament_install']
[0.620s] Level 1:colcon.colcon_core.package_identification:_identify(src/moveit2/moveit_planners/trajopt) by extension 'ignore'
[0.620s] Level 1:colcon.colcon_core.package_identification:_identify(src/moveit2/moveit_planners/trajopt) ignored
[0.621s] Level 1:colcon.colcon_core.package_identification:_identify(src/moveit2/moveit_plugins) by extensions ['ignore', 'ignore_ament_install']
[0.621s] Level 1:colcon.colcon_core.package_identification:_identify(src/moveit2/moveit_plugins) by extension 'ignore'
[0.621s] Level 1:colcon.colcon_core.package_identification:_identify(src/moveit2/moveit_plugins) by extension 'ignore_ament_install'
[0.621s] Level 1:colcon.colcon_core.package_identification:_identify(src/moveit2/moveit_plugins) by extensions ['colcon_pkg']
[0.621s] Level 1:colcon.colcon_core.package_identification:_identify(src/moveit2/moveit_plugins) by extension 'colcon_pkg'
[0.621s] Level 1:colcon.colcon_core.package_identification:_identify(src/moveit2/moveit_plugins) by extensions ['colcon_meta']
[0.622s] Level 1:colcon.colcon_core.package_identification:_identify(src/moveit2/moveit_plugins) by extension 'colcon_meta'
[0.622s] Level 1:colcon.colcon_core.package_identification:_identify(src/moveit2/moveit_plugins) by extensions ['ros']
[0.622s] Level 1:colcon.colcon_core.package_identification:_identify(src/moveit2/moveit_plugins) by extension 'ros'
[0.622s] Level 1:colcon.colcon_core.package_identification:_identify(src/moveit2/moveit_plugins) by extensions ['cmake', 'python']
[0.622s] Level 1:colcon.colcon_core.package_identification:_identify(src/moveit2/moveit_plugins) by extension 'cmake'
[0.622s] Level 1:colcon.colcon_core.package_identification:_identify(src/moveit2/moveit_plugins) by extension 'python'
[0.622s] Level 1:colcon.colcon_core.package_identification:_identify(src/moveit2/moveit_plugins) by extensions ['python_setup_py']
[0.622s] Level 1:colcon.colcon_core.package_identification:_identify(src/moveit2/moveit_plugins) by extension 'python_setup_py'
[0.623s] Level 1:colcon.colcon_core.package_identification:_identify(src/moveit2/moveit_plugins/moveit_plugins) by extensions ['ignore', 'ignore_ament_install']
[0.623s] Level 1:colcon.colcon_core.package_identification:_identify(src/moveit2/moveit_plugins/moveit_plugins) by extension 'ignore'
[0.623s] Level 1:colcon.colcon_core.package_identification:_identify(src/moveit2/moveit_plugins/moveit_plugins) by extension 'ignore_ament_install'
[0.623s] Level 1:colcon.colcon_core.package_identification:_identify(src/moveit2/moveit_plugins/moveit_plugins) by extensions ['colcon_pkg']
[0.623s] Level 1:colcon.colcon_core.package_identification:_identify(src/moveit2/moveit_plugins/moveit_plugins) by extension 'colcon_pkg'
[0.623s] Level 1:colcon.colcon_core.package_identification:_identify(src/moveit2/moveit_plugins/moveit_plugins) by extensions ['colcon_meta']
[0.623s] Level 1:colcon.colcon_core.package_identification:_identify(src/moveit2/moveit_plugins/moveit_plugins) by extension 'colcon_meta'
[0.624s] Level 1:colcon.colcon_core.package_identification:_identify(src/moveit2/moveit_plugins/moveit_plugins) by extensions ['ros']
[0.624s] Level 1:colcon.colcon_core.package_identification:_identify(src/moveit2/moveit_plugins/moveit_plugins) by extension 'ros'
[0.625s] DEBUG:colcon.colcon_core.package_identification:Package 'src/moveit2/moveit_plugins/moveit_plugins' with type 'ros.ament_cmake' and name 'moveit_plugins'
[0.625s] Level 1:colcon.colcon_core.package_identification:_identify(src/moveit2/moveit_plugins/moveit_ros_control_interface) by extensions ['ignore', 'ignore_ament_install']
[0.625s] Level 1:colcon.colcon_core.package_identification:_identify(src/moveit2/moveit_plugins/moveit_ros_control_interface) by extension 'ignore'
[0.626s] Level 1:colcon.colcon_core.package_identification:_identify(src/moveit2/moveit_plugins/moveit_ros_control_interface) by extension 'ignore_ament_install'
[0.626s] Level 1:colcon.colcon_core.package_identification:_identify(src/moveit2/moveit_plugins/moveit_ros_control_interface) by extensions ['colcon_pkg']
[0.626s] Level 1:colcon.colcon_core.package_identification:_identify(src/moveit2/moveit_plugins/moveit_ros_control_interface) by extension 'colcon_pkg'
[0.626s] Level 1:colcon.colcon_core.package_identification:_identify(src/moveit2/moveit_plugins/moveit_ros_control_interface) by extensions ['colcon_meta']
[0.626s] Level 1:colcon.colcon_core.package_identification:_identify(src/moveit2/moveit_plugins/moveit_ros_control_interface) by extension 'colcon_meta'
[0.626s] Level 1:colcon.colcon_core.package_identification:_identify(src/moveit2/moveit_plugins/moveit_ros_control_interface) by extensions ['ros']
[0.626s] Level 1:colcon.colcon_core.package_identification:_identify(src/moveit2/moveit_plugins/moveit_ros_control_interface) by extension 'ros'
[0.627s] DEBUG:colcon.colcon_core.package_identification:Package 'src/moveit2/moveit_plugins/moveit_ros_control_interface' with type 'ros.ament_cmake' and name 'moveit_ros_control_interface'
[0.628s] Level 1:colcon.colcon_core.package_identification:_identify(src/moveit2/moveit_plugins/moveit_simple_controller_manager) by extensions ['ignore', 'ignore_ament_install']
[0.628s] Level 1:colcon.colcon_core.package_identification:_identify(src/moveit2/moveit_plugins/moveit_simple_controller_manager) by extension 'ignore'
[0.628s] Level 1:colcon.colcon_core.package_identification:_identify(src/moveit2/moveit_plugins/moveit_simple_controller_manager) by extension 'ignore_ament_install'
[0.628s] Level 1:colcon.colcon_core.package_identification:_identify(src/moveit2/moveit_plugins/moveit_simple_controller_manager) by extensions ['colcon_pkg']
[0.628s] Level 1:colcon.colcon_core.package_identification:_identify(src/moveit2/moveit_plugins/moveit_simple_controller_manager) by extension 'colcon_pkg'
[0.628s] Level 1:colcon.colcon_core.package_identification:_identify(src/moveit2/moveit_plugins/moveit_simple_controller_manager) by extensions ['colcon_meta']
[0.628s] Level 1:colcon.colcon_core.package_identification:_identify(src/moveit2/moveit_plugins/moveit_simple_controller_manager) by extension 'colcon_meta'
[0.628s] Level 1:colcon.colcon_core.package_identification:_identify(src/moveit2/moveit_plugins/moveit_simple_controller_manager) by extensions ['ros']
[0.628s] Level 1:colcon.colcon_core.package_identification:_identify(src/moveit2/moveit_plugins/moveit_simple_controller_manager) by extension 'ros'
[0.630s] DEBUG:colcon.colcon_core.package_identification:Package 'src/moveit2/moveit_plugins/moveit_simple_controller_manager' with type 'ros.ament_cmake' and name 'moveit_simple_controller_manager'
[0.630s] Level 1:colcon.colcon_core.package_identification:_identify(src/moveit2/moveit_ros) by extensions ['ignore', 'ignore_ament_install']
[0.630s] Level 1:colcon.colcon_core.package_identification:_identify(src/moveit2/moveit_ros) by extension 'ignore'
[0.631s] Level 1:colcon.colcon_core.package_identification:_identify(src/moveit2/moveit_ros) by extension 'ignore_ament_install'
[0.631s] Level 1:colcon.colcon_core.package_identification:_identify(src/moveit2/moveit_ros) by extensions ['colcon_pkg']
[0.631s] Level 1:colcon.colcon_core.package_identification:_identify(src/moveit2/moveit_ros) by extension 'colcon_pkg'
[0.631s] Level 1:colcon.colcon_core.package_identification:_identify(src/moveit2/moveit_ros) by extensions ['colcon_meta']
[0.631s] Level 1:colcon.colcon_core.package_identification:_identify(src/moveit2/moveit_ros) by extension 'colcon_meta'
[0.631s] Level 1:colcon.colcon_core.package_identification:_identify(src/moveit2/moveit_ros) by extensions ['ros']
[0.631s] Level 1:colcon.colcon_core.package_identification:_identify(src/moveit2/moveit_ros) by extension 'ros'
[0.631s] Level 1:colcon.colcon_core.package_identification:_identify(src/moveit2/moveit_ros) by extensions ['cmake', 'python']
[0.631s] Level 1:colcon.colcon_core.package_identification:_identify(src/moveit2/moveit_ros) by extension 'cmake'
[0.631s] Level 1:colcon.colcon_core.package_identification:_identify(src/moveit2/moveit_ros) by extension 'python'
[0.631s] Level 1:colcon.colcon_core.package_identification:_identify(src/moveit2/moveit_ros) by extensions ['python_setup_py']
[0.631s] Level 1:colcon.colcon_core.package_identification:_identify(src/moveit2/moveit_ros) by extension 'python_setup_py'
[0.631s] Level 1:colcon.colcon_core.package_identification:_identify(src/moveit2/moveit_ros/benchmarks) by extensions ['ignore', 'ignore_ament_install']
[0.632s] Level 1:colcon.colcon_core.package_identification:_identify(src/moveit2/moveit_ros/benchmarks) by extension 'ignore'
[0.632s] Level 1:colcon.colcon_core.package_identification:_identify(src/moveit2/moveit_ros/benchmarks) by extension 'ignore_ament_install'
[0.632s] Level 1:colcon.colcon_core.package_identification:_identify(src/moveit2/moveit_ros/benchmarks) by extensions ['colcon_pkg']
[0.632s] Level 1:colcon.colcon_core.package_identification:_identify(src/moveit2/moveit_ros/benchmarks) by extension 'colcon_pkg'
[0.632s] Level 1:colcon.colcon_core.package_identification:_identify(src/moveit2/moveit_ros/benchmarks) by extensions ['colcon_meta']
[0.632s] Level 1:colcon.colcon_core.package_identification:_identify(src/moveit2/moveit_ros/benchmarks) by extension 'colcon_meta'
[0.632s] Level 1:colcon.colcon_core.package_identification:_identify(src/moveit2/moveit_ros/benchmarks) by extensions ['ros']
[0.632s] Level 1:colcon.colcon_core.package_identification:_identify(src/moveit2/moveit_ros/benchmarks) by extension 'ros'
[0.634s] DEBUG:colcon.colcon_core.package_identification:Package 'src/moveit2/moveit_ros/benchmarks' with type 'ros.ament_cmake' and name 'moveit_ros_benchmarks'
[0.634s] Level 1:colcon.colcon_core.package_identification:_identify(src/moveit2/moveit_ros/hybrid_planning) by extensions ['ignore', 'ignore_ament_install']
[0.634s] Level 1:colcon.colcon_core.package_identification:_identify(src/moveit2/moveit_ros/hybrid_planning) by extension 'ignore'
[0.634s] Level 1:colcon.colcon_core.package_identification:_identify(src/moveit2/moveit_ros/hybrid_planning) by extension 'ignore_ament_install'
[0.634s] Level 1:colcon.colcon_core.package_identification:_identify(src/moveit2/moveit_ros/hybrid_planning) by extensions ['colcon_pkg']
[0.634s] Level 1:colcon.colcon_core.package_identification:_identify(src/moveit2/moveit_ros/hybrid_planning) by extension 'colcon_pkg'
[0.634s] Level 1:colcon.colcon_core.package_identification:_identify(src/moveit2/moveit_ros/hybrid_planning) by extensions ['colcon_meta']
[0.635s] Level 1:colcon.colcon_core.package_identification:_identify(src/moveit2/moveit_ros/hybrid_planning) by extension 'colcon_meta'
[0.635s] Level 1:colcon.colcon_core.package_identification:_identify(src/moveit2/moveit_ros/hybrid_planning) by extensions ['ros']
[0.635s] Level 1:colcon.colcon_core.package_identification:_identify(src/moveit2/moveit_ros/hybrid_planning) by extension 'ros'
[0.637s] DEBUG:colcon.colcon_core.package_identification:Package 'src/moveit2/moveit_ros/hybrid_planning' with type 'ros.ament_cmake' and name 'moveit_hybrid_planning'
[0.637s] Level 1:colcon.colcon_core.package_identification:_identify(src/moveit2/moveit_ros/move_group) by extensions ['ignore', 'ignore_ament_install']
[0.637s] Level 1:colcon.colcon_core.package_identification:_identify(src/moveit2/moveit_ros/move_group) by extension 'ignore'
[0.638s] Level 1:colcon.colcon_core.package_identification:_identify(src/moveit2/moveit_ros/move_group) by extension 'ignore_ament_install'
[0.638s] Level 1:colcon.colcon_core.package_identification:_identify(src/moveit2/moveit_ros/move_group) by extensions ['colcon_pkg']
[0.638s] Level 1:colcon.colcon_core.package_identification:_identify(src/moveit2/moveit_ros/move_group) by extension 'colcon_pkg'
[0.638s] Level 1:colcon.colcon_core.package_identification:_identify(src/moveit2/moveit_ros/move_group) by extensions ['colcon_meta']
[0.638s] Level 1:colcon.colcon_core.package_identification:_identify(src/moveit2/moveit_ros/move_group) by extension 'colcon_meta'
[0.638s] Level 1:colcon.colcon_core.package_identification:_identify(src/moveit2/moveit_ros/move_group) by extensions ['ros']
[0.638s] Level 1:colcon.colcon_core.package_identification:_identify(src/moveit2/moveit_ros/move_group) by extension 'ros'
[0.641s] DEBUG:colcon.colcon_core.package_identification:Package 'src/moveit2/moveit_ros/move_group' with type 'ros.ament_cmake' and name 'moveit_ros_move_group'
[0.641s] Level 1:colcon.colcon_core.package_identification:_identify(src/moveit2/moveit_ros/moveit_ros) by extensions ['ignore', 'ignore_ament_install']
[0.641s] Level 1:colcon.colcon_core.package_identification:_identify(src/moveit2/moveit_ros/moveit_ros) by extension 'ignore'
[0.641s] Level 1:colcon.colcon_core.package_identification:_identify(src/moveit2/moveit_ros/moveit_ros) by extension 'ignore_ament_install'
[0.641s] Level 1:colcon.colcon_core.package_identification:_identify(src/moveit2/moveit_ros/moveit_ros) by extensions ['colcon_pkg']
[0.642s] Level 1:colcon.colcon_core.package_identification:_identify(src/moveit2/moveit_ros/moveit_ros) by extension 'colcon_pkg'
[0.642s] Level 1:colcon.colcon_core.package_identification:_identify(src/moveit2/moveit_ros/moveit_ros) by extensions ['colcon_meta']
[0.642s] Level 1:colcon.colcon_core.package_identification:_identify(src/moveit2/moveit_ros/moveit_ros) by extension 'colcon_meta'
[0.642s] Level 1:colcon.colcon_core.package_identification:_identify(src/moveit2/moveit_ros/moveit_ros) by extensions ['ros']
[0.642s] Level 1:colcon.colcon_core.package_identification:_identify(src/moveit2/moveit_ros/moveit_ros) by extension 'ros'
[0.643s] DEBUG:colcon.colcon_core.package_identification:Package 'src/moveit2/moveit_ros/moveit_ros' with type 'ros.ament_cmake' and name 'moveit_ros'
[0.643s] Level 1:colcon.colcon_core.package_identification:_identify(src/moveit2/moveit_ros/moveit_servo) by extensions ['ignore', 'ignore_ament_install']
[0.643s] Level 1:colcon.colcon_core.package_identification:_identify(src/moveit2/moveit_ros/moveit_servo) by extension 'ignore'
[0.643s] Level 1:colcon.colcon_core.package_identification:_identify(src/moveit2/moveit_ros/moveit_servo) by extension 'ignore_ament_install'
[0.643s] Level 1:colcon.colcon_core.package_identification:_identify(src/moveit2/moveit_ros/moveit_servo) by extensions ['colcon_pkg']
[0.643s] Level 1:colcon.colcon_core.package_identification:_identify(src/moveit2/moveit_ros/moveit_servo) by extension 'colcon_pkg'
[0.643s] Level 1:colcon.colcon_core.package_identification:_identify(src/moveit2/moveit_ros/moveit_servo) by extensions ['colcon_meta']
[0.643s] Level 1:colcon.colcon_core.package_identification:_identify(src/moveit2/moveit_ros/moveit_servo) by extension 'colcon_meta'
[0.643s] Level 1:colcon.colcon_core.package_identification:_identify(src/moveit2/moveit_ros/moveit_servo) by extensions ['ros']
[0.643s] Level 1:colcon.colcon_core.package_identification:_identify(src/moveit2/moveit_ros/moveit_servo) by extension 'ros'
[0.646s] DEBUG:colcon.colcon_core.package_identification:Package 'src/moveit2/moveit_ros/moveit_servo' with type 'ros.ament_cmake' and name 'moveit_servo'
[0.646s] Level 1:colcon.colcon_core.package_identification:_identify(src/moveit2/moveit_ros/occupancy_map_monitor) by extensions ['ignore', 'ignore_ament_install']
[0.646s] Level 1:colcon.colcon_core.package_identification:_identify(src/moveit2/moveit_ros/occupancy_map_monitor) by extension 'ignore'
[0.646s] Level 1:colcon.colcon_core.package_identification:_identify(src/moveit2/moveit_ros/occupancy_map_monitor) by extension 'ignore_ament_install'
[0.646s] Level 1:colcon.colcon_core.package_identification:_identify(src/moveit2/moveit_ros/occupancy_map_monitor) by extensions ['colcon_pkg']
[0.646s] Level 1:colcon.colcon_core.package_identification:_identify(src/moveit2/moveit_ros/occupancy_map_monitor) by extension 'colcon_pkg'
[0.646s] Level 1:colcon.colcon_core.package_identification:_identify(src/moveit2/moveit_ros/occupancy_map_monitor) by extensions ['colcon_meta']
[0.646s] Level 1:colcon.colcon_core.package_identification:_identify(src/moveit2/moveit_ros/occupancy_map_monitor) by extension 'colcon_meta'
[0.646s] Level 1:colcon.colcon_core.package_identification:_identify(src/moveit2/moveit_ros/occupancy_map_monitor) by extensions ['ros']
[0.646s] Level 1:colcon.colcon_core.package_identification:_identify(src/moveit2/moveit_ros/occupancy_map_monitor) by extension 'ros'
[0.648s] DEBUG:colcon.colcon_core.package_identification:Package 'src/moveit2/moveit_ros/occupancy_map_monitor' with type 'ros.ament_cmake' and name 'moveit_ros_occupancy_map_monitor'
[0.649s] Level 1:colcon.colcon_core.package_identification:_identify(src/moveit2/moveit_ros/perception) by extensions ['ignore', 'ignore_ament_install']
[0.649s] Level 1:colcon.colcon_core.package_identification:_identify(src/moveit2/moveit_ros/perception) by extension 'ignore'
[0.649s] Level 1:colcon.colcon_core.package_identification:_identify(src/moveit2/moveit_ros/perception) by extension 'ignore_ament_install'
[0.649s] Level 1:colcon.colcon_core.package_identification:_identify(src/moveit2/moveit_ros/perception) by extensions ['colcon_pkg']
[0.649s] Level 1:colcon.colcon_core.package_identification:_identify(src/moveit2/moveit_ros/perception) by extension 'colcon_pkg'
[0.649s] Level 1:colcon.colcon_core.package_identification:_identify(src/moveit2/moveit_ros/perception) by extensions ['colcon_meta']
[0.649s] Level 1:colcon.colcon_core.package_identification:_identify(src/moveit2/moveit_ros/perception) by extension 'colcon_meta'
[0.649s] Level 1:colcon.colcon_core.package_identification:_identify(src/moveit2/moveit_ros/perception) by extensions ['ros']
[0.649s] Level 1:colcon.colcon_core.package_identification:_identify(src/moveit2/moveit_ros/perception) by extension 'ros'
[0.652s] DEBUG:colcon.colcon_core.package_identification:Package 'src/moveit2/moveit_ros/perception' with type 'ros.ament_cmake' and name 'moveit_ros_perception'
[0.652s] Level 1:colcon.colcon_core.package_identification:_identify(src/moveit2/moveit_ros/planning) by extensions ['ignore', 'ignore_ament_install']
[0.653s] Level 1:colcon.colcon_core.package_identification:_identify(src/moveit2/moveit_ros/planning) by extension 'ignore'
[0.653s] Level 1:colcon.colcon_core.package_identification:_identify(src/moveit2/moveit_ros/planning) by extension 'ignore_ament_install'
[0.653s] Level 1:colcon.colcon_core.package_identification:_identify(src/moveit2/moveit_ros/planning) by extensions ['colcon_pkg']
[0.653s] Level 1:colcon.colcon_core.package_identification:_identify(src/moveit2/moveit_ros/planning) by extension 'colcon_pkg'
[0.653s] Level 1:colcon.colcon_core.package_identification:_identify(src/moveit2/moveit_ros/planning) by extensions ['colcon_meta']
[0.653s] Level 1:colcon.colcon_core.package_identification:_identify(src/moveit2/moveit_ros/planning) by extension 'colcon_meta'
[0.653s] Level 1:colcon.colcon_core.package_identification:_identify(src/moveit2/moveit_ros/planning) by extensions ['ros']
[0.653s] Level 1:colcon.colcon_core.package_identification:_identify(src/moveit2/moveit_ros/planning) by extension 'ros'
[0.656s] DEBUG:colcon.colcon_core.package_identification:Package 'src/moveit2/moveit_ros/planning' with type 'ros.ament_cmake' and name 'moveit_ros_planning'
[0.656s] Level 1:colcon.colcon_core.package_identification:_identify(src/moveit2/moveit_ros/planning_interface) by extensions ['ignore', 'ignore_ament_install']
[0.656s] Level 1:colcon.colcon_core.package_identification:_identify(src/moveit2/moveit_ros/planning_interface) by extension 'ignore'
[0.656s] Level 1:colcon.colcon_core.package_identification:_identify(src/moveit2/moveit_ros/planning_interface) by extension 'ignore_ament_install'
[0.656s] Level 1:colcon.colcon_core.package_identification:_identify(src/moveit2/moveit_ros/planning_interface) by extensions ['colcon_pkg']
[0.656s] Level 1:colcon.colcon_core.package_identification:_identify(src/moveit2/moveit_ros/planning_interface) by extension 'colcon_pkg'
[0.656s] Level 1:colcon.colcon_core.package_identification:_identify(src/moveit2/moveit_ros/planning_interface) by extensions ['colcon_meta']
[0.656s] Level 1:colcon.colcon_core.package_identification:_identify(src/moveit2/moveit_ros/planning_interface) by extension 'colcon_meta'
[0.657s] Level 1:colcon.colcon_core.package_identification:_identify(src/moveit2/moveit_ros/planning_interface) by extensions ['ros']
[0.657s] Level 1:colcon.colcon_core.package_identification:_identify(src/moveit2/moveit_ros/planning_interface) by extension 'ros'
[0.661s] DEBUG:colcon.colcon_core.package_identification:Package 'src/moveit2/moveit_ros/planning_interface' with type 'ros.ament_cmake' and name 'moveit_ros_planning_interface'
[0.661s] Level 1:colcon.colcon_core.package_identification:_identify(src/moveit2/moveit_ros/robot_interaction) by extensions ['ignore', 'ignore_ament_install']
[0.661s] Level 1:colcon.colcon_core.package_identification:_identify(src/moveit2/moveit_ros/robot_interaction) by extension 'ignore'
[0.661s] Level 1:colcon.colcon_core.package_identification:_identify(src/moveit2/moveit_ros/robot_interaction) by extension 'ignore_ament_install'
[0.661s] Level 1:colcon.colcon_core.package_identification:_identify(src/moveit2/moveit_ros/robot_interaction) by extensions ['colcon_pkg']
[0.661s] Level 1:colcon.colcon_core.package_identification:_identify(src/moveit2/moveit_ros/robot_interaction) by extension 'colcon_pkg'
[0.661s] Level 1:colcon.colcon_core.package_identification:_identify(src/moveit2/moveit_ros/robot_interaction) by extensions ['colcon_meta']
[0.661s] Level 1:colcon.colcon_core.package_identification:_identify(src/moveit2/moveit_ros/robot_interaction) by extension 'colcon_meta'
[0.661s] Level 1:colcon.colcon_core.package_identification:_identify(src/moveit2/moveit_ros/robot_interaction) by extensions ['ros']
[0.662s] Level 1:colcon.colcon_core.package_identification:_identify(src/moveit2/moveit_ros/robot_interaction) by extension 'ros'
[0.664s] DEBUG:colcon.colcon_core.package_identification:Package 'src/moveit2/moveit_ros/robot_interaction' with type 'ros.ament_cmake' and name 'moveit_ros_robot_interaction'
[0.664s] Level 1:colcon.colcon_core.package_identification:_identify(src/moveit2/moveit_ros/visualization) by extensions ['ignore', 'ignore_ament_install']
[0.664s] Level 1:colcon.colcon_core.package_identification:_identify(src/moveit2/moveit_ros/visualization) by extension 'ignore'
[0.665s] Level 1:colcon.colcon_core.package_identification:_identify(src/moveit2/moveit_ros/visualization) by extension 'ignore_ament_install'
[0.665s] Level 1:colcon.colcon_core.package_identification:_identify(src/moveit2/moveit_ros/visualization) by extensions ['colcon_pkg']
[0.665s] Level 1:colcon.colcon_core.package_identification:_identify(src/moveit2/moveit_ros/visualization) by extension 'colcon_pkg'
[0.665s] Level 1:colcon.colcon_core.package_identification:_identify(src/moveit2/moveit_ros/visualization) by extensions ['colcon_meta']
[0.665s] Level 1:colcon.colcon_core.package_identification:_identify(src/moveit2/moveit_ros/visualization) by extension 'colcon_meta'
[0.665s] Level 1:colcon.colcon_core.package_identification:_identify(src/moveit2/moveit_ros/visualization) by extensions ['ros']
[0.665s] Level 1:colcon.colcon_core.package_identification:_identify(src/moveit2/moveit_ros/visualization) by extension 'ros'
[0.667s] DEBUG:colcon.colcon_core.package_identification:Package 'src/moveit2/moveit_ros/visualization' with type 'ros.ament_cmake' and name 'moveit_ros_visualization'
[0.667s] Level 1:colcon.colcon_core.package_identification:_identify(src/moveit2/moveit_ros/warehouse) by extensions ['ignore', 'ignore_ament_install']
[0.667s] Level 1:colcon.colcon_core.package_identification:_identify(src/moveit2/moveit_ros/warehouse) by extension 'ignore'
[0.667s] Level 1:colcon.colcon_core.package_identification:_identify(src/moveit2/moveit_ros/warehouse) by extension 'ignore_ament_install'
[0.667s] Level 1:colcon.colcon_core.package_identification:_identify(src/moveit2/moveit_ros/warehouse) by extensions ['colcon_pkg']
[0.668s] Level 1:colcon.colcon_core.package_identification:_identify(src/moveit2/moveit_ros/warehouse) by extension 'colcon_pkg'
[0.668s] Level 1:colcon.colcon_core.package_identification:_identify(src/moveit2/moveit_ros/warehouse) by extensions ['colcon_meta']
[0.668s] Level 1:colcon.colcon_core.package_identification:_identify(src/moveit2/moveit_ros/warehouse) by extension 'colcon_meta'
[0.668s] Level 1:colcon.colcon_core.package_identification:_identify(src/moveit2/moveit_ros/warehouse) by extensions ['ros']
[0.668s] Level 1:colcon.colcon_core.package_identification:_identify(src/moveit2/moveit_ros/warehouse) by extension 'ros'
[0.669s] DEBUG:colcon.colcon_core.package_identification:Package 'src/moveit2/moveit_ros/warehouse' with type 'ros.ament_cmake' and name 'moveit_ros_warehouse'
[0.669s] Level 1:colcon.colcon_core.package_identification:_identify(src/moveit2/moveit_runtime) by extensions ['ignore', 'ignore_ament_install']
[0.670s] Level 1:colcon.colcon_core.package_identification:_identify(src/moveit2/moveit_runtime) by extension 'ignore'
[0.670s] Level 1:colcon.colcon_core.package_identification:_identify(src/moveit2/moveit_runtime) by extension 'ignore_ament_install'
[0.670s] Level 1:colcon.colcon_core.package_identification:_identify(src/moveit2/moveit_runtime) by extensions ['colcon_pkg']
[0.670s] Level 1:colcon.colcon_core.package_identification:_identify(src/moveit2/moveit_runtime) by extension 'colcon_pkg'
[0.670s] Level 1:colcon.colcon_core.package_identification:_identify(src/moveit2/moveit_runtime) by extensions ['colcon_meta']
[0.670s] Level 1:colcon.colcon_core.package_identification:_identify(src/moveit2/moveit_runtime) by extension 'colcon_meta'
[0.670s] Level 1:colcon.colcon_core.package_identification:_identify(src/moveit2/moveit_runtime) by extensions ['ros']
[0.670s] Level 1:colcon.colcon_core.package_identification:_identify(src/moveit2/moveit_runtime) by extension 'ros'
[0.671s] DEBUG:colcon.colcon_core.package_identification:Package 'src/moveit2/moveit_runtime' with type 'ros.ament_cmake' and name 'moveit_runtime'
[0.671s] Level 1:colcon.colcon_core.package_identification:_identify(src/moveit2/moveit_setup_assistant) by extensions ['ignore', 'ignore_ament_install']
[0.671s] Level 1:colcon.colcon_core.package_identification:_identify(src/moveit2/moveit_setup_assistant) by extension 'ignore'
[0.671s] Level 1:colcon.colcon_core.package_identification:_identify(src/moveit2/moveit_setup_assistant) by extension 'ignore_ament_install'
[0.671s] Level 1:colcon.colcon_core.package_identification:_identify(src/moveit2/moveit_setup_assistant) by extensions ['colcon_pkg']
[0.671s] Level 1:colcon.colcon_core.package_identification:_identify(src/moveit2/moveit_setup_assistant) by extension 'colcon_pkg'
[0.671s] Level 1:colcon.colcon_core.package_identification:_identify(src/moveit2/moveit_setup_assistant) by extensions ['colcon_meta']
[0.671s] Level 1:colcon.colcon_core.package_identification:_identify(src/moveit2/moveit_setup_assistant) by extension 'colcon_meta'
[0.671s] Level 1:colcon.colcon_core.package_identification:_identify(src/moveit2/moveit_setup_assistant) by extensions ['ros']
[0.671s] Level 1:colcon.colcon_core.package_identification:_identify(src/moveit2/moveit_setup_assistant) by extension 'ros'
[0.672s] Level 1:colcon.colcon_core.package_identification:_identify(src/moveit2/moveit_setup_assistant) by extensions ['cmake', 'python']
[0.672s] Level 1:colcon.colcon_core.package_identification:_identify(src/moveit2/moveit_setup_assistant) by extension 'cmake'
[0.672s] Level 1:colcon.colcon_core.package_identification:_identify(src/moveit2/moveit_setup_assistant) by extension 'python'
[0.672s] Level 1:colcon.colcon_core.package_identification:_identify(src/moveit2/moveit_setup_assistant) by extensions ['python_setup_py']
[0.672s] Level 1:colcon.colcon_core.package_identification:_identify(src/moveit2/moveit_setup_assistant) by extension 'python_setup_py'
[0.672s] Level 1:colcon.colcon_core.package_identification:_identify(src/moveit2/moveit_setup_assistant/graphics) by extensions ['ignore', 'ignore_ament_install']
[0.672s] Level 1:colcon.colcon_core.package_identification:_identify(src/moveit2/moveit_setup_assistant/graphics) by extension 'ignore'
[0.672s] Level 1:colcon.colcon_core.package_identification:_identify(src/moveit2/moveit_setup_assistant/graphics) by extension 'ignore_ament_install'
[0.672s] Level 1:colcon.colcon_core.package_identification:_identify(src/moveit2/moveit_setup_assistant/graphics) by extensions ['colcon_pkg']
[0.672s] Level 1:colcon.colcon_core.package_identification:_identify(src/moveit2/moveit_setup_assistant/graphics) by extension 'colcon_pkg'
[0.672s] Level 1:colcon.colcon_core.package_identification:_identify(src/moveit2/moveit_setup_assistant/graphics) by extensions ['colcon_meta']
[0.672s] Level 1:colcon.colcon_core.package_identification:_identify(src/moveit2/moveit_setup_assistant/graphics) by extension 'colcon_meta'
[0.672s] Level 1:colcon.colcon_core.package_identification:_identify(src/moveit2/moveit_setup_assistant/graphics) by extensions ['ros']
[0.672s] Level 1:colcon.colcon_core.package_identification:_identify(src/moveit2/moveit_setup_assistant/graphics) by extension 'ros'
[0.672s] Level 1:colcon.colcon_core.package_identification:_identify(src/moveit2/moveit_setup_assistant/graphics) by extensions ['cmake', 'python']
[0.672s] Level 1:colcon.colcon_core.package_identification:_identify(src/moveit2/moveit_setup_assistant/graphics) by extension 'cmake'
[0.672s] Level 1:colcon.colcon_core.package_identification:_identify(src/moveit2/moveit_setup_assistant/graphics) by extension 'python'
[0.673s] Level 1:colcon.colcon_core.package_identification:_identify(src/moveit2/moveit_setup_assistant/graphics) by extensions ['python_setup_py']
[0.673s] Level 1:colcon.colcon_core.package_identification:_identify(src/moveit2/moveit_setup_assistant/graphics) by extension 'python_setup_py'
[0.673s] Level 1:colcon.colcon_core.package_identification:_identify(src/moveit2/moveit_setup_assistant/graphics/source) by extensions ['ignore', 'ignore_ament_install']
[0.673s] Level 1:colcon.colcon_core.package_identification:_identify(src/moveit2/moveit_setup_assistant/graphics/source) by extension 'ignore'
[0.673s] Level 1:colcon.colcon_core.package_identification:_identify(src/moveit2/moveit_setup_assistant/graphics/source) by extension 'ignore_ament_install'
[0.673s] Level 1:colcon.colcon_core.package_identification:_identify(src/moveit2/moveit_setup_assistant/graphics/source) by extensions ['colcon_pkg']
[0.673s] Level 1:colcon.colcon_core.package_identification:_identify(src/moveit2/moveit_setup_assistant/graphics/source) by extension 'colcon_pkg'
[0.673s] Level 1:colcon.colcon_core.package_identification:_identify(src/moveit2/moveit_setup_assistant/graphics/source) by extensions ['colcon_meta']
[0.673s] Level 1:colcon.colcon_core.package_identification:_identify(src/moveit2/moveit_setup_assistant/graphics/source) by extension 'colcon_meta'
[0.673s] Level 1:colcon.colcon_core.package_identification:_identify(src/moveit2/moveit_setup_assistant/graphics/source) by extensions ['ros']
[0.673s] Level 1:colcon.colcon_core.package_identification:_identify(src/moveit2/moveit_setup_assistant/graphics/source) by extension 'ros'
[0.673s] Level 1:colcon.colcon_core.package_identification:_identify(src/moveit2/moveit_setup_assistant/graphics/source) by extensions ['cmake', 'python']
[0.673s] Level 1:colcon.colcon_core.package_identification:_identify(src/moveit2/moveit_setup_assistant/graphics/source) by extension 'cmake'
[0.673s] Level 1:colcon.colcon_core.package_identification:_identify(src/moveit2/moveit_setup_assistant/graphics/source) by extension 'python'
[0.673s] Level 1:colcon.colcon_core.package_identification:_identify(src/moveit2/moveit_setup_assistant/graphics/source) by extensions ['python_setup_py']
[0.673s] Level 1:colcon.colcon_core.package_identification:_identify(src/moveit2/moveit_setup_assistant/graphics/source) by extension 'python_setup_py'
[0.673s] Level 1:colcon.colcon_core.package_identification:_identify(src/moveit2/moveit_setup_assistant/moveit_setup_app_plugins) by extensions ['ignore', 'ignore_ament_install']
[0.674s] Level 1:colcon.colcon_core.package_identification:_identify(src/moveit2/moveit_setup_assistant/moveit_setup_app_plugins) by extension 'ignore'
[0.674s] Level 1:colcon.colcon_core.package_identification:_identify(src/moveit2/moveit_setup_assistant/moveit_setup_app_plugins) by extension 'ignore_ament_install'
[0.674s] Level 1:colcon.colcon_core.package_identification:_identify(src/moveit2/moveit_setup_assistant/moveit_setup_app_plugins) by extensions ['colcon_pkg']
[0.674s] Level 1:colcon.colcon_core.package_identification:_identify(src/moveit2/moveit_setup_assistant/moveit_setup_app_plugins) by extension 'colcon_pkg'
[0.674s] Level 1:colcon.colcon_core.package_identification:_identify(src/moveit2/moveit_setup_assistant/moveit_setup_app_plugins) by extensions ['colcon_meta']
[0.674s] Level 1:colcon.colcon_core.package_identification:_identify(src/moveit2/moveit_setup_assistant/moveit_setup_app_plugins) by extension 'colcon_meta'
[0.674s] Level 1:colcon.colcon_core.package_identification:_identify(src/moveit2/moveit_setup_assistant/moveit_setup_app_plugins) by extensions ['ros']
[0.674s] Level 1:colcon.colcon_core.package_identification:_identify(src/moveit2/moveit_setup_assistant/moveit_setup_app_plugins) by extension 'ros'
[0.675s] DEBUG:colcon.colcon_core.package_identification:Package 'src/moveit2/moveit_setup_assistant/moveit_setup_app_plugins' with type 'ros.ament_cmake' and name 'moveit_setup_app_plugins'
[0.675s] Level 1:colcon.colcon_core.package_identification:_identify(src/moveit2/moveit_setup_assistant/moveit_setup_assistant) by extensions ['ignore', 'ignore_ament_install']
[0.676s] Level 1:colcon.colcon_core.package_identification:_identify(src/moveit2/moveit_setup_assistant/moveit_setup_assistant) by extension 'ignore'
[0.676s] Level 1:colcon.colcon_core.package_identification:_identify(src/moveit2/moveit_setup_assistant/moveit_setup_assistant) by extension 'ignore_ament_install'
[0.676s] Level 1:colcon.colcon_core.package_identification:_identify(src/moveit2/moveit_setup_assistant/moveit_setup_assistant) by extensions ['colcon_pkg']
[0.676s] Level 1:colcon.colcon_core.package_identification:_identify(src/moveit2/moveit_setup_assistant/moveit_setup_assistant) by extension 'colcon_pkg'
[0.676s] Level 1:colcon.colcon_core.package_identification:_identify(src/moveit2/moveit_setup_assistant/moveit_setup_assistant) by extensions ['colcon_meta']
[0.676s] Level 1:colcon.colcon_core.package_identification:_identify(src/moveit2/moveit_setup_assistant/moveit_setup_assistant) by extension 'colcon_meta'
[0.676s] Level 1:colcon.colcon_core.package_identification:_identify(src/moveit2/moveit_setup_assistant/moveit_setup_assistant) by extensions ['ros']
[0.676s] Level 1:colcon.colcon_core.package_identification:_identify(src/moveit2/moveit_setup_assistant/moveit_setup_assistant) by extension 'ros'
[0.678s] DEBUG:colcon.colcon_core.package_identification:Package 'src/moveit2/moveit_setup_assistant/moveit_setup_assistant' with type 'ros.ament_cmake' and name 'moveit_setup_assistant'
[0.678s] Level 1:colcon.colcon_core.package_identification:_identify(src/moveit2/moveit_setup_assistant/moveit_setup_controllers) by extensions ['ignore', 'ignore_ament_install']
[0.678s] Level 1:colcon.colcon_core.package_identification:_identify(src/moveit2/moveit_setup_assistant/moveit_setup_controllers) by extension 'ignore'
[0.678s] Level 1:colcon.colcon_core.package_identification:_identify(src/moveit2/moveit_setup_assistant/moveit_setup_controllers) by extension 'ignore_ament_install'
[0.678s] Level 1:colcon.colcon_core.package_identification:_identify(src/moveit2/moveit_setup_assistant/moveit_setup_controllers) by extensions ['colcon_pkg']
[0.678s] Level 1:colcon.colcon_core.package_identification:_identify(src/moveit2/moveit_setup_assistant/moveit_setup_controllers) by extension 'colcon_pkg'
[0.678s] Level 1:colcon.colcon_core.package_identification:_identify(src/moveit2/moveit_setup_assistant/moveit_setup_controllers) by extensions ['colcon_meta']
[0.678s] Level 1:colcon.colcon_core.package_identification:_identify(src/moveit2/moveit_setup_assistant/moveit_setup_controllers) by extension 'colcon_meta'
[0.678s] Level 1:colcon.colcon_core.package_identification:_identify(src/moveit2/moveit_setup_assistant/moveit_setup_controllers) by extensions ['ros']
[0.678s] Level 1:colcon.colcon_core.package_identification:_identify(src/moveit2/moveit_setup_assistant/moveit_setup_controllers) by extension 'ros'
[0.679s] DEBUG:colcon.colcon_core.package_identification:Package 'src/moveit2/moveit_setup_assistant/moveit_setup_controllers' with type 'ros.ament_cmake' and name 'moveit_setup_controllers'
[0.680s] Level 1:colcon.colcon_core.package_identification:_identify(src/moveit2/moveit_setup_assistant/moveit_setup_core_plugins) by extensions ['ignore', 'ignore_ament_install']
[0.680s] Level 1:colcon.colcon_core.package_identification:_identify(src/moveit2/moveit_setup_assistant/moveit_setup_core_plugins) by extension 'ignore'
[0.680s] Level 1:colcon.colcon_core.package_identification:_identify(src/moveit2/moveit_setup_assistant/moveit_setup_core_plugins) by extension 'ignore_ament_install'
[0.680s] Level 1:colcon.colcon_core.package_identification:_identify(src/moveit2/moveit_setup_assistant/moveit_setup_core_plugins) by extensions ['colcon_pkg']
[0.680s] Level 1:colcon.colcon_core.package_identification:_identify(src/moveit2/moveit_setup_assistant/moveit_setup_core_plugins) by extension 'colcon_pkg'
[0.680s] Level 1:colcon.colcon_core.package_identification:_identify(src/moveit2/moveit_setup_assistant/moveit_setup_core_plugins) by extensions ['colcon_meta']
[0.680s] Level 1:colcon.colcon_core.package_identification:_identify(src/moveit2/moveit_setup_assistant/moveit_setup_core_plugins) by extension 'colcon_meta'
[0.680s] Level 1:colcon.colcon_core.package_identification:_identify(src/moveit2/moveit_setup_assistant/moveit_setup_core_plugins) by extensions ['ros']
[0.680s] Level 1:colcon.colcon_core.package_identification:_identify(src/moveit2/moveit_setup_assistant/moveit_setup_core_plugins) by extension 'ros'
[0.682s] DEBUG:colcon.colcon_core.package_identification:Package 'src/moveit2/moveit_setup_assistant/moveit_setup_core_plugins' with type 'ros.ament_cmake' and name 'moveit_setup_core_plugins'
[0.682s] Level 1:colcon.colcon_core.package_identification:_identify(src/moveit2/moveit_setup_assistant/moveit_setup_framework) by extensions ['ignore', 'ignore_ament_install']
[0.682s] Level 1:colcon.colcon_core.package_identification:_identify(src/moveit2/moveit_setup_assistant/moveit_setup_framework) by extension 'ignore'
[0.682s] Level 1:colcon.colcon_core.package_identification:_identify(src/moveit2/moveit_setup_assistant/moveit_setup_framework) by extension 'ignore_ament_install'
[0.682s] Level 1:colcon.colcon_core.package_identification:_identify(src/moveit2/moveit_setup_assistant/moveit_setup_framework) by extensions ['colcon_pkg']
[0.682s] Level 1:colcon.colcon_core.package_identification:_identify(src/moveit2/moveit_setup_assistant/moveit_setup_framework) by extension 'colcon_pkg'
[0.682s] Level 1:colcon.colcon_core.package_identification:_identify(src/moveit2/moveit_setup_assistant/moveit_setup_framework) by extensions ['colcon_meta']
[0.682s] Level 1:colcon.colcon_core.package_identification:_identify(src/moveit2/moveit_setup_assistant/moveit_setup_framework) by extension 'colcon_meta'
[0.682s] Level 1:colcon.colcon_core.package_identification:_identify(src/moveit2/moveit_setup_assistant/moveit_setup_framework) by extensions ['ros']
[0.682s] Level 1:colcon.colcon_core.package_identification:_identify(src/moveit2/moveit_setup_assistant/moveit_setup_framework) by extension 'ros'
[0.684s] DEBUG:colcon.colcon_core.package_identification:Package 'src/moveit2/moveit_setup_assistant/moveit_setup_framework' with type 'ros.ament_cmake' and name 'moveit_setup_framework'
[0.684s] Level 1:colcon.colcon_core.package_identification:_identify(src/moveit2/moveit_setup_assistant/moveit_setup_simulation) by extensions ['ignore', 'ignore_ament_install']
[0.684s] Level 1:colcon.colcon_core.package_identification:_identify(src/moveit2/moveit_setup_assistant/moveit_setup_simulation) by extension 'ignore'
[0.684s] Level 1:colcon.colcon_core.package_identification:_identify(src/moveit2/moveit_setup_assistant/moveit_setup_simulation) ignored
[0.684s] Level 1:colcon.colcon_core.package_identification:_identify(src/moveit2/moveit_setup_assistant/moveit_setup_srdf_plugins) by extensions ['ignore', 'ignore_ament_install']
[0.685s] Level 1:colcon.colcon_core.package_identification:_identify(src/moveit2/moveit_setup_assistant/moveit_setup_srdf_plugins) by extension 'ignore'
[0.685s] Level 1:colcon.colcon_core.package_identification:_identify(src/moveit2/moveit_setup_assistant/moveit_setup_srdf_plugins) by extension 'ignore_ament_install'
[0.685s] Level 1:colcon.colcon_core.package_identification:_identify(src/moveit2/moveit_setup_assistant/moveit_setup_srdf_plugins) by extensions ['colcon_pkg']
[0.685s] Level 1:colcon.colcon_core.package_identification:_identify(src/moveit2/moveit_setup_assistant/moveit_setup_srdf_plugins) by extension 'colcon_pkg'
[0.685s] Level 1:colcon.colcon_core.package_identification:_identify(src/moveit2/moveit_setup_assistant/moveit_setup_srdf_plugins) by extensions ['colcon_meta']
[0.685s] Level 1:colcon.colcon_core.package_identification:_identify(src/moveit2/moveit_setup_assistant/moveit_setup_srdf_plugins) by extension 'colcon_meta'
[0.685s] Level 1:colcon.colcon_core.package_identification:_identify(src/moveit2/moveit_setup_assistant/moveit_setup_srdf_plugins) by extensions ['ros']
[0.685s] Level 1:colcon.colcon_core.package_identification:_identify(src/moveit2/moveit_setup_assistant/moveit_setup_srdf_plugins) by extension 'ros'
[0.686s] DEBUG:colcon.colcon_core.package_identification:Package 'src/moveit2/moveit_setup_assistant/moveit_setup_srdf_plugins' with type 'ros.ament_cmake' and name 'moveit_setup_srdf_plugins'
[0.686s] Level 1:colcon.colcon_core.package_identification:_identify(src/moveit2/moveit_setup_assistant/unported_templates) by extensions ['ignore', 'ignore_ament_install']
[0.686s] Level 1:colcon.colcon_core.package_identification:_identify(src/moveit2/moveit_setup_assistant/unported_templates) by extension 'ignore'
[0.686s] Level 1:colcon.colcon_core.package_identification:_identify(src/moveit2/moveit_setup_assistant/unported_templates) by extension 'ignore_ament_install'
[0.686s] Level 1:colcon.colcon_core.package_identification:_identify(src/moveit2/moveit_setup_assistant/unported_templates) by extensions ['colcon_pkg']
[0.686s] Level 1:colcon.colcon_core.package_identification:_identify(src/moveit2/moveit_setup_assistant/unported_templates) by extension 'colcon_pkg'
[0.686s] Level 1:colcon.colcon_core.package_identification:_identify(src/moveit2/moveit_setup_assistant/unported_templates) by extensions ['colcon_meta']
[0.687s] Level 1:colcon.colcon_core.package_identification:_identify(src/moveit2/moveit_setup_assistant/unported_templates) by extension 'colcon_meta'
[0.687s] Level 1:colcon.colcon_core.package_identification:_identify(src/moveit2/moveit_setup_assistant/unported_templates) by extensions ['ros']
[0.687s] Level 1:colcon.colcon_core.package_identification:_identify(src/moveit2/moveit_setup_assistant/unported_templates) by extension 'ros'
[0.687s] Level 1:colcon.colcon_core.package_identification:_identify(src/moveit2/moveit_setup_assistant/unported_templates) by extensions ['cmake', 'python']
[0.687s] Level 1:colcon.colcon_core.package_identification:_identify(src/moveit2/moveit_setup_assistant/unported_templates) by extension 'cmake'
[0.687s] Level 1:colcon.colcon_core.package_identification:_identify(src/moveit2/moveit_setup_assistant/unported_templates) by extension 'python'
[0.687s] Level 1:colcon.colcon_core.package_identification:_identify(src/moveit2/moveit_setup_assistant/unported_templates) by extensions ['python_setup_py']
[0.687s] Level 1:colcon.colcon_core.package_identification:_identify(src/moveit2/moveit_setup_assistant/unported_templates) by extension 'python_setup_py'
[0.687s] Level 1:colcon.colcon_core.package_identification:_identify(src/moveit2_tutorials) by extensions ['ignore', 'ignore_ament_install']
[0.687s] Level 1:colcon.colcon_core.package_identification:_identify(src/moveit2_tutorials) by extension 'ignore'
[0.687s] Level 1:colcon.colcon_core.package_identification:_identify(src/moveit2_tutorials) by extension 'ignore_ament_install'
[0.687s] Level 1:colcon.colcon_core.package_identification:_identify(src/moveit2_tutorials) by extensions ['colcon_pkg']
[0.687s] Level 1:colcon.colcon_core.package_identification:_identify(src/moveit2_tutorials) by extension 'colcon_pkg'
[0.687s] Level 1:colcon.colcon_core.package_identification:_identify(src/moveit2_tutorials) by extensions ['colcon_meta']
[0.687s] Level 1:colcon.colcon_core.package_identification:_identify(src/moveit2_tutorials) by extension 'colcon_meta'
[0.688s] Level 1:colcon.colcon_core.package_identification:_identify(src/moveit2_tutorials) by extensions ['ros']
[0.688s] Level 1:colcon.colcon_core.package_identification:_identify(src/moveit2_tutorials) by extension 'ros'
[0.692s] DEBUG:colcon.colcon_core.package_identification:Package 'src/moveit2_tutorials' with type 'ros.ament_cmake' and name 'moveit2_tutorials'
[0.692s] Level 1:colcon.colcon_core.package_identification:_identify(src/moveit_resources) by extensions ['ignore', 'ignore_ament_install']
[0.692s] Level 1:colcon.colcon_core.package_identification:_identify(src/moveit_resources) by extension 'ignore'
[0.692s] Level 1:colcon.colcon_core.package_identification:_identify(src/moveit_resources) by extension 'ignore_ament_install'
[0.692s] Level 1:colcon.colcon_core.package_identification:_identify(src/moveit_resources) by extensions ['colcon_pkg']
[0.692s] Level 1:colcon.colcon_core.package_identification:_identify(src/moveit_resources) by extension 'colcon_pkg'
[0.693s] Level 1:colcon.colcon_core.package_identification:_identify(src/moveit_resources) by extensions ['colcon_meta']
[0.693s] Level 1:colcon.colcon_core.package_identification:_identify(src/moveit_resources) by extension 'colcon_meta'
[0.693s] Level 1:colcon.colcon_core.package_identification:_identify(src/moveit_resources) by extensions ['ros']
[0.693s] Level 1:colcon.colcon_core.package_identification:_identify(src/moveit_resources) by extension 'ros'
[0.693s] Level 1:colcon.colcon_core.package_identification:_identify(src/moveit_resources) by extensions ['cmake', 'python']
[0.693s] Level 1:colcon.colcon_core.package_identification:_identify(src/moveit_resources) by extension 'cmake'
[0.693s] Level 1:colcon.colcon_core.package_identification:_identify(src/moveit_resources) by extension 'python'
[0.693s] Level 1:colcon.colcon_core.package_identification:_identify(src/moveit_resources) by extensions ['python_setup_py']
[0.693s] Level 1:colcon.colcon_core.package_identification:_identify(src/moveit_resources) by extension 'python_setup_py'
[0.693s] Level 1:colcon.colcon_core.package_identification:_identify(src/moveit_resources/fanuc_description) by extensions ['ignore', 'ignore_ament_install']
[0.693s] Level 1:colcon.colcon_core.package_identification:_identify(src/moveit_resources/fanuc_description) by extension 'ignore'
[0.693s] Level 1:colcon.colcon_core.package_identification:_identify(src/moveit_resources/fanuc_description) by extension 'ignore_ament_install'
[0.693s] Level 1:colcon.colcon_core.package_identification:_identify(src/moveit_resources/fanuc_description) by extensions ['colcon_pkg']
[0.693s] Level 1:colcon.colcon_core.package_identification:_identify(src/moveit_resources/fanuc_description) by extension 'colcon_pkg'
[0.693s] Level 1:colcon.colcon_core.package_identification:_identify(src/moveit_resources/fanuc_description) by extensions ['colcon_meta']
[0.693s] Level 1:colcon.colcon_core.package_identification:_identify(src/moveit_resources/fanuc_description) by extension 'colcon_meta'
[0.693s] Level 1:colcon.colcon_core.package_identification:_identify(src/moveit_resources/fanuc_description) by extensions ['ros']
[0.694s] Level 1:colcon.colcon_core.package_identification:_identify(src/moveit_resources/fanuc_description) by extension 'ros'
[0.694s] DEBUG:colcon.colcon_core.package_identification:Package 'src/moveit_resources/fanuc_description' with type 'ros.ament_cmake' and name 'moveit_resources_fanuc_description'
[0.695s] Level 1:colcon.colcon_core.package_identification:_identify(src/moveit_resources/fanuc_moveit_config) by extensions ['ignore', 'ignore_ament_install']
[0.695s] Level 1:colcon.colcon_core.package_identification:_identify(src/moveit_resources/fanuc_moveit_config) by extension 'ignore'
[0.695s] Level 1:colcon.colcon_core.package_identification:_identify(src/moveit_resources/fanuc_moveit_config) by extension 'ignore_ament_install'
[0.695s] Level 1:colcon.colcon_core.package_identification:_identify(src/moveit_resources/fanuc_moveit_config) by extensions ['colcon_pkg']
[0.695s] Level 1:colcon.colcon_core.package_identification:_identify(src/moveit_resources/fanuc_moveit_config) by extension 'colcon_pkg'
[0.695s] Level 1:colcon.colcon_core.package_identification:_identify(src/moveit_resources/fanuc_moveit_config) by extensions ['colcon_meta']
[0.695s] Level 1:colcon.colcon_core.package_identification:_identify(src/moveit_resources/fanuc_moveit_config) by extension 'colcon_meta'
[0.695s] Level 1:colcon.colcon_core.package_identification:_identify(src/moveit_resources/fanuc_moveit_config) by extensions ['ros']
[0.695s] Level 1:colcon.colcon_core.package_identification:_identify(src/moveit_resources/fanuc_moveit_config) by extension 'ros'
[0.696s] DEBUG:colcon.colcon_core.package_identification:Package 'src/moveit_resources/fanuc_moveit_config' with type 'ros.ament_cmake' and name 'moveit_resources_fanuc_moveit_config'
[0.696s] Level 1:colcon.colcon_core.package_identification:_identify(src/moveit_resources/moveit_resources) by extensions ['ignore', 'ignore_ament_install']
[0.696s] Level 1:colcon.colcon_core.package_identification:_identify(src/moveit_resources/moveit_resources) by extension 'ignore'
[0.696s] Level 1:colcon.colcon_core.package_identification:_identify(src/moveit_resources/moveit_resources) by extension 'ignore_ament_install'
[0.697s] Level 1:colcon.colcon_core.package_identification:_identify(src/moveit_resources/moveit_resources) by extensions ['colcon_pkg']
[0.697s] Level 1:colcon.colcon_core.package_identification:_identify(src/moveit_resources/moveit_resources) by extension 'colcon_pkg'
[0.697s] Level 1:colcon.colcon_core.package_identification:_identify(src/moveit_resources/moveit_resources) by extensions ['colcon_meta']
[0.697s] Level 1:colcon.colcon_core.package_identification:_identify(src/moveit_resources/moveit_resources) by extension 'colcon_meta'
[0.697s] Level 1:colcon.colcon_core.package_identification:_identify(src/moveit_resources/moveit_resources) by extensions ['ros']
[0.697s] Level 1:colcon.colcon_core.package_identification:_identify(src/moveit_resources/moveit_resources) by extension 'ros'
[0.698s] DEBUG:colcon.colcon_core.package_identification:Package 'src/moveit_resources/moveit_resources' with type 'ros.ament_cmake' and name 'moveit_resources'
[0.698s] Level 1:colcon.colcon_core.package_identification:_identify(src/moveit_resources/panda_description) by extensions ['ignore', 'ignore_ament_install']
[0.698s] Level 1:colcon.colcon_core.package_identification:_identify(src/moveit_resources/panda_description) by extension 'ignore'
[0.698s] Level 1:colcon.colcon_core.package_identification:_identify(src/moveit_resources/panda_description) by extension 'ignore_ament_install'
[0.699s] Level 1:colcon.colcon_core.package_identification:_identify(src/moveit_resources/panda_description) by extensions ['colcon_pkg']
[0.699s] Level 1:colcon.colcon_core.package_identification:_identify(src/moveit_resources/panda_description) by extension 'colcon_pkg'
[0.699s] Level 1:colcon.colcon_core.package_identification:_identify(src/moveit_resources/panda_description) by extensions ['colcon_meta']
[0.699s] Level 1:colcon.colcon_core.package_identification:_identify(src/moveit_resources/panda_description) by extension 'colcon_meta'
[0.699s] Level 1:colcon.colcon_core.package_identification:_identify(src/moveit_resources/panda_description) by extensions ['ros']
[0.699s] Level 1:colcon.colcon_core.package_identification:_identify(src/moveit_resources/panda_description) by extension 'ros'
[0.700s] DEBUG:colcon.colcon_core.package_identification:Package 'src/moveit_resources/panda_description' with type 'ros.ament_cmake' and name 'moveit_resources_panda_description'
[0.700s] Level 1:colcon.colcon_core.package_identification:_identify(src/moveit_resources/panda_moveit_config) by extensions ['ignore', 'ignore_ament_install']
[0.700s] Level 1:colcon.colcon_core.package_identification:_identify(src/moveit_resources/panda_moveit_config) by extension 'ignore'
[0.700s] Level 1:colcon.colcon_core.package_identification:_identify(src/moveit_resources/panda_moveit_config) by extension 'ignore_ament_install'
[0.700s] Level 1:colcon.colcon_core.package_identification:_identify(src/moveit_resources/panda_moveit_config) by extensions ['colcon_pkg']
[0.700s] Level 1:colcon.colcon_core.package_identification:_identify(src/moveit_resources/panda_moveit_config) by extension 'colcon_pkg'
[0.700s] Level 1:colcon.colcon_core.package_identification:_identify(src/moveit_resources/panda_moveit_config) by extensions ['colcon_meta']
[0.700s] Level 1:colcon.colcon_core.package_identification:_identify(src/moveit_resources/panda_moveit_config) by extension 'colcon_meta'
[0.700s] Level 1:colcon.colcon_core.package_identification:_identify(src/moveit_resources/panda_moveit_config) by extensions ['ros']
[0.700s] Level 1:colcon.colcon_core.package_identification:_identify(src/moveit_resources/panda_moveit_config) by extension 'ros'
[0.701s] DEBUG:colcon.colcon_core.package_identification:Package 'src/moveit_resources/panda_moveit_config' with type 'ros.ament_cmake' and name 'moveit_resources_panda_moveit_config'
[0.701s] Level 1:colcon.colcon_core.package_identification:_identify(src/moveit_resources/pr2_description) by extensions ['ignore', 'ignore_ament_install']
[0.702s] Level 1:colcon.colcon_core.package_identification:_identify(src/moveit_resources/pr2_description) by extension 'ignore'
[0.702s] Level 1:colcon.colcon_core.package_identification:_identify(src/moveit_resources/pr2_description) by extension 'ignore_ament_install'
[0.702s] Level 1:colcon.colcon_core.package_identification:_identify(src/moveit_resources/pr2_description) by extensions ['colcon_pkg']
[0.702s] Level 1:colcon.colcon_core.package_identification:_identify(src/moveit_resources/pr2_description) by extension 'colcon_pkg'
[0.702s] Level 1:colcon.colcon_core.package_identification:_identify(src/moveit_resources/pr2_description) by extensions ['colcon_meta']
[0.702s] Level 1:colcon.colcon_core.package_identification:_identify(src/moveit_resources/pr2_description) by extension 'colcon_meta'
[0.702s] Level 1:colcon.colcon_core.package_identification:_identify(src/moveit_resources/pr2_description) by extensions ['ros']
[0.702s] Level 1:colcon.colcon_core.package_identification:_identify(src/moveit_resources/pr2_description) by extension 'ros'
[0.703s] DEBUG:colcon.colcon_core.package_identification:Package 'src/moveit_resources/pr2_description' with type 'ros.ament_cmake' and name 'moveit_resources_pr2_description'
[0.703s] Level 1:colcon.colcon_core.package_identification:_identify(src/moveit_task_constructor) by extensions ['ignore', 'ignore_ament_install']
[0.703s] Level 1:colcon.colcon_core.package_identification:_identify(src/moveit_task_constructor) by extension 'ignore'
[0.703s] Level 1:colcon.colcon_core.package_identification:_identify(src/moveit_task_constructor) by extension 'ignore_ament_install'
[0.703s] Level 1:colcon.colcon_core.package_identification:_identify(src/moveit_task_constructor) by extensions ['colcon_pkg']
[0.703s] Level 1:colcon.colcon_core.package_identification:_identify(src/moveit_task_constructor) by extension 'colcon_pkg'
[0.703s] Level 1:colcon.colcon_core.package_identification:_identify(src/moveit_task_constructor) by extensions ['colcon_meta']
[0.703s] Level 1:colcon.colcon_core.package_identification:_identify(src/moveit_task_constructor) by extension 'colcon_meta'
[0.703s] Level 1:colcon.colcon_core.package_identification:_identify(src/moveit_task_constructor) by extensions ['ros']
[0.703s] Level 1:colcon.colcon_core.package_identification:_identify(src/moveit_task_constructor) by extension 'ros'
[0.704s] Level 1:colcon.colcon_core.package_identification:_identify(src/moveit_task_constructor) by extensions ['cmake', 'python']
[0.704s] Level 1:colcon.colcon_core.package_identification:_identify(src/moveit_task_constructor) by extension 'cmake'
[0.704s] Level 1:colcon.colcon_core.package_identification:_identify(src/moveit_task_constructor) by extension 'python'
[0.704s] Level 1:colcon.colcon_core.package_identification:_identify(src/moveit_task_constructor) by extensions ['python_setup_py']
[0.704s] Level 1:colcon.colcon_core.package_identification:_identify(src/moveit_task_constructor) by extension 'python_setup_py'
[0.704s] Level 1:colcon.colcon_core.package_identification:_identify(src/moveit_task_constructor/capabilities) by extensions ['ignore', 'ignore_ament_install']
[0.704s] Level 1:colcon.colcon_core.package_identification:_identify(src/moveit_task_constructor/capabilities) by extension 'ignore'
[0.704s] Level 1:colcon.colcon_core.package_identification:_identify(src/moveit_task_constructor/capabilities) by extension 'ignore_ament_install'
[0.704s] Level 1:colcon.colcon_core.package_identification:_identify(src/moveit_task_constructor/capabilities) by extensions ['colcon_pkg']
[0.704s] Level 1:colcon.colcon_core.package_identification:_identify(src/moveit_task_constructor/capabilities) by extension 'colcon_pkg'
[0.704s] Level 1:colcon.colcon_core.package_identification:_identify(src/moveit_task_constructor/capabilities) by extensions ['colcon_meta']
[0.704s] Level 1:colcon.colcon_core.package_identification:_identify(src/moveit_task_constructor/capabilities) by extension 'colcon_meta'
[0.704s] Level 1:colcon.colcon_core.package_identification:_identify(src/moveit_task_constructor/capabilities) by extensions ['ros']
[0.704s] Level 1:colcon.colcon_core.package_identification:_identify(src/moveit_task_constructor/capabilities) by extension 'ros'
[0.706s] DEBUG:colcon.colcon_core.package_identification:Package 'src/moveit_task_constructor/capabilities' with type 'ros.ament_cmake' and name 'moveit_task_constructor_capabilities'
[0.706s] Level 1:colcon.colcon_core.package_identification:_identify(src/moveit_task_constructor/core) by extensions ['ignore', 'ignore_ament_install']
[0.706s] Level 1:colcon.colcon_core.package_identification:_identify(src/moveit_task_constructor/core) by extension 'ignore'
[0.706s] Level 1:colcon.colcon_core.package_identification:_identify(src/moveit_task_constructor/core) by extension 'ignore_ament_install'
[0.707s] Level 1:colcon.colcon_core.package_identification:_identify(src/moveit_task_constructor/core) by extensions ['colcon_pkg']
[0.707s] Level 1:colcon.colcon_core.package_identification:_identify(src/moveit_task_constructor/core) by extension 'colcon_pkg'
[0.707s] Level 1:colcon.colcon_core.package_identification:_identify(src/moveit_task_constructor/core) by extensions ['colcon_meta']
[0.707s] Level 1:colcon.colcon_core.package_identification:_identify(src/moveit_task_constructor/core) by extension 'colcon_meta'
[0.707s] Level 1:colcon.colcon_core.package_identification:_identify(src/moveit_task_constructor/core) by extensions ['ros']
[0.707s] Level 1:colcon.colcon_core.package_identification:_identify(src/moveit_task_constructor/core) by extension 'ros'
[0.709s] DEBUG:colcon.colcon_core.package_identification:Package 'src/moveit_task_constructor/core' with type 'ros.ament_cmake' and name 'moveit_task_constructor_core'
[0.709s] Level 1:colcon.colcon_core.package_identification:_identify(src/moveit_task_constructor/demo) by extensions ['ignore', 'ignore_ament_install']
[0.709s] Level 1:colcon.colcon_core.package_identification:_identify(src/moveit_task_constructor/demo) by extension 'ignore'
[0.709s] Level 1:colcon.colcon_core.package_identification:_identify(src/moveit_task_constructor/demo) by extension 'ignore_ament_install'
[0.709s] Level 1:colcon.colcon_core.package_identification:_identify(src/moveit_task_constructor/demo) by extensions ['colcon_pkg']
[0.710s] Level 1:colcon.colcon_core.package_identification:_identify(src/moveit_task_constructor/demo) by extension 'colcon_pkg'
[0.710s] Level 1:colcon.colcon_core.package_identification:_identify(src/moveit_task_constructor/demo) by extensions ['colcon_meta']
[0.710s] Level 1:colcon.colcon_core.package_identification:_identify(src/moveit_task_constructor/demo) by extension 'colcon_meta'
[0.710s] Level 1:colcon.colcon_core.package_identification:_identify(src/moveit_task_constructor/demo) by extensions ['ros']
[0.710s] Level 1:colcon.colcon_core.package_identification:_identify(src/moveit_task_constructor/demo) by extension 'ros'
[0.711s] DEBUG:colcon.colcon_core.package_identification:Package 'src/moveit_task_constructor/demo' with type 'ros.ament_cmake' and name 'moveit_task_constructor_demo'
[0.711s] Level 1:colcon.colcon_core.package_identification:_identify(src/moveit_task_constructor/msgs) by extensions ['ignore', 'ignore_ament_install']
[0.711s] Level 1:colcon.colcon_core.package_identification:_identify(src/moveit_task_constructor/msgs) by extension 'ignore'
[0.711s] Level 1:colcon.colcon_core.package_identification:_identify(src/moveit_task_constructor/msgs) by extension 'ignore_ament_install'
[0.711s] Level 1:colcon.colcon_core.package_identification:_identify(src/moveit_task_constructor/msgs) by extensions ['colcon_pkg']
[0.712s] Level 1:colcon.colcon_core.package_identification:_identify(src/moveit_task_constructor/msgs) by extension 'colcon_pkg'
[0.712s] Level 1:colcon.colcon_core.package_identification:_identify(src/moveit_task_constructor/msgs) by extensions ['colcon_meta']
[0.712s] Level 1:colcon.colcon_core.package_identification:_identify(src/moveit_task_constructor/msgs) by extension 'colcon_meta'
[0.712s] Level 1:colcon.colcon_core.package_identification:_identify(src/moveit_task_constructor/msgs) by extensions ['ros']
[0.712s] Level 1:colcon.colcon_core.package_identification:_identify(src/moveit_task_constructor/msgs) by extension 'ros'
[0.713s] DEBUG:colcon.colcon_core.package_identification:Package 'src/moveit_task_constructor/msgs' with type 'ros.ament_cmake' and name 'moveit_task_constructor_msgs'
[0.713s] Level 1:colcon.colcon_core.package_identification:_identify(src/moveit_task_constructor/rviz_marker_tools) by extensions ['ignore', 'ignore_ament_install']
[0.713s] Level 1:colcon.colcon_core.package_identification:_identify(src/moveit_task_constructor/rviz_marker_tools) by extension 'ignore'
[0.713s] Level 1:colcon.colcon_core.package_identification:_identify(src/moveit_task_constructor/rviz_marker_tools) by extension 'ignore_ament_install'
[0.713s] Level 1:colcon.colcon_core.package_identification:_identify(src/moveit_task_constructor/rviz_marker_tools) by extensions ['colcon_pkg']
[0.713s] Level 1:colcon.colcon_core.package_identification:_identify(src/moveit_task_constructor/rviz_marker_tools) by extension 'colcon_pkg'
[0.713s] Level 1:colcon.colcon_core.package_identification:_identify(src/moveit_task_constructor/rviz_marker_tools) by extensions ['colcon_meta']
[0.713s] Level 1:colcon.colcon_core.package_identification:_identify(src/moveit_task_constructor/rviz_marker_tools) by extension 'colcon_meta'
[0.713s] Level 1:colcon.colcon_core.package_identification:_identify(src/moveit_task_constructor/rviz_marker_tools) by extensions ['ros']
[0.713s] Level 1:colcon.colcon_core.package_identification:_identify(src/moveit_task_constructor/rviz_marker_tools) by extension 'ros'
[0.715s] DEBUG:colcon.colcon_core.package_identification:Package 'src/moveit_task_constructor/rviz_marker_tools' with type 'ros.ament_cmake' and name 'rviz_marker_tools'
[0.715s] Level 1:colcon.colcon_core.package_identification:_identify(src/moveit_task_constructor/visualization) by extensions ['ignore', 'ignore_ament_install']
[0.715s] Level 1:colcon.colcon_core.package_identification:_identify(src/moveit_task_constructor/visualization) by extension 'ignore'
[0.715s] Level 1:colcon.colcon_core.package_identification:_identify(src/moveit_task_constructor/visualization) by extension 'ignore_ament_install'
[0.715s] Level 1:colcon.colcon_core.package_identification:_identify(src/moveit_task_constructor/visualization) by extensions ['colcon_pkg']
[0.715s] Level 1:colcon.colcon_core.package_identification:_identify(src/moveit_task_constructor/visualization) by extension 'colcon_pkg'
[0.715s] Level 1:colcon.colcon_core.package_identification:_identify(src/moveit_task_constructor/visualization) by extensions ['colcon_meta']
[0.716s] Level 1:colcon.colcon_core.package_identification:_identify(src/moveit_task_constructor/visualization) by extension 'colcon_meta'
[0.716s] Level 1:colcon.colcon_core.package_identification:_identify(src/moveit_task_constructor/visualization) by extensions ['ros']
[0.716s] Level 1:colcon.colcon_core.package_identification:_identify(src/moveit_task_constructor/visualization) by extension 'ros'
[0.717s] DEBUG:colcon.colcon_core.package_identification:Package 'src/moveit_task_constructor/visualization' with type 'ros.ament_cmake' and name 'moveit_task_constructor_visualization'
[0.717s] Level 1:colcon.colcon_core.package_identification:_identify(src/moveit_visual_tools) by extensions ['ignore', 'ignore_ament_install']
[0.718s] Level 1:colcon.colcon_core.package_identification:_identify(src/moveit_visual_tools) by extension 'ignore'
[0.718s] Level 1:colcon.colcon_core.package_identification:_identify(src/moveit_visual_tools) by extension 'ignore_ament_install'
[0.718s] Level 1:colcon.colcon_core.package_identification:_identify(src/moveit_visual_tools) by extensions ['colcon_pkg']
[0.718s] Level 1:colcon.colcon_core.package_identification:_identify(src/moveit_visual_tools) by extension 'colcon_pkg'
[0.718s] Level 1:colcon.colcon_core.package_identification:_identify(src/moveit_visual_tools) by extensions ['colcon_meta']
[0.718s] Level 1:colcon.colcon_core.package_identification:_identify(src/moveit_visual_tools) by extension 'colcon_meta'
[0.718s] Level 1:colcon.colcon_core.package_identification:_identify(src/moveit_visual_tools) by extensions ['ros']
[0.718s] Level 1:colcon.colcon_core.package_identification:_identify(src/moveit_visual_tools) by extension 'ros'
[0.720s] DEBUG:colcon.colcon_core.package_identification:Package 'src/moveit_visual_tools' with type 'ros.ament_cmake' and name 'moveit_visual_tools'
[0.720s] Level 1:colcon.colcon_core.package_identification:_identify(src/mtc_tutorial) by extensions ['ignore', 'ignore_ament_install']
[0.721s] Level 1:colcon.colcon_core.package_identification:_identify(src/mtc_tutorial) by extension 'ignore'
[0.721s] Level 1:colcon.colcon_core.package_identification:_identify(src/mtc_tutorial) by extension 'ignore_ament_install'
[0.721s] Level 1:colcon.colcon_core.package_identification:_identify(src/mtc_tutorial) by extensions ['colcon_pkg']
[0.721s] Level 1:colcon.colcon_core.package_identification:_identify(src/mtc_tutorial) by extension 'colcon_pkg'
[0.721s] Level 1:colcon.colcon_core.package_identification:_identify(src/mtc_tutorial) by extensions ['colcon_meta']
[0.721s] Level 1:colcon.colcon_core.package_identification:_identify(src/mtc_tutorial) by extension 'colcon_meta'
[0.721s] Level 1:colcon.colcon_core.package_identification:_identify(src/mtc_tutorial) by extensions ['ros']
[0.721s] Level 1:colcon.colcon_core.package_identification:_identify(src/mtc_tutorial) by extension 'ros'
[0.722s] DEBUG:colcon.colcon_core.package_identification:Package 'src/mtc_tutorial' with type 'ros.ament_cmake' and name 'mtc_tutorial'
[0.722s] Level 1:colcon.colcon_core.package_identification:_identify(src/object_description-20250821T110253Z-1-001) by extensions ['ignore', 'ignore_ament_install']
[0.722s] Level 1:colcon.colcon_core.package_identification:_identify(src/object_description-20250821T110253Z-1-001) by extension 'ignore'
[0.722s] Level 1:colcon.colcon_core.package_identification:_identify(src/object_description-20250821T110253Z-1-001) by extension 'ignore_ament_install'
[0.722s] Level 1:colcon.colcon_core.package_identification:_identify(src/object_description-20250821T110253Z-1-001) by extensions ['colcon_pkg']
[0.723s] Level 1:colcon.colcon_core.package_identification:_identify(src/object_description-20250821T110253Z-1-001) by extension 'colcon_pkg'
[0.723s] Level 1:colcon.colcon_core.package_identification:_identify(src/object_description-20250821T110253Z-1-001) by extensions ['colcon_meta']
[0.723s] Level 1:colcon.colcon_core.package_identification:_identify(src/object_description-20250821T110253Z-1-001) by extension 'colcon_meta'
[0.723s] Level 1:colcon.colcon_core.package_identification:_identify(src/object_description-20250821T110253Z-1-001) by extensions ['ros']
[0.723s] Level 1:colcon.colcon_core.package_identification:_identify(src/object_description-20250821T110253Z-1-001) by extension 'ros'
[0.723s] Level 1:colcon.colcon_core.package_identification:_identify(src/object_description-20250821T110253Z-1-001) by extensions ['cmake', 'python']
[0.723s] Level 1:colcon.colcon_core.package_identification:_identify(src/object_description-20250821T110253Z-1-001) by extension 'cmake'
[0.723s] Level 1:colcon.colcon_core.package_identification:_identify(src/object_description-20250821T110253Z-1-001) by extension 'python'
[0.723s] Level 1:colcon.colcon_core.package_identification:_identify(src/object_description-20250821T110253Z-1-001) by extensions ['python_setup_py']
[0.723s] Level 1:colcon.colcon_core.package_identification:_identify(src/object_description-20250821T110253Z-1-001) by extension 'python_setup_py'
[0.723s] Level 1:colcon.colcon_core.package_identification:_identify(src/object_description-20250821T110253Z-1-001/object_description) by extensions ['ignore', 'ignore_ament_install']
[0.723s] Level 1:colcon.colcon_core.package_identification:_identify(src/object_description-20250821T110253Z-1-001/object_description) by extension 'ignore'
[0.723s] Level 1:colcon.colcon_core.package_identification:_identify(src/object_description-20250821T110253Z-1-001/object_description) by extension 'ignore_ament_install'
[0.723s] Level 1:colcon.colcon_core.package_identification:_identify(src/object_description-20250821T110253Z-1-001/object_description) by extensions ['colcon_pkg']
[0.723s] Level 1:colcon.colcon_core.package_identification:_identify(src/object_description-20250821T110253Z-1-001/object_description) by extension 'colcon_pkg'
[0.724s] Level 1:colcon.colcon_core.package_identification:_identify(src/object_description-20250821T110253Z-1-001/object_description) by extensions ['colcon_meta']
[0.724s] Level 1:colcon.colcon_core.package_identification:_identify(src/object_description-20250821T110253Z-1-001/object_description) by extension 'colcon_meta'
[0.724s] Level 1:colcon.colcon_core.package_identification:_identify(src/object_description-20250821T110253Z-1-001/object_description) by extensions ['ros']
[0.724s] Level 1:colcon.colcon_core.package_identification:_identify(src/object_description-20250821T110253Z-1-001/object_description) by extension 'ros'
[0.724s] DEBUG:colcon.colcon_core.package_identification:Package 'src/object_description-20250821T110253Z-1-001/object_description' with type 'ros.ament_cmake' and name 'object_description'
[0.725s] Level 1:colcon.colcon_core.package_identification:_identify(src/realsense-ros) by extensions ['ignore', 'ignore_ament_install']
[0.725s] Level 1:colcon.colcon_core.package_identification:_identify(src/realsense-ros) by extension 'ignore'
[0.725s] Level 1:colcon.colcon_core.package_identification:_identify(src/realsense-ros) by extension 'ignore_ament_install'
[0.725s] Level 1:colcon.colcon_core.package_identification:_identify(src/realsense-ros) by extensions ['colcon_pkg']
[0.725s] Level 1:colcon.colcon_core.package_identification:_identify(src/realsense-ros) by extension 'colcon_pkg'
[0.725s] Level 1:colcon.colcon_core.package_identification:_identify(src/realsense-ros) by extensions ['colcon_meta']
[0.725s] Level 1:colcon.colcon_core.package_identification:_identify(src/realsense-ros) by extension 'colcon_meta'
[0.725s] Level 1:colcon.colcon_core.package_identification:_identify(src/realsense-ros) by extensions ['ros']
[0.725s] Level 1:colcon.colcon_core.package_identification:_identify(src/realsense-ros) by extension 'ros'
[0.725s] Level 1:colcon.colcon_core.package_identification:_identify(src/realsense-ros) by extensions ['cmake', 'python']
[0.725s] Level 1:colcon.colcon_core.package_identification:_identify(src/realsense-ros) by extension 'cmake'
[0.725s] Level 1:colcon.colcon_core.package_identification:_identify(src/realsense-ros) by extension 'python'
[0.725s] Level 1:colcon.colcon_core.package_identification:_identify(src/realsense-ros) by extensions ['python_setup_py']
[0.725s] Level 1:colcon.colcon_core.package_identification:_identify(src/realsense-ros) by extension 'python_setup_py'
[0.726s] Level 1:colcon.colcon_core.package_identification:_identify(src/realsense-ros/realsense2_camera) by extensions ['ignore', 'ignore_ament_install']
[0.726s] Level 1:colcon.colcon_core.package_identification:_identify(src/realsense-ros/realsense2_camera) by extension 'ignore'
[0.726s] Level 1:colcon.colcon_core.package_identification:_identify(src/realsense-ros/realsense2_camera) by extension 'ignore_ament_install'
[0.726s] Level 1:colcon.colcon_core.package_identification:_identify(src/realsense-ros/realsense2_camera) by extensions ['colcon_pkg']
[0.726s] Level 1:colcon.colcon_core.package_identification:_identify(src/realsense-ros/realsense2_camera) by extension 'colcon_pkg'
[0.726s] Level 1:colcon.colcon_core.package_identification:_identify(src/realsense-ros/realsense2_camera) by extensions ['colcon_meta']
[0.726s] Level 1:colcon.colcon_core.package_identification:_identify(src/realsense-ros/realsense2_camera) by extension 'colcon_meta'
[0.726s] Level 1:colcon.colcon_core.package_identification:_identify(src/realsense-ros/realsense2_camera) by extensions ['ros']
[0.726s] Level 1:colcon.colcon_core.package_identification:_identify(src/realsense-ros/realsense2_camera) by extension 'ros'
[0.736s] DEBUG:colcon.colcon_core.package_identification:Package 'src/realsense-ros/realsense2_camera' with type 'ros.ament_cmake' and name 'realsense2_camera'
[0.736s] Level 1:colcon.colcon_core.package_identification:_identify(src/realsense-ros/realsense2_camera_msgs) by extensions ['ignore', 'ignore_ament_install']
[0.736s] Level 1:colcon.colcon_core.package_identification:_identify(src/realsense-ros/realsense2_camera_msgs) by extension 'ignore'
[0.736s] Level 1:colcon.colcon_core.package_identification:_identify(src/realsense-ros/realsense2_camera_msgs) by extension 'ignore_ament_install'
[0.736s] Level 1:colcon.colcon_core.package_identification:_identify(src/realsense-ros/realsense2_camera_msgs) by extensions ['colcon_pkg']
[0.737s] Level 1:colcon.colcon_core.package_identification:_identify(src/realsense-ros/realsense2_camera_msgs) by extension 'colcon_pkg'
[0.737s] Level 1:colcon.colcon_core.package_identification:_identify(src/realsense-ros/realsense2_camera_msgs) by extensions ['colcon_meta']
[0.737s] Level 1:colcon.colcon_core.package_identification:_identify(src/realsense-ros/realsense2_camera_msgs) by extension 'colcon_meta'
[0.737s] Level 1:colcon.colcon_core.package_identification:_identify(src/realsense-ros/realsense2_camera_msgs) by extensions ['ros']
[0.737s] Level 1:colcon.colcon_core.package_identification:_identify(src/realsense-ros/realsense2_camera_msgs) by extension 'ros'
[0.738s] DEBUG:colcon.colcon_core.package_identification:Package 'src/realsense-ros/realsense2_camera_msgs' with type 'ros.ament_cmake' and name 'realsense2_camera_msgs'
[0.738s] Level 1:colcon.colcon_core.package_identification:_identify(src/realsense-ros/realsense2_description) by extensions ['ignore', 'ignore_ament_install']
[0.738s] Level 1:colcon.colcon_core.package_identification:_identify(src/realsense-ros/realsense2_description) by extension 'ignore'
[0.738s] Level 1:colcon.colcon_core.package_identification:_identify(src/realsense-ros/realsense2_description) by extension 'ignore_ament_install'
[0.738s] Level 1:colcon.colcon_core.package_identification:_identify(src/realsense-ros/realsense2_description) by extensions ['colcon_pkg']
[0.738s] Level 1:colcon.colcon_core.package_identification:_identify(src/realsense-ros/realsense2_description) by extension 'colcon_pkg'
[0.738s] Level 1:colcon.colcon_core.package_identification:_identify(src/realsense-ros/realsense2_description) by extensions ['colcon_meta']
[0.738s] Level 1:colcon.colcon_core.package_identification:_identify(src/realsense-ros/realsense2_description) by extension 'colcon_meta'
[0.738s] Level 1:colcon.colcon_core.package_identification:_identify(src/realsense-ros/realsense2_description) by extensions ['ros']
[0.738s] Level 1:colcon.colcon_core.package_identification:_identify(src/realsense-ros/realsense2_description) by extension 'ros'
[0.740s] DEBUG:colcon.colcon_core.package_identification:Package 'src/realsense-ros/realsense2_description' with type 'ros.ament_cmake' and name 'realsense2_description'
[0.740s] Level 1:colcon.colcon_core.package_identification:_identify(src/realsense-ros/realsense2_ros_mqtt_bridge) by extensions ['ignore', 'ignore_ament_install']
[0.740s] Level 1:colcon.colcon_core.package_identification:_identify(src/realsense-ros/realsense2_ros_mqtt_bridge) by extension 'ignore'
[0.740s] Level 1:colcon.colcon_core.package_identification:_identify(src/realsense-ros/realsense2_ros_mqtt_bridge) by extension 'ignore_ament_install'
[0.740s] Level 1:colcon.colcon_core.package_identification:_identify(src/realsense-ros/realsense2_ros_mqtt_bridge) by extensions ['colcon_pkg']
[0.740s] Level 1:colcon.colcon_core.package_identification:_identify(src/realsense-ros/realsense2_ros_mqtt_bridge) by extension 'colcon_pkg'
[0.740s] Level 1:colcon.colcon_core.package_identification:_identify(src/realsense-ros/realsense2_ros_mqtt_bridge) by extensions ['colcon_meta']
[0.740s] Level 1:colcon.colcon_core.package_identification:_identify(src/realsense-ros/realsense2_ros_mqtt_bridge) by extension 'colcon_meta'
[0.740s] Level 1:colcon.colcon_core.package_identification:_identify(src/realsense-ros/realsense2_ros_mqtt_bridge) by extensions ['ros']
[0.740s] Level 1:colcon.colcon_core.package_identification:_identify(src/realsense-ros/realsense2_ros_mqtt_bridge) by extension 'ros'
[0.741s] DEBUG:colcon.colcon_core.package_identification:Package 'src/realsense-ros/realsense2_ros_mqtt_bridge' with type 'ros.ament_python' and name 'realsense2_ros_mqtt_bridge'
[0.741s] Level 1:colcon.colcon_core.package_identification:_identify(src/realsense-ros/res) by extensions ['ignore', 'ignore_ament_install']
[0.741s] Level 1:colcon.colcon_core.package_identification:_identify(src/realsense-ros/res) by extension 'ignore'
[0.741s] Level 1:colcon.colcon_core.package_identification:_identify(src/realsense-ros/res) by extension 'ignore_ament_install'
[0.741s] Level 1:colcon.colcon_core.package_identification:_identify(src/realsense-ros/res) by extensions ['colcon_pkg']
[0.741s] Level 1:colcon.colcon_core.package_identification:_identify(src/realsense-ros/res) by extension 'colcon_pkg'
[0.741s] Level 1:colcon.colcon_core.package_identification:_identify(src/realsense-ros/res) by extensions ['colcon_meta']
[0.742s] Level 1:colcon.colcon_core.package_identification:_identify(src/realsense-ros/res) by extension 'colcon_meta'
[0.742s] Level 1:colcon.colcon_core.package_identification:_identify(src/realsense-ros/res) by extensions ['ros']
[0.742s] Level 1:colcon.colcon_core.package_identification:_identify(src/realsense-ros/res) by extension 'ros'
[0.742s] Level 1:colcon.colcon_core.package_identification:_identify(src/realsense-ros/res) by extensions ['cmake', 'python']
[0.742s] Level 1:colcon.colcon_core.package_identification:_identify(src/realsense-ros/res) by extension 'cmake'
[0.742s] Level 1:colcon.colcon_core.package_identification:_identify(src/realsense-ros/res) by extension 'python'
[0.742s] Level 1:colcon.colcon_core.package_identification:_identify(src/realsense-ros/res) by extensions ['python_setup_py']
[0.742s] Level 1:colcon.colcon_core.package_identification:_identify(src/realsense-ros/res) by extension 'python_setup_py'
[0.742s] Level 1:colcon.colcon_core.package_identification:_identify(src/realsense-ros/scripts) by extensions ['ignore', 'ignore_ament_install']
[0.742s] Level 1:colcon.colcon_core.package_identification:_identify(src/realsense-ros/scripts) by extension 'ignore'
[0.742s] Level 1:colcon.colcon_core.package_identification:_identify(src/realsense-ros/scripts) by extension 'ignore_ament_install'
[0.742s] Level 1:colcon.colcon_core.package_identification:_identify(src/realsense-ros/scripts) by extensions ['colcon_pkg']
[0.742s] Level 1:colcon.colcon_core.package_identification:_identify(src/realsense-ros/scripts) by extension 'colcon_pkg'
[0.742s] Level 1:colcon.colcon_core.package_identification:_identify(src/realsense-ros/scripts) by extensions ['colcon_meta']
[0.742s] Level 1:colcon.colcon_core.package_identification:_identify(src/realsense-ros/scripts) by extension 'colcon_meta'
[0.742s] Level 1:colcon.colcon_core.package_identification:_identify(src/realsense-ros/scripts) by extensions ['ros']
[0.742s] Level 1:colcon.colcon_core.package_identification:_identify(src/realsense-ros/scripts) by extension 'ros'
[0.743s] Level 1:colcon.colcon_core.package_identification:_identify(src/realsense-ros/scripts) by extensions ['cmake', 'python']
[0.743s] Level 1:colcon.colcon_core.package_identification:_identify(src/realsense-ros/scripts) by extension 'cmake'
[0.743s] Level 1:colcon.colcon_core.package_identification:_identify(src/realsense-ros/scripts) by extension 'python'
[0.743s] Level 1:colcon.colcon_core.package_identification:_identify(src/realsense-ros/scripts) by extensions ['python_setup_py']
[0.743s] Level 1:colcon.colcon_core.package_identification:_identify(src/realsense-ros/scripts) by extension 'python_setup_py'
[0.743s] Level 1:colcon.colcon_core.package_identification:_identify(src/red_seiretu_description) by extensions ['ignore', 'ignore_ament_install']
[0.743s] Level 1:colcon.colcon_core.package_identification:_identify(src/red_seiretu_description) by extension 'ignore'
[0.743s] Level 1:colcon.colcon_core.package_identification:_identify(src/red_seiretu_description) by extension 'ignore_ament_install'
[0.743s] Level 1:colcon.colcon_core.package_identification:_identify(src/red_seiretu_description) by extensions ['colcon_pkg']
[0.743s] Level 1:colcon.colcon_core.package_identification:_identify(src/red_seiretu_description) by extension 'colcon_pkg'
[0.743s] Level 1:colcon.colcon_core.package_identification:_identify(src/red_seiretu_description) by extensions ['colcon_meta']
[0.743s] Level 1:colcon.colcon_core.package_identification:_identify(src/red_seiretu_description) by extension 'colcon_meta'
[0.743s] Level 1:colcon.colcon_core.package_identification:_identify(src/red_seiretu_description) by extensions ['ros']
[0.743s] Level 1:colcon.colcon_core.package_identification:_identify(src/red_seiretu_description) by extension 'ros'
[0.744s] DEBUG:colcon.colcon_core.package_identification:Package 'src/red_seiretu_description' with type 'ros.ament_cmake' and name 'red_seiretu_description'
[0.744s] Level 1:colcon.colcon_core.package_identification:_identify(src/robot_config) by extensions ['ignore', 'ignore_ament_install']
[0.744s] Level 1:colcon.colcon_core.package_identification:_identify(src/robot_config) by extension 'ignore'
[0.744s] Level 1:colcon.colcon_core.package_identification:_identify(src/robot_config) by extension 'ignore_ament_install'
[0.744s] Level 1:colcon.colcon_core.package_identification:_identify(src/robot_config) by extensions ['colcon_pkg']
[0.744s] Level 1:colcon.colcon_core.package_identification:_identify(src/robot_config) by extension 'colcon_pkg'
[0.744s] Level 1:colcon.colcon_core.package_identification:_identify(src/robot_config) by extensions ['colcon_meta']
[0.744s] Level 1:colcon.colcon_core.package_identification:_identify(src/robot_config) by extension 'colcon_meta'
[0.745s] Level 1:colcon.colcon_core.package_identification:_identify(src/robot_config) by extensions ['ros']
[0.745s] Level 1:colcon.colcon_core.package_identification:_identify(src/robot_config) by extension 'ros'
[0.750s] DEBUG:colcon.colcon_core.package_identification:Package 'src/robot_config' with type 'ros.ament_cmake' and name 'robot_config'
[0.750s] Level 1:colcon.colcon_core.package_identification:_identify(src/rogilinkFlex-ros2) by extensions ['ignore', 'ignore_ament_install']
[0.750s] Level 1:colcon.colcon_core.package_identification:_identify(src/rogilinkFlex-ros2) by extension 'ignore'
[0.750s] Level 1:colcon.colcon_core.package_identification:_identify(src/rogilinkFlex-ros2) by extension 'ignore_ament_install'
[0.750s] Level 1:colcon.colcon_core.package_identification:_identify(src/rogilinkFlex-ros2) by extensions ['colcon_pkg']
[0.750s] Level 1:colcon.colcon_core.package_identification:_identify(src/rogilinkFlex-ros2) by extension 'colcon_pkg'
[0.750s] Level 1:colcon.colcon_core.package_identification:_identify(src/rogilinkFlex-ros2) by extensions ['colcon_meta']
[0.750s] Level 1:colcon.colcon_core.package_identification:_identify(src/rogilinkFlex-ros2) by extension 'colcon_meta'
[0.750s] Level 1:colcon.colcon_core.package_identification:_identify(src/rogilinkFlex-ros2) by extensions ['ros']
[0.750s] Level 1:colcon.colcon_core.package_identification:_identify(src/rogilinkFlex-ros2) by extension 'ros'
[0.750s] Level 1:colcon.colcon_core.package_identification:_identify(src/rogilinkFlex-ros2) by extensions ['cmake', 'python']
[0.751s] Level 1:colcon.colcon_core.package_identification:_identify(src/rogilinkFlex-ros2) by extension 'cmake'
[0.751s] Level 1:colcon.colcon_core.package_identification:_identify(src/rogilinkFlex-ros2) by extension 'python'
[0.751s] Level 1:colcon.colcon_core.package_identification:_identify(src/rogilinkFlex-ros2) by extensions ['python_setup_py']
[0.751s] Level 1:colcon.colcon_core.package_identification:_identify(src/rogilinkFlex-ros2) by extension 'python_setup_py'
[0.751s] Level 1:colcon.colcon_core.package_identification:_identify(src/rogilinkFlex-ros2/rogilink_flex) by extensions ['ignore', 'ignore_ament_install']
[0.751s] Level 1:colcon.colcon_core.package_identification:_identify(src/rogilinkFlex-ros2/rogilink_flex) by extension 'ignore'
[0.751s] Level 1:colcon.colcon_core.package_identification:_identify(src/rogilinkFlex-ros2/rogilink_flex) by extension 'ignore_ament_install'
[0.751s] Level 1:colcon.colcon_core.package_identification:_identify(src/rogilinkFlex-ros2/rogilink_flex) by extensions ['colcon_pkg']
[0.751s] Level 1:colcon.colcon_core.package_identification:_identify(src/rogilinkFlex-ros2/rogilink_flex) by extension 'colcon_pkg'
[0.751s] Level 1:colcon.colcon_core.package_identification:_identify(src/rogilinkFlex-ros2/rogilink_flex) by extensions ['colcon_meta']
[0.751s] Level 1:colcon.colcon_core.package_identification:_identify(src/rogilinkFlex-ros2/rogilink_flex) by extension 'colcon_meta'
[0.751s] Level 1:colcon.colcon_core.package_identification:_identify(src/rogilinkFlex-ros2/rogilink_flex) by extensions ['ros']
[0.751s] Level 1:colcon.colcon_core.package_identification:_identify(src/rogilinkFlex-ros2/rogilink_flex) by extension 'ros'
[0.752s] DEBUG:colcon.colcon_core.package_identification:Package 'src/rogilinkFlex-ros2/rogilink_flex' with type 'ros.ament_cmake' and name 'rogilink_flex'
[0.752s] Level 1:colcon.colcon_core.package_identification:_identify(src/rogilinkFlex-ros2/rogilink_flex_example_py) by extensions ['ignore', 'ignore_ament_install']
[0.753s] Level 1:colcon.colcon_core.package_identification:_identify(src/rogilinkFlex-ros2/rogilink_flex_example_py) by extension 'ignore'
[0.753s] Level 1:colcon.colcon_core.package_identification:_identify(src/rogilinkFlex-ros2/rogilink_flex_example_py) by extension 'ignore_ament_install'
[0.753s] Level 1:colcon.colcon_core.package_identification:_identify(src/rogilinkFlex-ros2/rogilink_flex_example_py) by extensions ['colcon_pkg']
[0.753s] Level 1:colcon.colcon_core.package_identification:_identify(src/rogilinkFlex-ros2/rogilink_flex_example_py) by extension 'colcon_pkg'
[0.753s] Level 1:colcon.colcon_core.package_identification:_identify(src/rogilinkFlex-ros2/rogilink_flex_example_py) by extensions ['colcon_meta']
[0.753s] Level 1:colcon.colcon_core.package_identification:_identify(src/rogilinkFlex-ros2/rogilink_flex_example_py) by extension 'colcon_meta'
[0.754s] Level 1:colcon.colcon_core.package_identification:_identify(src/rogilinkFlex-ros2/rogilink_flex_example_py) by extensions ['ros']
[0.754s] Level 1:colcon.colcon_core.package_identification:_identify(src/rogilinkFlex-ros2/rogilink_flex_example_py) by extension 'ros'
[0.755s] DEBUG:colcon.colcon_core.package_identification:Package 'src/rogilinkFlex-ros2/rogilink_flex_example_py' with type 'ros.ament_python' and name 'rogilink_flex_example_py'
[0.756s] Level 1:colcon.colcon_core.package_identification:_identify(src/rogilinkFlex-ros2/rogilink_flex_gui) by extensions ['ignore', 'ignore_ament_install']
[0.756s] Level 1:colcon.colcon_core.package_identification:_identify(src/rogilinkFlex-ros2/rogilink_flex_gui) by extension 'ignore'
[0.756s] Level 1:colcon.colcon_core.package_identification:_identify(src/rogilinkFlex-ros2/rogilink_flex_gui) by extension 'ignore_ament_install'
[0.756s] Level 1:colcon.colcon_core.package_identification:_identify(src/rogilinkFlex-ros2/rogilink_flex_gui) by extensions ['colcon_pkg']
[0.756s] Level 1:colcon.colcon_core.package_identification:_identify(src/rogilinkFlex-ros2/rogilink_flex_gui) by extension 'colcon_pkg'
[0.756s] Level 1:colcon.colcon_core.package_identification:_identify(src/rogilinkFlex-ros2/rogilink_flex_gui) by extensions ['colcon_meta']
[0.756s] Level 1:colcon.colcon_core.package_identification:_identify(src/rogilinkFlex-ros2/rogilink_flex_gui) by extension 'colcon_meta'
[0.756s] Level 1:colcon.colcon_core.package_identification:_identify(src/rogilinkFlex-ros2/rogilink_flex_gui) by extensions ['ros']
[0.756s] Level 1:colcon.colcon_core.package_identification:_identify(src/rogilinkFlex-ros2/rogilink_flex_gui) by extension 'ros'
[0.757s] DEBUG:colcon.colcon_core.package_identification:Package 'src/rogilinkFlex-ros2/rogilink_flex_gui' with type 'ros.ament_python' and name 'rogilink_flex_gui'
[0.757s] Level 1:colcon.colcon_core.package_identification:_identify(src/rogilinkFlex-ros2/rogilink_flex_interfaces) by extensions ['ignore', 'ignore_ament_install']
[0.757s] Level 1:colcon.colcon_core.package_identification:_identify(src/rogilinkFlex-ros2/rogilink_flex_interfaces) by extension 'ignore'
[0.757s] Level 1:colcon.colcon_core.package_identification:_identify(src/rogilinkFlex-ros2/rogilink_flex_interfaces) by extension 'ignore_ament_install'
[0.758s] Level 1:colcon.colcon_core.package_identification:_identify(src/rogilinkFlex-ros2/rogilink_flex_interfaces) by extensions ['colcon_pkg']
[0.758s] Level 1:colcon.colcon_core.package_identification:_identify(src/rogilinkFlex-ros2/rogilink_flex_interfaces) by extension 'colcon_pkg'
[0.758s] Level 1:colcon.colcon_core.package_identification:_identify(src/rogilinkFlex-ros2/rogilink_flex_interfaces) by extensions ['colcon_meta']
[0.758s] Level 1:colcon.colcon_core.package_identification:_identify(src/rogilinkFlex-ros2/rogilink_flex_interfaces) by extension 'colcon_meta'
[0.758s] Level 1:colcon.colcon_core.package_identification:_identify(src/rogilinkFlex-ros2/rogilink_flex_interfaces) by extensions ['ros']
[0.758s] Level 1:colcon.colcon_core.package_identification:_identify(src/rogilinkFlex-ros2/rogilink_flex_interfaces) by extension 'ros'
[0.759s] DEBUG:colcon.colcon_core.package_identification:Package 'src/rogilinkFlex-ros2/rogilink_flex_interfaces' with type 'ros.ament_cmake' and name 'rogilink_flex_interfaces'
[0.759s] Level 1:colcon.colcon_core.package_identification:_identify(src/rogilinkFlex-ros2/rogilink_flex_lib) by extensions ['ignore', 'ignore_ament_install']
[0.759s] Level 1:colcon.colcon_core.package_identification:_identify(src/rogilinkFlex-ros2/rogilink_flex_lib) by extension 'ignore'
[0.759s] Level 1:colcon.colcon_core.package_identification:_identify(src/rogilinkFlex-ros2/rogilink_flex_lib) by extension 'ignore_ament_install'
[0.759s] Level 1:colcon.colcon_core.package_identification:_identify(src/rogilinkFlex-ros2/rogilink_flex_lib) by extensions ['colcon_pkg']
[0.759s] Level 1:colcon.colcon_core.package_identification:_identify(src/rogilinkFlex-ros2/rogilink_flex_lib) by extension 'colcon_pkg'
[0.759s] Level 1:colcon.colcon_core.package_identification:_identify(src/rogilinkFlex-ros2/rogilink_flex_lib) by extensions ['colcon_meta']
[0.759s] Level 1:colcon.colcon_core.package_identification:_identify(src/rogilinkFlex-ros2/rogilink_flex_lib) by extension 'colcon_meta'
[0.759s] Level 1:colcon.colcon_core.package_identification:_identify(src/rogilinkFlex-ros2/rogilink_flex_lib) by extensions ['ros']
[0.759s] Level 1:colcon.colcon_core.package_identification:_identify(src/rogilinkFlex-ros2/rogilink_flex_lib) by extension 'ros'
[0.760s] DEBUG:colcon.colcon_core.package_identification:Package 'src/rogilinkFlex-ros2/rogilink_flex_lib' with type 'ros.ament_cmake' and name 'rogilink_flex_lib'
[0.761s] Level 1:colcon.colcon_core.package_identification:_identify(src/rosparam_shortcuts) by extensions ['ignore', 'ignore_ament_install']
[0.761s] Level 1:colcon.colcon_core.package_identification:_identify(src/rosparam_shortcuts) by extension 'ignore'
[0.761s] Level 1:colcon.colcon_core.package_identification:_identify(src/rosparam_shortcuts) by extension 'ignore_ament_install'
[0.761s] Level 1:colcon.colcon_core.package_identification:_identify(src/rosparam_shortcuts) by extensions ['colcon_pkg']
[0.761s] Level 1:colcon.colcon_core.package_identification:_identify(src/rosparam_shortcuts) by extension 'colcon_pkg'
[0.761s] Level 1:colcon.colcon_core.package_identification:_identify(src/rosparam_shortcuts) by extensions ['colcon_meta']
[0.761s] Level 1:colcon.colcon_core.package_identification:_identify(src/rosparam_shortcuts) by extension 'colcon_meta'
[0.761s] Level 1:colcon.colcon_core.package_identification:_identify(src/rosparam_shortcuts) by extensions ['ros']
[0.761s] Level 1:colcon.colcon_core.package_identification:_identify(src/rosparam_shortcuts) by extension 'ros'
[0.762s] DEBUG:colcon.colcon_core.package_identification:Package 'src/rosparam_shortcuts' with type 'ros.ament_cmake' and name 'rosparam_shortcuts'
[0.763s] Level 1:colcon.colcon_core.package_identification:_identify(src/srdfdom) by extensions ['ignore', 'ignore_ament_install']
[0.763s] Level 1:colcon.colcon_core.package_identification:_identify(src/srdfdom) by extension 'ignore'
[0.763s] Level 1:colcon.colcon_core.package_identification:_identify(src/srdfdom) by extension 'ignore_ament_install'
[0.763s] Level 1:colcon.colcon_core.package_identification:_identify(src/srdfdom) by extensions ['colcon_pkg']
[0.763s] Level 1:colcon.colcon_core.package_identification:_identify(src/srdfdom) by extension 'colcon_pkg'
[0.763s] Level 1:colcon.colcon_core.package_identification:_identify(src/srdfdom) by extensions ['colcon_meta']
[0.763s] Level 1:colcon.colcon_core.package_identification:_identify(src/srdfdom) by extension 'colcon_meta'
[0.763s] Level 1:colcon.colcon_core.package_identification:_identify(src/srdfdom) by extensions ['ros']
[0.763s] Level 1:colcon.colcon_core.package_identification:_identify(src/srdfdom) by extension 'ros'
[0.764s] DEBUG:colcon.colcon_core.package_identification:Package 'src/srdfdom' with type 'ros.ament_cmake' and name 'srdfdom'
[0.765s] Level 1:colcon.colcon_core.package_identification:_identify(src/trac_ik) by extensions ['ignore', 'ignore_ament_install']
[0.765s] Level 1:colcon.colcon_core.package_identification:_identify(src/trac_ik) by extension 'ignore'
[0.765s] Level 1:colcon.colcon_core.package_identification:_identify(src/trac_ik) by extension 'ignore_ament_install'
[0.765s] Level 1:colcon.colcon_core.package_identification:_identify(src/trac_ik) by extensions ['colcon_pkg']
[0.765s] Level 1:colcon.colcon_core.package_identification:_identify(src/trac_ik) by extension 'colcon_pkg'
[0.765s] Level 1:colcon.colcon_core.package_identification:_identify(src/trac_ik) by extensions ['colcon_meta']
[0.765s] Level 1:colcon.colcon_core.package_identification:_identify(src/trac_ik) by extension 'colcon_meta'
[0.765s] Level 1:colcon.colcon_core.package_identification:_identify(src/trac_ik) by extensions ['ros']
[0.765s] Level 1:colcon.colcon_core.package_identification:_identify(src/trac_ik) by extension 'ros'
[0.765s] Level 1:colcon.colcon_core.package_identification:_identify(src/trac_ik) by extensions ['cmake', 'python']
[0.765s] Level 1:colcon.colcon_core.package_identification:_identify(src/trac_ik) by extension 'cmake'
[0.765s] Level 1:colcon.colcon_core.package_identification:_identify(src/trac_ik) by extension 'python'
[0.765s] Level 1:colcon.colcon_core.package_identification:_identify(src/trac_ik) by extensions ['python_setup_py']
[0.765s] Level 1:colcon.colcon_core.package_identification:_identify(src/trac_ik) by extension 'python_setup_py'
[0.765s] Level 1:colcon.colcon_core.package_identification:_identify(src/trac_ik/trac_ik) by extensions ['ignore', 'ignore_ament_install']
[0.766s] Level 1:colcon.colcon_core.package_identification:_identify(src/trac_ik/trac_ik) by extension 'ignore'
[0.766s] Level 1:colcon.colcon_core.package_identification:_identify(src/trac_ik/trac_ik) by extension 'ignore_ament_install'
[0.766s] Level 1:colcon.colcon_core.package_identification:_identify(src/trac_ik/trac_ik) by extensions ['colcon_pkg']
[0.766s] Level 1:colcon.colcon_core.package_identification:_identify(src/trac_ik/trac_ik) by extension 'colcon_pkg'
[0.766s] Level 1:colcon.colcon_core.package_identification:_identify(src/trac_ik/trac_ik) by extensions ['colcon_meta']
[0.766s] Level 1:colcon.colcon_core.package_identification:_identify(src/trac_ik/trac_ik) by extension 'colcon_meta'
[0.766s] Level 1:colcon.colcon_core.package_identification:_identify(src/trac_ik/trac_ik) by extensions ['ros']
[0.766s] Level 1:colcon.colcon_core.package_identification:_identify(src/trac_ik/trac_ik) by extension 'ros'
[0.767s] DEBUG:colcon.colcon_core.package_identification:Package 'src/trac_ik/trac_ik' with type 'ros.ament_cmake' and name 'trac_ik'
[0.767s] Level 1:colcon.colcon_core.package_identification:_identify(src/trac_ik/trac_ik_examples) by extensions ['ignore', 'ignore_ament_install']
[0.767s] Level 1:colcon.colcon_core.package_identification:_identify(src/trac_ik/trac_ik_examples) by extension 'ignore'
[0.767s] Level 1:colcon.colcon_core.package_identification:_identify(src/trac_ik/trac_ik_examples) ignored
[0.767s] Level 1:colcon.colcon_core.package_identification:_identify(src/trac_ik/trac_ik_kinematics_plugin) by extensions ['ignore', 'ignore_ament_install']
[0.767s] Level 1:colcon.colcon_core.package_identification:_identify(src/trac_ik/trac_ik_kinematics_plugin) by extension 'ignore'
[0.767s] Level 1:colcon.colcon_core.package_identification:_identify(src/trac_ik/trac_ik_kinematics_plugin) by extension 'ignore_ament_install'
[0.767s] Level 1:colcon.colcon_core.package_identification:_identify(src/trac_ik/trac_ik_kinematics_plugin) by extensions ['colcon_pkg']
[0.768s] Level 1:colcon.colcon_core.package_identification:_identify(src/trac_ik/trac_ik_kinematics_plugin) by extension 'colcon_pkg'
[0.768s] Level 1:colcon.colcon_core.package_identification:_identify(src/trac_ik/trac_ik_kinematics_plugin) by extensions ['colcon_meta']
[0.768s] Level 1:colcon.colcon_core.package_identification:_identify(src/trac_ik/trac_ik_kinematics_plugin) by extension 'colcon_meta'
[0.768s] Level 1:colcon.colcon_core.package_identification:_identify(src/trac_ik/trac_ik_kinematics_plugin) by extensions ['ros']
[0.768s] Level 1:colcon.colcon_core.package_identification:_identify(src/trac_ik/trac_ik_kinematics_plugin) by extension 'ros'
[0.769s] DEBUG:colcon.colcon_core.package_identification:Package 'src/trac_ik/trac_ik_kinematics_plugin' with type 'ros.ament_cmake' and name 'trac_ik_kinematics_plugin'
[0.769s] Level 1:colcon.colcon_core.package_identification:_identify(src/trac_ik/trac_ik_lib) by extensions ['ignore', 'ignore_ament_install']
[0.770s] Level 1:colcon.colcon_core.package_identification:_identify(src/trac_ik/trac_ik_lib) by extension 'ignore'
[0.770s] Level 1:colcon.colcon_core.package_identification:_identify(src/trac_ik/trac_ik_lib) by extension 'ignore_ament_install'
[0.770s] Level 1:colcon.colcon_core.package_identification:_identify(src/trac_ik/trac_ik_lib) by extensions ['colcon_pkg']
[0.770s] Level 1:colcon.colcon_core.package_identification:_identify(src/trac_ik/trac_ik_lib) by extension 'colcon_pkg'
[0.770s] Level 1:colcon.colcon_core.package_identification:_identify(src/trac_ik/trac_ik_lib) by extensions ['colcon_meta']
[0.770s] Level 1:colcon.colcon_core.package_identification:_identify(src/trac_ik/trac_ik_lib) by extension 'colcon_meta'
[0.770s] Level 1:colcon.colcon_core.package_identification:_identify(src/trac_ik/trac_ik_lib) by extensions ['ros']
[0.770s] Level 1:colcon.colcon_core.package_identification:_identify(src/trac_ik/trac_ik_lib) by extension 'ros'
[0.771s] DEBUG:colcon.colcon_core.package_identification:Package 'src/trac_ik/trac_ik_lib' with type 'ros.ament_cmake' and name 'trac_ik_lib'
[0.772s] Level 1:colcon.colcon_core.package_identification:_identify(src/trac_ik/trac_ik_python) by extensions ['ignore', 'ignore_ament_install']
[0.772s] Level 1:colcon.colcon_core.package_identification:_identify(src/trac_ik/trac_ik_python) by extension 'ignore'
[0.772s] Level 1:colcon.colcon_core.package_identification:_identify(src/trac_ik/trac_ik_python) ignored
[0.772s] Level 1:colcon.colcon_core.package_identification:_identify(src/urdf_0816_description-20250818T025130Z-1-001) by extensions ['ignore', 'ignore_ament_install']
[0.772s] Level 1:colcon.colcon_core.package_identification:_identify(src/urdf_0816_description-20250818T025130Z-1-001) by extension 'ignore'
[0.772s] Level 1:colcon.colcon_core.package_identification:_identify(src/urdf_0816_description-20250818T025130Z-1-001) by extension 'ignore_ament_install'
[0.772s] Level 1:colcon.colcon_core.package_identification:_identify(src/urdf_0816_description-20250818T025130Z-1-001) by extensions ['colcon_pkg']
[0.772s] Level 1:colcon.colcon_core.package_identification:_identify(src/urdf_0816_description-20250818T025130Z-1-001) by extension 'colcon_pkg'
[0.772s] Level 1:colcon.colcon_core.package_identification:_identify(src/urdf_0816_description-20250818T025130Z-1-001) by extensions ['colcon_meta']
[0.772s] Level 1:colcon.colcon_core.package_identification:_identify(src/urdf_0816_description-20250818T025130Z-1-001) by extension 'colcon_meta'
[0.772s] Level 1:colcon.colcon_core.package_identification:_identify(src/urdf_0816_description-20250818T025130Z-1-001) by extensions ['ros']
[0.772s] Level 1:colcon.colcon_core.package_identification:_identify(src/urdf_0816_description-20250818T025130Z-1-001) by extension 'ros'
[0.772s] Level 1:colcon.colcon_core.package_identification:_identify(src/urdf_0816_description-20250818T025130Z-1-001) by extensions ['cmake', 'python']
[0.773s] Level 1:colcon.colcon_core.package_identification:_identify(src/urdf_0816_description-20250818T025130Z-1-001) by extension 'cmake'
[0.773s] Level 1:colcon.colcon_core.package_identification:_identify(src/urdf_0816_description-20250818T025130Z-1-001) by extension 'python'
[0.773s] Level 1:colcon.colcon_core.package_identification:_identify(src/urdf_0816_description-20250818T025130Z-1-001) by extensions ['python_setup_py']
[0.773s] Level 1:colcon.colcon_core.package_identification:_identify(src/urdf_0816_description-20250818T025130Z-1-001) by extension 'python_setup_py'
[0.773s] Level 1:colcon.colcon_core.package_identification:_identify(src/urdf_0816_description-20250818T025130Z-1-001/urdf_0816_description) by extensions ['ignore', 'ignore_ament_install']
[0.773s] Level 1:colcon.colcon_core.package_identification:_identify(src/urdf_0816_description-20250818T025130Z-1-001/urdf_0816_description) by extension 'ignore'
[0.773s] Level 1:colcon.colcon_core.package_identification:_identify(src/urdf_0816_description-20250818T025130Z-1-001/urdf_0816_description) by extension 'ignore_ament_install'
[0.773s] Level 1:colcon.colcon_core.package_identification:_identify(src/urdf_0816_description-20250818T025130Z-1-001/urdf_0816_description) by extensions ['colcon_pkg']
[0.773s] Level 1:colcon.colcon_core.package_identification:_identify(src/urdf_0816_description-20250818T025130Z-1-001/urdf_0816_description) by extension 'colcon_pkg'
[0.773s] Level 1:colcon.colcon_core.package_identification:_identify(src/urdf_0816_description-20250818T025130Z-1-001/urdf_0816_description) by extensions ['colcon_meta']
[0.773s] Level 1:colcon.colcon_core.package_identification:_identify(src/urdf_0816_description-20250818T025130Z-1-001/urdf_0816_description) by extension 'colcon_meta'
[0.773s] Level 1:colcon.colcon_core.package_identification:_identify(src/urdf_0816_description-20250818T025130Z-1-001/urdf_0816_description) by extensions ['ros']
[0.773s] Level 1:colcon.colcon_core.package_identification:_identify(src/urdf_0816_description-20250818T025130Z-1-001/urdf_0816_description) by extension 'ros'
[0.774s] DEBUG:colcon.colcon_core.package_identification:Package 'src/urdf_0816_description-20250818T025130Z-1-001/urdf_0816_description' with type 'ros.ament_cmake' and name 'urdf_0816_description'
[0.774s] Level 1:colcon.colcon_core.package_discovery:discover_packages(recursive) using defaults
[0.774s] Level 1:colcon.colcon_core.package_discovery:discover_packages(ignore) discover
[0.774s] Level 1:colcon.colcon_core.package_discovery:discover_packages(ignore) using defaults
[0.774s] Level 1:colcon.colcon_core.package_discovery:discover_packages(path) discover
[0.774s] Level 1:colcon.colcon_core.package_discovery:discover_packages(path) using defaults
[0.925s] INFO:colcon.colcon_core.package_selection:Skipping not selected package 'MAVLink_f446re' in 'src/MAVLink/MAVLink_f446re'
[0.926s] INFO:colcon.colcon_core.package_selection:Skipping not selected package 'blue_seiretu_description' in 'src/blue_seiretu_description'
[0.926s] INFO:colcon.colcon_core.package_selection:Skipping not selected package 'catch_gazebo_ros2_control' in 'src/catch_gazebo_ros2_control'
[0.926s] INFO:colcon.colcon_core.package_selection:Skipping not selected package 'd415_rgb_depth_3d' in 'src/d415_rgb_depth_3d'
[0.926s] INFO:colcon.colcon_core.package_selection:Skipping not selected package 'dynamixel_controller_client' in 'src/dynamixel_ros2/dynamixel_controller_client'
[0.926s] INFO:colcon.colcon_core.package_selection:Skipping not selected package 'dynamixel_sdk' in 'src/dynamixel_ros2/DynamixelSDK/dynamixel_sdk'
[0.926s] INFO:colcon.colcon_core.package_selection:Skipping not selected package 'dynamixel_sdk_custom_interfaces' in 'src/dynamixel_ros2/DynamixelSDK/dynamixel_sdk_custom_interfaces'
[0.926s] INFO:colcon.colcon_core.package_selection:Skipping not selected package 'field_description' in 'src/field_description-20250822T021318Z-1-001/field_description'
[0.926s] INFO:colcon.colcon_core.package_selection:Skipping not selected package 'launch_param_builder' in 'src/launch_param_builder'
[0.926s] INFO:colcon.colcon_core.package_selection:Skipping not selected package 'mavlink_gui_tester' in 'src/MAVLink/MAVLink_gui_ros2'
[0.926s] INFO:colcon.colcon_core.package_selection:Skipping not selected package 'moveit_common' in 'src/moveit2/moveit_common'
[0.926s] INFO:colcon.colcon_core.package_selection:Skipping not selected package 'moveit_resources_fanuc_description' in 'src/moveit_resources/fanuc_description'
[0.926s] INFO:colcon.colcon_core.package_selection:Skipping not selected package 'moveit_resources_panda_description' in 'src/moveit_resources/panda_description'
[0.926s] INFO:colcon.colcon_core.package_selection:Skipping not selected package 'moveit_resources_pr2_description' in 'src/moveit_resources/pr2_description'
[0.926s] INFO:colcon.colcon_core.package_selection:Skipping not selected package 'moveit_resources_prbt_support' in 'src/moveit2/moveit_planners/test_configs/prbt_support'
[0.926s] INFO:colcon.colcon_core.package_selection:Skipping not selected package 'moveit_task_constructor_msgs' in 'src/moveit_task_constructor/msgs'
[0.926s] INFO:colcon.colcon_core.package_selection:Skipping not selected package 'object_description' in 'src/object_description-20250821T110253Z-1-001/object_description'
[0.926s] INFO:colcon.colcon_core.package_selection:Skipping not selected package 'realsense2_camera_msgs' in 'src/realsense-ros/realsense2_camera_msgs'
[0.926s] INFO:colcon.colcon_core.package_selection:Skipping not selected package 'realsense2_ros_mqtt_bridge' in 'src/realsense-ros/realsense2_ros_mqtt_bridge'
[0.926s] INFO:colcon.colcon_core.package_selection:Skipping not selected package 'red_seiretu_description' in 'src/red_seiretu_description'
[0.926s] INFO:colcon.colcon_core.package_selection:Skipping not selected package 'rogilink_flex_gui' in 'src/rogilinkFlex-ros2/rogilink_flex_gui'
[0.926s] INFO:colcon.colcon_core.package_selection:Skipping not selected package 'rogilink_flex_interfaces' in 'src/rogilinkFlex-ros2/rogilink_flex_interfaces'
[0.926s] INFO:colcon.colcon_core.package_selection:Skipping not selected package 'ros_tcp_endpoint' in 'src/ROS-TCP-Endpoint'
[0.926s] INFO:colcon.colcon_core.package_selection:Skipping not selected package 'rosparam_shortcuts' in 'src/rosparam_shortcuts'
[0.926s] INFO:colcon.colcon_core.package_selection:Skipping not selected package 'srdfdom' in 'src/srdfdom'
[0.926s] INFO:colcon.colcon_core.package_selection:Skipping not selected package 'stm32_mavlink_interface' in 'src/MAVLink/MAVLink_ros2'
[0.926s] INFO:colcon.colcon_core.package_selection:Skipping not selected package 'trac_ik_lib' in 'src/trac_ik/trac_ik_lib'
[0.926s] INFO:colcon.colcon_core.package_selection:Skipping not selected package 'urdf_0816_description' in 'src/urdf_0816_description-20250818T025130Z-1-001/urdf_0816_description'
[0.926s] INFO:colcon.colcon_core.package_selection:Skipping not selected package 'dynamixel_controller' in 'src/dynamixel_ros2/dynamixel_controller'
[0.926s] INFO:colcon.colcon_core.package_selection:Skipping not selected package 'dynamixel_sdk_examples' in 'src/dynamixel_ros2/DynamixelSDK/dynamixel_sdk_examples'
[0.926s] INFO:colcon.colcon_core.package_selection:Skipping not selected package 'moveit_configs_utils' in 'src/moveit2/moveit_configs_utils'
[0.926s] INFO:colcon.colcon_core.package_selection:Skipping not selected package 'moveit_resources_fanuc_moveit_config' in 'src/moveit_resources/fanuc_moveit_config'
[0.926s] INFO:colcon.colcon_core.package_selection:Skipping not selected package 'moveit_resources_panda_moveit_config' in 'src/moveit_resources/panda_moveit_config'
[0.927s] INFO:colcon.colcon_core.package_selection:Skipping not selected package 'realsense2_camera' in 'src/realsense-ros/realsense2_camera'
[0.927s] INFO:colcon.colcon_core.package_selection:Skipping not selected package 'realsense2_description' in 'src/realsense-ros/realsense2_description'
[0.927s] INFO:colcon.colcon_core.package_selection:Skipping not selected package 'rogilink_flex' in 'src/rogilinkFlex-ros2/rogilink_flex'
[0.927s] INFO:colcon.colcon_core.package_selection:Skipping not selected package 'rogilink_flex_lib' in 'src/rogilinkFlex-ros2/rogilink_flex_lib'
[0.927s] INFO:colcon.colcon_core.package_selection:Skipping not selected package 'rviz_marker_tools' in 'src/moveit_task_constructor/rviz_marker_tools'
[0.927s] INFO:colcon.colcon_core.package_selection:Skipping not selected package 'dynamixel_controller_gui' in 'src/dynamixel_ros2/dynamixel_controller_gui'
[0.927s] INFO:colcon.colcon_core.package_selection:Skipping not selected package 'moveit_core' in 'src/moveit2/moveit_core'
[0.927s] INFO:colcon.colcon_core.package_selection:Skipping not selected package 'moveit_resources' in 'src/moveit_resources/moveit_resources'
[0.927s] INFO:colcon.colcon_core.package_selection:Skipping not selected package 'rogilink_flex_example_py' in 'src/rogilinkFlex-ros2/rogilink_flex_example_py'
[0.927s] INFO:colcon.colcon_core.package_selection:Skipping not selected package 'chomp_motion_planner' in 'src/moveit2/moveit_planners/chomp/chomp_motion_planner'
[0.927s] INFO:colcon.colcon_core.package_selection:Skipping not selected package 'moveit_resources_prbt_ikfast_manipulator_plugin' in 'src/moveit2/moveit_planners/test_configs/prbt_ikfast_manipulator_plugin'
[0.927s] INFO:colcon.colcon_core.package_selection:Skipping not selected package 'moveit_ros_occupancy_map_monitor' in 'src/moveit2/moveit_ros/occupancy_map_monitor'
[0.927s] INFO:colcon.colcon_core.package_selection:Skipping not selected package 'moveit_simple_controller_manager' in 'src/moveit2/moveit_plugins/moveit_simple_controller_manager'
[0.927s] INFO:colcon.colcon_core.package_selection:Skipping not selected package 'pilz_industrial_motion_planner_testutils' in 'src/moveit2/moveit_planners/pilz_industrial_motion_planner_testutils'
[0.927s] INFO:colcon.colcon_core.package_selection:Skipping not selected package 'trac_ik_kinematics_plugin' in 'src/trac_ik/trac_ik_kinematics_plugin'
[0.927s] INFO:colcon.colcon_core.package_selection:Skipping not selected package 'moveit_chomp_optimizer_adapter' in 'src/moveit2/moveit_planners/chomp/chomp_optimizer_adapter'
[0.927s] INFO:colcon.colcon_core.package_selection:Skipping not selected package 'moveit_planners_chomp' in 'src/moveit2/moveit_planners/chomp/chomp_interface'
[0.927s] INFO:colcon.colcon_core.package_selection:Skipping not selected package 'moveit_plugins' in 'src/moveit2/moveit_plugins/moveit_plugins'
[0.927s] INFO:colcon.colcon_core.package_selection:Skipping not selected package 'moveit_ros_control_interface' in 'src/moveit2/moveit_plugins/moveit_ros_control_interface'
[0.927s] INFO:colcon.colcon_core.package_selection:Skipping not selected package 'moveit_ros_planning' in 'src/moveit2/moveit_ros/planning'
[0.927s] INFO:colcon.colcon_core.package_selection:Skipping not selected package 'trac_ik' in 'src/trac_ik/trac_ik'
[0.927s] INFO:colcon.colcon_core.package_selection:Skipping not selected package 'moveit_kinematics' in 'src/moveit2/moveit_kinematics'
[0.927s] INFO:colcon.colcon_core.package_selection:Skipping not selected package 'moveit_planners_ompl' in 'src/moveit2/moveit_planners/ompl'
[0.927s] INFO:colcon.colcon_core.package_selection:Skipping not selected package 'moveit_ros_perception' in 'src/moveit2/moveit_ros/perception'
[0.927s] INFO:colcon.colcon_core.package_selection:Skipping not selected package 'moveit_ros_robot_interaction' in 'src/moveit2/moveit_ros/robot_interaction'
[0.927s] INFO:colcon.colcon_core.package_selection:Skipping not selected package 'moveit_ros_warehouse' in 'src/moveit2/moveit_ros/warehouse'
[0.927s] INFO:colcon.colcon_core.package_selection:Skipping not selected package 'moveit_visual_tools' in 'src/moveit_visual_tools'
[0.927s] INFO:colcon.colcon_core.package_selection:Skipping not selected package 'moveit_ros_benchmarks' in 'src/moveit2/moveit_ros/benchmarks'
[0.927s] INFO:colcon.colcon_core.package_selection:Skipping not selected package 'moveit_ros_move_group' in 'src/moveit2/moveit_ros/move_group'
[0.927s] INFO:colcon.colcon_core.package_selection:Skipping not selected package 'moveit_resources_prbt_moveit_config' in 'src/moveit2/moveit_planners/test_configs/prbt_moveit_config'
[0.927s] INFO:colcon.colcon_core.package_selection:Skipping not selected package 'moveit_ros_planning_interface' in 'src/moveit2/moveit_ros/planning_interface'
[0.927s] INFO:colcon.colcon_core.package_selection:Skipping not selected package 'hello_moveit' in 'src/hello_moveit'
[0.927s] INFO:colcon.colcon_core.package_selection:Skipping not selected package 'moveit_hybrid_planning' in 'src/moveit2/moveit_ros/hybrid_planning'
[0.927s] INFO:colcon.colcon_core.package_selection:Skipping not selected package 'moveit_resources_prbt_pg70_support' in 'src/moveit2/moveit_planners/test_configs/prbt_pg70_support'
[0.927s] INFO:colcon.colcon_core.package_selection:Skipping not selected package 'moveit_ros_visualization' in 'src/moveit2/moveit_ros/visualization'
[0.927s] INFO:colcon.colcon_core.package_selection:Skipping not selected package 'moveit_servo' in 'src/moveit2/moveit_ros/moveit_servo'
[0.927s] INFO:colcon.colcon_core.package_selection:Skipping not selected package 'moveit_ros' in 'src/moveit2/moveit_ros/moveit_ros'
[0.927s] INFO:colcon.colcon_core.package_selection:Skipping not selected package 'moveit_setup_framework' in 'src/moveit2/moveit_setup_assistant/moveit_setup_framework'
[0.927s] INFO:colcon.colcon_core.package_selection:Skipping not selected package 'pilz_industrial_motion_planner' in 'src/moveit2/moveit_planners/pilz_industrial_motion_planner'
[0.928s] INFO:colcon.colcon_core.package_selection:Skipping not selected package 'moveit_planners' in 'src/moveit2/moveit_planners/moveit_planners'
[0.928s] INFO:colcon.colcon_core.package_selection:Skipping not selected package 'moveit_setup_app_plugins' in 'src/moveit2/moveit_setup_assistant/moveit_setup_app_plugins'
[0.928s] INFO:colcon.colcon_core.package_selection:Skipping not selected package 'moveit_setup_controllers' in 'src/moveit2/moveit_setup_assistant/moveit_setup_controllers'
[0.928s] INFO:colcon.colcon_core.package_selection:Skipping not selected package 'moveit_setup_core_plugins' in 'src/moveit2/moveit_setup_assistant/moveit_setup_core_plugins'
[0.928s] INFO:colcon.colcon_core.package_selection:Skipping not selected package 'moveit_setup_srdf_plugins' in 'src/moveit2/moveit_setup_assistant/moveit_setup_srdf_plugins'
[0.928s] INFO:colcon.colcon_core.package_selection:Skipping not selected package 'moveit_runtime' in 'src/moveit2/moveit_runtime'
[0.928s] INFO:colcon.colcon_core.package_selection:Skipping not selected package 'moveit_setup_assistant' in 'src/moveit2/moveit_setup_assistant/moveit_setup_assistant'
[0.928s] INFO:colcon.colcon_core.package_selection:Skipping not selected package 'moveit_task_constructor_core' in 'src/moveit_task_constructor/core'
[0.928s] INFO:colcon.colcon_core.package_selection:Skipping not selected package 'moveit' in 'src/moveit2/moveit'
[0.928s] INFO:colcon.colcon_core.package_selection:Skipping not selected package 'moveit_task_constructor_capabilities' in 'src/moveit_task_constructor/capabilities'
[0.928s] INFO:colcon.colcon_core.package_selection:Skipping not selected package 'moveit_task_constructor_visualization' in 'src/moveit_task_constructor/visualization'
[0.928s] INFO:colcon.colcon_core.package_selection:Skipping not selected package 'mtc_tutorial' in 'src/mtc_tutorial'
[0.928s] INFO:colcon.colcon_core.package_selection:Skipping not selected package 'robot_config' in 'src/robot_config'
[0.928s] INFO:colcon.colcon_core.package_selection:Skipping not selected package 'moveit2_tutorials' in 'src/moveit2_tutorials'
[0.928s] INFO:colcon.colcon_core.package_selection:Skipping not selected package 'moveit_task_constructor_demo' in 'src/moveit_task_constructor/demo'
[0.929s] Level 1:colcon.colcon_core.package_discovery:discover_packages(prefix_path) check parameters
[0.929s] Level 1:colcon.colcon_core.package_discovery:discover_packages(prefix_path) discover
[0.938s] DEBUG:colcon.colcon_installed_package_information.package_discovery:Found 95 installed packages in /home/a/ws_moveit2/install
[0.940s] DEBUG:colcon.colcon_installed_package_information.package_discovery:Found 362 installed packages in /opt/ros/humble
[0.944s] Level 1:colcon.colcon_core.package_discovery:discover_packages(prefix_path) using defaults
[1.020s] Level 5:colcon.colcon_core.verb:set package 'mavlink_controller_client' build argument 'cmake_args' from command line to 'None'
[1.020s] Level 5:colcon.colcon_core.verb:set package 'mavlink_controller_client' build argument 'cmake_target' from command line to 'None'
[1.020s] Level 5:colcon.colcon_core.verb:set package 'mavlink_controller_client' build argument 'cmake_target_skip_unavailable' from command line to 'False'
[1.020s] Level 5:colcon.colcon_core.verb:set package 'mavlink_controller_client' build argument 'cmake_clean_cache' from command line to 'False'
[1.020s] Level 5:colcon.colcon_core.verb:set package 'mavlink_controller_client' build argument 'cmake_clean_first' from command line to 'False'
[1.020s] Level 5:colcon.colcon_core.verb:set package 'mavlink_controller_client' build argument 'cmake_force_configure' from command line to 'False'
[1.020s] Level 5:colcon.colcon_core.verb:set package 'mavlink_controller_client' build argument 'ament_cmake_args' from command line to 'None'
[1.020s] Level 5:colcon.colcon_core.verb:set package 'mavlink_controller_client' build argument 'catkin_cmake_args' from command line to 'None'
[1.020s] Level 5:colcon.colcon_core.verb:set package 'mavlink_controller_client' build argument 'catkin_skip_building_tests' from command line to 'False'
[1.020s] DEBUG:colcon.colcon_core.verb:Building package 'mavlink_controller_client' with the following arguments: {'ament_cmake_args': None, 'build_base': '/home/a/ws_moveit2/build/mavlink_controller_client', 'catkin_cmake_args': None, 'catkin_skip_building_tests': False, 'cmake_args': None, 'cmake_clean_cache': False, 'cmake_clean_first': False, 'cmake_force_configure': False, 'cmake_target': None, 'cmake_target_skip_unavailable': False, 'install_base': '/home/a/ws_moveit2/install/mavlink_controller_client', 'merge_install': False, 'path': '/home/a/ws_moveit2/src/MAVLink/mavlink_controller_client', 'symlink_install': False, 'test_result_base': None}
[1.021s] INFO:colcon.colcon_core.executor:Executing jobs using 'parallel' executor
[1.023s] DEBUG:colcon.colcon_parallel_executor.executor.parallel:run_until_complete
[1.023s] INFO:colcon.colcon_ros.task.ament_python.build:Building ROS package in '/home/a/ws_moveit2/src/MAVLink/mavlink_controller_client' with build type 'ament_python'
[1.023s] Level 1:colcon.colcon_core.shell:create_environment_hook('mavlink_controller_client', 'ament_prefix_path')
[1.030s] INFO:colcon.colcon_core.plugin_system:Skipping extension 'colcon_core.shell.bat': Not used on non-Windows systems
[1.030s] INFO:colcon.colcon_core.shell:Creating environment hook '/home/a/ws_moveit2/install/mavlink_controller_client/share/mavlink_controller_client/hook/ament_prefix_path.ps1'
[1.031s] INFO:colcon.colcon_core.shell:Creating environment descriptor '/home/a/ws_moveit2/install/mavlink_controller_client/share/mavlink_controller_client/hook/ament_prefix_path.dsv'
[1.031s] INFO:colcon.colcon_core.shell:Creating environment hook '/home/a/ws_moveit2/install/mavlink_controller_client/share/mavlink_controller_client/hook/ament_prefix_path.sh'
[1.032s] INFO:colcon.colcon_core.shell:Skip shell extension 'powershell' for command environment: Not usable outside of PowerShell
[1.032s] DEBUG:colcon.colcon_core.shell:Skip shell extension 'dsv' for command environment
[1.505s] INFO:colcon.colcon_core.task.python.build:Building Python package in '/home/a/ws_moveit2/src/MAVLink/mavlink_controller_client'
[1.505s] INFO:colcon.colcon_core.shell:Skip shell extension 'powershell' for command environment: Not usable outside of PowerShell
[1.505s] DEBUG:colcon.colcon_core.shell:Skip shell extension 'dsv' for command environment
[2.128s] DEBUG:colcon.colcon_core.event_handler.log_command:Invoking command in '/home/a/ws_moveit2/src/MAVLink/mavlink_controller_client': CMAKE_PREFIX_PATH=/home/a/ws_moveit2/install/stm32_mavlink_interface:/home/a/ws_moveit2/install/rogilink_flex_lib:/home/a/ws_moveit2/install/rogilink_flex_interfaces:/home/a/ws_moveit2/install/rogilink_flex:/home/a/ws_moveit2/install/urdf_0816_description:/home/a/ws_moveit2/install/trac_ik:/home/a/ws_moveit2/install/robot_config:/home/a/ws_moveit2/install/trac_ik_kinematics_plugin:/home/a/ws_moveit2/install/right_arm_ikfast_plugin:/home/a/ws_moveit2/install/pilz_industrial_motion_planner_testutils:/home/a/ws_moveit2/install/moveit_runtime:/home/a/ws_moveit2/install/moveit2_tutorials:/home/a/ws_moveit2/install/moveit:/home/a/ws_moveit2/install/moveit_planners:/home/a/ws_moveit2/install/pilz_industrial_motion_planner:/home/a/ws_moveit2/install/mtc_tutorial:/home/a/ws_moveit2/install/hello_moveit:/home/a/ws_moveit2/install/moveit_visual_tools:/home/a/ws_moveit2/install/moveit_task_constructor_visualization:/home/a/ws_moveit2/install/moveit_task_constructor_demo:/home/a/ws_moveit2/install/moveit_task_constructor_capabilities:/home/a/ws_moveit2/install/moveit_task_constructor_core:/home/a/ws_moveit2/install/moveit_ros_control_interface:/home/a/ws_moveit2/install/moveit_plugins:/home/a/ws_moveit2/install/moveit_simple_controller_manager:/home/a/ws_moveit2/install/moveit_setup_assistant:/home/a/ws_moveit2/install/moveit_setup_srdf_plugins:/home/a/ws_moveit2/install/moveit_setup_core_plugins:/home/a/ws_moveit2/install/moveit_setup_controllers:/home/a/ws_moveit2/install/moveit_setup_app_plugins:/home/a/ws_moveit2/install/moveit_setup_framework:/home/a/ws_moveit2/install/moveit_servo:/home/a/ws_moveit2/install/moveit_ros:/home/a/ws_moveit2/install/moveit_ros_visualization:/home/a/ws_moveit2/install/moveit_hybrid_planning:/home/a/ws_moveit2/install/moveit_ros_planning_interface:/home/a/ws_moveit2/install/moveit_ros_benchmarks:/home/a/ws_moveit2/install/moveit_ros_warehouse:/home/a/ws_moveit2/install/moveit_ros_robot_interaction:/home/a/ws_moveit2/install/moveit_ros_perception:/home/a/ws_moveit2/install/moveit_resources_prbt_pg70_support:/home/a/ws_moveit2/install/moveit_resources_prbt_moveit_config:/home/a/ws_moveit2/install/moveit_ros_move_group:/home/a/ws_moveit2/install/moveit_planners_ompl:/home/a/ws_moveit2/install/left_arm_ikfast_plugin:/home/a/ws_moveit2/install/moveit_ros_planning:/home/a/ws_moveit2/install/moveit_ros_occupancy_map_monitor:/home/a/ws_moveit2/install/moveit_resources_prbt_ikfast_manipulator_plugin:/home/a/ws_moveit2/install/moveit_planners_chomp:/home/a/ws_moveit2/install/moveit_kinematics:/home/a/ws_moveit2/install/moveit_chomp_optimizer_adapter:/home/a/ws_moveit2/install/chomp_motion_planner:/home/a/ws_moveit2/install/moveit_core:/home/a/ws_moveit2/install/rviz_marker_tools:/home/a/ws_moveit2/install/rosparam_shortcuts:/home/a/ws_moveit2/install/red_seiretu_description:/home/a/ws_moveit2/install/realsense2_description:/home/a/ws_moveit2/install/realsense2_camera:/home/a/ws_moveit2/install/object_description:/home/a/ws_moveit2/install/moveit_resources:/home/a/ws_moveit2/install/moveit_resources_panda_moveit_config:/home/a/ws_moveit2/install/moveit_resources_fanuc_moveit_config:/home/a/ws_moveit2/install/mavlink_gui_tester:/home/a/ws_moveit2/install/field_description_test:/home/a/ws_moveit2/install/field_description:/home/a/ws_moveit2/install/dynamixel_sdk_examples:/home/a/ws_moveit2/install/dynamixel_controller:/home/a/ws_moveit2/install/0525_arm_description LD_LIBRARY_PATH=/home/a/ws_moveit2/install/stm32_mavlink_interface/lib:/home/a/ws_moveit2/install/rogilink_flex_interfaces/lib:/home/a/ws_moveit2/install/trac_ik_kinematics_plugin/lib:/home/a/ws_moveit2/install/trac_ik_lib/lib:/home/a/ws_moveit2/install/right_arm_ikfast_plugin/lib:/home/a/ws_moveit2/install/pilz_industrial_motion_planner_testutils/lib:/home/a/ws_moveit2/install/pilz_industrial_motion_planner/lib:/home/a/ws_moveit2/install/moveit_visual_tools/lib:/home/a/ws_moveit2/install/moveit_task_constructor_visualization/lib:/home/a/ws_moveit2/install/moveit_task_constructor_demo/lib:/home/a/ws_moveit2/install/moveit_task_constructor_capabilities/lib:/home/a/ws_moveit2/install/moveit_task_constructor_core/lib:/home/a/ws_moveit2/install/moveit_ros_control_interface/lib:/home/a/ws_moveit2/install/moveit_simple_controller_manager/lib:/home/a/ws_moveit2/install/moveit_setup_assistant/lib:/home/a/ws_moveit2/install/moveit_setup_srdf_plugins/lib:/home/a/ws_moveit2/install/moveit_setup_core_plugins/lib:/home/a/ws_moveit2/install/moveit_setup_controllers/lib:/home/a/ws_moveit2/install/moveit_setup_app_plugins/lib:/home/a/ws_moveit2/install/moveit_setup_framework/lib:/home/a/ws_moveit2/install/moveit_servo/lib:/home/a/ws_moveit2/install/moveit_ros_visualization/lib:/home/a/ws_moveit2/install/moveit_hybrid_planning/lib:/home/a/ws_moveit2/install/moveit_ros_planning_interface/lib:/home/a/ws_moveit2/install/moveit_ros_benchmarks/lib:/home/a/ws_moveit2/install/moveit_ros_warehouse/lib:/home/a/ws_moveit2/install/moveit_ros_robot_interaction/lib:/home/a/ws_moveit2/install/moveit_ros_perception/lib:/home/a/ws_moveit2/install/moveit_ros_move_group/lib:/home/a/ws_moveit2/install/moveit_planners_ompl/lib:/home/a/ws_moveit2/install/left_arm_ikfast_plugin/lib:/home/a/ws_moveit2/install/moveit_ros_planning/lib:/home/a/ws_moveit2/install/moveit_ros_occupancy_map_monitor/lib:/home/a/ws_moveit2/install/moveit_resources_prbt_ikfast_manipulator_plugin/lib:/home/a/ws_moveit2/install/moveit_planners_chomp/lib:/home/a/ws_moveit2/install/moveit_kinematics/lib:/home/a/ws_moveit2/install/moveit_chomp_optimizer_adapter/lib:/home/a/ws_moveit2/install/chomp_motion_planner/lib:/home/a/ws_moveit2/install/moveit_core/lib:/home/a/ws_moveit2/install/srdfdom/lib:/home/a/ws_moveit2/install/rviz_marker_tools/lib:/home/a/ws_moveit2/install/rosparam_shortcuts/lib:/home/a/ws_moveit2/install/realsense2_camera/lib:/home/a/ws_moveit2/install/realsense2_camera_msgs/lib:/home/a/ws_moveit2/install/moveit_task_constructor_msgs/lib:/home/a/ws_moveit2/install/dynamixel_sdk_custom_interfaces/lib:/home/a/ws_moveit2/install/dynamixel_controller/lib:/home/a/ws_moveit2/install/dynamixel_sdk/lib:/usr/lib/x86_64-linux-gnu/gazebo-11/plugins:/opt/ros/humble/opt/rviz_ogre_vendor/lib:/opt/ros/humble/lib/x86_64-linux-gnu:/opt/ros/humble/lib PYTHONPATH=/home/a/ws_moveit2/build/mavlink_controller_client/prefix_override:/usr/lib/python3/dist-packages/colcon_core/task/python/colcon_distutils_commands:/home/a/ws_moveit2/install/mavlink_controller_client/lib/python3.10/site-packages:${PYTHONPATH} /usr/bin/python3 -W ignore:setup.py install is deprecated -W ignore:easy_install command is deprecated setup.py egg_info --egg-base ../../../build/mavlink_controller_client build --build-base /home/a/ws_moveit2/build/mavlink_controller_client/build install --record /home/a/ws_moveit2/build/mavlink_controller_client/install.log --single-version-externally-managed install_data
[2.681s] DEBUG:colcon.colcon_core.event_handler.log_command:Invoked command in '/home/a/ws_moveit2/src/MAVLink/mavlink_controller_client' returned '0': CMAKE_PREFIX_PATH=/home/a/ws_moveit2/install/stm32_mavlink_interface:/home/a/ws_moveit2/install/rogilink_flex_lib:/home/a/ws_moveit2/install/rogilink_flex_interfaces:/home/a/ws_moveit2/install/rogilink_flex:/home/a/ws_moveit2/install/urdf_0816_description:/home/a/ws_moveit2/install/trac_ik:/home/a/ws_moveit2/install/robot_config:/home/a/ws_moveit2/install/trac_ik_kinematics_plugin:/home/a/ws_moveit2/install/right_arm_ikfast_plugin:/home/a/ws_moveit2/install/pilz_industrial_motion_planner_testutils:/home/a/ws_moveit2/install/moveit_runtime:/home/a/ws_moveit2/install/moveit2_tutorials:/home/a/ws_moveit2/install/moveit:/home/a/ws_moveit2/install/moveit_planners:/home/a/ws_moveit2/install/pilz_industrial_motion_planner:/home/a/ws_moveit2/install/mtc_tutorial:/home/a/ws_moveit2/install/hello_moveit:/home/a/ws_moveit2/install/moveit_visual_tools:/home/a/ws_moveit2/install/moveit_task_constructor_visualization:/home/a/ws_moveit2/install/moveit_task_constructor_demo:/home/a/ws_moveit2/install/moveit_task_constructor_capabilities:/home/a/ws_moveit2/install/moveit_task_constructor_core:/home/a/ws_moveit2/install/moveit_ros_control_interface:/home/a/ws_moveit2/install/moveit_plugins:/home/a/ws_moveit2/install/moveit_simple_controller_manager:/home/a/ws_moveit2/install/moveit_setup_assistant:/home/a/ws_moveit2/install/moveit_setup_srdf_plugins:/home/a/ws_moveit2/install/moveit_setup_core_plugins:/home/a/ws_moveit2/install/moveit_setup_controllers:/home/a/ws_moveit2/install/moveit_setup_app_plugins:/home/a/ws_moveit2/install/moveit_setup_framework:/home/a/ws_moveit2/install/moveit_servo:/home/a/ws_moveit2/install/moveit_ros:/home/a/ws_moveit2/install/moveit_ros_visualization:/home/a/ws_moveit2/install/moveit_hybrid_planning:/home/a/ws_moveit2/install/moveit_ros_planning_interface:/home/a/ws_moveit2/install/moveit_ros_benchmarks:/home/a/ws_moveit2/install/moveit_ros_warehouse:/home/a/ws_moveit2/install/moveit_ros_robot_interaction:/home/a/ws_moveit2/install/moveit_ros_perception:/home/a/ws_moveit2/install/moveit_resources_prbt_pg70_support:/home/a/ws_moveit2/install/moveit_resources_prbt_moveit_config:/home/a/ws_moveit2/install/moveit_ros_move_group:/home/a/ws_moveit2/install/moveit_planners_ompl:/home/a/ws_moveit2/install/left_arm_ikfast_plugin:/home/a/ws_moveit2/install/moveit_ros_planning:/home/a/ws_moveit2/install/moveit_ros_occupancy_map_monitor:/home/a/ws_moveit2/install/moveit_resources_prbt_ikfast_manipulator_plugin:/home/a/ws_moveit2/install/moveit_planners_chomp:/home/a/ws_moveit2/install/moveit_kinematics:/home/a/ws_moveit2/install/moveit_chomp_optimizer_adapter:/home/a/ws_moveit2/install/chomp_motion_planner:/home/a/ws_moveit2/install/moveit_core:/home/a/ws_moveit2/install/rviz_marker_tools:/home/a/ws_moveit2/install/rosparam_shortcuts:/home/a/ws_moveit2/install/red_seiretu_description:/home/a/ws_moveit2/install/realsense2_description:/home/a/ws_moveit2/install/realsense2_camera:/home/a/ws_moveit2/install/object_description:/home/a/ws_moveit2/install/moveit_resources:/home/a/ws_moveit2/install/moveit_resources_panda_moveit_config:/home/a/ws_moveit2/install/moveit_resources_fanuc_moveit_config:/home/a/ws_moveit2/install/mavlink_gui_tester:/home/a/ws_moveit2/install/field_description_test:/home/a/ws_moveit2/install/field_description:/home/a/ws_moveit2/install/dynamixel_sdk_examples:/home/a/ws_moveit2/install/dynamixel_controller:/home/a/ws_moveit2/install/0525_arm_description LD_LIBRARY_PATH=/home/a/ws_moveit2/install/stm32_mavlink_interface/lib:/home/a/ws_moveit2/install/rogilink_flex_interfaces/lib:/home/a/ws_moveit2/install/trac_ik_kinematics_plugin/lib:/home/a/ws_moveit2/install/trac_ik_lib/lib:/home/a/ws_moveit2/install/right_arm_ikfast_plugin/lib:/home/a/ws_moveit2/install/pilz_industrial_motion_planner_testutils/lib:/home/a/ws_moveit2/install/pilz_industrial_motion_planner/lib:/home/a/ws_moveit2/install/moveit_visual_tools/lib:/home/a/ws_moveit2/install/moveit_task_constructor_visualization/lib:/home/a/ws_moveit2/install/moveit_task_constructor_demo/lib:/home/a/ws_moveit2/install/moveit_task_constructor_capabilities/lib:/home/a/ws_moveit2/install/moveit_task_constructor_core/lib:/home/a/ws_moveit2/install/moveit_ros_control_interface/lib:/home/a/ws_moveit2/install/moveit_simple_controller_manager/lib:/home/a/ws_moveit2/install/moveit_setup_assistant/lib:/home/a/ws_moveit2/install/moveit_setup_srdf_plugins/lib:/home/a/ws_moveit2/install/moveit_setup_core_plugins/lib:/home/a/ws_moveit2/install/moveit_setup_controllers/lib:/home/a/ws_moveit2/install/moveit_setup_app_plugins/lib:/home/a/ws_moveit2/install/moveit_setup_framework/lib:/home/a/ws_moveit2/install/moveit_servo/lib:/home/a/ws_moveit2/install/moveit_ros_visualization/lib:/home/a/ws_moveit2/install/moveit_hybrid_planning/lib:/home/a/ws_moveit2/install/moveit_ros_planning_interface/lib:/home/a/ws_moveit2/install/moveit_ros_benchmarks/lib:/home/a/ws_moveit2/install/moveit_ros_warehouse/lib:/home/a/ws_moveit2/install/moveit_ros_robot_interaction/lib:/home/a/ws_moveit2/install/moveit_ros_perception/lib:/home/a/ws_moveit2/install/moveit_ros_move_group/lib:/home/a/ws_moveit2/install/moveit_planners_ompl/lib:/home/a/ws_moveit2/install/left_arm_ikfast_plugin/lib:/home/a/ws_moveit2/install/moveit_ros_planning/lib:/home/a/ws_moveit2/install/moveit_ros_occupancy_map_monitor/lib:/home/a/ws_moveit2/install/moveit_resources_prbt_ikfast_manipulator_plugin/lib:/home/a/ws_moveit2/install/moveit_planners_chomp/lib:/home/a/ws_moveit2/install/moveit_kinematics/lib:/home/a/ws_moveit2/install/moveit_chomp_optimizer_adapter/lib:/home/a/ws_moveit2/install/chomp_motion_planner/lib:/home/a/ws_moveit2/install/moveit_core/lib:/home/a/ws_moveit2/install/srdfdom/lib:/home/a/ws_moveit2/install/rviz_marker_tools/lib:/home/a/ws_moveit2/install/rosparam_shortcuts/lib:/home/a/ws_moveit2/install/realsense2_camera/lib:/home/a/ws_moveit2/install/realsense2_camera_msgs/lib:/home/a/ws_moveit2/install/moveit_task_constructor_msgs/lib:/home/a/ws_moveit2/install/dynamixel_sdk_custom_interfaces/lib:/home/a/ws_moveit2/install/dynamixel_controller/lib:/home/a/ws_moveit2/install/dynamixel_sdk/lib:/usr/lib/x86_64-linux-gnu/gazebo-11/plugins:/opt/ros/humble/opt/rviz_ogre_vendor/lib:/opt/ros/humble/lib/x86_64-linux-gnu:/opt/ros/humble/lib PYTHONPATH=/home/a/ws_moveit2/build/mavlink_controller_client/prefix_override:/usr/lib/python3/dist-packages/colcon_core/task/python/colcon_distutils_commands:/home/a/ws_moveit2/install/mavlink_controller_client/lib/python3.10/site-packages:${PYTHONPATH} /usr/bin/python3 -W ignore:setup.py install is deprecated -W ignore:easy_install command is deprecated setup.py egg_info --egg-base ../../../build/mavlink_controller_client build --build-base /home/a/ws_moveit2/build/mavlink_controller_client/build install --record /home/a/ws_moveit2/build/mavlink_controller_client/install.log --single-version-externally-managed install_data
[2.685s] Level 1:colcon.colcon_core.environment:checking '/home/a/ws_moveit2/install/mavlink_controller_client' for CMake module files
[2.685s] Level 1:colcon.colcon_core.environment:checking '/home/a/ws_moveit2/install/mavlink_controller_client' for CMake config files
[2.686s] Level 1:colcon.colcon_core.environment:checking '/home/a/ws_moveit2/install/mavlink_controller_client/lib'
[2.687s] Level 1:colcon.colcon_core.environment:checking '/home/a/ws_moveit2/install/mavlink_controller_client/bin'
[2.687s] Level 1:colcon.colcon_core.environment:checking '/home/a/ws_moveit2/install/mavlink_controller_client/lib/pkgconfig/mavlink_controller_client.pc'
[2.687s] Level 1:colcon.colcon_core.environment:checking '/home/a/ws_moveit2/install/mavlink_controller_client/lib/python3.10/site-packages'
[2.687s] Level 1:colcon.colcon_core.shell:create_environment_hook('mavlink_controller_client', 'pythonpath')
[2.688s] INFO:colcon.colcon_core.shell:Creating environment hook '/home/a/ws_moveit2/install/mavlink_controller_client/share/mavlink_controller_client/hook/pythonpath.ps1'
[2.688s] INFO:colcon.colcon_core.shell:Creating environment descriptor '/home/a/ws_moveit2/install/mavlink_controller_client/share/mavlink_controller_client/hook/pythonpath.dsv'
[2.689s] INFO:colcon.colcon_core.shell:Creating environment hook '/home/a/ws_moveit2/install/mavlink_controller_client/share/mavlink_controller_client/hook/pythonpath.sh'
[2.690s] Level 1:colcon.colcon_core.environment:checking '/home/a/ws_moveit2/install/mavlink_controller_client/bin'
[2.690s] Level 1:colcon.colcon_core.environment:create_environment_scripts_only(mavlink_controller_client)
[2.690s] INFO:colcon.colcon_core.shell:Creating package script '/home/a/ws_moveit2/install/mavlink_controller_client/share/mavlink_controller_client/package.ps1'
[2.691s] INFO:colcon.colcon_core.shell:Creating package descriptor '/home/a/ws_moveit2/install/mavlink_controller_client/share/mavlink_controller_client/package.dsv'
[2.692s] INFO:colcon.colcon_core.shell:Creating package script '/home/a/ws_moveit2/install/mavlink_controller_client/share/mavlink_controller_client/package.sh'
[2.693s] INFO:colcon.colcon_core.shell:Creating package script '/home/a/ws_moveit2/install/mavlink_controller_client/share/mavlink_controller_client/package.bash'
[2.694s] INFO:colcon.colcon_core.shell:Creating package script '/home/a/ws_moveit2/install/mavlink_controller_client/share/mavlink_controller_client/package.zsh'
[2.695s] Level 1:colcon.colcon_core.environment:create_file_with_runtime_dependencies(/home/a/ws_moveit2/install/mavlink_controller_client/share/colcon-core/packages/mavlink_controller_client)
[2.696s] DEBUG:colcon.colcon_parallel_executor.executor.parallel:closing loop
[2.696s] DEBUG:colcon.colcon_parallel_executor.executor.parallel:loop closed
[2.696s] DEBUG:colcon.colcon_parallel_executor.executor.parallel:run_until_complete finished with '0'
[2.696s] DEBUG:colcon.colcon_core.event_reactor:joining thread
[2.706s] INFO:colcon.colcon_core.plugin_system:Skipping extension 'colcon_notification.desktop_notification.terminal_notifier': Not used on non-Darwin systems
[2.706s] INFO:colcon.colcon_core.plugin_system:Skipping extension 'colcon_notification.desktop_notification.win32': Not used on non-Windows systems
[2.706s] INFO:colcon.colcon_notification.desktop_notification:Sending desktop notification using 'notify2'
[2.727s] DEBUG:colcon.colcon_core.event_reactor:joined thread
[2.727s] INFO:colcon.colcon_core.shell:Creating prefix script '/home/a/ws_moveit2/install/local_setup.ps1'
[2.729s] INFO:colcon.colcon_core.shell:Creating prefix util module '/home/a/ws_moveit2/install/_local_setup_util_ps1.py'
[2.732s] INFO:colcon.colcon_core.shell:Creating prefix chain script '/home/a/ws_moveit2/install/setup.ps1'
[2.740s] INFO:colcon.colcon_core.shell:Creating prefix script '/home/a/ws_moveit2/install/local_setup.sh'
[2.741s] INFO:colcon.colcon_core.shell:Creating prefix util module '/home/a/ws_moveit2/install/_local_setup_util_sh.py'
[2.742s] INFO:colcon.colcon_core.shell:Creating prefix chain script '/home/a/ws_moveit2/install/setup.sh'
[2.747s] INFO:colcon.colcon_core.shell:Creating prefix script '/home/a/ws_moveit2/install/local_setup.bash'
[2.748s] INFO:colcon.colcon_core.shell:Creating prefix chain script '/home/a/ws_moveit2/install/setup.bash'
[2.753s] INFO:colcon.colcon_core.shell:Creating prefix script '/home/a/ws_moveit2/install/local_setup.zsh'
[2.754s] INFO:colcon.colcon_core.shell:Creating prefix chain script '/home/a/ws_moveit2/install/setup.zsh'
