[0.158s] DEBUG:colcon:Command line arguments: ['/usr/bin/colcon', 'build', '--packages-select', 'dynamixel_controller', '--allow-overriding', 'dynamixel_controller']
[0.158s] DEBUG:colcon:Parsed command line arguments: Namespace(log_base=None, log_level=None, verb_name='build', build_base='build', install_base='install', merge_install=False, symlink_install=False, test_result_base=None, continue_on_error=False, executor='parallel', parallel_workers=22, event_handlers=None, ignore_user_meta=False, metas=['./colcon.meta'], base_paths=['.'], packages_ignore=None, packages_ignore_regex=None, paths=None, packages_up_to=None, packages_up_to_regex=None, packages_above=None, packages_above_and_dependencies=None, packages_above_depth=None, packages_select_by_dep=None, packages_skip_by_dep=None, packages_skip_up_to=None, packages_select_build_failed=False, packages_skip_build_finished=False, packages_select_test_failures=False, packages_skip_test_passed=False, packages_select=['dynamixel_controller'], packages_skip=None, packages_select_regex=None, packages_skip_regex=None, packages_start=None, packages_end=None, allow_overriding=['dynamixel_controller'], cmake_args=None, cmake_target=None, cmake_target_skip_unavailable=False, cmake_clean_cache=False, cmake_clean_first=False, cmake_force_configure=False, ament_cmake_args=None, catkin_cmake_args=None, catkin_skip_building_tests=False, mixin_files=None, mixin=None, verb_parser=<colcon_mixin.mixin.mixin_argument.MixinArgumentDecorator object at 0x7dc9dde822f0>, verb_extension=<colcon_core.verb.build.BuildVerb object at 0x7dc9dde81c60>, main=<bound method BuildVerb.main of <colcon_core.verb.build.BuildVerb object at 0x7dc9dde81c60>>, mixin_verb=('build',))
[0.387s] Level 1:colcon.colcon_core.package_discovery:discover_packages(colcon_meta) check parameters
[0.387s] Level 1:colcon.colcon_core.package_discovery:discover_packages(recursive) check parameters
[0.387s] Level 1:colcon.colcon_core.package_discovery:discover_packages(ignore) check parameters
[0.388s] Level 1:colcon.colcon_core.package_discovery:discover_packages(path) check parameters
[0.388s] Level 1:colcon.colcon_core.package_discovery:discover_packages(colcon_meta) discover
[0.388s] Level 1:colcon.colcon_core.package_discovery:discover_packages(recursive) discover
[0.388s] INFO:colcon.colcon_core.package_discovery:Crawling recursively for packages in '/home/a/ws_moveit2'
[0.388s] Level 1:colcon.colcon_core.package_identification:_identify(.) by extensions ['ignore', 'ignore_ament_install']
[0.388s] Level 1:colcon.colcon_core.package_identification:_identify(.) by extension 'ignore'
[0.388s] Level 1:colcon.colcon_core.package_identification:_identify(.) by extension 'ignore_ament_install'
[0.388s] Level 1:colcon.colcon_core.package_identification:_identify(.) by extensions ['colcon_pkg']
[0.388s] Level 1:colcon.colcon_core.package_identification:_identify(.) by extension 'colcon_pkg'
[0.388s] Level 1:colcon.colcon_core.package_identification:_identify(.) by extensions ['colcon_meta']
[0.388s] Level 1:colcon.colcon_core.package_identification:_identify(.) by extension 'colcon_meta'
[0.388s] Level 1:colcon.colcon_core.package_identification:_identify(.) by extensions ['ros']
[0.388s] Level 1:colcon.colcon_core.package_identification:_identify(.) by extension 'ros'
[0.413s] Level 1:colcon.colcon_core.package_identification:_identify(.) by extensions ['cmake', 'python']
[0.413s] Level 1:colcon.colcon_core.package_identification:_identify(.) by extension 'cmake'
[0.413s] Level 1:colcon.colcon_core.package_identification:_identify(.) by extension 'python'
[0.413s] Level 1:colcon.colcon_core.package_identification:_identify(.) by extensions ['python_setup_py']
[0.413s] Level 1:colcon.colcon_core.package_identification:_identify(.) by extension 'python_setup_py'
[0.414s] Level 1:colcon.colcon_core.package_identification:_identify(build) by extensions ['ignore', 'ignore_ament_install']
[0.414s] Level 1:colcon.colcon_core.package_identification:_identify(build) by extension 'ignore'
[0.414s] Level 1:colcon.colcon_core.package_identification:_identify(build) ignored
[0.414s] Level 1:colcon.colcon_core.package_identification:_identify(install) by extensions ['ignore', 'ignore_ament_install']
[0.414s] Level 1:colcon.colcon_core.package_identification:_identify(install) by extension 'ignore'
[0.414s] Level 1:colcon.colcon_core.package_identification:_identify(install) ignored
[0.415s] Level 1:colcon.colcon_core.package_identification:_identify(log) by extensions ['ignore', 'ignore_ament_install']
[0.415s] Level 1:colcon.colcon_core.package_identification:_identify(log) by extension 'ignore'
[0.415s] Level 1:colcon.colcon_core.package_identification:_identify(log) ignored
[0.415s] Level 1:colcon.colcon_core.package_identification:_identify(src) by extensions ['ignore', 'ignore_ament_install']
[0.416s] Level 1:colcon.colcon_core.package_identification:_identify(src) by extension 'ignore'
[0.416s] Level 1:colcon.colcon_core.package_identification:_identify(src) by extension 'ignore_ament_install'
[0.416s] Level 1:colcon.colcon_core.package_identification:_identify(src) by extensions ['colcon_pkg']
[0.416s] Level 1:colcon.colcon_core.package_identification:_identify(src) by extension 'colcon_pkg'
[0.416s] Level 1:colcon.colcon_core.package_identification:_identify(src) by extensions ['colcon_meta']
[0.416s] Level 1:colcon.colcon_core.package_identification:_identify(src) by extension 'colcon_meta'
[0.416s] Level 1:colcon.colcon_core.package_identification:_identify(src) by extensions ['ros']
[0.416s] Level 1:colcon.colcon_core.package_identification:_identify(src) by extension 'ros'
[0.416s] Level 1:colcon.colcon_core.package_identification:_identify(src) by extensions ['cmake', 'python']
[0.416s] Level 1:colcon.colcon_core.package_identification:_identify(src) by extension 'cmake'
[0.416s] Level 1:colcon.colcon_core.package_identification:_identify(src) by extension 'python'
[0.416s] Level 1:colcon.colcon_core.package_identification:_identify(src) by extensions ['python_setup_py']
[0.416s] Level 1:colcon.colcon_core.package_identification:_identify(src) by extension 'python_setup_py'
[0.416s] Level 1:colcon.colcon_core.package_identification:_identify(src/MAVLink) by extensions ['ignore', 'ignore_ament_install']
[0.416s] Level 1:colcon.colcon_core.package_identification:_identify(src/MAVLink) by extension 'ignore'
[0.416s] Level 1:colcon.colcon_core.package_identification:_identify(src/MAVLink) by extension 'ignore_ament_install'
[0.416s] Level 1:colcon.colcon_core.package_identification:_identify(src/MAVLink) by extensions ['colcon_pkg']
[0.416s] Level 1:colcon.colcon_core.package_identification:_identify(src/MAVLink) by extension 'colcon_pkg'
[0.416s] Level 1:colcon.colcon_core.package_identification:_identify(src/MAVLink) by extensions ['colcon_meta']
[0.416s] Level 1:colcon.colcon_core.package_identification:_identify(src/MAVLink) by extension 'colcon_meta'
[0.416s] Level 1:colcon.colcon_core.package_identification:_identify(src/MAVLink) by extensions ['ros']
[0.416s] Level 1:colcon.colcon_core.package_identification:_identify(src/MAVLink) by extension 'ros'
[0.417s] Level 1:colcon.colcon_core.package_identification:_identify(src/MAVLink) by extensions ['cmake', 'python']
[0.417s] Level 1:colcon.colcon_core.package_identification:_identify(src/MAVLink) by extension 'cmake'
[0.417s] Level 1:colcon.colcon_core.package_identification:_identify(src/MAVLink) by extension 'python'
[0.417s] Level 1:colcon.colcon_core.package_identification:_identify(src/MAVLink) by extensions ['python_setup_py']
[0.417s] Level 1:colcon.colcon_core.package_identification:_identify(src/MAVLink) by extension 'python_setup_py'
[0.417s] Level 1:colcon.colcon_core.package_identification:_identify(src/MAVLink/MAVLink_f446re) by extensions ['ignore', 'ignore_ament_install']
[0.417s] Level 1:colcon.colcon_core.package_identification:_identify(src/MAVLink/MAVLink_f446re) by extension 'ignore'
[0.417s] Level 1:colcon.colcon_core.package_identification:_identify(src/MAVLink/MAVLink_f446re) by extension 'ignore_ament_install'
[0.417s] Level 1:colcon.colcon_core.package_identification:_identify(src/MAVLink/MAVLink_f446re) by extensions ['colcon_pkg']
[0.417s] Level 1:colcon.colcon_core.package_identification:_identify(src/MAVLink/MAVLink_f446re) by extension 'colcon_pkg'
[0.417s] Level 1:colcon.colcon_core.package_identification:_identify(src/MAVLink/MAVLink_f446re) by extensions ['colcon_meta']
[0.417s] Level 1:colcon.colcon_core.package_identification:_identify(src/MAVLink/MAVLink_f446re) by extension 'colcon_meta'
[0.417s] Level 1:colcon.colcon_core.package_identification:_identify(src/MAVLink/MAVLink_f446re) by extensions ['ros']
[0.417s] Level 1:colcon.colcon_core.package_identification:_identify(src/MAVLink/MAVLink_f446re) by extension 'ros'
[0.417s] Level 1:colcon.colcon_core.package_identification:_identify(src/MAVLink/MAVLink_f446re) by extensions ['cmake', 'python']
[0.417s] Level 1:colcon.colcon_core.package_identification:_identify(src/MAVLink/MAVLink_f446re) by extension 'cmake'
[0.433s] Level 1:colcon.colcon_core.package_identification:_identify(src/MAVLink/MAVLink_f446re) by extension 'python'
[0.433s] DEBUG:colcon.colcon_core.package_identification:Package 'src/MAVLink/MAVLink_f446re' with type 'cmake' and name 'MAVLink_f446re'
[0.433s] Level 1:colcon.colcon_core.package_identification:_identify(src/MAVLink/MAVLink_gui_ros2) by extensions ['ignore', 'ignore_ament_install']
[0.433s] Level 1:colcon.colcon_core.package_identification:_identify(src/MAVLink/MAVLink_gui_ros2) by extension 'ignore'
[0.433s] Level 1:colcon.colcon_core.package_identification:_identify(src/MAVLink/MAVLink_gui_ros2) by extension 'ignore_ament_install'
[0.433s] Level 1:colcon.colcon_core.package_identification:_identify(src/MAVLink/MAVLink_gui_ros2) by extensions ['colcon_pkg']
[0.433s] Level 1:colcon.colcon_core.package_identification:_identify(src/MAVLink/MAVLink_gui_ros2) by extension 'colcon_pkg'
[0.433s] Level 1:colcon.colcon_core.package_identification:_identify(src/MAVLink/MAVLink_gui_ros2) by extensions ['colcon_meta']
[0.433s] Level 1:colcon.colcon_core.package_identification:_identify(src/MAVLink/MAVLink_gui_ros2) by extension 'colcon_meta'
[0.433s] Level 1:colcon.colcon_core.package_identification:_identify(src/MAVLink/MAVLink_gui_ros2) by extensions ['ros']
[0.433s] Level 1:colcon.colcon_core.package_identification:_identify(src/MAVLink/MAVLink_gui_ros2) by extension 'ros'
[0.437s] DEBUG:colcon.colcon_core.package_identification:Package 'src/MAVLink/MAVLink_gui_ros2' with type 'ros.ament_cmake' and name 'mavlink_gui_tester'
[0.437s] Level 1:colcon.colcon_core.package_identification:_identify(src/MAVLink/MAVLink_ros2) by extensions ['ignore', 'ignore_ament_install']
[0.437s] Level 1:colcon.colcon_core.package_identification:_identify(src/MAVLink/MAVLink_ros2) by extension 'ignore'
[0.437s] Level 1:colcon.colcon_core.package_identification:_identify(src/MAVLink/MAVLink_ros2) by extension 'ignore_ament_install'
[0.438s] Level 1:colcon.colcon_core.package_identification:_identify(src/MAVLink/MAVLink_ros2) by extensions ['colcon_pkg']
[0.438s] Level 1:colcon.colcon_core.package_identification:_identify(src/MAVLink/MAVLink_ros2) by extension 'colcon_pkg'
[0.438s] Level 1:colcon.colcon_core.package_identification:_identify(src/MAVLink/MAVLink_ros2) by extensions ['colcon_meta']
[0.438s] Level 1:colcon.colcon_core.package_identification:_identify(src/MAVLink/MAVLink_ros2) by extension 'colcon_meta'
[0.438s] Level 1:colcon.colcon_core.package_identification:_identify(src/MAVLink/MAVLink_ros2) by extensions ['ros']
[0.438s] Level 1:colcon.colcon_core.package_identification:_identify(src/MAVLink/MAVLink_ros2) by extension 'ros'
[0.439s] DEBUG:colcon.colcon_core.package_identification:Package 'src/MAVLink/MAVLink_ros2' with type 'ros.ament_cmake' and name 'stm32_mavlink_interface'
[0.439s] Level 1:colcon.colcon_core.package_identification:_identify(src/MAVLink/config) by extensions ['ignore', 'ignore_ament_install']
[0.439s] Level 1:colcon.colcon_core.package_identification:_identify(src/MAVLink/config) by extension 'ignore'
[0.440s] Level 1:colcon.colcon_core.package_identification:_identify(src/MAVLink/config) by extension 'ignore_ament_install'
[0.440s] Level 1:colcon.colcon_core.package_identification:_identify(src/MAVLink/config) by extensions ['colcon_pkg']
[0.440s] Level 1:colcon.colcon_core.package_identification:_identify(src/MAVLink/config) by extension 'colcon_pkg'
[0.440s] Level 1:colcon.colcon_core.package_identification:_identify(src/MAVLink/config) by extensions ['colcon_meta']
[0.440s] Level 1:colcon.colcon_core.package_identification:_identify(src/MAVLink/config) by extension 'colcon_meta'
[0.440s] Level 1:colcon.colcon_core.package_identification:_identify(src/MAVLink/config) by extensions ['ros']
[0.440s] Level 1:colcon.colcon_core.package_identification:_identify(src/MAVLink/config) by extension 'ros'
[0.440s] Level 1:colcon.colcon_core.package_identification:_identify(src/MAVLink/config) by extensions ['cmake', 'python']
[0.440s] Level 1:colcon.colcon_core.package_identification:_identify(src/MAVLink/config) by extension 'cmake'
[0.440s] Level 1:colcon.colcon_core.package_identification:_identify(src/MAVLink/config) by extension 'python'
[0.440s] Level 1:colcon.colcon_core.package_identification:_identify(src/MAVLink/config) by extensions ['python_setup_py']
[0.440s] Level 1:colcon.colcon_core.package_identification:_identify(src/MAVLink/config) by extension 'python_setup_py'
[0.440s] Level 1:colcon.colcon_core.package_identification:_identify(src/MAVLink/mavlink_controller_client) by extensions ['ignore', 'ignore_ament_install']
[0.440s] Level 1:colcon.colcon_core.package_identification:_identify(src/MAVLink/mavlink_controller_client) by extension 'ignore'
[0.440s] Level 1:colcon.colcon_core.package_identification:_identify(src/MAVLink/mavlink_controller_client) by extension 'ignore_ament_install'
[0.440s] Level 1:colcon.colcon_core.package_identification:_identify(src/MAVLink/mavlink_controller_client) by extensions ['colcon_pkg']
[0.440s] Level 1:colcon.colcon_core.package_identification:_identify(src/MAVLink/mavlink_controller_client) by extension 'colcon_pkg'
[0.440s] Level 1:colcon.colcon_core.package_identification:_identify(src/MAVLink/mavlink_controller_client) by extensions ['colcon_meta']
[0.440s] Level 1:colcon.colcon_core.package_identification:_identify(src/MAVLink/mavlink_controller_client) by extension 'colcon_meta'
[0.440s] Level 1:colcon.colcon_core.package_identification:_identify(src/MAVLink/mavlink_controller_client) by extensions ['ros']
[0.441s] Level 1:colcon.colcon_core.package_identification:_identify(src/MAVLink/mavlink_controller_client) by extension 'ros'
[0.441s] DEBUG:colcon.colcon_core.package_identification:Package 'src/MAVLink/mavlink_controller_client' with type 'ros.ament_python' and name 'mavlink_controller_client'
[0.442s] Level 1:colcon.colcon_core.package_identification:_identify(src/ROS-TCP-Endpoint) by extensions ['ignore', 'ignore_ament_install']
[0.442s] Level 1:colcon.colcon_core.package_identification:_identify(src/ROS-TCP-Endpoint) by extension 'ignore'
[0.442s] Level 1:colcon.colcon_core.package_identification:_identify(src/ROS-TCP-Endpoint) by extension 'ignore_ament_install'
[0.442s] Level 1:colcon.colcon_core.package_identification:_identify(src/ROS-TCP-Endpoint) by extensions ['colcon_pkg']
[0.442s] Level 1:colcon.colcon_core.package_identification:_identify(src/ROS-TCP-Endpoint) by extension 'colcon_pkg'
[0.442s] Level 1:colcon.colcon_core.package_identification:_identify(src/ROS-TCP-Endpoint) by extensions ['colcon_meta']
[0.442s] Level 1:colcon.colcon_core.package_identification:_identify(src/ROS-TCP-Endpoint) by extension 'colcon_meta'
[0.442s] Level 1:colcon.colcon_core.package_identification:_identify(src/ROS-TCP-Endpoint) by extensions ['ros']
[0.442s] Level 1:colcon.colcon_core.package_identification:_identify(src/ROS-TCP-Endpoint) by extension 'ros'
[0.443s] DEBUG:colcon.colcon_core.package_identification:Package 'src/ROS-TCP-Endpoint' with type 'ros.ament_python' and name 'ros_tcp_endpoint'
[0.443s] Level 1:colcon.colcon_core.package_identification:_identify(src/blue_seiretu_description) by extensions ['ignore', 'ignore_ament_install']
[0.443s] Level 1:colcon.colcon_core.package_identification:_identify(src/blue_seiretu_description) by extension 'ignore'
[0.443s] Level 1:colcon.colcon_core.package_identification:_identify(src/blue_seiretu_description) by extension 'ignore_ament_install'
[0.443s] Level 1:colcon.colcon_core.package_identification:_identify(src/blue_seiretu_description) by extensions ['colcon_pkg']
[0.443s] Level 1:colcon.colcon_core.package_identification:_identify(src/blue_seiretu_description) by extension 'colcon_pkg'
[0.443s] Level 1:colcon.colcon_core.package_identification:_identify(src/blue_seiretu_description) by extensions ['colcon_meta']
[0.443s] Level 1:colcon.colcon_core.package_identification:_identify(src/blue_seiretu_description) by extension 'colcon_meta'
[0.443s] Level 1:colcon.colcon_core.package_identification:_identify(src/blue_seiretu_description) by extensions ['ros']
[0.443s] Level 1:colcon.colcon_core.package_identification:_identify(src/blue_seiretu_description) by extension 'ros'
[0.444s] DEBUG:colcon.colcon_core.package_identification:Package 'src/blue_seiretu_description' with type 'ros.ament_cmake' and name 'blue_seiretu_description'
[0.444s] Level 1:colcon.colcon_core.package_identification:_identify(src/catch_gazebo_ros2_control) by extensions ['ignore', 'ignore_ament_install']
[0.444s] Level 1:colcon.colcon_core.package_identification:_identify(src/catch_gazebo_ros2_control) by extension 'ignore'
[0.444s] Level 1:colcon.colcon_core.package_identification:_identify(src/catch_gazebo_ros2_control) by extension 'ignore_ament_install'
[0.444s] Level 1:colcon.colcon_core.package_identification:_identify(src/catch_gazebo_ros2_control) by extensions ['colcon_pkg']
[0.444s] Level 1:colcon.colcon_core.package_identification:_identify(src/catch_gazebo_ros2_control) by extension 'colcon_pkg'
[0.444s] Level 1:colcon.colcon_core.package_identification:_identify(src/catch_gazebo_ros2_control) by extensions ['colcon_meta']
[0.444s] Level 1:colcon.colcon_core.package_identification:_identify(src/catch_gazebo_ros2_control) by extension 'colcon_meta'
[0.444s] Level 1:colcon.colcon_core.package_identification:_identify(src/catch_gazebo_ros2_control) by extensions ['ros']
[0.444s] Level 1:colcon.colcon_core.package_identification:_identify(src/catch_gazebo_ros2_control) by extension 'ros'
[0.445s] DEBUG:colcon.colcon_core.package_identification:Package 'src/catch_gazebo_ros2_control' with type 'ros.ament_cmake' and name 'catch_gazebo_ros2_control'
[0.445s] Level 1:colcon.colcon_core.package_identification:_identify(src/catch_unity) by extensions ['ignore', 'ignore_ament_install']
[0.445s] Level 1:colcon.colcon_core.package_identification:_identify(src/catch_unity) by extension 'ignore'
[0.445s] Level 1:colcon.colcon_core.package_identification:_identify(src/catch_unity) ignored
[0.445s] Level 1:colcon.colcon_core.package_identification:_identify(src/d415_rgb_depth_3d) by extensions ['ignore', 'ignore_ament_install']
[0.445s] Level 1:colcon.colcon_core.package_identification:_identify(src/d415_rgb_depth_3d) by extension 'ignore'
[0.445s] Level 1:colcon.colcon_core.package_identification:_identify(src/d415_rgb_depth_3d) by extension 'ignore_ament_install'
[0.445s] Level 1:colcon.colcon_core.package_identification:_identify(src/d415_rgb_depth_3d) by extensions ['colcon_pkg']
[0.445s] Level 1:colcon.colcon_core.package_identification:_identify(src/d415_rgb_depth_3d) by extension 'colcon_pkg'
[0.446s] Level 1:colcon.colcon_core.package_identification:_identify(src/d415_rgb_depth_3d) by extensions ['colcon_meta']
[0.446s] Level 1:colcon.colcon_core.package_identification:_identify(src/d415_rgb_depth_3d) by extension 'colcon_meta'
[0.446s] Level 1:colcon.colcon_core.package_identification:_identify(src/d415_rgb_depth_3d) by extensions ['ros']
[0.446s] Level 1:colcon.colcon_core.package_identification:_identify(src/d415_rgb_depth_3d) by extension 'ros'
[0.446s] DEBUG:colcon.colcon_core.package_identification:Package 'src/d415_rgb_depth_3d' with type 'ros.ament_python' and name 'd415_rgb_depth_3d'
[0.446s] Level 1:colcon.colcon_core.package_identification:_identify(src/dynamixel_ros2) by extensions ['ignore', 'ignore_ament_install']
[0.447s] Level 1:colcon.colcon_core.package_identification:_identify(src/dynamixel_ros2) by extension 'ignore'
[0.447s] Level 1:colcon.colcon_core.package_identification:_identify(src/dynamixel_ros2) by extension 'ignore_ament_install'
[0.447s] Level 1:colcon.colcon_core.package_identification:_identify(src/dynamixel_ros2) by extensions ['colcon_pkg']
[0.447s] Level 1:colcon.colcon_core.package_identification:_identify(src/dynamixel_ros2) by extension 'colcon_pkg'
[0.447s] Level 1:colcon.colcon_core.package_identification:_identify(src/dynamixel_ros2) by extensions ['colcon_meta']
[0.447s] Level 1:colcon.colcon_core.package_identification:_identify(src/dynamixel_ros2) by extension 'colcon_meta'
[0.447s] Level 1:colcon.colcon_core.package_identification:_identify(src/dynamixel_ros2) by extensions ['ros']
[0.447s] Level 1:colcon.colcon_core.package_identification:_identify(src/dynamixel_ros2) by extension 'ros'
[0.447s] Level 1:colcon.colcon_core.package_identification:_identify(src/dynamixel_ros2) by extensions ['cmake', 'python']
[0.447s] Level 1:colcon.colcon_core.package_identification:_identify(src/dynamixel_ros2) by extension 'cmake'
[0.447s] Level 1:colcon.colcon_core.package_identification:_identify(src/dynamixel_ros2) by extension 'python'
[0.447s] Level 1:colcon.colcon_core.package_identification:_identify(src/dynamixel_ros2) by extensions ['python_setup_py']
[0.447s] Level 1:colcon.colcon_core.package_identification:_identify(src/dynamixel_ros2) by extension 'python_setup_py'
[0.447s] Level 1:colcon.colcon_core.package_identification:_identify(src/dynamixel_ros2/DynamixelSDK) by extensions ['ignore', 'ignore_ament_install']
[0.447s] Level 1:colcon.colcon_core.package_identification:_identify(src/dynamixel_ros2/DynamixelSDK) by extension 'ignore'
[0.447s] Level 1:colcon.colcon_core.package_identification:_identify(src/dynamixel_ros2/DynamixelSDK) by extension 'ignore_ament_install'
[0.447s] Level 1:colcon.colcon_core.package_identification:_identify(src/dynamixel_ros2/DynamixelSDK) by extensions ['colcon_pkg']
[0.447s] Level 1:colcon.colcon_core.package_identification:_identify(src/dynamixel_ros2/DynamixelSDK) by extension 'colcon_pkg'
[0.447s] Level 1:colcon.colcon_core.package_identification:_identify(src/dynamixel_ros2/DynamixelSDK) by extensions ['colcon_meta']
[0.447s] Level 1:colcon.colcon_core.package_identification:_identify(src/dynamixel_ros2/DynamixelSDK) by extension 'colcon_meta'
[0.447s] Level 1:colcon.colcon_core.package_identification:_identify(src/dynamixel_ros2/DynamixelSDK) by extensions ['ros']
[0.448s] Level 1:colcon.colcon_core.package_identification:_identify(src/dynamixel_ros2/DynamixelSDK) by extension 'ros'
[0.448s] Level 1:colcon.colcon_core.package_identification:_identify(src/dynamixel_ros2/DynamixelSDK) by extensions ['cmake', 'python']
[0.448s] Level 1:colcon.colcon_core.package_identification:_identify(src/dynamixel_ros2/DynamixelSDK) by extension 'cmake'
[0.448s] Level 1:colcon.colcon_core.package_identification:_identify(src/dynamixel_ros2/DynamixelSDK) by extension 'python'
[0.448s] Level 1:colcon.colcon_core.package_identification:_identify(src/dynamixel_ros2/DynamixelSDK) by extensions ['python_setup_py']
[0.448s] Level 1:colcon.colcon_core.package_identification:_identify(src/dynamixel_ros2/DynamixelSDK) by extension 'python_setup_py'
[0.448s] Level 1:colcon.colcon_core.package_identification:_identify(src/dynamixel_ros2/DynamixelSDK/dynamixel_sdk) by extensions ['ignore', 'ignore_ament_install']
[0.448s] Level 1:colcon.colcon_core.package_identification:_identify(src/dynamixel_ros2/DynamixelSDK/dynamixel_sdk) by extension 'ignore'
[0.448s] Level 1:colcon.colcon_core.package_identification:_identify(src/dynamixel_ros2/DynamixelSDK/dynamixel_sdk) by extension 'ignore_ament_install'
[0.448s] Level 1:colcon.colcon_core.package_identification:_identify(src/dynamixel_ros2/DynamixelSDK/dynamixel_sdk) by extensions ['colcon_pkg']
[0.448s] Level 1:colcon.colcon_core.package_identification:_identify(src/dynamixel_ros2/DynamixelSDK/dynamixel_sdk) by extension 'colcon_pkg'
[0.448s] Level 1:colcon.colcon_core.package_identification:_identify(src/dynamixel_ros2/DynamixelSDK/dynamixel_sdk) by extensions ['colcon_meta']
[0.448s] Level 1:colcon.colcon_core.package_identification:_identify(src/dynamixel_ros2/DynamixelSDK/dynamixel_sdk) by extension 'colcon_meta'
[0.448s] Level 1:colcon.colcon_core.package_identification:_identify(src/dynamixel_ros2/DynamixelSDK/dynamixel_sdk) by extensions ['ros']
[0.448s] Level 1:colcon.colcon_core.package_identification:_identify(src/dynamixel_ros2/DynamixelSDK/dynamixel_sdk) by extension 'ros'
[0.449s] DEBUG:colcon.colcon_core.package_identification:Package 'src/dynamixel_ros2/DynamixelSDK/dynamixel_sdk' with type 'ros.ament_cmake' and name 'dynamixel_sdk'
[0.449s] Level 1:colcon.colcon_core.package_identification:_identify(src/dynamixel_ros2/DynamixelSDK/dynamixel_sdk_custom_interfaces) by extensions ['ignore', 'ignore_ament_install']
[0.449s] Level 1:colcon.colcon_core.package_identification:_identify(src/dynamixel_ros2/DynamixelSDK/dynamixel_sdk_custom_interfaces) by extension 'ignore'
[0.449s] Level 1:colcon.colcon_core.package_identification:_identify(src/dynamixel_ros2/DynamixelSDK/dynamixel_sdk_custom_interfaces) by extension 'ignore_ament_install'
[0.449s] Level 1:colcon.colcon_core.package_identification:_identify(src/dynamixel_ros2/DynamixelSDK/dynamixel_sdk_custom_interfaces) by extensions ['colcon_pkg']
[0.449s] Level 1:colcon.colcon_core.package_identification:_identify(src/dynamixel_ros2/DynamixelSDK/dynamixel_sdk_custom_interfaces) by extension 'colcon_pkg'
[0.450s] Level 1:colcon.colcon_core.package_identification:_identify(src/dynamixel_ros2/DynamixelSDK/dynamixel_sdk_custom_interfaces) by extensions ['colcon_meta']
[0.450s] Level 1:colcon.colcon_core.package_identification:_identify(src/dynamixel_ros2/DynamixelSDK/dynamixel_sdk_custom_interfaces) by extension 'colcon_meta'
[0.450s] Level 1:colcon.colcon_core.package_identification:_identify(src/dynamixel_ros2/DynamixelSDK/dynamixel_sdk_custom_interfaces) by extensions ['ros']
[0.450s] Level 1:colcon.colcon_core.package_identification:_identify(src/dynamixel_ros2/DynamixelSDK/dynamixel_sdk_custom_interfaces) by extension 'ros'
[0.450s] DEBUG:colcon.colcon_core.package_identification:Package 'src/dynamixel_ros2/DynamixelSDK/dynamixel_sdk_custom_interfaces' with type 'ros.ament_cmake' and name 'dynamixel_sdk_custom_interfaces'
[0.450s] Level 1:colcon.colcon_core.package_identification:_identify(src/dynamixel_ros2/DynamixelSDK/dynamixel_sdk_examples) by extensions ['ignore', 'ignore_ament_install']
[0.451s] Level 1:colcon.colcon_core.package_identification:_identify(src/dynamixel_ros2/DynamixelSDK/dynamixel_sdk_examples) by extension 'ignore'
[0.451s] Level 1:colcon.colcon_core.package_identification:_identify(src/dynamixel_ros2/DynamixelSDK/dynamixel_sdk_examples) by extension 'ignore_ament_install'
[0.451s] Level 1:colcon.colcon_core.package_identification:_identify(src/dynamixel_ros2/DynamixelSDK/dynamixel_sdk_examples) by extensions ['colcon_pkg']
[0.451s] Level 1:colcon.colcon_core.package_identification:_identify(src/dynamixel_ros2/DynamixelSDK/dynamixel_sdk_examples) by extension 'colcon_pkg'
[0.451s] Level 1:colcon.colcon_core.package_identification:_identify(src/dynamixel_ros2/DynamixelSDK/dynamixel_sdk_examples) by extensions ['colcon_meta']
[0.451s] Level 1:colcon.colcon_core.package_identification:_identify(src/dynamixel_ros2/DynamixelSDK/dynamixel_sdk_examples) by extension 'colcon_meta'
[0.451s] Level 1:colcon.colcon_core.package_identification:_identify(src/dynamixel_ros2/DynamixelSDK/dynamixel_sdk_examples) by extensions ['ros']
[0.451s] Level 1:colcon.colcon_core.package_identification:_identify(src/dynamixel_ros2/DynamixelSDK/dynamixel_sdk_examples) by extension 'ros'
[0.452s] DEBUG:colcon.colcon_core.package_identification:Package 'src/dynamixel_ros2/DynamixelSDK/dynamixel_sdk_examples' with type 'ros.ament_cmake' and name 'dynamixel_sdk_examples'
[0.452s] Level 1:colcon.colcon_core.package_identification:_identify(src/dynamixel_ros2/dynamixel_controller) by extensions ['ignore', 'ignore_ament_install']
[0.452s] Level 1:colcon.colcon_core.package_identification:_identify(src/dynamixel_ros2/dynamixel_controller) by extension 'ignore'
[0.452s] Level 1:colcon.colcon_core.package_identification:_identify(src/dynamixel_ros2/dynamixel_controller) by extension 'ignore_ament_install'
[0.452s] Level 1:colcon.colcon_core.package_identification:_identify(src/dynamixel_ros2/dynamixel_controller) by extensions ['colcon_pkg']
[0.452s] Level 1:colcon.colcon_core.package_identification:_identify(src/dynamixel_ros2/dynamixel_controller) by extension 'colcon_pkg'
[0.452s] Level 1:colcon.colcon_core.package_identification:_identify(src/dynamixel_ros2/dynamixel_controller) by extensions ['colcon_meta']
[0.452s] Level 1:colcon.colcon_core.package_identification:_identify(src/dynamixel_ros2/dynamixel_controller) by extension 'colcon_meta'
[0.452s] Level 1:colcon.colcon_core.package_identification:_identify(src/dynamixel_ros2/dynamixel_controller) by extensions ['ros']
[0.452s] Level 1:colcon.colcon_core.package_identification:_identify(src/dynamixel_ros2/dynamixel_controller) by extension 'ros'
[0.453s] DEBUG:colcon.colcon_core.package_identification:Package 'src/dynamixel_ros2/dynamixel_controller' with type 'ros.ament_cmake' and name 'dynamixel_controller'
[0.453s] Level 1:colcon.colcon_core.package_identification:_identify(src/dynamixel_ros2/dynamixel_controller_client) by extensions ['ignore', 'ignore_ament_install']
[0.453s] Level 1:colcon.colcon_core.package_identification:_identify(src/dynamixel_ros2/dynamixel_controller_client) by extension 'ignore'
[0.454s] Level 1:colcon.colcon_core.package_identification:_identify(src/dynamixel_ros2/dynamixel_controller_client) by extension 'ignore_ament_install'
[0.454s] Level 1:colcon.colcon_core.package_identification:_identify(src/dynamixel_ros2/dynamixel_controller_client) by extensions ['colcon_pkg']
[0.454s] Level 1:colcon.colcon_core.package_identification:_identify(src/dynamixel_ros2/dynamixel_controller_client) by extension 'colcon_pkg'
[0.454s] Level 1:colcon.colcon_core.package_identification:_identify(src/dynamixel_ros2/dynamixel_controller_client) by extensions ['colcon_meta']
[0.454s] Level 1:colcon.colcon_core.package_identification:_identify(src/dynamixel_ros2/dynamixel_controller_client) by extension 'colcon_meta'
[0.454s] Level 1:colcon.colcon_core.package_identification:_identify(src/dynamixel_ros2/dynamixel_controller_client) by extensions ['ros']
[0.454s] Level 1:colcon.colcon_core.package_identification:_identify(src/dynamixel_ros2/dynamixel_controller_client) by extension 'ros'
[0.454s] DEBUG:colcon.colcon_core.package_identification:Package 'src/dynamixel_ros2/dynamixel_controller_client' with type 'ros.ament_python' and name 'dynamixel_controller_client'
[0.454s] Level 1:colcon.colcon_core.package_identification:_identify(src/dynamixel_ros2/dynamixel_controller_gui) by extensions ['ignore', 'ignore_ament_install']
[0.455s] Level 1:colcon.colcon_core.package_identification:_identify(src/dynamixel_ros2/dynamixel_controller_gui) by extension 'ignore'
[0.455s] Level 1:colcon.colcon_core.package_identification:_identify(src/dynamixel_ros2/dynamixel_controller_gui) by extension 'ignore_ament_install'
[0.455s] Level 1:colcon.colcon_core.package_identification:_identify(src/dynamixel_ros2/dynamixel_controller_gui) by extensions ['colcon_pkg']
[0.455s] Level 1:colcon.colcon_core.package_identification:_identify(src/dynamixel_ros2/dynamixel_controller_gui) by extension 'colcon_pkg'
[0.455s] Level 1:colcon.colcon_core.package_identification:_identify(src/dynamixel_ros2/dynamixel_controller_gui) by extensions ['colcon_meta']
[0.455s] Level 1:colcon.colcon_core.package_identification:_identify(src/dynamixel_ros2/dynamixel_controller_gui) by extension 'colcon_meta'
[0.455s] Level 1:colcon.colcon_core.package_identification:_identify(src/dynamixel_ros2/dynamixel_controller_gui) by extensions ['ros']
[0.455s] Level 1:colcon.colcon_core.package_identification:_identify(src/dynamixel_ros2/dynamixel_controller_gui) by extension 'ros'
[0.456s] DEBUG:colcon.colcon_core.package_identification:Package 'src/dynamixel_ros2/dynamixel_controller_gui' with type 'ros.ament_python' and name 'dynamixel_controller_gui'
[0.456s] Level 1:colcon.colcon_core.package_identification:_identify(src/field_description-20250822T021318Z-1-001) by extensions ['ignore', 'ignore_ament_install']
[0.456s] Level 1:colcon.colcon_core.package_identification:_identify(src/field_description-20250822T021318Z-1-001) by extension 'ignore'
[0.456s] Level 1:colcon.colcon_core.package_identification:_identify(src/field_description-20250822T021318Z-1-001) by extension 'ignore_ament_install'
[0.456s] Level 1:colcon.colcon_core.package_identification:_identify(src/field_description-20250822T021318Z-1-001) by extensions ['colcon_pkg']
[0.456s] Level 1:colcon.colcon_core.package_identification:_identify(src/field_description-20250822T021318Z-1-001) by extension 'colcon_pkg'
[0.456s] Level 1:colcon.colcon_core.package_identification:_identify(src/field_description-20250822T021318Z-1-001) by extensions ['colcon_meta']
[0.456s] Level 1:colcon.colcon_core.package_identification:_identify(src/field_description-20250822T021318Z-1-001) by extension 'colcon_meta'
[0.456s] Level 1:colcon.colcon_core.package_identification:_identify(src/field_description-20250822T021318Z-1-001) by extensions ['ros']
[0.456s] Level 1:colcon.colcon_core.package_identification:_identify(src/field_description-20250822T021318Z-1-001) by extension 'ros'
[0.456s] Level 1:colcon.colcon_core.package_identification:_identify(src/field_description-20250822T021318Z-1-001) by extensions ['cmake', 'python']
[0.457s] Level 1:colcon.colcon_core.package_identification:_identify(src/field_description-20250822T021318Z-1-001) by extension 'cmake'
[0.457s] Level 1:colcon.colcon_core.package_identification:_identify(src/field_description-20250822T021318Z-1-001) by extension 'python'
[0.457s] Level 1:colcon.colcon_core.package_identification:_identify(src/field_description-20250822T021318Z-1-001) by extensions ['python_setup_py']
[0.457s] Level 1:colcon.colcon_core.package_identification:_identify(src/field_description-20250822T021318Z-1-001) by extension 'python_setup_py'
[0.457s] Level 1:colcon.colcon_core.package_identification:_identify(src/field_description-20250822T021318Z-1-001/field_description) by extensions ['ignore', 'ignore_ament_install']
[0.457s] Level 1:colcon.colcon_core.package_identification:_identify(src/field_description-20250822T021318Z-1-001/field_description) by extension 'ignore'
[0.457s] Level 1:colcon.colcon_core.package_identification:_identify(src/field_description-20250822T021318Z-1-001/field_description) by extension 'ignore_ament_install'
[0.457s] Level 1:colcon.colcon_core.package_identification:_identify(src/field_description-20250822T021318Z-1-001/field_description) by extensions ['colcon_pkg']
[0.457s] Level 1:colcon.colcon_core.package_identification:_identify(src/field_description-20250822T021318Z-1-001/field_description) by extension 'colcon_pkg'
[0.457s] Level 1:colcon.colcon_core.package_identification:_identify(src/field_description-20250822T021318Z-1-001/field_description) by extensions ['colcon_meta']
[0.457s] Level 1:colcon.colcon_core.package_identification:_identify(src/field_description-20250822T021318Z-1-001/field_description) by extension 'colcon_meta'
[0.457s] Level 1:colcon.colcon_core.package_identification:_identify(src/field_description-20250822T021318Z-1-001/field_description) by extensions ['ros']
[0.457s] Level 1:colcon.colcon_core.package_identification:_identify(src/field_description-20250822T021318Z-1-001/field_description) by extension 'ros'
[0.458s] DEBUG:colcon.colcon_core.package_identification:Package 'src/field_description-20250822T021318Z-1-001/field_description' with type 'ros.ament_cmake' and name 'field_description'
[0.458s] Level 1:colcon.colcon_core.package_identification:_identify(src/hello_moveit) by extensions ['ignore', 'ignore_ament_install']
[0.458s] Level 1:colcon.colcon_core.package_identification:_identify(src/hello_moveit) by extension 'ignore'
[0.458s] Level 1:colcon.colcon_core.package_identification:_identify(src/hello_moveit) by extension 'ignore_ament_install'
[0.458s] Level 1:colcon.colcon_core.package_identification:_identify(src/hello_moveit) by extensions ['colcon_pkg']
[0.458s] Level 1:colcon.colcon_core.package_identification:_identify(src/hello_moveit) by extension 'colcon_pkg'
[0.458s] Level 1:colcon.colcon_core.package_identification:_identify(src/hello_moveit) by extensions ['colcon_meta']
[0.458s] Level 1:colcon.colcon_core.package_identification:_identify(src/hello_moveit) by extension 'colcon_meta'
[0.458s] Level 1:colcon.colcon_core.package_identification:_identify(src/hello_moveit) by extensions ['ros']
[0.458s] Level 1:colcon.colcon_core.package_identification:_identify(src/hello_moveit) by extension 'ros'
[0.459s] DEBUG:colcon.colcon_core.package_identification:Package 'src/hello_moveit' with type 'ros.ament_cmake' and name 'hello_moveit'
[0.459s] Level 1:colcon.colcon_core.package_identification:_identify(src/launch_param_builder) by extensions ['ignore', 'ignore_ament_install']
[0.459s] Level 1:colcon.colcon_core.package_identification:_identify(src/launch_param_builder) by extension 'ignore'
[0.459s] Level 1:colcon.colcon_core.package_identification:_identify(src/launch_param_builder) by extension 'ignore_ament_install'
[0.459s] Level 1:colcon.colcon_core.package_identification:_identify(src/launch_param_builder) by extensions ['colcon_pkg']
[0.459s] Level 1:colcon.colcon_core.package_identification:_identify(src/launch_param_builder) by extension 'colcon_pkg'
[0.460s] Level 1:colcon.colcon_core.package_identification:_identify(src/launch_param_builder) by extensions ['colcon_meta']
[0.460s] Level 1:colcon.colcon_core.package_identification:_identify(src/launch_param_builder) by extension 'colcon_meta'
[0.460s] Level 1:colcon.colcon_core.package_identification:_identify(src/launch_param_builder) by extensions ['ros']
[0.460s] Level 1:colcon.colcon_core.package_identification:_identify(src/launch_param_builder) by extension 'ros'
[0.460s] DEBUG:colcon.colcon_core.package_identification:Package 'src/launch_param_builder' with type 'ros.ament_python' and name 'launch_param_builder'
[0.460s] Level 1:colcon.colcon_core.package_identification:_identify(src/moveit2) by extensions ['ignore', 'ignore_ament_install']
[0.460s] Level 1:colcon.colcon_core.package_identification:_identify(src/moveit2) by extension 'ignore'
[0.461s] Level 1:colcon.colcon_core.package_identification:_identify(src/moveit2) by extension 'ignore_ament_install'
[0.461s] Level 1:colcon.colcon_core.package_identification:_identify(src/moveit2) by extensions ['colcon_pkg']
[0.461s] Level 1:colcon.colcon_core.package_identification:_identify(src/moveit2) by extension 'colcon_pkg'
[0.461s] Level 1:colcon.colcon_core.package_identification:_identify(src/moveit2) by extensions ['colcon_meta']
[0.461s] Level 1:colcon.colcon_core.package_identification:_identify(src/moveit2) by extension 'colcon_meta'
[0.461s] Level 1:colcon.colcon_core.package_identification:_identify(src/moveit2) by extensions ['ros']
[0.461s] Level 1:colcon.colcon_core.package_identification:_identify(src/moveit2) by extension 'ros'
[0.461s] Level 1:colcon.colcon_core.package_identification:_identify(src/moveit2) by extensions ['cmake', 'python']
[0.461s] Level 1:colcon.colcon_core.package_identification:_identify(src/moveit2) by extension 'cmake'
[0.461s] Level 1:colcon.colcon_core.package_identification:_identify(src/moveit2) by extension 'python'
[0.461s] Level 1:colcon.colcon_core.package_identification:_identify(src/moveit2) by extensions ['python_setup_py']
[0.461s] Level 1:colcon.colcon_core.package_identification:_identify(src/moveit2) by extension 'python_setup_py'
[0.461s] Level 1:colcon.colcon_core.package_identification:_identify(src/moveit2/doc) by extensions ['ignore', 'ignore_ament_install']
[0.461s] Level 1:colcon.colcon_core.package_identification:_identify(src/moveit2/doc) by extension 'ignore'
[0.461s] Level 1:colcon.colcon_core.package_identification:_identify(src/moveit2/doc) by extension 'ignore_ament_install'
[0.461s] Level 1:colcon.colcon_core.package_identification:_identify(src/moveit2/doc) by extensions ['colcon_pkg']
[0.461s] Level 1:colcon.colcon_core.package_identification:_identify(src/moveit2/doc) by extension 'colcon_pkg'
[0.461s] Level 1:colcon.colcon_core.package_identification:_identify(src/moveit2/doc) by extensions ['colcon_meta']
[0.461s] Level 1:colcon.colcon_core.package_identification:_identify(src/moveit2/doc) by extension 'colcon_meta'
[0.461s] Level 1:colcon.colcon_core.package_identification:_identify(src/moveit2/doc) by extensions ['ros']
[0.461s] Level 1:colcon.colcon_core.package_identification:_identify(src/moveit2/doc) by extension 'ros'
[0.462s] Level 1:colcon.colcon_core.package_identification:_identify(src/moveit2/doc) by extensions ['cmake', 'python']
[0.462s] Level 1:colcon.colcon_core.package_identification:_identify(src/moveit2/doc) by extension 'cmake'
[0.462s] Level 1:colcon.colcon_core.package_identification:_identify(src/moveit2/doc) by extension 'python'
[0.462s] Level 1:colcon.colcon_core.package_identification:_identify(src/moveit2/doc) by extensions ['python_setup_py']
[0.462s] Level 1:colcon.colcon_core.package_identification:_identify(src/moveit2/doc) by extension 'python_setup_py'
[0.462s] Level 1:colcon.colcon_core.package_identification:_identify(src/moveit2/moveit) by extensions ['ignore', 'ignore_ament_install']
[0.462s] Level 1:colcon.colcon_core.package_identification:_identify(src/moveit2/moveit) by extension 'ignore'
[0.462s] Level 1:colcon.colcon_core.package_identification:_identify(src/moveit2/moveit) by extension 'ignore_ament_install'
[0.462s] Level 1:colcon.colcon_core.package_identification:_identify(src/moveit2/moveit) by extensions ['colcon_pkg']
[0.462s] Level 1:colcon.colcon_core.package_identification:_identify(src/moveit2/moveit) by extension 'colcon_pkg'
[0.462s] Level 1:colcon.colcon_core.package_identification:_identify(src/moveit2/moveit) by extensions ['colcon_meta']
[0.462s] Level 1:colcon.colcon_core.package_identification:_identify(src/moveit2/moveit) by extension 'colcon_meta'
[0.462s] Level 1:colcon.colcon_core.package_identification:_identify(src/moveit2/moveit) by extensions ['ros']
[0.462s] Level 1:colcon.colcon_core.package_identification:_identify(src/moveit2/moveit) by extension 'ros'
[0.463s] DEBUG:colcon.colcon_core.package_identification:Package 'src/moveit2/moveit' with type 'ros.ament_cmake' and name 'moveit'
[0.463s] Level 1:colcon.colcon_core.package_identification:_identify(src/moveit2/moveit_commander) by extensions ['ignore', 'ignore_ament_install']
[0.463s] Level 1:colcon.colcon_core.package_identification:_identify(src/moveit2/moveit_commander) by extension 'ignore'
[0.463s] Level 1:colcon.colcon_core.package_identification:_identify(src/moveit2/moveit_commander) ignored
[0.463s] Level 1:colcon.colcon_core.package_identification:_identify(src/moveit2/moveit_common) by extensions ['ignore', 'ignore_ament_install']
[0.463s] Level 1:colcon.colcon_core.package_identification:_identify(src/moveit2/moveit_common) by extension 'ignore'
[0.464s] Level 1:colcon.colcon_core.package_identification:_identify(src/moveit2/moveit_common) by extension 'ignore_ament_install'
[0.464s] Level 1:colcon.colcon_core.package_identification:_identify(src/moveit2/moveit_common) by extensions ['colcon_pkg']
[0.464s] Level 1:colcon.colcon_core.package_identification:_identify(src/moveit2/moveit_common) by extension 'colcon_pkg'
[0.464s] Level 1:colcon.colcon_core.package_identification:_identify(src/moveit2/moveit_common) by extensions ['colcon_meta']
[0.464s] Level 1:colcon.colcon_core.package_identification:_identify(src/moveit2/moveit_common) by extension 'colcon_meta'
[0.464s] Level 1:colcon.colcon_core.package_identification:_identify(src/moveit2/moveit_common) by extensions ['ros']
[0.464s] Level 1:colcon.colcon_core.package_identification:_identify(src/moveit2/moveit_common) by extension 'ros'
[0.465s] DEBUG:colcon.colcon_core.package_identification:Package 'src/moveit2/moveit_common' with type 'ros.ament_cmake' and name 'moveit_common'
[0.465s] Level 1:colcon.colcon_core.package_identification:_identify(src/moveit2/moveit_configs_utils) by extensions ['ignore', 'ignore_ament_install']
[0.465s] Level 1:colcon.colcon_core.package_identification:_identify(src/moveit2/moveit_configs_utils) by extension 'ignore'
[0.465s] Level 1:colcon.colcon_core.package_identification:_identify(src/moveit2/moveit_configs_utils) by extension 'ignore_ament_install'
[0.465s] Level 1:colcon.colcon_core.package_identification:_identify(src/moveit2/moveit_configs_utils) by extensions ['colcon_pkg']
[0.465s] Level 1:colcon.colcon_core.package_identification:_identify(src/moveit2/moveit_configs_utils) by extension 'colcon_pkg'
[0.465s] Level 1:colcon.colcon_core.package_identification:_identify(src/moveit2/moveit_configs_utils) by extensions ['colcon_meta']
[0.465s] Level 1:colcon.colcon_core.package_identification:_identify(src/moveit2/moveit_configs_utils) by extension 'colcon_meta'
[0.465s] Level 1:colcon.colcon_core.package_identification:_identify(src/moveit2/moveit_configs_utils) by extensions ['ros']
[0.465s] Level 1:colcon.colcon_core.package_identification:_identify(src/moveit2/moveit_configs_utils) by extension 'ros'
[0.466s] DEBUG:colcon.colcon_core.package_identification:Package 'src/moveit2/moveit_configs_utils' with type 'ros.ament_python' and name 'moveit_configs_utils'
[0.466s] Level 1:colcon.colcon_core.package_identification:_identify(src/moveit2/moveit_core) by extensions ['ignore', 'ignore_ament_install']
[0.466s] Level 1:colcon.colcon_core.package_identification:_identify(src/moveit2/moveit_core) by extension 'ignore'
[0.466s] Level 1:colcon.colcon_core.package_identification:_identify(src/moveit2/moveit_core) by extension 'ignore_ament_install'
[0.466s] Level 1:colcon.colcon_core.package_identification:_identify(src/moveit2/moveit_core) by extensions ['colcon_pkg']
[0.466s] Level 1:colcon.colcon_core.package_identification:_identify(src/moveit2/moveit_core) by extension 'colcon_pkg'
[0.466s] Level 1:colcon.colcon_core.package_identification:_identify(src/moveit2/moveit_core) by extensions ['colcon_meta']
[0.466s] Level 1:colcon.colcon_core.package_identification:_identify(src/moveit2/moveit_core) by extension 'colcon_meta'
[0.466s] Level 1:colcon.colcon_core.package_identification:_identify(src/moveit2/moveit_core) by extensions ['ros']
[0.466s] Level 1:colcon.colcon_core.package_identification:_identify(src/moveit2/moveit_core) by extension 'ros'
[0.471s] DEBUG:colcon.colcon_core.package_identification:Package 'src/moveit2/moveit_core' with type 'ros.ament_cmake' and name 'moveit_core'
[0.471s] Level 1:colcon.colcon_core.package_identification:_identify(src/moveit2/moveit_experimental) by extensions ['ignore', 'ignore_ament_install']
[0.471s] Level 1:colcon.colcon_core.package_identification:_identify(src/moveit2/moveit_experimental) by extension 'ignore'
[0.471s] Level 1:colcon.colcon_core.package_identification:_identify(src/moveit2/moveit_experimental) ignored
[0.471s] Level 1:colcon.colcon_core.package_identification:_identify(src/moveit2/moveit_kinematics) by extensions ['ignore', 'ignore_ament_install']
[0.471s] Level 1:colcon.colcon_core.package_identification:_identify(src/moveit2/moveit_kinematics) by extension 'ignore'
[0.472s] Level 1:colcon.colcon_core.package_identification:_identify(src/moveit2/moveit_kinematics) by extension 'ignore_ament_install'
[0.472s] Level 1:colcon.colcon_core.package_identification:_identify(src/moveit2/moveit_kinematics) by extensions ['colcon_pkg']
[0.472s] Level 1:colcon.colcon_core.package_identification:_identify(src/moveit2/moveit_kinematics) by extension 'colcon_pkg'
[0.472s] Level 1:colcon.colcon_core.package_identification:_identify(src/moveit2/moveit_kinematics) by extensions ['colcon_meta']
[0.472s] Level 1:colcon.colcon_core.package_identification:_identify(src/moveit2/moveit_kinematics) by extension 'colcon_meta'
[0.472s] Level 1:colcon.colcon_core.package_identification:_identify(src/moveit2/moveit_kinematics) by extensions ['ros']
[0.472s] Level 1:colcon.colcon_core.package_identification:_identify(src/moveit2/moveit_kinematics) by extension 'ros'
[0.474s] DEBUG:colcon.colcon_core.package_identification:Package 'src/moveit2/moveit_kinematics' with type 'ros.ament_cmake' and name 'moveit_kinematics'
[0.474s] Level 1:colcon.colcon_core.package_identification:_identify(src/moveit2/moveit_planners) by extensions ['ignore', 'ignore_ament_install']
[0.474s] Level 1:colcon.colcon_core.package_identification:_identify(src/moveit2/moveit_planners) by extension 'ignore'
[0.474s] Level 1:colcon.colcon_core.package_identification:_identify(src/moveit2/moveit_planners) by extension 'ignore_ament_install'
[0.474s] Level 1:colcon.colcon_core.package_identification:_identify(src/moveit2/moveit_planners) by extensions ['colcon_pkg']
[0.474s] Level 1:colcon.colcon_core.package_identification:_identify(src/moveit2/moveit_planners) by extension 'colcon_pkg'
[0.474s] Level 1:colcon.colcon_core.package_identification:_identify(src/moveit2/moveit_planners) by extensions ['colcon_meta']
[0.474s] Level 1:colcon.colcon_core.package_identification:_identify(src/moveit2/moveit_planners) by extension 'colcon_meta'
[0.474s] Level 1:colcon.colcon_core.package_identification:_identify(src/moveit2/moveit_planners) by extensions ['ros']
[0.474s] Level 1:colcon.colcon_core.package_identification:_identify(src/moveit2/moveit_planners) by extension 'ros'
[0.474s] Level 1:colcon.colcon_core.package_identification:_identify(src/moveit2/moveit_planners) by extensions ['cmake', 'python']
[0.474s] Level 1:colcon.colcon_core.package_identification:_identify(src/moveit2/moveit_planners) by extension 'cmake'
[0.474s] Level 1:colcon.colcon_core.package_identification:_identify(src/moveit2/moveit_planners) by extension 'python'
[0.474s] Level 1:colcon.colcon_core.package_identification:_identify(src/moveit2/moveit_planners) by extensions ['python_setup_py']
[0.474s] Level 1:colcon.colcon_core.package_identification:_identify(src/moveit2/moveit_planners) by extension 'python_setup_py'
[0.474s] Level 1:colcon.colcon_core.package_identification:_identify(src/moveit2/moveit_planners/chomp) by extensions ['ignore', 'ignore_ament_install']
[0.475s] Level 1:colcon.colcon_core.package_identification:_identify(src/moveit2/moveit_planners/chomp) by extension 'ignore'
[0.475s] Level 1:colcon.colcon_core.package_identification:_identify(src/moveit2/moveit_planners/chomp) by extension 'ignore_ament_install'
[0.475s] Level 1:colcon.colcon_core.package_identification:_identify(src/moveit2/moveit_planners/chomp) by extensions ['colcon_pkg']
[0.475s] Level 1:colcon.colcon_core.package_identification:_identify(src/moveit2/moveit_planners/chomp) by extension 'colcon_pkg'
[0.475s] Level 1:colcon.colcon_core.package_identification:_identify(src/moveit2/moveit_planners/chomp) by extensions ['colcon_meta']
[0.475s] Level 1:colcon.colcon_core.package_identification:_identify(src/moveit2/moveit_planners/chomp) by extension 'colcon_meta'
[0.475s] Level 1:colcon.colcon_core.package_identification:_identify(src/moveit2/moveit_planners/chomp) by extensions ['ros']
[0.475s] Level 1:colcon.colcon_core.package_identification:_identify(src/moveit2/moveit_planners/chomp) by extension 'ros'
[0.475s] Level 1:colcon.colcon_core.package_identification:_identify(src/moveit2/moveit_planners/chomp) by extensions ['cmake', 'python']
[0.475s] Level 1:colcon.colcon_core.package_identification:_identify(src/moveit2/moveit_planners/chomp) by extension 'cmake'
[0.475s] Level 1:colcon.colcon_core.package_identification:_identify(src/moveit2/moveit_planners/chomp) by extension 'python'
[0.475s] Level 1:colcon.colcon_core.package_identification:_identify(src/moveit2/moveit_planners/chomp) by extensions ['python_setup_py']
[0.475s] Level 1:colcon.colcon_core.package_identification:_identify(src/moveit2/moveit_planners/chomp) by extension 'python_setup_py'
[0.475s] Level 1:colcon.colcon_core.package_identification:_identify(src/moveit2/moveit_planners/chomp/chomp_interface) by extensions ['ignore', 'ignore_ament_install']
[0.475s] Level 1:colcon.colcon_core.package_identification:_identify(src/moveit2/moveit_planners/chomp/chomp_interface) by extension 'ignore'
[0.475s] Level 1:colcon.colcon_core.package_identification:_identify(src/moveit2/moveit_planners/chomp/chomp_interface) by extension 'ignore_ament_install'
[0.475s] Level 1:colcon.colcon_core.package_identification:_identify(src/moveit2/moveit_planners/chomp/chomp_interface) by extensions ['colcon_pkg']
[0.475s] Level 1:colcon.colcon_core.package_identification:_identify(src/moveit2/moveit_planners/chomp/chomp_interface) by extension 'colcon_pkg'
[0.475s] Level 1:colcon.colcon_core.package_identification:_identify(src/moveit2/moveit_planners/chomp/chomp_interface) by extensions ['colcon_meta']
[0.475s] Level 1:colcon.colcon_core.package_identification:_identify(src/moveit2/moveit_planners/chomp/chomp_interface) by extension 'colcon_meta'
[0.476s] Level 1:colcon.colcon_core.package_identification:_identify(src/moveit2/moveit_planners/chomp/chomp_interface) by extensions ['ros']
[0.476s] Level 1:colcon.colcon_core.package_identification:_identify(src/moveit2/moveit_planners/chomp/chomp_interface) by extension 'ros'
[0.477s] DEBUG:colcon.colcon_core.package_identification:Package 'src/moveit2/moveit_planners/chomp/chomp_interface' with type 'ros.ament_cmake' and name 'moveit_planners_chomp'
[0.477s] Level 1:colcon.colcon_core.package_identification:_identify(src/moveit2/moveit_planners/chomp/chomp_motion_planner) by extensions ['ignore', 'ignore_ament_install']
[0.477s] Level 1:colcon.colcon_core.package_identification:_identify(src/moveit2/moveit_planners/chomp/chomp_motion_planner) by extension 'ignore'
[0.477s] Level 1:colcon.colcon_core.package_identification:_identify(src/moveit2/moveit_planners/chomp/chomp_motion_planner) by extension 'ignore_ament_install'
[0.477s] Level 1:colcon.colcon_core.package_identification:_identify(src/moveit2/moveit_planners/chomp/chomp_motion_planner) by extensions ['colcon_pkg']
[0.477s] Level 1:colcon.colcon_core.package_identification:_identify(src/moveit2/moveit_planners/chomp/chomp_motion_planner) by extension 'colcon_pkg'
[0.477s] Level 1:colcon.colcon_core.package_identification:_identify(src/moveit2/moveit_planners/chomp/chomp_motion_planner) by extensions ['colcon_meta']
[0.477s] Level 1:colcon.colcon_core.package_identification:_identify(src/moveit2/moveit_planners/chomp/chomp_motion_planner) by extension 'colcon_meta'
[0.477s] Level 1:colcon.colcon_core.package_identification:_identify(src/moveit2/moveit_planners/chomp/chomp_motion_planner) by extensions ['ros']
[0.477s] Level 1:colcon.colcon_core.package_identification:_identify(src/moveit2/moveit_planners/chomp/chomp_motion_planner) by extension 'ros'
[0.478s] DEBUG:colcon.colcon_core.package_identification:Package 'src/moveit2/moveit_planners/chomp/chomp_motion_planner' with type 'ros.ament_cmake' and name 'chomp_motion_planner'
[0.478s] Level 1:colcon.colcon_core.package_identification:_identify(src/moveit2/moveit_planners/chomp/chomp_optimizer_adapter) by extensions ['ignore', 'ignore_ament_install']
[0.479s] Level 1:colcon.colcon_core.package_identification:_identify(src/moveit2/moveit_planners/chomp/chomp_optimizer_adapter) by extension 'ignore'
[0.479s] Level 1:colcon.colcon_core.package_identification:_identify(src/moveit2/moveit_planners/chomp/chomp_optimizer_adapter) by extension 'ignore_ament_install'
[0.479s] Level 1:colcon.colcon_core.package_identification:_identify(src/moveit2/moveit_planners/chomp/chomp_optimizer_adapter) by extensions ['colcon_pkg']
[0.479s] Level 1:colcon.colcon_core.package_identification:_identify(src/moveit2/moveit_planners/chomp/chomp_optimizer_adapter) by extension 'colcon_pkg'
[0.479s] Level 1:colcon.colcon_core.package_identification:_identify(src/moveit2/moveit_planners/chomp/chomp_optimizer_adapter) by extensions ['colcon_meta']
[0.479s] Level 1:colcon.colcon_core.package_identification:_identify(src/moveit2/moveit_planners/chomp/chomp_optimizer_adapter) by extension 'colcon_meta'
[0.479s] Level 1:colcon.colcon_core.package_identification:_identify(src/moveit2/moveit_planners/chomp/chomp_optimizer_adapter) by extensions ['ros']
[0.479s] Level 1:colcon.colcon_core.package_identification:_identify(src/moveit2/moveit_planners/chomp/chomp_optimizer_adapter) by extension 'ros'
[0.480s] DEBUG:colcon.colcon_core.package_identification:Package 'src/moveit2/moveit_planners/chomp/chomp_optimizer_adapter' with type 'ros.ament_cmake' and name 'moveit_chomp_optimizer_adapter'
[0.480s] Level 1:colcon.colcon_core.package_identification:_identify(src/moveit2/moveit_planners/moveit_planners) by extensions ['ignore', 'ignore_ament_install']
[0.480s] Level 1:colcon.colcon_core.package_identification:_identify(src/moveit2/moveit_planners/moveit_planners) by extension 'ignore'
[0.480s] Level 1:colcon.colcon_core.package_identification:_identify(src/moveit2/moveit_planners/moveit_planners) by extension 'ignore_ament_install'
[0.480s] Level 1:colcon.colcon_core.package_identification:_identify(src/moveit2/moveit_planners/moveit_planners) by extensions ['colcon_pkg']
[0.480s] Level 1:colcon.colcon_core.package_identification:_identify(src/moveit2/moveit_planners/moveit_planners) by extension 'colcon_pkg'
[0.480s] Level 1:colcon.colcon_core.package_identification:_identify(src/moveit2/moveit_planners/moveit_planners) by extensions ['colcon_meta']
[0.480s] Level 1:colcon.colcon_core.package_identification:_identify(src/moveit2/moveit_planners/moveit_planners) by extension 'colcon_meta'
[0.480s] Level 1:colcon.colcon_core.package_identification:_identify(src/moveit2/moveit_planners/moveit_planners) by extensions ['ros']
[0.480s] Level 1:colcon.colcon_core.package_identification:_identify(src/moveit2/moveit_planners/moveit_planners) by extension 'ros'
[0.481s] DEBUG:colcon.colcon_core.package_identification:Package 'src/moveit2/moveit_planners/moveit_planners' with type 'ros.ament_cmake' and name 'moveit_planners'
[0.481s] Level 1:colcon.colcon_core.package_identification:_identify(src/moveit2/moveit_planners/ompl) by extensions ['ignore', 'ignore_ament_install']
[0.481s] Level 1:colcon.colcon_core.package_identification:_identify(src/moveit2/moveit_planners/ompl) by extension 'ignore'
[0.481s] Level 1:colcon.colcon_core.package_identification:_identify(src/moveit2/moveit_planners/ompl) by extension 'ignore_ament_install'
[0.481s] Level 1:colcon.colcon_core.package_identification:_identify(src/moveit2/moveit_planners/ompl) by extensions ['colcon_pkg']
[0.481s] Level 1:colcon.colcon_core.package_identification:_identify(src/moveit2/moveit_planners/ompl) by extension 'colcon_pkg'
[0.481s] Level 1:colcon.colcon_core.package_identification:_identify(src/moveit2/moveit_planners/ompl) by extensions ['colcon_meta']
[0.482s] Level 1:colcon.colcon_core.package_identification:_identify(src/moveit2/moveit_planners/ompl) by extension 'colcon_meta'
[0.482s] Level 1:colcon.colcon_core.package_identification:_identify(src/moveit2/moveit_planners/ompl) by extensions ['ros']
[0.482s] Level 1:colcon.colcon_core.package_identification:_identify(src/moveit2/moveit_planners/ompl) by extension 'ros'
[0.483s] DEBUG:colcon.colcon_core.package_identification:Package 'src/moveit2/moveit_planners/ompl' with type 'ros.ament_cmake' and name 'moveit_planners_ompl'
[0.483s] Level 1:colcon.colcon_core.package_identification:_identify(src/moveit2/moveit_planners/pilz_industrial_motion_planner) by extensions ['ignore', 'ignore_ament_install']
[0.483s] Level 1:colcon.colcon_core.package_identification:_identify(src/moveit2/moveit_planners/pilz_industrial_motion_planner) by extension 'ignore'
[0.484s] Level 1:colcon.colcon_core.package_identification:_identify(src/moveit2/moveit_planners/pilz_industrial_motion_planner) by extension 'ignore_ament_install'
[0.484s] Level 1:colcon.colcon_core.package_identification:_identify(src/moveit2/moveit_planners/pilz_industrial_motion_planner) by extensions ['colcon_pkg']
[0.484s] Level 1:colcon.colcon_core.package_identification:_identify(src/moveit2/moveit_planners/pilz_industrial_motion_planner) by extension 'colcon_pkg'
[0.484s] Level 1:colcon.colcon_core.package_identification:_identify(src/moveit2/moveit_planners/pilz_industrial_motion_planner) by extensions ['colcon_meta']
[0.484s] Level 1:colcon.colcon_core.package_identification:_identify(src/moveit2/moveit_planners/pilz_industrial_motion_planner) by extension 'colcon_meta'
[0.484s] Level 1:colcon.colcon_core.package_identification:_identify(src/moveit2/moveit_planners/pilz_industrial_motion_planner) by extensions ['ros']
[0.484s] Level 1:colcon.colcon_core.package_identification:_identify(src/moveit2/moveit_planners/pilz_industrial_motion_planner) by extension 'ros'
[0.486s] DEBUG:colcon.colcon_core.package_identification:Package 'src/moveit2/moveit_planners/pilz_industrial_motion_planner' with type 'ros.ament_cmake' and name 'pilz_industrial_motion_planner'
[0.486s] Level 1:colcon.colcon_core.package_identification:_identify(src/moveit2/moveit_planners/pilz_industrial_motion_planner_testutils) by extensions ['ignore', 'ignore_ament_install']
[0.486s] Level 1:colcon.colcon_core.package_identification:_identify(src/moveit2/moveit_planners/pilz_industrial_motion_planner_testutils) by extension 'ignore'
[0.486s] Level 1:colcon.colcon_core.package_identification:_identify(src/moveit2/moveit_planners/pilz_industrial_motion_planner_testutils) by extension 'ignore_ament_install'
[0.487s] Level 1:colcon.colcon_core.package_identification:_identify(src/moveit2/moveit_planners/pilz_industrial_motion_planner_testutils) by extensions ['colcon_pkg']
[0.487s] Level 1:colcon.colcon_core.package_identification:_identify(src/moveit2/moveit_planners/pilz_industrial_motion_planner_testutils) by extension 'colcon_pkg'
[0.487s] Level 1:colcon.colcon_core.package_identification:_identify(src/moveit2/moveit_planners/pilz_industrial_motion_planner_testutils) by extensions ['colcon_meta']
[0.487s] Level 1:colcon.colcon_core.package_identification:_identify(src/moveit2/moveit_planners/pilz_industrial_motion_planner_testutils) by extension 'colcon_meta'
[0.487s] Level 1:colcon.colcon_core.package_identification:_identify(src/moveit2/moveit_planners/pilz_industrial_motion_planner_testutils) by extensions ['ros']
[0.487s] Level 1:colcon.colcon_core.package_identification:_identify(src/moveit2/moveit_planners/pilz_industrial_motion_planner_testutils) by extension 'ros'
[0.488s] DEBUG:colcon.colcon_core.package_identification:Package 'src/moveit2/moveit_planners/pilz_industrial_motion_planner_testutils' with type 'ros.ament_cmake' and name 'pilz_industrial_motion_planner_testutils'
[0.488s] Level 1:colcon.colcon_core.package_identification:_identify(src/moveit2/moveit_planners/test_configs) by extensions ['ignore', 'ignore_ament_install']
[0.488s] Level 1:colcon.colcon_core.package_identification:_identify(src/moveit2/moveit_planners/test_configs) by extension 'ignore'
[0.488s] Level 1:colcon.colcon_core.package_identification:_identify(src/moveit2/moveit_planners/test_configs) by extension 'ignore_ament_install'
[0.488s] Level 1:colcon.colcon_core.package_identification:_identify(src/moveit2/moveit_planners/test_configs) by extensions ['colcon_pkg']
[0.488s] Level 1:colcon.colcon_core.package_identification:_identify(src/moveit2/moveit_planners/test_configs) by extension 'colcon_pkg'
[0.488s] Level 1:colcon.colcon_core.package_identification:_identify(src/moveit2/moveit_planners/test_configs) by extensions ['colcon_meta']
[0.488s] Level 1:colcon.colcon_core.package_identification:_identify(src/moveit2/moveit_planners/test_configs) by extension 'colcon_meta'
[0.488s] Level 1:colcon.colcon_core.package_identification:_identify(src/moveit2/moveit_planners/test_configs) by extensions ['ros']
[0.488s] Level 1:colcon.colcon_core.package_identification:_identify(src/moveit2/moveit_planners/test_configs) by extension 'ros'
[0.488s] Level 1:colcon.colcon_core.package_identification:_identify(src/moveit2/moveit_planners/test_configs) by extensions ['cmake', 'python']
[0.488s] Level 1:colcon.colcon_core.package_identification:_identify(src/moveit2/moveit_planners/test_configs) by extension 'cmake'
[0.488s] Level 1:colcon.colcon_core.package_identification:_identify(src/moveit2/moveit_planners/test_configs) by extension 'python'
[0.488s] Level 1:colcon.colcon_core.package_identification:_identify(src/moveit2/moveit_planners/test_configs) by extensions ['python_setup_py']
[0.488s] Level 1:colcon.colcon_core.package_identification:_identify(src/moveit2/moveit_planners/test_configs) by extension 'python_setup_py'
[0.489s] Level 1:colcon.colcon_core.package_identification:_identify(src/moveit2/moveit_planners/test_configs/prbt_ikfast_manipulator_plugin) by extensions ['ignore', 'ignore_ament_install']
[0.489s] Level 1:colcon.colcon_core.package_identification:_identify(src/moveit2/moveit_planners/test_configs/prbt_ikfast_manipulator_plugin) by extension 'ignore'
[0.489s] Level 1:colcon.colcon_core.package_identification:_identify(src/moveit2/moveit_planners/test_configs/prbt_ikfast_manipulator_plugin) by extension 'ignore_ament_install'
[0.489s] Level 1:colcon.colcon_core.package_identification:_identify(src/moveit2/moveit_planners/test_configs/prbt_ikfast_manipulator_plugin) by extensions ['colcon_pkg']
[0.489s] Level 1:colcon.colcon_core.package_identification:_identify(src/moveit2/moveit_planners/test_configs/prbt_ikfast_manipulator_plugin) by extension 'colcon_pkg'
[0.489s] Level 1:colcon.colcon_core.package_identification:_identify(src/moveit2/moveit_planners/test_configs/prbt_ikfast_manipulator_plugin) by extensions ['colcon_meta']
[0.489s] Level 1:colcon.colcon_core.package_identification:_identify(src/moveit2/moveit_planners/test_configs/prbt_ikfast_manipulator_plugin) by extension 'colcon_meta'
[0.489s] Level 1:colcon.colcon_core.package_identification:_identify(src/moveit2/moveit_planners/test_configs/prbt_ikfast_manipulator_plugin) by extensions ['ros']
[0.489s] Level 1:colcon.colcon_core.package_identification:_identify(src/moveit2/moveit_planners/test_configs/prbt_ikfast_manipulator_plugin) by extension 'ros'
[0.490s] DEBUG:colcon.colcon_core.package_identification:Package 'src/moveit2/moveit_planners/test_configs/prbt_ikfast_manipulator_plugin' with type 'ros.ament_cmake' and name 'moveit_resources_prbt_ikfast_manipulator_plugin'
[0.490s] Level 1:colcon.colcon_core.package_identification:_identify(src/moveit2/moveit_planners/test_configs/prbt_moveit_config) by extensions ['ignore', 'ignore_ament_install']
[0.490s] Level 1:colcon.colcon_core.package_identification:_identify(src/moveit2/moveit_planners/test_configs/prbt_moveit_config) by extension 'ignore'
[0.490s] Level 1:colcon.colcon_core.package_identification:_identify(src/moveit2/moveit_planners/test_configs/prbt_moveit_config) by extension 'ignore_ament_install'
[0.490s] Level 1:colcon.colcon_core.package_identification:_identify(src/moveit2/moveit_planners/test_configs/prbt_moveit_config) by extensions ['colcon_pkg']
[0.490s] Level 1:colcon.colcon_core.package_identification:_identify(src/moveit2/moveit_planners/test_configs/prbt_moveit_config) by extension 'colcon_pkg'
[0.490s] Level 1:colcon.colcon_core.package_identification:_identify(src/moveit2/moveit_planners/test_configs/prbt_moveit_config) by extensions ['colcon_meta']
[0.490s] Level 1:colcon.colcon_core.package_identification:_identify(src/moveit2/moveit_planners/test_configs/prbt_moveit_config) by extension 'colcon_meta'
[0.490s] Level 1:colcon.colcon_core.package_identification:_identify(src/moveit2/moveit_planners/test_configs/prbt_moveit_config) by extensions ['ros']
[0.490s] Level 1:colcon.colcon_core.package_identification:_identify(src/moveit2/moveit_planners/test_configs/prbt_moveit_config) by extension 'ros'
[0.491s] DEBUG:colcon.colcon_core.package_identification:Package 'src/moveit2/moveit_planners/test_configs/prbt_moveit_config' with type 'ros.ament_cmake' and name 'moveit_resources_prbt_moveit_config'
[0.492s] Level 1:colcon.colcon_core.package_identification:_identify(src/moveit2/moveit_planners/test_configs/prbt_pg70_support) by extensions ['ignore', 'ignore_ament_install']
[0.492s] Level 1:colcon.colcon_core.package_identification:_identify(src/moveit2/moveit_planners/test_configs/prbt_pg70_support) by extension 'ignore'
[0.492s] Level 1:colcon.colcon_core.package_identification:_identify(src/moveit2/moveit_planners/test_configs/prbt_pg70_support) by extension 'ignore_ament_install'
[0.492s] Level 1:colcon.colcon_core.package_identification:_identify(src/moveit2/moveit_planners/test_configs/prbt_pg70_support) by extensions ['colcon_pkg']
[0.492s] Level 1:colcon.colcon_core.package_identification:_identify(src/moveit2/moveit_planners/test_configs/prbt_pg70_support) by extension 'colcon_pkg'
[0.492s] Level 1:colcon.colcon_core.package_identification:_identify(src/moveit2/moveit_planners/test_configs/prbt_pg70_support) by extensions ['colcon_meta']
[0.492s] Level 1:colcon.colcon_core.package_identification:_identify(src/moveit2/moveit_planners/test_configs/prbt_pg70_support) by extension 'colcon_meta'
[0.492s] Level 1:colcon.colcon_core.package_identification:_identify(src/moveit2/moveit_planners/test_configs/prbt_pg70_support) by extensions ['ros']
[0.492s] Level 1:colcon.colcon_core.package_identification:_identify(src/moveit2/moveit_planners/test_configs/prbt_pg70_support) by extension 'ros'
[0.493s] DEBUG:colcon.colcon_core.package_identification:Package 'src/moveit2/moveit_planners/test_configs/prbt_pg70_support' with type 'ros.ament_cmake' and name 'moveit_resources_prbt_pg70_support'
[0.493s] Level 1:colcon.colcon_core.package_identification:_identify(src/moveit2/moveit_planners/test_configs/prbt_support) by extensions ['ignore', 'ignore_ament_install']
[0.493s] Level 1:colcon.colcon_core.package_identification:_identify(src/moveit2/moveit_planners/test_configs/prbt_support) by extension 'ignore'
[0.493s] Level 1:colcon.colcon_core.package_identification:_identify(src/moveit2/moveit_planners/test_configs/prbt_support) by extension 'ignore_ament_install'
[0.493s] Level 1:colcon.colcon_core.package_identification:_identify(src/moveit2/moveit_planners/test_configs/prbt_support) by extensions ['colcon_pkg']
[0.493s] Level 1:colcon.colcon_core.package_identification:_identify(src/moveit2/moveit_planners/test_configs/prbt_support) by extension 'colcon_pkg'
[0.493s] Level 1:colcon.colcon_core.package_identification:_identify(src/moveit2/moveit_planners/test_configs/prbt_support) by extensions ['colcon_meta']
[0.493s] Level 1:colcon.colcon_core.package_identification:_identify(src/moveit2/moveit_planners/test_configs/prbt_support) by extension 'colcon_meta'
[0.493s] Level 1:colcon.colcon_core.package_identification:_identify(src/moveit2/moveit_planners/test_configs/prbt_support) by extensions ['ros']
[0.493s] Level 1:colcon.colcon_core.package_identification:_identify(src/moveit2/moveit_planners/test_configs/prbt_support) by extension 'ros'
[0.494s] DEBUG:colcon.colcon_core.package_identification:Package 'src/moveit2/moveit_planners/test_configs/prbt_support' with type 'ros.ament_cmake' and name 'moveit_resources_prbt_support'
[0.494s] Level 1:colcon.colcon_core.package_identification:_identify(src/moveit2/moveit_planners/trajopt) by extensions ['ignore', 'ignore_ament_install']
[0.494s] Level 1:colcon.colcon_core.package_identification:_identify(src/moveit2/moveit_planners/trajopt) by extension 'ignore'
[0.494s] Level 1:colcon.colcon_core.package_identification:_identify(src/moveit2/moveit_planners/trajopt) ignored
[0.494s] Level 1:colcon.colcon_core.package_identification:_identify(src/moveit2/moveit_plugins) by extensions ['ignore', 'ignore_ament_install']
[0.494s] Level 1:colcon.colcon_core.package_identification:_identify(src/moveit2/moveit_plugins) by extension 'ignore'
[0.494s] Level 1:colcon.colcon_core.package_identification:_identify(src/moveit2/moveit_plugins) by extension 'ignore_ament_install'
[0.494s] Level 1:colcon.colcon_core.package_identification:_identify(src/moveit2/moveit_plugins) by extensions ['colcon_pkg']
[0.494s] Level 1:colcon.colcon_core.package_identification:_identify(src/moveit2/moveit_plugins) by extension 'colcon_pkg'
[0.494s] Level 1:colcon.colcon_core.package_identification:_identify(src/moveit2/moveit_plugins) by extensions ['colcon_meta']
[0.494s] Level 1:colcon.colcon_core.package_identification:_identify(src/moveit2/moveit_plugins) by extension 'colcon_meta'
[0.495s] Level 1:colcon.colcon_core.package_identification:_identify(src/moveit2/moveit_plugins) by extensions ['ros']
[0.495s] Level 1:colcon.colcon_core.package_identification:_identify(src/moveit2/moveit_plugins) by extension 'ros'
[0.495s] Level 1:colcon.colcon_core.package_identification:_identify(src/moveit2/moveit_plugins) by extensions ['cmake', 'python']
[0.495s] Level 1:colcon.colcon_core.package_identification:_identify(src/moveit2/moveit_plugins) by extension 'cmake'
[0.495s] Level 1:colcon.colcon_core.package_identification:_identify(src/moveit2/moveit_plugins) by extension 'python'
[0.495s] Level 1:colcon.colcon_core.package_identification:_identify(src/moveit2/moveit_plugins) by extensions ['python_setup_py']
[0.495s] Level 1:colcon.colcon_core.package_identification:_identify(src/moveit2/moveit_plugins) by extension 'python_setup_py'
[0.495s] Level 1:colcon.colcon_core.package_identification:_identify(src/moveit2/moveit_plugins/moveit_plugins) by extensions ['ignore', 'ignore_ament_install']
[0.495s] Level 1:colcon.colcon_core.package_identification:_identify(src/moveit2/moveit_plugins/moveit_plugins) by extension 'ignore'
[0.495s] Level 1:colcon.colcon_core.package_identification:_identify(src/moveit2/moveit_plugins/moveit_plugins) by extension 'ignore_ament_install'
[0.495s] Level 1:colcon.colcon_core.package_identification:_identify(src/moveit2/moveit_plugins/moveit_plugins) by extensions ['colcon_pkg']
[0.495s] Level 1:colcon.colcon_core.package_identification:_identify(src/moveit2/moveit_plugins/moveit_plugins) by extension 'colcon_pkg'
[0.495s] Level 1:colcon.colcon_core.package_identification:_identify(src/moveit2/moveit_plugins/moveit_plugins) by extensions ['colcon_meta']
[0.495s] Level 1:colcon.colcon_core.package_identification:_identify(src/moveit2/moveit_plugins/moveit_plugins) by extension 'colcon_meta'
[0.495s] Level 1:colcon.colcon_core.package_identification:_identify(src/moveit2/moveit_plugins/moveit_plugins) by extensions ['ros']
[0.495s] Level 1:colcon.colcon_core.package_identification:_identify(src/moveit2/moveit_plugins/moveit_plugins) by extension 'ros'
[0.496s] DEBUG:colcon.colcon_core.package_identification:Package 'src/moveit2/moveit_plugins/moveit_plugins' with type 'ros.ament_cmake' and name 'moveit_plugins'
[0.496s] Level 1:colcon.colcon_core.package_identification:_identify(src/moveit2/moveit_plugins/moveit_ros_control_interface) by extensions ['ignore', 'ignore_ament_install']
[0.496s] Level 1:colcon.colcon_core.package_identification:_identify(src/moveit2/moveit_plugins/moveit_ros_control_interface) by extension 'ignore'
[0.496s] Level 1:colcon.colcon_core.package_identification:_identify(src/moveit2/moveit_plugins/moveit_ros_control_interface) by extension 'ignore_ament_install'
[0.496s] Level 1:colcon.colcon_core.package_identification:_identify(src/moveit2/moveit_plugins/moveit_ros_control_interface) by extensions ['colcon_pkg']
[0.496s] Level 1:colcon.colcon_core.package_identification:_identify(src/moveit2/moveit_plugins/moveit_ros_control_interface) by extension 'colcon_pkg'
[0.496s] Level 1:colcon.colcon_core.package_identification:_identify(src/moveit2/moveit_plugins/moveit_ros_control_interface) by extensions ['colcon_meta']
[0.496s] Level 1:colcon.colcon_core.package_identification:_identify(src/moveit2/moveit_plugins/moveit_ros_control_interface) by extension 'colcon_meta'
[0.496s] Level 1:colcon.colcon_core.package_identification:_identify(src/moveit2/moveit_plugins/moveit_ros_control_interface) by extensions ['ros']
[0.496s] Level 1:colcon.colcon_core.package_identification:_identify(src/moveit2/moveit_plugins/moveit_ros_control_interface) by extension 'ros'
[0.498s] DEBUG:colcon.colcon_core.package_identification:Package 'src/moveit2/moveit_plugins/moveit_ros_control_interface' with type 'ros.ament_cmake' and name 'moveit_ros_control_interface'
[0.498s] Level 1:colcon.colcon_core.package_identification:_identify(src/moveit2/moveit_plugins/moveit_simple_controller_manager) by extensions ['ignore', 'ignore_ament_install']
[0.498s] Level 1:colcon.colcon_core.package_identification:_identify(src/moveit2/moveit_plugins/moveit_simple_controller_manager) by extension 'ignore'
[0.498s] Level 1:colcon.colcon_core.package_identification:_identify(src/moveit2/moveit_plugins/moveit_simple_controller_manager) by extension 'ignore_ament_install'
[0.498s] Level 1:colcon.colcon_core.package_identification:_identify(src/moveit2/moveit_plugins/moveit_simple_controller_manager) by extensions ['colcon_pkg']
[0.498s] Level 1:colcon.colcon_core.package_identification:_identify(src/moveit2/moveit_plugins/moveit_simple_controller_manager) by extension 'colcon_pkg'
[0.498s] Level 1:colcon.colcon_core.package_identification:_identify(src/moveit2/moveit_plugins/moveit_simple_controller_manager) by extensions ['colcon_meta']
[0.498s] Level 1:colcon.colcon_core.package_identification:_identify(src/moveit2/moveit_plugins/moveit_simple_controller_manager) by extension 'colcon_meta'
[0.498s] Level 1:colcon.colcon_core.package_identification:_identify(src/moveit2/moveit_plugins/moveit_simple_controller_manager) by extensions ['ros']
[0.498s] Level 1:colcon.colcon_core.package_identification:_identify(src/moveit2/moveit_plugins/moveit_simple_controller_manager) by extension 'ros'
[0.499s] DEBUG:colcon.colcon_core.package_identification:Package 'src/moveit2/moveit_plugins/moveit_simple_controller_manager' with type 'ros.ament_cmake' and name 'moveit_simple_controller_manager'
[0.500s] Level 1:colcon.colcon_core.package_identification:_identify(src/moveit2/moveit_ros) by extensions ['ignore', 'ignore_ament_install']
[0.500s] Level 1:colcon.colcon_core.package_identification:_identify(src/moveit2/moveit_ros) by extension 'ignore'
[0.500s] Level 1:colcon.colcon_core.package_identification:_identify(src/moveit2/moveit_ros) by extension 'ignore_ament_install'
[0.500s] Level 1:colcon.colcon_core.package_identification:_identify(src/moveit2/moveit_ros) by extensions ['colcon_pkg']
[0.500s] Level 1:colcon.colcon_core.package_identification:_identify(src/moveit2/moveit_ros) by extension 'colcon_pkg'
[0.500s] Level 1:colcon.colcon_core.package_identification:_identify(src/moveit2/moveit_ros) by extensions ['colcon_meta']
[0.500s] Level 1:colcon.colcon_core.package_identification:_identify(src/moveit2/moveit_ros) by extension 'colcon_meta'
[0.500s] Level 1:colcon.colcon_core.package_identification:_identify(src/moveit2/moveit_ros) by extensions ['ros']
[0.500s] Level 1:colcon.colcon_core.package_identification:_identify(src/moveit2/moveit_ros) by extension 'ros'
[0.500s] Level 1:colcon.colcon_core.package_identification:_identify(src/moveit2/moveit_ros) by extensions ['cmake', 'python']
[0.500s] Level 1:colcon.colcon_core.package_identification:_identify(src/moveit2/moveit_ros) by extension 'cmake'
[0.500s] Level 1:colcon.colcon_core.package_identification:_identify(src/moveit2/moveit_ros) by extension 'python'
[0.500s] Level 1:colcon.colcon_core.package_identification:_identify(src/moveit2/moveit_ros) by extensions ['python_setup_py']
[0.500s] Level 1:colcon.colcon_core.package_identification:_identify(src/moveit2/moveit_ros) by extension 'python_setup_py'
[0.500s] Level 1:colcon.colcon_core.package_identification:_identify(src/moveit2/moveit_ros/benchmarks) by extensions ['ignore', 'ignore_ament_install']
[0.500s] Level 1:colcon.colcon_core.package_identification:_identify(src/moveit2/moveit_ros/benchmarks) by extension 'ignore'
[0.500s] Level 1:colcon.colcon_core.package_identification:_identify(src/moveit2/moveit_ros/benchmarks) by extension 'ignore_ament_install'
[0.501s] Level 1:colcon.colcon_core.package_identification:_identify(src/moveit2/moveit_ros/benchmarks) by extensions ['colcon_pkg']
[0.501s] Level 1:colcon.colcon_core.package_identification:_identify(src/moveit2/moveit_ros/benchmarks) by extension 'colcon_pkg'
[0.501s] Level 1:colcon.colcon_core.package_identification:_identify(src/moveit2/moveit_ros/benchmarks) by extensions ['colcon_meta']
[0.501s] Level 1:colcon.colcon_core.package_identification:_identify(src/moveit2/moveit_ros/benchmarks) by extension 'colcon_meta'
[0.501s] Level 1:colcon.colcon_core.package_identification:_identify(src/moveit2/moveit_ros/benchmarks) by extensions ['ros']
[0.501s] Level 1:colcon.colcon_core.package_identification:_identify(src/moveit2/moveit_ros/benchmarks) by extension 'ros'
[0.502s] DEBUG:colcon.colcon_core.package_identification:Package 'src/moveit2/moveit_ros/benchmarks' with type 'ros.ament_cmake' and name 'moveit_ros_benchmarks'
[0.502s] Level 1:colcon.colcon_core.package_identification:_identify(src/moveit2/moveit_ros/hybrid_planning) by extensions ['ignore', 'ignore_ament_install']
[0.502s] Level 1:colcon.colcon_core.package_identification:_identify(src/moveit2/moveit_ros/hybrid_planning) by extension 'ignore'
[0.502s] Level 1:colcon.colcon_core.package_identification:_identify(src/moveit2/moveit_ros/hybrid_planning) by extension 'ignore_ament_install'
[0.502s] Level 1:colcon.colcon_core.package_identification:_identify(src/moveit2/moveit_ros/hybrid_planning) by extensions ['colcon_pkg']
[0.502s] Level 1:colcon.colcon_core.package_identification:_identify(src/moveit2/moveit_ros/hybrid_planning) by extension 'colcon_pkg'
[0.502s] Level 1:colcon.colcon_core.package_identification:_identify(src/moveit2/moveit_ros/hybrid_planning) by extensions ['colcon_meta']
[0.503s] Level 1:colcon.colcon_core.package_identification:_identify(src/moveit2/moveit_ros/hybrid_planning) by extension 'colcon_meta'
[0.503s] Level 1:colcon.colcon_core.package_identification:_identify(src/moveit2/moveit_ros/hybrid_planning) by extensions ['ros']
[0.503s] Level 1:colcon.colcon_core.package_identification:_identify(src/moveit2/moveit_ros/hybrid_planning) by extension 'ros'
[0.505s] DEBUG:colcon.colcon_core.package_identification:Package 'src/moveit2/moveit_ros/hybrid_planning' with type 'ros.ament_cmake' and name 'moveit_hybrid_planning'
[0.505s] Level 1:colcon.colcon_core.package_identification:_identify(src/moveit2/moveit_ros/move_group) by extensions ['ignore', 'ignore_ament_install']
[0.505s] Level 1:colcon.colcon_core.package_identification:_identify(src/moveit2/moveit_ros/move_group) by extension 'ignore'
[0.505s] Level 1:colcon.colcon_core.package_identification:_identify(src/moveit2/moveit_ros/move_group) by extension 'ignore_ament_install'
[0.505s] Level 1:colcon.colcon_core.package_identification:_identify(src/moveit2/moveit_ros/move_group) by extensions ['colcon_pkg']
[0.505s] Level 1:colcon.colcon_core.package_identification:_identify(src/moveit2/moveit_ros/move_group) by extension 'colcon_pkg'
[0.505s] Level 1:colcon.colcon_core.package_identification:_identify(src/moveit2/moveit_ros/move_group) by extensions ['colcon_meta']
[0.505s] Level 1:colcon.colcon_core.package_identification:_identify(src/moveit2/moveit_ros/move_group) by extension 'colcon_meta'
[0.505s] Level 1:colcon.colcon_core.package_identification:_identify(src/moveit2/moveit_ros/move_group) by extensions ['ros']
[0.505s] Level 1:colcon.colcon_core.package_identification:_identify(src/moveit2/moveit_ros/move_group) by extension 'ros'
[0.507s] DEBUG:colcon.colcon_core.package_identification:Package 'src/moveit2/moveit_ros/move_group' with type 'ros.ament_cmake' and name 'moveit_ros_move_group'
[0.507s] Level 1:colcon.colcon_core.package_identification:_identify(src/moveit2/moveit_ros/moveit_ros) by extensions ['ignore', 'ignore_ament_install']
[0.507s] Level 1:colcon.colcon_core.package_identification:_identify(src/moveit2/moveit_ros/moveit_ros) by extension 'ignore'
[0.507s] Level 1:colcon.colcon_core.package_identification:_identify(src/moveit2/moveit_ros/moveit_ros) by extension 'ignore_ament_install'
[0.507s] Level 1:colcon.colcon_core.package_identification:_identify(src/moveit2/moveit_ros/moveit_ros) by extensions ['colcon_pkg']
[0.507s] Level 1:colcon.colcon_core.package_identification:_identify(src/moveit2/moveit_ros/moveit_ros) by extension 'colcon_pkg'
[0.507s] Level 1:colcon.colcon_core.package_identification:_identify(src/moveit2/moveit_ros/moveit_ros) by extensions ['colcon_meta']
[0.507s] Level 1:colcon.colcon_core.package_identification:_identify(src/moveit2/moveit_ros/moveit_ros) by extension 'colcon_meta'
[0.507s] Level 1:colcon.colcon_core.package_identification:_identify(src/moveit2/moveit_ros/moveit_ros) by extensions ['ros']
[0.508s] Level 1:colcon.colcon_core.package_identification:_identify(src/moveit2/moveit_ros/moveit_ros) by extension 'ros'
[0.508s] DEBUG:colcon.colcon_core.package_identification:Package 'src/moveit2/moveit_ros/moveit_ros' with type 'ros.ament_cmake' and name 'moveit_ros'
[0.509s] Level 1:colcon.colcon_core.package_identification:_identify(src/moveit2/moveit_ros/moveit_servo) by extensions ['ignore', 'ignore_ament_install']
[0.510s] Level 1:colcon.colcon_core.package_identification:_identify(src/moveit2/moveit_ros/moveit_servo) by extension 'ignore'
[0.510s] Level 1:colcon.colcon_core.package_identification:_identify(src/moveit2/moveit_ros/moveit_servo) by extension 'ignore_ament_install'
[0.510s] Level 1:colcon.colcon_core.package_identification:_identify(src/moveit2/moveit_ros/moveit_servo) by extensions ['colcon_pkg']
[0.510s] Level 1:colcon.colcon_core.package_identification:_identify(src/moveit2/moveit_ros/moveit_servo) by extension 'colcon_pkg'
[0.510s] Level 1:colcon.colcon_core.package_identification:_identify(src/moveit2/moveit_ros/moveit_servo) by extensions ['colcon_meta']
[0.510s] Level 1:colcon.colcon_core.package_identification:_identify(src/moveit2/moveit_ros/moveit_servo) by extension 'colcon_meta'
[0.510s] Level 1:colcon.colcon_core.package_identification:_identify(src/moveit2/moveit_ros/moveit_servo) by extensions ['ros']
[0.510s] Level 1:colcon.colcon_core.package_identification:_identify(src/moveit2/moveit_ros/moveit_servo) by extension 'ros'
[0.512s] DEBUG:colcon.colcon_core.package_identification:Package 'src/moveit2/moveit_ros/moveit_servo' with type 'ros.ament_cmake' and name 'moveit_servo'
[0.512s] Level 1:colcon.colcon_core.package_identification:_identify(src/moveit2/moveit_ros/occupancy_map_monitor) by extensions ['ignore', 'ignore_ament_install']
[0.512s] Level 1:colcon.colcon_core.package_identification:_identify(src/moveit2/moveit_ros/occupancy_map_monitor) by extension 'ignore'
[0.512s] Level 1:colcon.colcon_core.package_identification:_identify(src/moveit2/moveit_ros/occupancy_map_monitor) by extension 'ignore_ament_install'
[0.512s] Level 1:colcon.colcon_core.package_identification:_identify(src/moveit2/moveit_ros/occupancy_map_monitor) by extensions ['colcon_pkg']
[0.512s] Level 1:colcon.colcon_core.package_identification:_identify(src/moveit2/moveit_ros/occupancy_map_monitor) by extension 'colcon_pkg'
[0.512s] Level 1:colcon.colcon_core.package_identification:_identify(src/moveit2/moveit_ros/occupancy_map_monitor) by extensions ['colcon_meta']
[0.512s] Level 1:colcon.colcon_core.package_identification:_identify(src/moveit2/moveit_ros/occupancy_map_monitor) by extension 'colcon_meta'
[0.512s] Level 1:colcon.colcon_core.package_identification:_identify(src/moveit2/moveit_ros/occupancy_map_monitor) by extensions ['ros']
[0.513s] Level 1:colcon.colcon_core.package_identification:_identify(src/moveit2/moveit_ros/occupancy_map_monitor) by extension 'ros'
[0.514s] DEBUG:colcon.colcon_core.package_identification:Package 'src/moveit2/moveit_ros/occupancy_map_monitor' with type 'ros.ament_cmake' and name 'moveit_ros_occupancy_map_monitor'
[0.514s] Level 1:colcon.colcon_core.package_identification:_identify(src/moveit2/moveit_ros/perception) by extensions ['ignore', 'ignore_ament_install']
[0.514s] Level 1:colcon.colcon_core.package_identification:_identify(src/moveit2/moveit_ros/perception) by extension 'ignore'
[0.514s] Level 1:colcon.colcon_core.package_identification:_identify(src/moveit2/moveit_ros/perception) by extension 'ignore_ament_install'
[0.514s] Level 1:colcon.colcon_core.package_identification:_identify(src/moveit2/moveit_ros/perception) by extensions ['colcon_pkg']
[0.514s] Level 1:colcon.colcon_core.package_identification:_identify(src/moveit2/moveit_ros/perception) by extension 'colcon_pkg'
[0.514s] Level 1:colcon.colcon_core.package_identification:_identify(src/moveit2/moveit_ros/perception) by extensions ['colcon_meta']
[0.514s] Level 1:colcon.colcon_core.package_identification:_identify(src/moveit2/moveit_ros/perception) by extension 'colcon_meta'
[0.514s] Level 1:colcon.colcon_core.package_identification:_identify(src/moveit2/moveit_ros/perception) by extensions ['ros']
[0.514s] Level 1:colcon.colcon_core.package_identification:_identify(src/moveit2/moveit_ros/perception) by extension 'ros'
[0.517s] DEBUG:colcon.colcon_core.package_identification:Package 'src/moveit2/moveit_ros/perception' with type 'ros.ament_cmake' and name 'moveit_ros_perception'
[0.517s] Level 1:colcon.colcon_core.package_identification:_identify(src/moveit2/moveit_ros/planning) by extensions ['ignore', 'ignore_ament_install']
[0.518s] Level 1:colcon.colcon_core.package_identification:_identify(src/moveit2/moveit_ros/planning) by extension 'ignore'
[0.518s] Level 1:colcon.colcon_core.package_identification:_identify(src/moveit2/moveit_ros/planning) by extension 'ignore_ament_install'
[0.518s] Level 1:colcon.colcon_core.package_identification:_identify(src/moveit2/moveit_ros/planning) by extensions ['colcon_pkg']
[0.518s] Level 1:colcon.colcon_core.package_identification:_identify(src/moveit2/moveit_ros/planning) by extension 'colcon_pkg'
[0.518s] Level 1:colcon.colcon_core.package_identification:_identify(src/moveit2/moveit_ros/planning) by extensions ['colcon_meta']
[0.518s] Level 1:colcon.colcon_core.package_identification:_identify(src/moveit2/moveit_ros/planning) by extension 'colcon_meta'
[0.518s] Level 1:colcon.colcon_core.package_identification:_identify(src/moveit2/moveit_ros/planning) by extensions ['ros']
[0.518s] Level 1:colcon.colcon_core.package_identification:_identify(src/moveit2/moveit_ros/planning) by extension 'ros'
[0.520s] DEBUG:colcon.colcon_core.package_identification:Package 'src/moveit2/moveit_ros/planning' with type 'ros.ament_cmake' and name 'moveit_ros_planning'
[0.520s] Level 1:colcon.colcon_core.package_identification:_identify(src/moveit2/moveit_ros/planning_interface) by extensions ['ignore', 'ignore_ament_install']
[0.521s] Level 1:colcon.colcon_core.package_identification:_identify(src/moveit2/moveit_ros/planning_interface) by extension 'ignore'
[0.521s] Level 1:colcon.colcon_core.package_identification:_identify(src/moveit2/moveit_ros/planning_interface) by extension 'ignore_ament_install'
[0.521s] Level 1:colcon.colcon_core.package_identification:_identify(src/moveit2/moveit_ros/planning_interface) by extensions ['colcon_pkg']
[0.521s] Level 1:colcon.colcon_core.package_identification:_identify(src/moveit2/moveit_ros/planning_interface) by extension 'colcon_pkg'
[0.521s] Level 1:colcon.colcon_core.package_identification:_identify(src/moveit2/moveit_ros/planning_interface) by extensions ['colcon_meta']
[0.521s] Level 1:colcon.colcon_core.package_identification:_identify(src/moveit2/moveit_ros/planning_interface) by extension 'colcon_meta'
[0.521s] Level 1:colcon.colcon_core.package_identification:_identify(src/moveit2/moveit_ros/planning_interface) by extensions ['ros']
[0.521s] Level 1:colcon.colcon_core.package_identification:_identify(src/moveit2/moveit_ros/planning_interface) by extension 'ros'
[0.523s] DEBUG:colcon.colcon_core.package_identification:Package 'src/moveit2/moveit_ros/planning_interface' with type 'ros.ament_cmake' and name 'moveit_ros_planning_interface'
[0.523s] Level 1:colcon.colcon_core.package_identification:_identify(src/moveit2/moveit_ros/robot_interaction) by extensions ['ignore', 'ignore_ament_install']
[0.523s] Level 1:colcon.colcon_core.package_identification:_identify(src/moveit2/moveit_ros/robot_interaction) by extension 'ignore'
[0.523s] Level 1:colcon.colcon_core.package_identification:_identify(src/moveit2/moveit_ros/robot_interaction) by extension 'ignore_ament_install'
[0.523s] Level 1:colcon.colcon_core.package_identification:_identify(src/moveit2/moveit_ros/robot_interaction) by extensions ['colcon_pkg']
[0.523s] Level 1:colcon.colcon_core.package_identification:_identify(src/moveit2/moveit_ros/robot_interaction) by extension 'colcon_pkg'
[0.523s] Level 1:colcon.colcon_core.package_identification:_identify(src/moveit2/moveit_ros/robot_interaction) by extensions ['colcon_meta']
[0.523s] Level 1:colcon.colcon_core.package_identification:_identify(src/moveit2/moveit_ros/robot_interaction) by extension 'colcon_meta'
[0.524s] Level 1:colcon.colcon_core.package_identification:_identify(src/moveit2/moveit_ros/robot_interaction) by extensions ['ros']
[0.524s] Level 1:colcon.colcon_core.package_identification:_identify(src/moveit2/moveit_ros/robot_interaction) by extension 'ros'
[0.525s] DEBUG:colcon.colcon_core.package_identification:Package 'src/moveit2/moveit_ros/robot_interaction' with type 'ros.ament_cmake' and name 'moveit_ros_robot_interaction'
[0.525s] Level 1:colcon.colcon_core.package_identification:_identify(src/moveit2/moveit_ros/visualization) by extensions ['ignore', 'ignore_ament_install']
[0.525s] Level 1:colcon.colcon_core.package_identification:_identify(src/moveit2/moveit_ros/visualization) by extension 'ignore'
[0.525s] Level 1:colcon.colcon_core.package_identification:_identify(src/moveit2/moveit_ros/visualization) by extension 'ignore_ament_install'
[0.525s] Level 1:colcon.colcon_core.package_identification:_identify(src/moveit2/moveit_ros/visualization) by extensions ['colcon_pkg']
[0.525s] Level 1:colcon.colcon_core.package_identification:_identify(src/moveit2/moveit_ros/visualization) by extension 'colcon_pkg'
[0.525s] Level 1:colcon.colcon_core.package_identification:_identify(src/moveit2/moveit_ros/visualization) by extensions ['colcon_meta']
[0.525s] Level 1:colcon.colcon_core.package_identification:_identify(src/moveit2/moveit_ros/visualization) by extension 'colcon_meta'
[0.525s] Level 1:colcon.colcon_core.package_identification:_identify(src/moveit2/moveit_ros/visualization) by extensions ['ros']
[0.526s] Level 1:colcon.colcon_core.package_identification:_identify(src/moveit2/moveit_ros/visualization) by extension 'ros'
[0.527s] DEBUG:colcon.colcon_core.package_identification:Package 'src/moveit2/moveit_ros/visualization' with type 'ros.ament_cmake' and name 'moveit_ros_visualization'
[0.528s] Level 1:colcon.colcon_core.package_identification:_identify(src/moveit2/moveit_ros/warehouse) by extensions ['ignore', 'ignore_ament_install']
[0.528s] Level 1:colcon.colcon_core.package_identification:_identify(src/moveit2/moveit_ros/warehouse) by extension 'ignore'
[0.528s] Level 1:colcon.colcon_core.package_identification:_identify(src/moveit2/moveit_ros/warehouse) by extension 'ignore_ament_install'
[0.528s] Level 1:colcon.colcon_core.package_identification:_identify(src/moveit2/moveit_ros/warehouse) by extensions ['colcon_pkg']
[0.528s] Level 1:colcon.colcon_core.package_identification:_identify(src/moveit2/moveit_ros/warehouse) by extension 'colcon_pkg'
[0.528s] Level 1:colcon.colcon_core.package_identification:_identify(src/moveit2/moveit_ros/warehouse) by extensions ['colcon_meta']
[0.528s] Level 1:colcon.colcon_core.package_identification:_identify(src/moveit2/moveit_ros/warehouse) by extension 'colcon_meta'
[0.528s] Level 1:colcon.colcon_core.package_identification:_identify(src/moveit2/moveit_ros/warehouse) by extensions ['ros']
[0.528s] Level 1:colcon.colcon_core.package_identification:_identify(src/moveit2/moveit_ros/warehouse) by extension 'ros'
[0.529s] DEBUG:colcon.colcon_core.package_identification:Package 'src/moveit2/moveit_ros/warehouse' with type 'ros.ament_cmake' and name 'moveit_ros_warehouse'
[0.529s] Level 1:colcon.colcon_core.package_identification:_identify(src/moveit2/moveit_runtime) by extensions ['ignore', 'ignore_ament_install']
[0.530s] Level 1:colcon.colcon_core.package_identification:_identify(src/moveit2/moveit_runtime) by extension 'ignore'
[0.530s] Level 1:colcon.colcon_core.package_identification:_identify(src/moveit2/moveit_runtime) by extension 'ignore_ament_install'
[0.530s] Level 1:colcon.colcon_core.package_identification:_identify(src/moveit2/moveit_runtime) by extensions ['colcon_pkg']
[0.530s] Level 1:colcon.colcon_core.package_identification:_identify(src/moveit2/moveit_runtime) by extension 'colcon_pkg'
[0.530s] Level 1:colcon.colcon_core.package_identification:_identify(src/moveit2/moveit_runtime) by extensions ['colcon_meta']
[0.530s] Level 1:colcon.colcon_core.package_identification:_identify(src/moveit2/moveit_runtime) by extension 'colcon_meta'
[0.530s] Level 1:colcon.colcon_core.package_identification:_identify(src/moveit2/moveit_runtime) by extensions ['ros']
[0.530s] Level 1:colcon.colcon_core.package_identification:_identify(src/moveit2/moveit_runtime) by extension 'ros'
[0.531s] DEBUG:colcon.colcon_core.package_identification:Package 'src/moveit2/moveit_runtime' with type 'ros.ament_cmake' and name 'moveit_runtime'
[0.531s] Level 1:colcon.colcon_core.package_identification:_identify(src/moveit2/moveit_setup_assistant) by extensions ['ignore', 'ignore_ament_install']
[0.531s] Level 1:colcon.colcon_core.package_identification:_identify(src/moveit2/moveit_setup_assistant) by extension 'ignore'
[0.531s] Level 1:colcon.colcon_core.package_identification:_identify(src/moveit2/moveit_setup_assistant) by extension 'ignore_ament_install'
[0.531s] Level 1:colcon.colcon_core.package_identification:_identify(src/moveit2/moveit_setup_assistant) by extensions ['colcon_pkg']
[0.531s] Level 1:colcon.colcon_core.package_identification:_identify(src/moveit2/moveit_setup_assistant) by extension 'colcon_pkg'
[0.531s] Level 1:colcon.colcon_core.package_identification:_identify(src/moveit2/moveit_setup_assistant) by extensions ['colcon_meta']
[0.531s] Level 1:colcon.colcon_core.package_identification:_identify(src/moveit2/moveit_setup_assistant) by extension 'colcon_meta'
[0.531s] Level 1:colcon.colcon_core.package_identification:_identify(src/moveit2/moveit_setup_assistant) by extensions ['ros']
[0.531s] Level 1:colcon.colcon_core.package_identification:_identify(src/moveit2/moveit_setup_assistant) by extension 'ros'
[0.531s] Level 1:colcon.colcon_core.package_identification:_identify(src/moveit2/moveit_setup_assistant) by extensions ['cmake', 'python']
[0.531s] Level 1:colcon.colcon_core.package_identification:_identify(src/moveit2/moveit_setup_assistant) by extension 'cmake'
[0.531s] Level 1:colcon.colcon_core.package_identification:_identify(src/moveit2/moveit_setup_assistant) by extension 'python'
[0.531s] Level 1:colcon.colcon_core.package_identification:_identify(src/moveit2/moveit_setup_assistant) by extensions ['python_setup_py']
[0.531s] Level 1:colcon.colcon_core.package_identification:_identify(src/moveit2/moveit_setup_assistant) by extension 'python_setup_py'
[0.531s] Level 1:colcon.colcon_core.package_identification:_identify(src/moveit2/moveit_setup_assistant/graphics) by extensions ['ignore', 'ignore_ament_install']
[0.532s] Level 1:colcon.colcon_core.package_identification:_identify(src/moveit2/moveit_setup_assistant/graphics) by extension 'ignore'
[0.532s] Level 1:colcon.colcon_core.package_identification:_identify(src/moveit2/moveit_setup_assistant/graphics) by extension 'ignore_ament_install'
[0.532s] Level 1:colcon.colcon_core.package_identification:_identify(src/moveit2/moveit_setup_assistant/graphics) by extensions ['colcon_pkg']
[0.532s] Level 1:colcon.colcon_core.package_identification:_identify(src/moveit2/moveit_setup_assistant/graphics) by extension 'colcon_pkg'
[0.532s] Level 1:colcon.colcon_core.package_identification:_identify(src/moveit2/moveit_setup_assistant/graphics) by extensions ['colcon_meta']
[0.532s] Level 1:colcon.colcon_core.package_identification:_identify(src/moveit2/moveit_setup_assistant/graphics) by extension 'colcon_meta'
[0.532s] Level 1:colcon.colcon_core.package_identification:_identify(src/moveit2/moveit_setup_assistant/graphics) by extensions ['ros']
[0.532s] Level 1:colcon.colcon_core.package_identification:_identify(src/moveit2/moveit_setup_assistant/graphics) by extension 'ros'
[0.532s] Level 1:colcon.colcon_core.package_identification:_identify(src/moveit2/moveit_setup_assistant/graphics) by extensions ['cmake', 'python']
[0.532s] Level 1:colcon.colcon_core.package_identification:_identify(src/moveit2/moveit_setup_assistant/graphics) by extension 'cmake'
[0.532s] Level 1:colcon.colcon_core.package_identification:_identify(src/moveit2/moveit_setup_assistant/graphics) by extension 'python'
[0.532s] Level 1:colcon.colcon_core.package_identification:_identify(src/moveit2/moveit_setup_assistant/graphics) by extensions ['python_setup_py']
[0.532s] Level 1:colcon.colcon_core.package_identification:_identify(src/moveit2/moveit_setup_assistant/graphics) by extension 'python_setup_py'
[0.532s] Level 1:colcon.colcon_core.package_identification:_identify(src/moveit2/moveit_setup_assistant/graphics/source) by extensions ['ignore', 'ignore_ament_install']
[0.532s] Level 1:colcon.colcon_core.package_identification:_identify(src/moveit2/moveit_setup_assistant/graphics/source) by extension 'ignore'
[0.532s] Level 1:colcon.colcon_core.package_identification:_identify(src/moveit2/moveit_setup_assistant/graphics/source) by extension 'ignore_ament_install'
[0.532s] Level 1:colcon.colcon_core.package_identification:_identify(src/moveit2/moveit_setup_assistant/graphics/source) by extensions ['colcon_pkg']
[0.532s] Level 1:colcon.colcon_core.package_identification:_identify(src/moveit2/moveit_setup_assistant/graphics/source) by extension 'colcon_pkg'
[0.532s] Level 1:colcon.colcon_core.package_identification:_identify(src/moveit2/moveit_setup_assistant/graphics/source) by extensions ['colcon_meta']
[0.532s] Level 1:colcon.colcon_core.package_identification:_identify(src/moveit2/moveit_setup_assistant/graphics/source) by extension 'colcon_meta'
[0.532s] Level 1:colcon.colcon_core.package_identification:_identify(src/moveit2/moveit_setup_assistant/graphics/source) by extensions ['ros']
[0.533s] Level 1:colcon.colcon_core.package_identification:_identify(src/moveit2/moveit_setup_assistant/graphics/source) by extension 'ros'
[0.533s] Level 1:colcon.colcon_core.package_identification:_identify(src/moveit2/moveit_setup_assistant/graphics/source) by extensions ['cmake', 'python']
[0.533s] Level 1:colcon.colcon_core.package_identification:_identify(src/moveit2/moveit_setup_assistant/graphics/source) by extension 'cmake'
[0.533s] Level 1:colcon.colcon_core.package_identification:_identify(src/moveit2/moveit_setup_assistant/graphics/source) by extension 'python'
[0.533s] Level 1:colcon.colcon_core.package_identification:_identify(src/moveit2/moveit_setup_assistant/graphics/source) by extensions ['python_setup_py']
[0.533s] Level 1:colcon.colcon_core.package_identification:_identify(src/moveit2/moveit_setup_assistant/graphics/source) by extension 'python_setup_py'
[0.533s] Level 1:colcon.colcon_core.package_identification:_identify(src/moveit2/moveit_setup_assistant/moveit_setup_app_plugins) by extensions ['ignore', 'ignore_ament_install']
[0.533s] Level 1:colcon.colcon_core.package_identification:_identify(src/moveit2/moveit_setup_assistant/moveit_setup_app_plugins) by extension 'ignore'
[0.533s] Level 1:colcon.colcon_core.package_identification:_identify(src/moveit2/moveit_setup_assistant/moveit_setup_app_plugins) by extension 'ignore_ament_install'
[0.533s] Level 1:colcon.colcon_core.package_identification:_identify(src/moveit2/moveit_setup_assistant/moveit_setup_app_plugins) by extensions ['colcon_pkg']
[0.533s] Level 1:colcon.colcon_core.package_identification:_identify(src/moveit2/moveit_setup_assistant/moveit_setup_app_plugins) by extension 'colcon_pkg'
[0.533s] Level 1:colcon.colcon_core.package_identification:_identify(src/moveit2/moveit_setup_assistant/moveit_setup_app_plugins) by extensions ['colcon_meta']
[0.533s] Level 1:colcon.colcon_core.package_identification:_identify(src/moveit2/moveit_setup_assistant/moveit_setup_app_plugins) by extension 'colcon_meta'
[0.533s] Level 1:colcon.colcon_core.package_identification:_identify(src/moveit2/moveit_setup_assistant/moveit_setup_app_plugins) by extensions ['ros']
[0.533s] Level 1:colcon.colcon_core.package_identification:_identify(src/moveit2/moveit_setup_assistant/moveit_setup_app_plugins) by extension 'ros'
[0.535s] DEBUG:colcon.colcon_core.package_identification:Package 'src/moveit2/moveit_setup_assistant/moveit_setup_app_plugins' with type 'ros.ament_cmake' and name 'moveit_setup_app_plugins'
[0.535s] Level 1:colcon.colcon_core.package_identification:_identify(src/moveit2/moveit_setup_assistant/moveit_setup_assistant) by extensions ['ignore', 'ignore_ament_install']
[0.535s] Level 1:colcon.colcon_core.package_identification:_identify(src/moveit2/moveit_setup_assistant/moveit_setup_assistant) by extension 'ignore'
[0.535s] Level 1:colcon.colcon_core.package_identification:_identify(src/moveit2/moveit_setup_assistant/moveit_setup_assistant) by extension 'ignore_ament_install'
[0.535s] Level 1:colcon.colcon_core.package_identification:_identify(src/moveit2/moveit_setup_assistant/moveit_setup_assistant) by extensions ['colcon_pkg']
[0.535s] Level 1:colcon.colcon_core.package_identification:_identify(src/moveit2/moveit_setup_assistant/moveit_setup_assistant) by extension 'colcon_pkg'
[0.535s] Level 1:colcon.colcon_core.package_identification:_identify(src/moveit2/moveit_setup_assistant/moveit_setup_assistant) by extensions ['colcon_meta']
[0.535s] Level 1:colcon.colcon_core.package_identification:_identify(src/moveit2/moveit_setup_assistant/moveit_setup_assistant) by extension 'colcon_meta'
[0.535s] Level 1:colcon.colcon_core.package_identification:_identify(src/moveit2/moveit_setup_assistant/moveit_setup_assistant) by extensions ['ros']
[0.535s] Level 1:colcon.colcon_core.package_identification:_identify(src/moveit2/moveit_setup_assistant/moveit_setup_assistant) by extension 'ros'
[0.536s] DEBUG:colcon.colcon_core.package_identification:Package 'src/moveit2/moveit_setup_assistant/moveit_setup_assistant' with type 'ros.ament_cmake' and name 'moveit_setup_assistant'
[0.537s] Level 1:colcon.colcon_core.package_identification:_identify(src/moveit2/moveit_setup_assistant/moveit_setup_controllers) by extensions ['ignore', 'ignore_ament_install']
[0.537s] Level 1:colcon.colcon_core.package_identification:_identify(src/moveit2/moveit_setup_assistant/moveit_setup_controllers) by extension 'ignore'
[0.537s] Level 1:colcon.colcon_core.package_identification:_identify(src/moveit2/moveit_setup_assistant/moveit_setup_controllers) by extension 'ignore_ament_install'
[0.537s] Level 1:colcon.colcon_core.package_identification:_identify(src/moveit2/moveit_setup_assistant/moveit_setup_controllers) by extensions ['colcon_pkg']
[0.537s] Level 1:colcon.colcon_core.package_identification:_identify(src/moveit2/moveit_setup_assistant/moveit_setup_controllers) by extension 'colcon_pkg'
[0.537s] Level 1:colcon.colcon_core.package_identification:_identify(src/moveit2/moveit_setup_assistant/moveit_setup_controllers) by extensions ['colcon_meta']
[0.537s] Level 1:colcon.colcon_core.package_identification:_identify(src/moveit2/moveit_setup_assistant/moveit_setup_controllers) by extension 'colcon_meta'
[0.537s] Level 1:colcon.colcon_core.package_identification:_identify(src/moveit2/moveit_setup_assistant/moveit_setup_controllers) by extensions ['ros']
[0.537s] Level 1:colcon.colcon_core.package_identification:_identify(src/moveit2/moveit_setup_assistant/moveit_setup_controllers) by extension 'ros'
[0.538s] DEBUG:colcon.colcon_core.package_identification:Package 'src/moveit2/moveit_setup_assistant/moveit_setup_controllers' with type 'ros.ament_cmake' and name 'moveit_setup_controllers'
[0.538s] Level 1:colcon.colcon_core.package_identification:_identify(src/moveit2/moveit_setup_assistant/moveit_setup_core_plugins) by extensions ['ignore', 'ignore_ament_install']
[0.538s] Level 1:colcon.colcon_core.package_identification:_identify(src/moveit2/moveit_setup_assistant/moveit_setup_core_plugins) by extension 'ignore'
[0.538s] Level 1:colcon.colcon_core.package_identification:_identify(src/moveit2/moveit_setup_assistant/moveit_setup_core_plugins) by extension 'ignore_ament_install'
[0.538s] Level 1:colcon.colcon_core.package_identification:_identify(src/moveit2/moveit_setup_assistant/moveit_setup_core_plugins) by extensions ['colcon_pkg']
[0.538s] Level 1:colcon.colcon_core.package_identification:_identify(src/moveit2/moveit_setup_assistant/moveit_setup_core_plugins) by extension 'colcon_pkg'
[0.539s] Level 1:colcon.colcon_core.package_identification:_identify(src/moveit2/moveit_setup_assistant/moveit_setup_core_plugins) by extensions ['colcon_meta']
[0.539s] Level 1:colcon.colcon_core.package_identification:_identify(src/moveit2/moveit_setup_assistant/moveit_setup_core_plugins) by extension 'colcon_meta'
[0.539s] Level 1:colcon.colcon_core.package_identification:_identify(src/moveit2/moveit_setup_assistant/moveit_setup_core_plugins) by extensions ['ros']
[0.539s] Level 1:colcon.colcon_core.package_identification:_identify(src/moveit2/moveit_setup_assistant/moveit_setup_core_plugins) by extension 'ros'
[0.540s] DEBUG:colcon.colcon_core.package_identification:Package 'src/moveit2/moveit_setup_assistant/moveit_setup_core_plugins' with type 'ros.ament_cmake' and name 'moveit_setup_core_plugins'
[0.540s] Level 1:colcon.colcon_core.package_identification:_identify(src/moveit2/moveit_setup_assistant/moveit_setup_framework) by extensions ['ignore', 'ignore_ament_install']
[0.540s] Level 1:colcon.colcon_core.package_identification:_identify(src/moveit2/moveit_setup_assistant/moveit_setup_framework) by extension 'ignore'
[0.540s] Level 1:colcon.colcon_core.package_identification:_identify(src/moveit2/moveit_setup_assistant/moveit_setup_framework) by extension 'ignore_ament_install'
[0.540s] Level 1:colcon.colcon_core.package_identification:_identify(src/moveit2/moveit_setup_assistant/moveit_setup_framework) by extensions ['colcon_pkg']
[0.540s] Level 1:colcon.colcon_core.package_identification:_identify(src/moveit2/moveit_setup_assistant/moveit_setup_framework) by extension 'colcon_pkg'
[0.541s] Level 1:colcon.colcon_core.package_identification:_identify(src/moveit2/moveit_setup_assistant/moveit_setup_framework) by extensions ['colcon_meta']
[0.541s] Level 1:colcon.colcon_core.package_identification:_identify(src/moveit2/moveit_setup_assistant/moveit_setup_framework) by extension 'colcon_meta'
[0.541s] Level 1:colcon.colcon_core.package_identification:_identify(src/moveit2/moveit_setup_assistant/moveit_setup_framework) by extensions ['ros']
[0.541s] Level 1:colcon.colcon_core.package_identification:_identify(src/moveit2/moveit_setup_assistant/moveit_setup_framework) by extension 'ros'
[0.542s] DEBUG:colcon.colcon_core.package_identification:Package 'src/moveit2/moveit_setup_assistant/moveit_setup_framework' with type 'ros.ament_cmake' and name 'moveit_setup_framework'
[0.542s] Level 1:colcon.colcon_core.package_identification:_identify(src/moveit2/moveit_setup_assistant/moveit_setup_simulation) by extensions ['ignore', 'ignore_ament_install']
[0.542s] Level 1:colcon.colcon_core.package_identification:_identify(src/moveit2/moveit_setup_assistant/moveit_setup_simulation) by extension 'ignore'
[0.542s] Level 1:colcon.colcon_core.package_identification:_identify(src/moveit2/moveit_setup_assistant/moveit_setup_simulation) ignored
[0.543s] Level 1:colcon.colcon_core.package_identification:_identify(src/moveit2/moveit_setup_assistant/moveit_setup_srdf_plugins) by extensions ['ignore', 'ignore_ament_install']
[0.543s] Level 1:colcon.colcon_core.package_identification:_identify(src/moveit2/moveit_setup_assistant/moveit_setup_srdf_plugins) by extension 'ignore'
[0.543s] Level 1:colcon.colcon_core.package_identification:_identify(src/moveit2/moveit_setup_assistant/moveit_setup_srdf_plugins) by extension 'ignore_ament_install'
[0.543s] Level 1:colcon.colcon_core.package_identification:_identify(src/moveit2/moveit_setup_assistant/moveit_setup_srdf_plugins) by extensions ['colcon_pkg']
[0.543s] Level 1:colcon.colcon_core.package_identification:_identify(src/moveit2/moveit_setup_assistant/moveit_setup_srdf_plugins) by extension 'colcon_pkg'
[0.543s] Level 1:colcon.colcon_core.package_identification:_identify(src/moveit2/moveit_setup_assistant/moveit_setup_srdf_plugins) by extensions ['colcon_meta']
[0.543s] Level 1:colcon.colcon_core.package_identification:_identify(src/moveit2/moveit_setup_assistant/moveit_setup_srdf_plugins) by extension 'colcon_meta'
[0.543s] Level 1:colcon.colcon_core.package_identification:_identify(src/moveit2/moveit_setup_assistant/moveit_setup_srdf_plugins) by extensions ['ros']
[0.543s] Level 1:colcon.colcon_core.package_identification:_identify(src/moveit2/moveit_setup_assistant/moveit_setup_srdf_plugins) by extension 'ros'
[0.544s] DEBUG:colcon.colcon_core.package_identification:Package 'src/moveit2/moveit_setup_assistant/moveit_setup_srdf_plugins' with type 'ros.ament_cmake' and name 'moveit_setup_srdf_plugins'
[0.544s] Level 1:colcon.colcon_core.package_identification:_identify(src/moveit2/moveit_setup_assistant/unported_templates) by extensions ['ignore', 'ignore_ament_install']
[0.544s] Level 1:colcon.colcon_core.package_identification:_identify(src/moveit2/moveit_setup_assistant/unported_templates) by extension 'ignore'
[0.544s] Level 1:colcon.colcon_core.package_identification:_identify(src/moveit2/moveit_setup_assistant/unported_templates) by extension 'ignore_ament_install'
[0.544s] Level 1:colcon.colcon_core.package_identification:_identify(src/moveit2/moveit_setup_assistant/unported_templates) by extensions ['colcon_pkg']
[0.544s] Level 1:colcon.colcon_core.package_identification:_identify(src/moveit2/moveit_setup_assistant/unported_templates) by extension 'colcon_pkg'
[0.544s] Level 1:colcon.colcon_core.package_identification:_identify(src/moveit2/moveit_setup_assistant/unported_templates) by extensions ['colcon_meta']
[0.544s] Level 1:colcon.colcon_core.package_identification:_identify(src/moveit2/moveit_setup_assistant/unported_templates) by extension 'colcon_meta'
[0.544s] Level 1:colcon.colcon_core.package_identification:_identify(src/moveit2/moveit_setup_assistant/unported_templates) by extensions ['ros']
[0.544s] Level 1:colcon.colcon_core.package_identification:_identify(src/moveit2/moveit_setup_assistant/unported_templates) by extension 'ros'
[0.544s] Level 1:colcon.colcon_core.package_identification:_identify(src/moveit2/moveit_setup_assistant/unported_templates) by extensions ['cmake', 'python']
[0.544s] Level 1:colcon.colcon_core.package_identification:_identify(src/moveit2/moveit_setup_assistant/unported_templates) by extension 'cmake'
[0.544s] Level 1:colcon.colcon_core.package_identification:_identify(src/moveit2/moveit_setup_assistant/unported_templates) by extension 'python'
[0.545s] Level 1:colcon.colcon_core.package_identification:_identify(src/moveit2/moveit_setup_assistant/unported_templates) by extensions ['python_setup_py']
[0.545s] Level 1:colcon.colcon_core.package_identification:_identify(src/moveit2/moveit_setup_assistant/unported_templates) by extension 'python_setup_py'
[0.545s] Level 1:colcon.colcon_core.package_identification:_identify(src/moveit2_tutorials) by extensions ['ignore', 'ignore_ament_install']
[0.545s] Level 1:colcon.colcon_core.package_identification:_identify(src/moveit2_tutorials) by extension 'ignore'
[0.545s] Level 1:colcon.colcon_core.package_identification:_identify(src/moveit2_tutorials) by extension 'ignore_ament_install'
[0.545s] Level 1:colcon.colcon_core.package_identification:_identify(src/moveit2_tutorials) by extensions ['colcon_pkg']
[0.545s] Level 1:colcon.colcon_core.package_identification:_identify(src/moveit2_tutorials) by extension 'colcon_pkg'
[0.545s] Level 1:colcon.colcon_core.package_identification:_identify(src/moveit2_tutorials) by extensions ['colcon_meta']
[0.545s] Level 1:colcon.colcon_core.package_identification:_identify(src/moveit2_tutorials) by extension 'colcon_meta'
[0.545s] Level 1:colcon.colcon_core.package_identification:_identify(src/moveit2_tutorials) by extensions ['ros']
[0.545s] Level 1:colcon.colcon_core.package_identification:_identify(src/moveit2_tutorials) by extension 'ros'
[0.548s] DEBUG:colcon.colcon_core.package_identification:Package 'src/moveit2_tutorials' with type 'ros.ament_cmake' and name 'moveit2_tutorials'
[0.548s] Level 1:colcon.colcon_core.package_identification:_identify(src/moveit_resources) by extensions ['ignore', 'ignore_ament_install']
[0.548s] Level 1:colcon.colcon_core.package_identification:_identify(src/moveit_resources) by extension 'ignore'
[0.548s] Level 1:colcon.colcon_core.package_identification:_identify(src/moveit_resources) by extension 'ignore_ament_install'
[0.548s] Level 1:colcon.colcon_core.package_identification:_identify(src/moveit_resources) by extensions ['colcon_pkg']
[0.548s] Level 1:colcon.colcon_core.package_identification:_identify(src/moveit_resources) by extension 'colcon_pkg'
[0.548s] Level 1:colcon.colcon_core.package_identification:_identify(src/moveit_resources) by extensions ['colcon_meta']
[0.548s] Level 1:colcon.colcon_core.package_identification:_identify(src/moveit_resources) by extension 'colcon_meta'
[0.548s] Level 1:colcon.colcon_core.package_identification:_identify(src/moveit_resources) by extensions ['ros']
[0.548s] Level 1:colcon.colcon_core.package_identification:_identify(src/moveit_resources) by extension 'ros'
[0.548s] Level 1:colcon.colcon_core.package_identification:_identify(src/moveit_resources) by extensions ['cmake', 'python']
[0.548s] Level 1:colcon.colcon_core.package_identification:_identify(src/moveit_resources) by extension 'cmake'
[0.548s] Level 1:colcon.colcon_core.package_identification:_identify(src/moveit_resources) by extension 'python'
[0.548s] Level 1:colcon.colcon_core.package_identification:_identify(src/moveit_resources) by extensions ['python_setup_py']
[0.548s] Level 1:colcon.colcon_core.package_identification:_identify(src/moveit_resources) by extension 'python_setup_py'
[0.549s] Level 1:colcon.colcon_core.package_identification:_identify(src/moveit_resources/fanuc_description) by extensions ['ignore', 'ignore_ament_install']
[0.549s] Level 1:colcon.colcon_core.package_identification:_identify(src/moveit_resources/fanuc_description) by extension 'ignore'
[0.549s] Level 1:colcon.colcon_core.package_identification:_identify(src/moveit_resources/fanuc_description) by extension 'ignore_ament_install'
[0.549s] Level 1:colcon.colcon_core.package_identification:_identify(src/moveit_resources/fanuc_description) by extensions ['colcon_pkg']
[0.549s] Level 1:colcon.colcon_core.package_identification:_identify(src/moveit_resources/fanuc_description) by extension 'colcon_pkg'
[0.549s] Level 1:colcon.colcon_core.package_identification:_identify(src/moveit_resources/fanuc_description) by extensions ['colcon_meta']
[0.549s] Level 1:colcon.colcon_core.package_identification:_identify(src/moveit_resources/fanuc_description) by extension 'colcon_meta'
[0.549s] Level 1:colcon.colcon_core.package_identification:_identify(src/moveit_resources/fanuc_description) by extensions ['ros']
[0.549s] Level 1:colcon.colcon_core.package_identification:_identify(src/moveit_resources/fanuc_description) by extension 'ros'
[0.550s] DEBUG:colcon.colcon_core.package_identification:Package 'src/moveit_resources/fanuc_description' with type 'ros.ament_cmake' and name 'moveit_resources_fanuc_description'
[0.550s] Level 1:colcon.colcon_core.package_identification:_identify(src/moveit_resources/fanuc_moveit_config) by extensions ['ignore', 'ignore_ament_install']
[0.550s] Level 1:colcon.colcon_core.package_identification:_identify(src/moveit_resources/fanuc_moveit_config) by extension 'ignore'
[0.550s] Level 1:colcon.colcon_core.package_identification:_identify(src/moveit_resources/fanuc_moveit_config) by extension 'ignore_ament_install'
[0.550s] Level 1:colcon.colcon_core.package_identification:_identify(src/moveit_resources/fanuc_moveit_config) by extensions ['colcon_pkg']
[0.550s] Level 1:colcon.colcon_core.package_identification:_identify(src/moveit_resources/fanuc_moveit_config) by extension 'colcon_pkg'
[0.550s] Level 1:colcon.colcon_core.package_identification:_identify(src/moveit_resources/fanuc_moveit_config) by extensions ['colcon_meta']
[0.550s] Level 1:colcon.colcon_core.package_identification:_identify(src/moveit_resources/fanuc_moveit_config) by extension 'colcon_meta'
[0.550s] Level 1:colcon.colcon_core.package_identification:_identify(src/moveit_resources/fanuc_moveit_config) by extensions ['ros']
[0.550s] Level 1:colcon.colcon_core.package_identification:_identify(src/moveit_resources/fanuc_moveit_config) by extension 'ros'
[0.551s] DEBUG:colcon.colcon_core.package_identification:Package 'src/moveit_resources/fanuc_moveit_config' with type 'ros.ament_cmake' and name 'moveit_resources_fanuc_moveit_config'
[0.551s] Level 1:colcon.colcon_core.package_identification:_identify(src/moveit_resources/moveit_resources) by extensions ['ignore', 'ignore_ament_install']
[0.551s] Level 1:colcon.colcon_core.package_identification:_identify(src/moveit_resources/moveit_resources) by extension 'ignore'
[0.551s] Level 1:colcon.colcon_core.package_identification:_identify(src/moveit_resources/moveit_resources) by extension 'ignore_ament_install'
[0.551s] Level 1:colcon.colcon_core.package_identification:_identify(src/moveit_resources/moveit_resources) by extensions ['colcon_pkg']
[0.551s] Level 1:colcon.colcon_core.package_identification:_identify(src/moveit_resources/moveit_resources) by extension 'colcon_pkg'
[0.551s] Level 1:colcon.colcon_core.package_identification:_identify(src/moveit_resources/moveit_resources) by extensions ['colcon_meta']
[0.551s] Level 1:colcon.colcon_core.package_identification:_identify(src/moveit_resources/moveit_resources) by extension 'colcon_meta'
[0.551s] Level 1:colcon.colcon_core.package_identification:_identify(src/moveit_resources/moveit_resources) by extensions ['ros']
[0.551s] Level 1:colcon.colcon_core.package_identification:_identify(src/moveit_resources/moveit_resources) by extension 'ros'
[0.552s] DEBUG:colcon.colcon_core.package_identification:Package 'src/moveit_resources/moveit_resources' with type 'ros.ament_cmake' and name 'moveit_resources'
[0.552s] Level 1:colcon.colcon_core.package_identification:_identify(src/moveit_resources/panda_description) by extensions ['ignore', 'ignore_ament_install']
[0.552s] Level 1:colcon.colcon_core.package_identification:_identify(src/moveit_resources/panda_description) by extension 'ignore'
[0.552s] Level 1:colcon.colcon_core.package_identification:_identify(src/moveit_resources/panda_description) by extension 'ignore_ament_install'
[0.552s] Level 1:colcon.colcon_core.package_identification:_identify(src/moveit_resources/panda_description) by extensions ['colcon_pkg']
[0.553s] Level 1:colcon.colcon_core.package_identification:_identify(src/moveit_resources/panda_description) by extension 'colcon_pkg'
[0.553s] Level 1:colcon.colcon_core.package_identification:_identify(src/moveit_resources/panda_description) by extensions ['colcon_meta']
[0.553s] Level 1:colcon.colcon_core.package_identification:_identify(src/moveit_resources/panda_description) by extension 'colcon_meta'
[0.553s] Level 1:colcon.colcon_core.package_identification:_identify(src/moveit_resources/panda_description) by extensions ['ros']
[0.553s] Level 1:colcon.colcon_core.package_identification:_identify(src/moveit_resources/panda_description) by extension 'ros'
[0.553s] DEBUG:colcon.colcon_core.package_identification:Package 'src/moveit_resources/panda_description' with type 'ros.ament_cmake' and name 'moveit_resources_panda_description'
[0.553s] Level 1:colcon.colcon_core.package_identification:_identify(src/moveit_resources/panda_moveit_config) by extensions ['ignore', 'ignore_ament_install']
[0.553s] Level 1:colcon.colcon_core.package_identification:_identify(src/moveit_resources/panda_moveit_config) by extension 'ignore'
[0.554s] Level 1:colcon.colcon_core.package_identification:_identify(src/moveit_resources/panda_moveit_config) by extension 'ignore_ament_install'
[0.554s] Level 1:colcon.colcon_core.package_identification:_identify(src/moveit_resources/panda_moveit_config) by extensions ['colcon_pkg']
[0.554s] Level 1:colcon.colcon_core.package_identification:_identify(src/moveit_resources/panda_moveit_config) by extension 'colcon_pkg'
[0.554s] Level 1:colcon.colcon_core.package_identification:_identify(src/moveit_resources/panda_moveit_config) by extensions ['colcon_meta']
[0.554s] Level 1:colcon.colcon_core.package_identification:_identify(src/moveit_resources/panda_moveit_config) by extension 'colcon_meta'
[0.554s] Level 1:colcon.colcon_core.package_identification:_identify(src/moveit_resources/panda_moveit_config) by extensions ['ros']
[0.554s] Level 1:colcon.colcon_core.package_identification:_identify(src/moveit_resources/panda_moveit_config) by extension 'ros'
[0.555s] DEBUG:colcon.colcon_core.package_identification:Package 'src/moveit_resources/panda_moveit_config' with type 'ros.ament_cmake' and name 'moveit_resources_panda_moveit_config'
[0.555s] Level 1:colcon.colcon_core.package_identification:_identify(src/moveit_resources/pr2_description) by extensions ['ignore', 'ignore_ament_install']
[0.555s] Level 1:colcon.colcon_core.package_identification:_identify(src/moveit_resources/pr2_description) by extension 'ignore'
[0.555s] Level 1:colcon.colcon_core.package_identification:_identify(src/moveit_resources/pr2_description) by extension 'ignore_ament_install'
[0.555s] Level 1:colcon.colcon_core.package_identification:_identify(src/moveit_resources/pr2_description) by extensions ['colcon_pkg']
[0.555s] Level 1:colcon.colcon_core.package_identification:_identify(src/moveit_resources/pr2_description) by extension 'colcon_pkg'
[0.555s] Level 1:colcon.colcon_core.package_identification:_identify(src/moveit_resources/pr2_description) by extensions ['colcon_meta']
[0.555s] Level 1:colcon.colcon_core.package_identification:_identify(src/moveit_resources/pr2_description) by extension 'colcon_meta'
[0.555s] Level 1:colcon.colcon_core.package_identification:_identify(src/moveit_resources/pr2_description) by extensions ['ros']
[0.555s] Level 1:colcon.colcon_core.package_identification:_identify(src/moveit_resources/pr2_description) by extension 'ros'
[0.556s] DEBUG:colcon.colcon_core.package_identification:Package 'src/moveit_resources/pr2_description' with type 'ros.ament_cmake' and name 'moveit_resources_pr2_description'
[0.556s] Level 1:colcon.colcon_core.package_identification:_identify(src/moveit_task_constructor) by extensions ['ignore', 'ignore_ament_install']
[0.556s] Level 1:colcon.colcon_core.package_identification:_identify(src/moveit_task_constructor) by extension 'ignore'
[0.556s] Level 1:colcon.colcon_core.package_identification:_identify(src/moveit_task_constructor) by extension 'ignore_ament_install'
[0.556s] Level 1:colcon.colcon_core.package_identification:_identify(src/moveit_task_constructor) by extensions ['colcon_pkg']
[0.556s] Level 1:colcon.colcon_core.package_identification:_identify(src/moveit_task_constructor) by extension 'colcon_pkg'
[0.556s] Level 1:colcon.colcon_core.package_identification:_identify(src/moveit_task_constructor) by extensions ['colcon_meta']
[0.556s] Level 1:colcon.colcon_core.package_identification:_identify(src/moveit_task_constructor) by extension 'colcon_meta'
[0.556s] Level 1:colcon.colcon_core.package_identification:_identify(src/moveit_task_constructor) by extensions ['ros']
[0.556s] Level 1:colcon.colcon_core.package_identification:_identify(src/moveit_task_constructor) by extension 'ros'
[0.556s] Level 1:colcon.colcon_core.package_identification:_identify(src/moveit_task_constructor) by extensions ['cmake', 'python']
[0.556s] Level 1:colcon.colcon_core.package_identification:_identify(src/moveit_task_constructor) by extension 'cmake'
[0.556s] Level 1:colcon.colcon_core.package_identification:_identify(src/moveit_task_constructor) by extension 'python'
[0.556s] Level 1:colcon.colcon_core.package_identification:_identify(src/moveit_task_constructor) by extensions ['python_setup_py']
[0.556s] Level 1:colcon.colcon_core.package_identification:_identify(src/moveit_task_constructor) by extension 'python_setup_py'
[0.557s] Level 1:colcon.colcon_core.package_identification:_identify(src/moveit_task_constructor/capabilities) by extensions ['ignore', 'ignore_ament_install']
[0.557s] Level 1:colcon.colcon_core.package_identification:_identify(src/moveit_task_constructor/capabilities) by extension 'ignore'
[0.557s] Level 1:colcon.colcon_core.package_identification:_identify(src/moveit_task_constructor/capabilities) by extension 'ignore_ament_install'
[0.557s] Level 1:colcon.colcon_core.package_identification:_identify(src/moveit_task_constructor/capabilities) by extensions ['colcon_pkg']
[0.557s] Level 1:colcon.colcon_core.package_identification:_identify(src/moveit_task_constructor/capabilities) by extension 'colcon_pkg'
[0.557s] Level 1:colcon.colcon_core.package_identification:_identify(src/moveit_task_constructor/capabilities) by extensions ['colcon_meta']
[0.557s] Level 1:colcon.colcon_core.package_identification:_identify(src/moveit_task_constructor/capabilities) by extension 'colcon_meta'
[0.557s] Level 1:colcon.colcon_core.package_identification:_identify(src/moveit_task_constructor/capabilities) by extensions ['ros']
[0.557s] Level 1:colcon.colcon_core.package_identification:_identify(src/moveit_task_constructor/capabilities) by extension 'ros'
[0.558s] DEBUG:colcon.colcon_core.package_identification:Package 'src/moveit_task_constructor/capabilities' with type 'ros.ament_cmake' and name 'moveit_task_constructor_capabilities'
[0.558s] Level 1:colcon.colcon_core.package_identification:_identify(src/moveit_task_constructor/core) by extensions ['ignore', 'ignore_ament_install']
[0.559s] Level 1:colcon.colcon_core.package_identification:_identify(src/moveit_task_constructor/core) by extension 'ignore'
[0.559s] Level 1:colcon.colcon_core.package_identification:_identify(src/moveit_task_constructor/core) by extension 'ignore_ament_install'
[0.559s] Level 1:colcon.colcon_core.package_identification:_identify(src/moveit_task_constructor/core) by extensions ['colcon_pkg']
[0.559s] Level 1:colcon.colcon_core.package_identification:_identify(src/moveit_task_constructor/core) by extension 'colcon_pkg'
[0.559s] Level 1:colcon.colcon_core.package_identification:_identify(src/moveit_task_constructor/core) by extensions ['colcon_meta']
[0.559s] Level 1:colcon.colcon_core.package_identification:_identify(src/moveit_task_constructor/core) by extension 'colcon_meta'
[0.559s] Level 1:colcon.colcon_core.package_identification:_identify(src/moveit_task_constructor/core) by extensions ['ros']
[0.559s] Level 1:colcon.colcon_core.package_identification:_identify(src/moveit_task_constructor/core) by extension 'ros'
[0.560s] DEBUG:colcon.colcon_core.package_identification:Package 'src/moveit_task_constructor/core' with type 'ros.ament_cmake' and name 'moveit_task_constructor_core'
[0.561s] Level 1:colcon.colcon_core.package_identification:_identify(src/moveit_task_constructor/demo) by extensions ['ignore', 'ignore_ament_install']
[0.561s] Level 1:colcon.colcon_core.package_identification:_identify(src/moveit_task_constructor/demo) by extension 'ignore'
[0.561s] Level 1:colcon.colcon_core.package_identification:_identify(src/moveit_task_constructor/demo) by extension 'ignore_ament_install'
[0.561s] Level 1:colcon.colcon_core.package_identification:_identify(src/moveit_task_constructor/demo) by extensions ['colcon_pkg']
[0.561s] Level 1:colcon.colcon_core.package_identification:_identify(src/moveit_task_constructor/demo) by extension 'colcon_pkg'
[0.561s] Level 1:colcon.colcon_core.package_identification:_identify(src/moveit_task_constructor/demo) by extensions ['colcon_meta']
[0.561s] Level 1:colcon.colcon_core.package_identification:_identify(src/moveit_task_constructor/demo) by extension 'colcon_meta'
[0.561s] Level 1:colcon.colcon_core.package_identification:_identify(src/moveit_task_constructor/demo) by extensions ['ros']
[0.561s] Level 1:colcon.colcon_core.package_identification:_identify(src/moveit_task_constructor/demo) by extension 'ros'
[0.562s] DEBUG:colcon.colcon_core.package_identification:Package 'src/moveit_task_constructor/demo' with type 'ros.ament_cmake' and name 'moveit_task_constructor_demo'
[0.562s] Level 1:colcon.colcon_core.package_identification:_identify(src/moveit_task_constructor/msgs) by extensions ['ignore', 'ignore_ament_install']
[0.562s] Level 1:colcon.colcon_core.package_identification:_identify(src/moveit_task_constructor/msgs) by extension 'ignore'
[0.562s] Level 1:colcon.colcon_core.package_identification:_identify(src/moveit_task_constructor/msgs) by extension 'ignore_ament_install'
[0.563s] Level 1:colcon.colcon_core.package_identification:_identify(src/moveit_task_constructor/msgs) by extensions ['colcon_pkg']
[0.563s] Level 1:colcon.colcon_core.package_identification:_identify(src/moveit_task_constructor/msgs) by extension 'colcon_pkg'
[0.563s] Level 1:colcon.colcon_core.package_identification:_identify(src/moveit_task_constructor/msgs) by extensions ['colcon_meta']
[0.563s] Level 1:colcon.colcon_core.package_identification:_identify(src/moveit_task_constructor/msgs) by extension 'colcon_meta'
[0.563s] Level 1:colcon.colcon_core.package_identification:_identify(src/moveit_task_constructor/msgs) by extensions ['ros']
[0.563s] Level 1:colcon.colcon_core.package_identification:_identify(src/moveit_task_constructor/msgs) by extension 'ros'
[0.563s] DEBUG:colcon.colcon_core.package_identification:Package 'src/moveit_task_constructor/msgs' with type 'ros.ament_cmake' and name 'moveit_task_constructor_msgs'
[0.564s] Level 1:colcon.colcon_core.package_identification:_identify(src/moveit_task_constructor/rviz_marker_tools) by extensions ['ignore', 'ignore_ament_install']
[0.564s] Level 1:colcon.colcon_core.package_identification:_identify(src/moveit_task_constructor/rviz_marker_tools) by extension 'ignore'
[0.564s] Level 1:colcon.colcon_core.package_identification:_identify(src/moveit_task_constructor/rviz_marker_tools) by extension 'ignore_ament_install'
[0.564s] Level 1:colcon.colcon_core.package_identification:_identify(src/moveit_task_constructor/rviz_marker_tools) by extensions ['colcon_pkg']
[0.564s] Level 1:colcon.colcon_core.package_identification:_identify(src/moveit_task_constructor/rviz_marker_tools) by extension 'colcon_pkg'
[0.564s] Level 1:colcon.colcon_core.package_identification:_identify(src/moveit_task_constructor/rviz_marker_tools) by extensions ['colcon_meta']
[0.564s] Level 1:colcon.colcon_core.package_identification:_identify(src/moveit_task_constructor/rviz_marker_tools) by extension 'colcon_meta'
[0.564s] Level 1:colcon.colcon_core.package_identification:_identify(src/moveit_task_constructor/rviz_marker_tools) by extensions ['ros']
[0.564s] Level 1:colcon.colcon_core.package_identification:_identify(src/moveit_task_constructor/rviz_marker_tools) by extension 'ros'
[0.565s] DEBUG:colcon.colcon_core.package_identification:Package 'src/moveit_task_constructor/rviz_marker_tools' with type 'ros.ament_cmake' and name 'rviz_marker_tools'
[0.565s] Level 1:colcon.colcon_core.package_identification:_identify(src/moveit_task_constructor/visualization) by extensions ['ignore', 'ignore_ament_install']
[0.565s] Level 1:colcon.colcon_core.package_identification:_identify(src/moveit_task_constructor/visualization) by extension 'ignore'
[0.565s] Level 1:colcon.colcon_core.package_identification:_identify(src/moveit_task_constructor/visualization) by extension 'ignore_ament_install'
[0.565s] Level 1:colcon.colcon_core.package_identification:_identify(src/moveit_task_constructor/visualization) by extensions ['colcon_pkg']
[0.565s] Level 1:colcon.colcon_core.package_identification:_identify(src/moveit_task_constructor/visualization) by extension 'colcon_pkg'
[0.566s] Level 1:colcon.colcon_core.package_identification:_identify(src/moveit_task_constructor/visualization) by extensions ['colcon_meta']
[0.566s] Level 1:colcon.colcon_core.package_identification:_identify(src/moveit_task_constructor/visualization) by extension 'colcon_meta'
[0.566s] Level 1:colcon.colcon_core.package_identification:_identify(src/moveit_task_constructor/visualization) by extensions ['ros']
[0.566s] Level 1:colcon.colcon_core.package_identification:_identify(src/moveit_task_constructor/visualization) by extension 'ros'
[0.567s] DEBUG:colcon.colcon_core.package_identification:Package 'src/moveit_task_constructor/visualization' with type 'ros.ament_cmake' and name 'moveit_task_constructor_visualization'
[0.567s] Level 1:colcon.colcon_core.package_identification:_identify(src/moveit_visual_tools) by extensions ['ignore', 'ignore_ament_install']
[0.567s] Level 1:colcon.colcon_core.package_identification:_identify(src/moveit_visual_tools) by extension 'ignore'
[0.567s] Level 1:colcon.colcon_core.package_identification:_identify(src/moveit_visual_tools) by extension 'ignore_ament_install'
[0.567s] Level 1:colcon.colcon_core.package_identification:_identify(src/moveit_visual_tools) by extensions ['colcon_pkg']
[0.567s] Level 1:colcon.colcon_core.package_identification:_identify(src/moveit_visual_tools) by extension 'colcon_pkg'
[0.567s] Level 1:colcon.colcon_core.package_identification:_identify(src/moveit_visual_tools) by extensions ['colcon_meta']
[0.567s] Level 1:colcon.colcon_core.package_identification:_identify(src/moveit_visual_tools) by extension 'colcon_meta'
[0.567s] Level 1:colcon.colcon_core.package_identification:_identify(src/moveit_visual_tools) by extensions ['ros']
[0.567s] Level 1:colcon.colcon_core.package_identification:_identify(src/moveit_visual_tools) by extension 'ros'
[0.569s] DEBUG:colcon.colcon_core.package_identification:Package 'src/moveit_visual_tools' with type 'ros.ament_cmake' and name 'moveit_visual_tools'
[0.569s] Level 1:colcon.colcon_core.package_identification:_identify(src/mtc_tutorial) by extensions ['ignore', 'ignore_ament_install']
[0.569s] Level 1:colcon.colcon_core.package_identification:_identify(src/mtc_tutorial) by extension 'ignore'
[0.569s] Level 1:colcon.colcon_core.package_identification:_identify(src/mtc_tutorial) by extension 'ignore_ament_install'
[0.569s] Level 1:colcon.colcon_core.package_identification:_identify(src/mtc_tutorial) by extensions ['colcon_pkg']
[0.570s] Level 1:colcon.colcon_core.package_identification:_identify(src/mtc_tutorial) by extension 'colcon_pkg'
[0.570s] Level 1:colcon.colcon_core.package_identification:_identify(src/mtc_tutorial) by extensions ['colcon_meta']
[0.570s] Level 1:colcon.colcon_core.package_identification:_identify(src/mtc_tutorial) by extension 'colcon_meta'
[0.570s] Level 1:colcon.colcon_core.package_identification:_identify(src/mtc_tutorial) by extensions ['ros']
[0.570s] Level 1:colcon.colcon_core.package_identification:_identify(src/mtc_tutorial) by extension 'ros'
[0.570s] DEBUG:colcon.colcon_core.package_identification:Package 'src/mtc_tutorial' with type 'ros.ament_cmake' and name 'mtc_tutorial'
[0.571s] Level 1:colcon.colcon_core.package_identification:_identify(src/object_description-20250821T110253Z-1-001) by extensions ['ignore', 'ignore_ament_install']
[0.571s] Level 1:colcon.colcon_core.package_identification:_identify(src/object_description-20250821T110253Z-1-001) by extension 'ignore'
[0.571s] Level 1:colcon.colcon_core.package_identification:_identify(src/object_description-20250821T110253Z-1-001) by extension 'ignore_ament_install'
[0.571s] Level 1:colcon.colcon_core.package_identification:_identify(src/object_description-20250821T110253Z-1-001) by extensions ['colcon_pkg']
[0.571s] Level 1:colcon.colcon_core.package_identification:_identify(src/object_description-20250821T110253Z-1-001) by extension 'colcon_pkg'
[0.571s] Level 1:colcon.colcon_core.package_identification:_identify(src/object_description-20250821T110253Z-1-001) by extensions ['colcon_meta']
[0.571s] Level 1:colcon.colcon_core.package_identification:_identify(src/object_description-20250821T110253Z-1-001) by extension 'colcon_meta'
[0.571s] Level 1:colcon.colcon_core.package_identification:_identify(src/object_description-20250821T110253Z-1-001) by extensions ['ros']
[0.571s] Level 1:colcon.colcon_core.package_identification:_identify(src/object_description-20250821T110253Z-1-001) by extension 'ros'
[0.571s] Level 1:colcon.colcon_core.package_identification:_identify(src/object_description-20250821T110253Z-1-001) by extensions ['cmake', 'python']
[0.571s] Level 1:colcon.colcon_core.package_identification:_identify(src/object_description-20250821T110253Z-1-001) by extension 'cmake'
[0.571s] Level 1:colcon.colcon_core.package_identification:_identify(src/object_description-20250821T110253Z-1-001) by extension 'python'
[0.571s] Level 1:colcon.colcon_core.package_identification:_identify(src/object_description-20250821T110253Z-1-001) by extensions ['python_setup_py']
[0.571s] Level 1:colcon.colcon_core.package_identification:_identify(src/object_description-20250821T110253Z-1-001) by extension 'python_setup_py'
[0.571s] Level 1:colcon.colcon_core.package_identification:_identify(src/object_description-20250821T110253Z-1-001/object_description) by extensions ['ignore', 'ignore_ament_install']
[0.572s] Level 1:colcon.colcon_core.package_identification:_identify(src/object_description-20250821T110253Z-1-001/object_description) by extension 'ignore'
[0.572s] Level 1:colcon.colcon_core.package_identification:_identify(src/object_description-20250821T110253Z-1-001/object_description) by extension 'ignore_ament_install'
[0.572s] Level 1:colcon.colcon_core.package_identification:_identify(src/object_description-20250821T110253Z-1-001/object_description) by extensions ['colcon_pkg']
[0.572s] Level 1:colcon.colcon_core.package_identification:_identify(src/object_description-20250821T110253Z-1-001/object_description) by extension 'colcon_pkg'
[0.572s] Level 1:colcon.colcon_core.package_identification:_identify(src/object_description-20250821T110253Z-1-001/object_description) by extensions ['colcon_meta']
[0.572s] Level 1:colcon.colcon_core.package_identification:_identify(src/object_description-20250821T110253Z-1-001/object_description) by extension 'colcon_meta'
[0.572s] Level 1:colcon.colcon_core.package_identification:_identify(src/object_description-20250821T110253Z-1-001/object_description) by extensions ['ros']
[0.572s] Level 1:colcon.colcon_core.package_identification:_identify(src/object_description-20250821T110253Z-1-001/object_description) by extension 'ros'
[0.572s] DEBUG:colcon.colcon_core.package_identification:Package 'src/object_description-20250821T110253Z-1-001/object_description' with type 'ros.ament_cmake' and name 'object_description'
[0.573s] Level 1:colcon.colcon_core.package_identification:_identify(src/realsense-ros) by extensions ['ignore', 'ignore_ament_install']
[0.573s] Level 1:colcon.colcon_core.package_identification:_identify(src/realsense-ros) by extension 'ignore'
[0.573s] Level 1:colcon.colcon_core.package_identification:_identify(src/realsense-ros) by extension 'ignore_ament_install'
[0.573s] Level 1:colcon.colcon_core.package_identification:_identify(src/realsense-ros) by extensions ['colcon_pkg']
[0.573s] Level 1:colcon.colcon_core.package_identification:_identify(src/realsense-ros) by extension 'colcon_pkg'
[0.573s] Level 1:colcon.colcon_core.package_identification:_identify(src/realsense-ros) by extensions ['colcon_meta']
[0.573s] Level 1:colcon.colcon_core.package_identification:_identify(src/realsense-ros) by extension 'colcon_meta'
[0.573s] Level 1:colcon.colcon_core.package_identification:_identify(src/realsense-ros) by extensions ['ros']
[0.573s] Level 1:colcon.colcon_core.package_identification:_identify(src/realsense-ros) by extension 'ros'
[0.573s] Level 1:colcon.colcon_core.package_identification:_identify(src/realsense-ros) by extensions ['cmake', 'python']
[0.573s] Level 1:colcon.colcon_core.package_identification:_identify(src/realsense-ros) by extension 'cmake'
[0.573s] Level 1:colcon.colcon_core.package_identification:_identify(src/realsense-ros) by extension 'python'
[0.573s] Level 1:colcon.colcon_core.package_identification:_identify(src/realsense-ros) by extensions ['python_setup_py']
[0.573s] Level 1:colcon.colcon_core.package_identification:_identify(src/realsense-ros) by extension 'python_setup_py'
[0.573s] Level 1:colcon.colcon_core.package_identification:_identify(src/realsense-ros/realsense2_camera) by extensions ['ignore', 'ignore_ament_install']
[0.573s] Level 1:colcon.colcon_core.package_identification:_identify(src/realsense-ros/realsense2_camera) by extension 'ignore'
[0.573s] Level 1:colcon.colcon_core.package_identification:_identify(src/realsense-ros/realsense2_camera) by extension 'ignore_ament_install'
[0.573s] Level 1:colcon.colcon_core.package_identification:_identify(src/realsense-ros/realsense2_camera) by extensions ['colcon_pkg']
[0.573s] Level 1:colcon.colcon_core.package_identification:_identify(src/realsense-ros/realsense2_camera) by extension 'colcon_pkg'
[0.574s] Level 1:colcon.colcon_core.package_identification:_identify(src/realsense-ros/realsense2_camera) by extensions ['colcon_meta']
[0.574s] Level 1:colcon.colcon_core.package_identification:_identify(src/realsense-ros/realsense2_camera) by extension 'colcon_meta'
[0.574s] Level 1:colcon.colcon_core.package_identification:_identify(src/realsense-ros/realsense2_camera) by extensions ['ros']
[0.574s] Level 1:colcon.colcon_core.package_identification:_identify(src/realsense-ros/realsense2_camera) by extension 'ros'
[0.581s] DEBUG:colcon.colcon_core.package_identification:Package 'src/realsense-ros/realsense2_camera' with type 'ros.ament_cmake' and name 'realsense2_camera'
[0.581s] Level 1:colcon.colcon_core.package_identification:_identify(src/realsense-ros/realsense2_camera_msgs) by extensions ['ignore', 'ignore_ament_install']
[0.582s] Level 1:colcon.colcon_core.package_identification:_identify(src/realsense-ros/realsense2_camera_msgs) by extension 'ignore'
[0.582s] Level 1:colcon.colcon_core.package_identification:_identify(src/realsense-ros/realsense2_camera_msgs) by extension 'ignore_ament_install'
[0.582s] Level 1:colcon.colcon_core.package_identification:_identify(src/realsense-ros/realsense2_camera_msgs) by extensions ['colcon_pkg']
[0.582s] Level 1:colcon.colcon_core.package_identification:_identify(src/realsense-ros/realsense2_camera_msgs) by extension 'colcon_pkg'
[0.582s] Level 1:colcon.colcon_core.package_identification:_identify(src/realsense-ros/realsense2_camera_msgs) by extensions ['colcon_meta']
[0.582s] Level 1:colcon.colcon_core.package_identification:_identify(src/realsense-ros/realsense2_camera_msgs) by extension 'colcon_meta'
[0.582s] Level 1:colcon.colcon_core.package_identification:_identify(src/realsense-ros/realsense2_camera_msgs) by extensions ['ros']
[0.582s] Level 1:colcon.colcon_core.package_identification:_identify(src/realsense-ros/realsense2_camera_msgs) by extension 'ros'
[0.583s] DEBUG:colcon.colcon_core.package_identification:Package 'src/realsense-ros/realsense2_camera_msgs' with type 'ros.ament_cmake' and name 'realsense2_camera_msgs'
[0.583s] Level 1:colcon.colcon_core.package_identification:_identify(src/realsense-ros/realsense2_description) by extensions ['ignore', 'ignore_ament_install']
[0.583s] Level 1:colcon.colcon_core.package_identification:_identify(src/realsense-ros/realsense2_description) by extension 'ignore'
[0.583s] Level 1:colcon.colcon_core.package_identification:_identify(src/realsense-ros/realsense2_description) by extension 'ignore_ament_install'
[0.583s] Level 1:colcon.colcon_core.package_identification:_identify(src/realsense-ros/realsense2_description) by extensions ['colcon_pkg']
[0.583s] Level 1:colcon.colcon_core.package_identification:_identify(src/realsense-ros/realsense2_description) by extension 'colcon_pkg'
[0.583s] Level 1:colcon.colcon_core.package_identification:_identify(src/realsense-ros/realsense2_description) by extensions ['colcon_meta']
[0.583s] Level 1:colcon.colcon_core.package_identification:_identify(src/realsense-ros/realsense2_description) by extension 'colcon_meta'
[0.583s] Level 1:colcon.colcon_core.package_identification:_identify(src/realsense-ros/realsense2_description) by extensions ['ros']
[0.583s] Level 1:colcon.colcon_core.package_identification:_identify(src/realsense-ros/realsense2_description) by extension 'ros'
[0.584s] DEBUG:colcon.colcon_core.package_identification:Package 'src/realsense-ros/realsense2_description' with type 'ros.ament_cmake' and name 'realsense2_description'
[0.584s] Level 1:colcon.colcon_core.package_identification:_identify(src/realsense-ros/realsense2_ros_mqtt_bridge) by extensions ['ignore', 'ignore_ament_install']
[0.584s] Level 1:colcon.colcon_core.package_identification:_identify(src/realsense-ros/realsense2_ros_mqtt_bridge) by extension 'ignore'
[0.584s] Level 1:colcon.colcon_core.package_identification:_identify(src/realsense-ros/realsense2_ros_mqtt_bridge) by extension 'ignore_ament_install'
[0.584s] Level 1:colcon.colcon_core.package_identification:_identify(src/realsense-ros/realsense2_ros_mqtt_bridge) by extensions ['colcon_pkg']
[0.585s] Level 1:colcon.colcon_core.package_identification:_identify(src/realsense-ros/realsense2_ros_mqtt_bridge) by extension 'colcon_pkg'
[0.585s] Level 1:colcon.colcon_core.package_identification:_identify(src/realsense-ros/realsense2_ros_mqtt_bridge) by extensions ['colcon_meta']
[0.585s] Level 1:colcon.colcon_core.package_identification:_identify(src/realsense-ros/realsense2_ros_mqtt_bridge) by extension 'colcon_meta'
[0.585s] Level 1:colcon.colcon_core.package_identification:_identify(src/realsense-ros/realsense2_ros_mqtt_bridge) by extensions ['ros']
[0.585s] Level 1:colcon.colcon_core.package_identification:_identify(src/realsense-ros/realsense2_ros_mqtt_bridge) by extension 'ros'
[0.585s] DEBUG:colcon.colcon_core.package_identification:Package 'src/realsense-ros/realsense2_ros_mqtt_bridge' with type 'ros.ament_python' and name 'realsense2_ros_mqtt_bridge'
[0.585s] Level 1:colcon.colcon_core.package_identification:_identify(src/realsense-ros/res) by extensions ['ignore', 'ignore_ament_install']
[0.585s] Level 1:colcon.colcon_core.package_identification:_identify(src/realsense-ros/res) by extension 'ignore'
[0.586s] Level 1:colcon.colcon_core.package_identification:_identify(src/realsense-ros/res) by extension 'ignore_ament_install'
[0.586s] Level 1:colcon.colcon_core.package_identification:_identify(src/realsense-ros/res) by extensions ['colcon_pkg']
[0.586s] Level 1:colcon.colcon_core.package_identification:_identify(src/realsense-ros/res) by extension 'colcon_pkg'
[0.586s] Level 1:colcon.colcon_core.package_identification:_identify(src/realsense-ros/res) by extensions ['colcon_meta']
[0.586s] Level 1:colcon.colcon_core.package_identification:_identify(src/realsense-ros/res) by extension 'colcon_meta'
[0.586s] Level 1:colcon.colcon_core.package_identification:_identify(src/realsense-ros/res) by extensions ['ros']
[0.586s] Level 1:colcon.colcon_core.package_identification:_identify(src/realsense-ros/res) by extension 'ros'
[0.586s] Level 1:colcon.colcon_core.package_identification:_identify(src/realsense-ros/res) by extensions ['cmake', 'python']
[0.586s] Level 1:colcon.colcon_core.package_identification:_identify(src/realsense-ros/res) by extension 'cmake'
[0.586s] Level 1:colcon.colcon_core.package_identification:_identify(src/realsense-ros/res) by extension 'python'
[0.586s] Level 1:colcon.colcon_core.package_identification:_identify(src/realsense-ros/res) by extensions ['python_setup_py']
[0.586s] Level 1:colcon.colcon_core.package_identification:_identify(src/realsense-ros/res) by extension 'python_setup_py'
[0.586s] Level 1:colcon.colcon_core.package_identification:_identify(src/realsense-ros/scripts) by extensions ['ignore', 'ignore_ament_install']
[0.586s] Level 1:colcon.colcon_core.package_identification:_identify(src/realsense-ros/scripts) by extension 'ignore'
[0.586s] Level 1:colcon.colcon_core.package_identification:_identify(src/realsense-ros/scripts) by extension 'ignore_ament_install'
[0.586s] Level 1:colcon.colcon_core.package_identification:_identify(src/realsense-ros/scripts) by extensions ['colcon_pkg']
[0.586s] Level 1:colcon.colcon_core.package_identification:_identify(src/realsense-ros/scripts) by extension 'colcon_pkg'
[0.586s] Level 1:colcon.colcon_core.package_identification:_identify(src/realsense-ros/scripts) by extensions ['colcon_meta']
[0.586s] Level 1:colcon.colcon_core.package_identification:_identify(src/realsense-ros/scripts) by extension 'colcon_meta'
[0.586s] Level 1:colcon.colcon_core.package_identification:_identify(src/realsense-ros/scripts) by extensions ['ros']
[0.586s] Level 1:colcon.colcon_core.package_identification:_identify(src/realsense-ros/scripts) by extension 'ros'
[0.586s] Level 1:colcon.colcon_core.package_identification:_identify(src/realsense-ros/scripts) by extensions ['cmake', 'python']
[0.587s] Level 1:colcon.colcon_core.package_identification:_identify(src/realsense-ros/scripts) by extension 'cmake'
[0.587s] Level 1:colcon.colcon_core.package_identification:_identify(src/realsense-ros/scripts) by extension 'python'
[0.587s] Level 1:colcon.colcon_core.package_identification:_identify(src/realsense-ros/scripts) by extensions ['python_setup_py']
[0.587s] Level 1:colcon.colcon_core.package_identification:_identify(src/realsense-ros/scripts) by extension 'python_setup_py'
[0.587s] Level 1:colcon.colcon_core.package_identification:_identify(src/red_seiretu_description) by extensions ['ignore', 'ignore_ament_install']
[0.587s] Level 1:colcon.colcon_core.package_identification:_identify(src/red_seiretu_description) by extension 'ignore'
[0.587s] Level 1:colcon.colcon_core.package_identification:_identify(src/red_seiretu_description) by extension 'ignore_ament_install'
[0.587s] Level 1:colcon.colcon_core.package_identification:_identify(src/red_seiretu_description) by extensions ['colcon_pkg']
[0.587s] Level 1:colcon.colcon_core.package_identification:_identify(src/red_seiretu_description) by extension 'colcon_pkg'
[0.587s] Level 1:colcon.colcon_core.package_identification:_identify(src/red_seiretu_description) by extensions ['colcon_meta']
[0.587s] Level 1:colcon.colcon_core.package_identification:_identify(src/red_seiretu_description) by extension 'colcon_meta'
[0.587s] Level 1:colcon.colcon_core.package_identification:_identify(src/red_seiretu_description) by extensions ['ros']
[0.587s] Level 1:colcon.colcon_core.package_identification:_identify(src/red_seiretu_description) by extension 'ros'
[0.588s] DEBUG:colcon.colcon_core.package_identification:Package 'src/red_seiretu_description' with type 'ros.ament_cmake' and name 'red_seiretu_description'
[0.588s] Level 1:colcon.colcon_core.package_identification:_identify(src/robot_config) by extensions ['ignore', 'ignore_ament_install']
[0.588s] Level 1:colcon.colcon_core.package_identification:_identify(src/robot_config) by extension 'ignore'
[0.588s] Level 1:colcon.colcon_core.package_identification:_identify(src/robot_config) by extension 'ignore_ament_install'
[0.588s] Level 1:colcon.colcon_core.package_identification:_identify(src/robot_config) by extensions ['colcon_pkg']
[0.588s] Level 1:colcon.colcon_core.package_identification:_identify(src/robot_config) by extension 'colcon_pkg'
[0.588s] Level 1:colcon.colcon_core.package_identification:_identify(src/robot_config) by extensions ['colcon_meta']
[0.588s] Level 1:colcon.colcon_core.package_identification:_identify(src/robot_config) by extension 'colcon_meta'
[0.588s] Level 1:colcon.colcon_core.package_identification:_identify(src/robot_config) by extensions ['ros']
[0.588s] Level 1:colcon.colcon_core.package_identification:_identify(src/robot_config) by extension 'ros'
[0.593s] DEBUG:colcon.colcon_core.package_identification:Package 'src/robot_config' with type 'ros.ament_cmake' and name 'robot_config'
[0.593s] Level 1:colcon.colcon_core.package_identification:_identify(src/rogilinkFlex-ros2) by extensions ['ignore', 'ignore_ament_install']
[0.593s] Level 1:colcon.colcon_core.package_identification:_identify(src/rogilinkFlex-ros2) by extension 'ignore'
[0.593s] Level 1:colcon.colcon_core.package_identification:_identify(src/rogilinkFlex-ros2) by extension 'ignore_ament_install'
[0.593s] Level 1:colcon.colcon_core.package_identification:_identify(src/rogilinkFlex-ros2) by extensions ['colcon_pkg']
[0.593s] Level 1:colcon.colcon_core.package_identification:_identify(src/rogilinkFlex-ros2) by extension 'colcon_pkg'
[0.593s] Level 1:colcon.colcon_core.package_identification:_identify(src/rogilinkFlex-ros2) by extensions ['colcon_meta']
[0.593s] Level 1:colcon.colcon_core.package_identification:_identify(src/rogilinkFlex-ros2) by extension 'colcon_meta'
[0.593s] Level 1:colcon.colcon_core.package_identification:_identify(src/rogilinkFlex-ros2) by extensions ['ros']
[0.593s] Level 1:colcon.colcon_core.package_identification:_identify(src/rogilinkFlex-ros2) by extension 'ros'
[0.593s] Level 1:colcon.colcon_core.package_identification:_identify(src/rogilinkFlex-ros2) by extensions ['cmake', 'python']
[0.594s] Level 1:colcon.colcon_core.package_identification:_identify(src/rogilinkFlex-ros2) by extension 'cmake'
[0.594s] Level 1:colcon.colcon_core.package_identification:_identify(src/rogilinkFlex-ros2) by extension 'python'
[0.594s] Level 1:colcon.colcon_core.package_identification:_identify(src/rogilinkFlex-ros2) by extensions ['python_setup_py']
[0.594s] Level 1:colcon.colcon_core.package_identification:_identify(src/rogilinkFlex-ros2) by extension 'python_setup_py'
[0.594s] Level 1:colcon.colcon_core.package_identification:_identify(src/rogilinkFlex-ros2/rogilink_flex) by extensions ['ignore', 'ignore_ament_install']
[0.594s] Level 1:colcon.colcon_core.package_identification:_identify(src/rogilinkFlex-ros2/rogilink_flex) by extension 'ignore'
[0.594s] Level 1:colcon.colcon_core.package_identification:_identify(src/rogilinkFlex-ros2/rogilink_flex) by extension 'ignore_ament_install'
[0.594s] Level 1:colcon.colcon_core.package_identification:_identify(src/rogilinkFlex-ros2/rogilink_flex) by extensions ['colcon_pkg']
[0.594s] Level 1:colcon.colcon_core.package_identification:_identify(src/rogilinkFlex-ros2/rogilink_flex) by extension 'colcon_pkg'
[0.594s] Level 1:colcon.colcon_core.package_identification:_identify(src/rogilinkFlex-ros2/rogilink_flex) by extensions ['colcon_meta']
[0.594s] Level 1:colcon.colcon_core.package_identification:_identify(src/rogilinkFlex-ros2/rogilink_flex) by extension 'colcon_meta'
[0.594s] Level 1:colcon.colcon_core.package_identification:_identify(src/rogilinkFlex-ros2/rogilink_flex) by extensions ['ros']
[0.594s] Level 1:colcon.colcon_core.package_identification:_identify(src/rogilinkFlex-ros2/rogilink_flex) by extension 'ros'
[0.595s] DEBUG:colcon.colcon_core.package_identification:Package 'src/rogilinkFlex-ros2/rogilink_flex' with type 'ros.ament_cmake' and name 'rogilink_flex'
[0.595s] Level 1:colcon.colcon_core.package_identification:_identify(src/rogilinkFlex-ros2/rogilink_flex_example_py) by extensions ['ignore', 'ignore_ament_install']
[0.595s] Level 1:colcon.colcon_core.package_identification:_identify(src/rogilinkFlex-ros2/rogilink_flex_example_py) by extension 'ignore'
[0.595s] Level 1:colcon.colcon_core.package_identification:_identify(src/rogilinkFlex-ros2/rogilink_flex_example_py) by extension 'ignore_ament_install'
[0.595s] Level 1:colcon.colcon_core.package_identification:_identify(src/rogilinkFlex-ros2/rogilink_flex_example_py) by extensions ['colcon_pkg']
[0.595s] Level 1:colcon.colcon_core.package_identification:_identify(src/rogilinkFlex-ros2/rogilink_flex_example_py) by extension 'colcon_pkg'
[0.595s] Level 1:colcon.colcon_core.package_identification:_identify(src/rogilinkFlex-ros2/rogilink_flex_example_py) by extensions ['colcon_meta']
[0.595s] Level 1:colcon.colcon_core.package_identification:_identify(src/rogilinkFlex-ros2/rogilink_flex_example_py) by extension 'colcon_meta'
[0.595s] Level 1:colcon.colcon_core.package_identification:_identify(src/rogilinkFlex-ros2/rogilink_flex_example_py) by extensions ['ros']
[0.595s] Level 1:colcon.colcon_core.package_identification:_identify(src/rogilinkFlex-ros2/rogilink_flex_example_py) by extension 'ros'
[0.596s] DEBUG:colcon.colcon_core.package_identification:Package 'src/rogilinkFlex-ros2/rogilink_flex_example_py' with type 'ros.ament_python' and name 'rogilink_flex_example_py'
[0.596s] Level 1:colcon.colcon_core.package_identification:_identify(src/rogilinkFlex-ros2/rogilink_flex_gui) by extensions ['ignore', 'ignore_ament_install']
[0.596s] Level 1:colcon.colcon_core.package_identification:_identify(src/rogilinkFlex-ros2/rogilink_flex_gui) by extension 'ignore'
[0.596s] Level 1:colcon.colcon_core.package_identification:_identify(src/rogilinkFlex-ros2/rogilink_flex_gui) by extension 'ignore_ament_install'
[0.596s] Level 1:colcon.colcon_core.package_identification:_identify(src/rogilinkFlex-ros2/rogilink_flex_gui) by extensions ['colcon_pkg']
[0.596s] Level 1:colcon.colcon_core.package_identification:_identify(src/rogilinkFlex-ros2/rogilink_flex_gui) by extension 'colcon_pkg'
[0.596s] Level 1:colcon.colcon_core.package_identification:_identify(src/rogilinkFlex-ros2/rogilink_flex_gui) by extensions ['colcon_meta']
[0.596s] Level 1:colcon.colcon_core.package_identification:_identify(src/rogilinkFlex-ros2/rogilink_flex_gui) by extension 'colcon_meta'
[0.596s] Level 1:colcon.colcon_core.package_identification:_identify(src/rogilinkFlex-ros2/rogilink_flex_gui) by extensions ['ros']
[0.596s] Level 1:colcon.colcon_core.package_identification:_identify(src/rogilinkFlex-ros2/rogilink_flex_gui) by extension 'ros'
[0.597s] DEBUG:colcon.colcon_core.package_identification:Package 'src/rogilinkFlex-ros2/rogilink_flex_gui' with type 'ros.ament_python' and name 'rogilink_flex_gui'
[0.597s] Level 1:colcon.colcon_core.package_identification:_identify(src/rogilinkFlex-ros2/rogilink_flex_interfaces) by extensions ['ignore', 'ignore_ament_install']
[0.597s] Level 1:colcon.colcon_core.package_identification:_identify(src/rogilinkFlex-ros2/rogilink_flex_interfaces) by extension 'ignore'
[0.597s] Level 1:colcon.colcon_core.package_identification:_identify(src/rogilinkFlex-ros2/rogilink_flex_interfaces) by extension 'ignore_ament_install'
[0.597s] Level 1:colcon.colcon_core.package_identification:_identify(src/rogilinkFlex-ros2/rogilink_flex_interfaces) by extensions ['colcon_pkg']
[0.597s] Level 1:colcon.colcon_core.package_identification:_identify(src/rogilinkFlex-ros2/rogilink_flex_interfaces) by extension 'colcon_pkg'
[0.597s] Level 1:colcon.colcon_core.package_identification:_identify(src/rogilinkFlex-ros2/rogilink_flex_interfaces) by extensions ['colcon_meta']
[0.597s] Level 1:colcon.colcon_core.package_identification:_identify(src/rogilinkFlex-ros2/rogilink_flex_interfaces) by extension 'colcon_meta'
[0.598s] Level 1:colcon.colcon_core.package_identification:_identify(src/rogilinkFlex-ros2/rogilink_flex_interfaces) by extensions ['ros']
[0.598s] Level 1:colcon.colcon_core.package_identification:_identify(src/rogilinkFlex-ros2/rogilink_flex_interfaces) by extension 'ros'
[0.598s] DEBUG:colcon.colcon_core.package_identification:Package 'src/rogilinkFlex-ros2/rogilink_flex_interfaces' with type 'ros.ament_cmake' and name 'rogilink_flex_interfaces'
[0.598s] Level 1:colcon.colcon_core.package_identification:_identify(src/rogilinkFlex-ros2/rogilink_flex_lib) by extensions ['ignore', 'ignore_ament_install']
[0.599s] Level 1:colcon.colcon_core.package_identification:_identify(src/rogilinkFlex-ros2/rogilink_flex_lib) by extension 'ignore'
[0.599s] Level 1:colcon.colcon_core.package_identification:_identify(src/rogilinkFlex-ros2/rogilink_flex_lib) by extension 'ignore_ament_install'
[0.599s] Level 1:colcon.colcon_core.package_identification:_identify(src/rogilinkFlex-ros2/rogilink_flex_lib) by extensions ['colcon_pkg']
[0.599s] Level 1:colcon.colcon_core.package_identification:_identify(src/rogilinkFlex-ros2/rogilink_flex_lib) by extension 'colcon_pkg'
[0.599s] Level 1:colcon.colcon_core.package_identification:_identify(src/rogilinkFlex-ros2/rogilink_flex_lib) by extensions ['colcon_meta']
[0.599s] Level 1:colcon.colcon_core.package_identification:_identify(src/rogilinkFlex-ros2/rogilink_flex_lib) by extension 'colcon_meta'
[0.599s] Level 1:colcon.colcon_core.package_identification:_identify(src/rogilinkFlex-ros2/rogilink_flex_lib) by extensions ['ros']
[0.599s] Level 1:colcon.colcon_core.package_identification:_identify(src/rogilinkFlex-ros2/rogilink_flex_lib) by extension 'ros'
[0.599s] DEBUG:colcon.colcon_core.package_identification:Package 'src/rogilinkFlex-ros2/rogilink_flex_lib' with type 'ros.ament_cmake' and name 'rogilink_flex_lib'
[0.600s] Level 1:colcon.colcon_core.package_identification:_identify(src/rosparam_shortcuts) by extensions ['ignore', 'ignore_ament_install']
[0.600s] Level 1:colcon.colcon_core.package_identification:_identify(src/rosparam_shortcuts) by extension 'ignore'
[0.600s] Level 1:colcon.colcon_core.package_identification:_identify(src/rosparam_shortcuts) by extension 'ignore_ament_install'
[0.600s] Level 1:colcon.colcon_core.package_identification:_identify(src/rosparam_shortcuts) by extensions ['colcon_pkg']
[0.600s] Level 1:colcon.colcon_core.package_identification:_identify(src/rosparam_shortcuts) by extension 'colcon_pkg'
[0.600s] Level 1:colcon.colcon_core.package_identification:_identify(src/rosparam_shortcuts) by extensions ['colcon_meta']
[0.600s] Level 1:colcon.colcon_core.package_identification:_identify(src/rosparam_shortcuts) by extension 'colcon_meta'
[0.600s] Level 1:colcon.colcon_core.package_identification:_identify(src/rosparam_shortcuts) by extensions ['ros']
[0.600s] Level 1:colcon.colcon_core.package_identification:_identify(src/rosparam_shortcuts) by extension 'ros'
[0.601s] DEBUG:colcon.colcon_core.package_identification:Package 'src/rosparam_shortcuts' with type 'ros.ament_cmake' and name 'rosparam_shortcuts'
[0.601s] Level 1:colcon.colcon_core.package_identification:_identify(src/srdfdom) by extensions ['ignore', 'ignore_ament_install']
[0.601s] Level 1:colcon.colcon_core.package_identification:_identify(src/srdfdom) by extension 'ignore'
[0.601s] Level 1:colcon.colcon_core.package_identification:_identify(src/srdfdom) by extension 'ignore_ament_install'
[0.601s] Level 1:colcon.colcon_core.package_identification:_identify(src/srdfdom) by extensions ['colcon_pkg']
[0.601s] Level 1:colcon.colcon_core.package_identification:_identify(src/srdfdom) by extension 'colcon_pkg'
[0.601s] Level 1:colcon.colcon_core.package_identification:_identify(src/srdfdom) by extensions ['colcon_meta']
[0.601s] Level 1:colcon.colcon_core.package_identification:_identify(src/srdfdom) by extension 'colcon_meta'
[0.601s] Level 1:colcon.colcon_core.package_identification:_identify(src/srdfdom) by extensions ['ros']
[0.601s] Level 1:colcon.colcon_core.package_identification:_identify(src/srdfdom) by extension 'ros'
[0.602s] DEBUG:colcon.colcon_core.package_identification:Package 'src/srdfdom' with type 'ros.ament_cmake' and name 'srdfdom'
[0.603s] Level 1:colcon.colcon_core.package_identification:_identify(src/trac_ik) by extensions ['ignore', 'ignore_ament_install']
[0.603s] Level 1:colcon.colcon_core.package_identification:_identify(src/trac_ik) by extension 'ignore'
[0.603s] Level 1:colcon.colcon_core.package_identification:_identify(src/trac_ik) by extension 'ignore_ament_install'
[0.603s] Level 1:colcon.colcon_core.package_identification:_identify(src/trac_ik) by extensions ['colcon_pkg']
[0.603s] Level 1:colcon.colcon_core.package_identification:_identify(src/trac_ik) by extension 'colcon_pkg'
[0.603s] Level 1:colcon.colcon_core.package_identification:_identify(src/trac_ik) by extensions ['colcon_meta']
[0.603s] Level 1:colcon.colcon_core.package_identification:_identify(src/trac_ik) by extension 'colcon_meta'
[0.603s] Level 1:colcon.colcon_core.package_identification:_identify(src/trac_ik) by extensions ['ros']
[0.603s] Level 1:colcon.colcon_core.package_identification:_identify(src/trac_ik) by extension 'ros'
[0.603s] Level 1:colcon.colcon_core.package_identification:_identify(src/trac_ik) by extensions ['cmake', 'python']
[0.603s] Level 1:colcon.colcon_core.package_identification:_identify(src/trac_ik) by extension 'cmake'
[0.603s] Level 1:colcon.colcon_core.package_identification:_identify(src/trac_ik) by extension 'python'
[0.603s] Level 1:colcon.colcon_core.package_identification:_identify(src/trac_ik) by extensions ['python_setup_py']
[0.603s] Level 1:colcon.colcon_core.package_identification:_identify(src/trac_ik) by extension 'python_setup_py'
[0.603s] Level 1:colcon.colcon_core.package_identification:_identify(src/trac_ik/trac_ik) by extensions ['ignore', 'ignore_ament_install']
[0.603s] Level 1:colcon.colcon_core.package_identification:_identify(src/trac_ik/trac_ik) by extension 'ignore'
[0.603s] Level 1:colcon.colcon_core.package_identification:_identify(src/trac_ik/trac_ik) by extension 'ignore_ament_install'
[0.603s] Level 1:colcon.colcon_core.package_identification:_identify(src/trac_ik/trac_ik) by extensions ['colcon_pkg']
[0.603s] Level 1:colcon.colcon_core.package_identification:_identify(src/trac_ik/trac_ik) by extension 'colcon_pkg'
[0.603s] Level 1:colcon.colcon_core.package_identification:_identify(src/trac_ik/trac_ik) by extensions ['colcon_meta']
[0.604s] Level 1:colcon.colcon_core.package_identification:_identify(src/trac_ik/trac_ik) by extension 'colcon_meta'
[0.604s] Level 1:colcon.colcon_core.package_identification:_identify(src/trac_ik/trac_ik) by extensions ['ros']
[0.604s] Level 1:colcon.colcon_core.package_identification:_identify(src/trac_ik/trac_ik) by extension 'ros'
[0.604s] DEBUG:colcon.colcon_core.package_identification:Package 'src/trac_ik/trac_ik' with type 'ros.ament_cmake' and name 'trac_ik'
[0.604s] Level 1:colcon.colcon_core.package_identification:_identify(src/trac_ik/trac_ik_examples) by extensions ['ignore', 'ignore_ament_install']
[0.605s] Level 1:colcon.colcon_core.package_identification:_identify(src/trac_ik/trac_ik_examples) by extension 'ignore'
[0.605s] Level 1:colcon.colcon_core.package_identification:_identify(src/trac_ik/trac_ik_examples) ignored
[0.605s] Level 1:colcon.colcon_core.package_identification:_identify(src/trac_ik/trac_ik_kinematics_plugin) by extensions ['ignore', 'ignore_ament_install']
[0.605s] Level 1:colcon.colcon_core.package_identification:_identify(src/trac_ik/trac_ik_kinematics_plugin) by extension 'ignore'
[0.605s] Level 1:colcon.colcon_core.package_identification:_identify(src/trac_ik/trac_ik_kinematics_plugin) by extension 'ignore_ament_install'
[0.605s] Level 1:colcon.colcon_core.package_identification:_identify(src/trac_ik/trac_ik_kinematics_plugin) by extensions ['colcon_pkg']
[0.605s] Level 1:colcon.colcon_core.package_identification:_identify(src/trac_ik/trac_ik_kinematics_plugin) by extension 'colcon_pkg'
[0.605s] Level 1:colcon.colcon_core.package_identification:_identify(src/trac_ik/trac_ik_kinematics_plugin) by extensions ['colcon_meta']
[0.605s] Level 1:colcon.colcon_core.package_identification:_identify(src/trac_ik/trac_ik_kinematics_plugin) by extension 'colcon_meta'
[0.605s] Level 1:colcon.colcon_core.package_identification:_identify(src/trac_ik/trac_ik_kinematics_plugin) by extensions ['ros']
[0.605s] Level 1:colcon.colcon_core.package_identification:_identify(src/trac_ik/trac_ik_kinematics_plugin) by extension 'ros'
[0.606s] DEBUG:colcon.colcon_core.package_identification:Package 'src/trac_ik/trac_ik_kinematics_plugin' with type 'ros.ament_cmake' and name 'trac_ik_kinematics_plugin'
[0.606s] Level 1:colcon.colcon_core.package_identification:_identify(src/trac_ik/trac_ik_lib) by extensions ['ignore', 'ignore_ament_install']
[0.607s] Level 1:colcon.colcon_core.package_identification:_identify(src/trac_ik/trac_ik_lib) by extension 'ignore'
[0.607s] Level 1:colcon.colcon_core.package_identification:_identify(src/trac_ik/trac_ik_lib) by extension 'ignore_ament_install'
[0.607s] Level 1:colcon.colcon_core.package_identification:_identify(src/trac_ik/trac_ik_lib) by extensions ['colcon_pkg']
[0.607s] Level 1:colcon.colcon_core.package_identification:_identify(src/trac_ik/trac_ik_lib) by extension 'colcon_pkg'
[0.607s] Level 1:colcon.colcon_core.package_identification:_identify(src/trac_ik/trac_ik_lib) by extensions ['colcon_meta']
[0.607s] Level 1:colcon.colcon_core.package_identification:_identify(src/trac_ik/trac_ik_lib) by extension 'colcon_meta'
[0.607s] Level 1:colcon.colcon_core.package_identification:_identify(src/trac_ik/trac_ik_lib) by extensions ['ros']
[0.607s] Level 1:colcon.colcon_core.package_identification:_identify(src/trac_ik/trac_ik_lib) by extension 'ros'
[0.608s] DEBUG:colcon.colcon_core.package_identification:Package 'src/trac_ik/trac_ik_lib' with type 'ros.ament_cmake' and name 'trac_ik_lib'
[0.608s] Level 1:colcon.colcon_core.package_identification:_identify(src/trac_ik/trac_ik_python) by extensions ['ignore', 'ignore_ament_install']
[0.608s] Level 1:colcon.colcon_core.package_identification:_identify(src/trac_ik/trac_ik_python) by extension 'ignore'
[0.609s] Level 1:colcon.colcon_core.package_identification:_identify(src/trac_ik/trac_ik_python) ignored
[0.609s] Level 1:colcon.colcon_core.package_identification:_identify(src/urdf_0816_description-20250818T025130Z-1-001) by extensions ['ignore', 'ignore_ament_install']
[0.609s] Level 1:colcon.colcon_core.package_identification:_identify(src/urdf_0816_description-20250818T025130Z-1-001) by extension 'ignore'
[0.609s] Level 1:colcon.colcon_core.package_identification:_identify(src/urdf_0816_description-20250818T025130Z-1-001) by extension 'ignore_ament_install'
[0.609s] Level 1:colcon.colcon_core.package_identification:_identify(src/urdf_0816_description-20250818T025130Z-1-001) by extensions ['colcon_pkg']
[0.609s] Level 1:colcon.colcon_core.package_identification:_identify(src/urdf_0816_description-20250818T025130Z-1-001) by extension 'colcon_pkg'
[0.609s] Level 1:colcon.colcon_core.package_identification:_identify(src/urdf_0816_description-20250818T025130Z-1-001) by extensions ['colcon_meta']
[0.609s] Level 1:colcon.colcon_core.package_identification:_identify(src/urdf_0816_description-20250818T025130Z-1-001) by extension 'colcon_meta'
[0.609s] Level 1:colcon.colcon_core.package_identification:_identify(src/urdf_0816_description-20250818T025130Z-1-001) by extensions ['ros']
[0.609s] Level 1:colcon.colcon_core.package_identification:_identify(src/urdf_0816_description-20250818T025130Z-1-001) by extension 'ros'
[0.609s] Level 1:colcon.colcon_core.package_identification:_identify(src/urdf_0816_description-20250818T025130Z-1-001) by extensions ['cmake', 'python']
[0.609s] Level 1:colcon.colcon_core.package_identification:_identify(src/urdf_0816_description-20250818T025130Z-1-001) by extension 'cmake'
[0.609s] Level 1:colcon.colcon_core.package_identification:_identify(src/urdf_0816_description-20250818T025130Z-1-001) by extension 'python'
[0.609s] Level 1:colcon.colcon_core.package_identification:_identify(src/urdf_0816_description-20250818T025130Z-1-001) by extensions ['python_setup_py']
[0.609s] Level 1:colcon.colcon_core.package_identification:_identify(src/urdf_0816_description-20250818T025130Z-1-001) by extension 'python_setup_py'
[0.609s] Level 1:colcon.colcon_core.package_identification:_identify(src/urdf_0816_description-20250818T025130Z-1-001/urdf_0816_description) by extensions ['ignore', 'ignore_ament_install']
[0.609s] Level 1:colcon.colcon_core.package_identification:_identify(src/urdf_0816_description-20250818T025130Z-1-001/urdf_0816_description) by extension 'ignore'
[0.609s] Level 1:colcon.colcon_core.package_identification:_identify(src/urdf_0816_description-20250818T025130Z-1-001/urdf_0816_description) by extension 'ignore_ament_install'
[0.610s] Level 1:colcon.colcon_core.package_identification:_identify(src/urdf_0816_description-20250818T025130Z-1-001/urdf_0816_description) by extensions ['colcon_pkg']
[0.610s] Level 1:colcon.colcon_core.package_identification:_identify(src/urdf_0816_description-20250818T025130Z-1-001/urdf_0816_description) by extension 'colcon_pkg'
[0.610s] Level 1:colcon.colcon_core.package_identification:_identify(src/urdf_0816_description-20250818T025130Z-1-001/urdf_0816_description) by extensions ['colcon_meta']
[0.610s] Level 1:colcon.colcon_core.package_identification:_identify(src/urdf_0816_description-20250818T025130Z-1-001/urdf_0816_description) by extension 'colcon_meta'
[0.610s] Level 1:colcon.colcon_core.package_identification:_identify(src/urdf_0816_description-20250818T025130Z-1-001/urdf_0816_description) by extensions ['ros']
[0.610s] Level 1:colcon.colcon_core.package_identification:_identify(src/urdf_0816_description-20250818T025130Z-1-001/urdf_0816_description) by extension 'ros'
[0.611s] DEBUG:colcon.colcon_core.package_identification:Package 'src/urdf_0816_description-20250818T025130Z-1-001/urdf_0816_description' with type 'ros.ament_cmake' and name 'urdf_0816_description'
[0.611s] Level 1:colcon.colcon_core.package_discovery:discover_packages(recursive) using defaults
[0.611s] Level 1:colcon.colcon_core.package_discovery:discover_packages(ignore) discover
[0.611s] Level 1:colcon.colcon_core.package_discovery:discover_packages(ignore) using defaults
[0.611s] Level 1:colcon.colcon_core.package_discovery:discover_packages(path) discover
[0.611s] Level 1:colcon.colcon_core.package_discovery:discover_packages(path) using defaults
[0.732s] INFO:colcon.colcon_core.package_selection:Skipping not selected package 'MAVLink_f446re' in 'src/MAVLink/MAVLink_f446re'
[0.732s] INFO:colcon.colcon_core.package_selection:Skipping not selected package 'blue_seiretu_description' in 'src/blue_seiretu_description'
[0.732s] INFO:colcon.colcon_core.package_selection:Skipping not selected package 'catch_gazebo_ros2_control' in 'src/catch_gazebo_ros2_control'
[0.733s] INFO:colcon.colcon_core.package_selection:Skipping not selected package 'd415_rgb_depth_3d' in 'src/d415_rgb_depth_3d'
[0.733s] INFO:colcon.colcon_core.package_selection:Skipping not selected package 'dynamixel_controller_client' in 'src/dynamixel_ros2/dynamixel_controller_client'
[0.733s] INFO:colcon.colcon_core.package_selection:Skipping not selected package 'dynamixel_sdk' in 'src/dynamixel_ros2/DynamixelSDK/dynamixel_sdk'
[0.733s] INFO:colcon.colcon_core.package_selection:Skipping not selected package 'dynamixel_sdk_custom_interfaces' in 'src/dynamixel_ros2/DynamixelSDK/dynamixel_sdk_custom_interfaces'
[0.733s] INFO:colcon.colcon_core.package_selection:Skipping not selected package 'field_description' in 'src/field_description-20250822T021318Z-1-001/field_description'
[0.733s] INFO:colcon.colcon_core.package_selection:Skipping not selected package 'launch_param_builder' in 'src/launch_param_builder'
[0.733s] INFO:colcon.colcon_core.package_selection:Skipping not selected package 'mavlink_gui_tester' in 'src/MAVLink/MAVLink_gui_ros2'
[0.733s] INFO:colcon.colcon_core.package_selection:Skipping not selected package 'moveit_common' in 'src/moveit2/moveit_common'
[0.733s] INFO:colcon.colcon_core.package_selection:Skipping not selected package 'moveit_resources_fanuc_description' in 'src/moveit_resources/fanuc_description'
[0.733s] INFO:colcon.colcon_core.package_selection:Skipping not selected package 'moveit_resources_panda_description' in 'src/moveit_resources/panda_description'
[0.733s] INFO:colcon.colcon_core.package_selection:Skipping not selected package 'moveit_resources_pr2_description' in 'src/moveit_resources/pr2_description'
[0.733s] INFO:colcon.colcon_core.package_selection:Skipping not selected package 'moveit_resources_prbt_support' in 'src/moveit2/moveit_planners/test_configs/prbt_support'
[0.733s] INFO:colcon.colcon_core.package_selection:Skipping not selected package 'moveit_task_constructor_msgs' in 'src/moveit_task_constructor/msgs'
[0.733s] INFO:colcon.colcon_core.package_selection:Skipping not selected package 'object_description' in 'src/object_description-20250821T110253Z-1-001/object_description'
[0.733s] INFO:colcon.colcon_core.package_selection:Skipping not selected package 'realsense2_camera_msgs' in 'src/realsense-ros/realsense2_camera_msgs'
[0.733s] INFO:colcon.colcon_core.package_selection:Skipping not selected package 'realsense2_ros_mqtt_bridge' in 'src/realsense-ros/realsense2_ros_mqtt_bridge'
[0.733s] INFO:colcon.colcon_core.package_selection:Skipping not selected package 'red_seiretu_description' in 'src/red_seiretu_description'
[0.733s] INFO:colcon.colcon_core.package_selection:Skipping not selected package 'rogilink_flex_gui' in 'src/rogilinkFlex-ros2/rogilink_flex_gui'
[0.733s] INFO:colcon.colcon_core.package_selection:Skipping not selected package 'rogilink_flex_interfaces' in 'src/rogilinkFlex-ros2/rogilink_flex_interfaces'
[0.733s] INFO:colcon.colcon_core.package_selection:Skipping not selected package 'ros_tcp_endpoint' in 'src/ROS-TCP-Endpoint'
[0.733s] INFO:colcon.colcon_core.package_selection:Skipping not selected package 'rosparam_shortcuts' in 'src/rosparam_shortcuts'
[0.733s] INFO:colcon.colcon_core.package_selection:Skipping not selected package 'srdfdom' in 'src/srdfdom'
[0.733s] INFO:colcon.colcon_core.package_selection:Skipping not selected package 'stm32_mavlink_interface' in 'src/MAVLink/MAVLink_ros2'
[0.733s] INFO:colcon.colcon_core.package_selection:Skipping not selected package 'trac_ik_lib' in 'src/trac_ik/trac_ik_lib'
[0.733s] INFO:colcon.colcon_core.package_selection:Skipping not selected package 'urdf_0816_description' in 'src/urdf_0816_description-20250818T025130Z-1-001/urdf_0816_description'
[0.733s] INFO:colcon.colcon_core.package_selection:Skipping not selected package 'dynamixel_sdk_examples' in 'src/dynamixel_ros2/DynamixelSDK/dynamixel_sdk_examples'
[0.733s] INFO:colcon.colcon_core.package_selection:Skipping not selected package 'mavlink_controller_client' in 'src/MAVLink/mavlink_controller_client'
[0.733s] INFO:colcon.colcon_core.package_selection:Skipping not selected package 'moveit_configs_utils' in 'src/moveit2/moveit_configs_utils'
[0.733s] INFO:colcon.colcon_core.package_selection:Skipping not selected package 'moveit_resources_fanuc_moveit_config' in 'src/moveit_resources/fanuc_moveit_config'
[0.733s] INFO:colcon.colcon_core.package_selection:Skipping not selected package 'moveit_resources_panda_moveit_config' in 'src/moveit_resources/panda_moveit_config'
[0.733s] INFO:colcon.colcon_core.package_selection:Skipping not selected package 'realsense2_camera' in 'src/realsense-ros/realsense2_camera'
[0.733s] INFO:colcon.colcon_core.package_selection:Skipping not selected package 'realsense2_description' in 'src/realsense-ros/realsense2_description'
[0.733s] INFO:colcon.colcon_core.package_selection:Skipping not selected package 'rogilink_flex' in 'src/rogilinkFlex-ros2/rogilink_flex'
[0.733s] INFO:colcon.colcon_core.package_selection:Skipping not selected package 'rogilink_flex_lib' in 'src/rogilinkFlex-ros2/rogilink_flex_lib'
[0.733s] INFO:colcon.colcon_core.package_selection:Skipping not selected package 'rviz_marker_tools' in 'src/moveit_task_constructor/rviz_marker_tools'
[0.733s] INFO:colcon.colcon_core.package_selection:Skipping not selected package 'dynamixel_controller_gui' in 'src/dynamixel_ros2/dynamixel_controller_gui'
[0.733s] INFO:colcon.colcon_core.package_selection:Skipping not selected package 'moveit_core' in 'src/moveit2/moveit_core'
[0.733s] INFO:colcon.colcon_core.package_selection:Skipping not selected package 'moveit_resources' in 'src/moveit_resources/moveit_resources'
[0.733s] INFO:colcon.colcon_core.package_selection:Skipping not selected package 'rogilink_flex_example_py' in 'src/rogilinkFlex-ros2/rogilink_flex_example_py'
[0.733s] INFO:colcon.colcon_core.package_selection:Skipping not selected package 'chomp_motion_planner' in 'src/moveit2/moveit_planners/chomp/chomp_motion_planner'
[0.733s] INFO:colcon.colcon_core.package_selection:Skipping not selected package 'moveit_resources_prbt_ikfast_manipulator_plugin' in 'src/moveit2/moveit_planners/test_configs/prbt_ikfast_manipulator_plugin'
[0.733s] INFO:colcon.colcon_core.package_selection:Skipping not selected package 'moveit_ros_occupancy_map_monitor' in 'src/moveit2/moveit_ros/occupancy_map_monitor'
[0.734s] INFO:colcon.colcon_core.package_selection:Skipping not selected package 'moveit_simple_controller_manager' in 'src/moveit2/moveit_plugins/moveit_simple_controller_manager'
[0.734s] INFO:colcon.colcon_core.package_selection:Skipping not selected package 'pilz_industrial_motion_planner_testutils' in 'src/moveit2/moveit_planners/pilz_industrial_motion_planner_testutils'
[0.734s] INFO:colcon.colcon_core.package_selection:Skipping not selected package 'trac_ik_kinematics_plugin' in 'src/trac_ik/trac_ik_kinematics_plugin'
[0.734s] INFO:colcon.colcon_core.package_selection:Skipping not selected package 'moveit_chomp_optimizer_adapter' in 'src/moveit2/moveit_planners/chomp/chomp_optimizer_adapter'
[0.734s] INFO:colcon.colcon_core.package_selection:Skipping not selected package 'moveit_planners_chomp' in 'src/moveit2/moveit_planners/chomp/chomp_interface'
[0.734s] INFO:colcon.colcon_core.package_selection:Skipping not selected package 'moveit_plugins' in 'src/moveit2/moveit_plugins/moveit_plugins'
[0.734s] INFO:colcon.colcon_core.package_selection:Skipping not selected package 'moveit_ros_control_interface' in 'src/moveit2/moveit_plugins/moveit_ros_control_interface'
[0.734s] INFO:colcon.colcon_core.package_selection:Skipping not selected package 'moveit_ros_planning' in 'src/moveit2/moveit_ros/planning'
[0.734s] INFO:colcon.colcon_core.package_selection:Skipping not selected package 'trac_ik' in 'src/trac_ik/trac_ik'
[0.734s] INFO:colcon.colcon_core.package_selection:Skipping not selected package 'moveit_kinematics' in 'src/moveit2/moveit_kinematics'
[0.734s] INFO:colcon.colcon_core.package_selection:Skipping not selected package 'moveit_planners_ompl' in 'src/moveit2/moveit_planners/ompl'
[0.734s] INFO:colcon.colcon_core.package_selection:Skipping not selected package 'moveit_ros_perception' in 'src/moveit2/moveit_ros/perception'
[0.734s] INFO:colcon.colcon_core.package_selection:Skipping not selected package 'moveit_ros_robot_interaction' in 'src/moveit2/moveit_ros/robot_interaction'
[0.734s] INFO:colcon.colcon_core.package_selection:Skipping not selected package 'moveit_ros_warehouse' in 'src/moveit2/moveit_ros/warehouse'
[0.734s] INFO:colcon.colcon_core.package_selection:Skipping not selected package 'moveit_visual_tools' in 'src/moveit_visual_tools'
[0.734s] INFO:colcon.colcon_core.package_selection:Skipping not selected package 'moveit_ros_benchmarks' in 'src/moveit2/moveit_ros/benchmarks'
[0.734s] INFO:colcon.colcon_core.package_selection:Skipping not selected package 'moveit_ros_move_group' in 'src/moveit2/moveit_ros/move_group'
[0.734s] INFO:colcon.colcon_core.package_selection:Skipping not selected package 'moveit_resources_prbt_moveit_config' in 'src/moveit2/moveit_planners/test_configs/prbt_moveit_config'
[0.734s] INFO:colcon.colcon_core.package_selection:Skipping not selected package 'moveit_ros_planning_interface' in 'src/moveit2/moveit_ros/planning_interface'
[0.734s] INFO:colcon.colcon_core.package_selection:Skipping not selected package 'hello_moveit' in 'src/hello_moveit'
[0.734s] INFO:colcon.colcon_core.package_selection:Skipping not selected package 'moveit_hybrid_planning' in 'src/moveit2/moveit_ros/hybrid_planning'
[0.734s] INFO:colcon.colcon_core.package_selection:Skipping not selected package 'moveit_resources_prbt_pg70_support' in 'src/moveit2/moveit_planners/test_configs/prbt_pg70_support'
[0.734s] INFO:colcon.colcon_core.package_selection:Skipping not selected package 'moveit_ros_visualization' in 'src/moveit2/moveit_ros/visualization'
[0.734s] INFO:colcon.colcon_core.package_selection:Skipping not selected package 'moveit_servo' in 'src/moveit2/moveit_ros/moveit_servo'
[0.734s] INFO:colcon.colcon_core.package_selection:Skipping not selected package 'moveit_ros' in 'src/moveit2/moveit_ros/moveit_ros'
[0.734s] INFO:colcon.colcon_core.package_selection:Skipping not selected package 'moveit_setup_framework' in 'src/moveit2/moveit_setup_assistant/moveit_setup_framework'
[0.734s] INFO:colcon.colcon_core.package_selection:Skipping not selected package 'pilz_industrial_motion_planner' in 'src/moveit2/moveit_planners/pilz_industrial_motion_planner'
[0.734s] INFO:colcon.colcon_core.package_selection:Skipping not selected package 'moveit_planners' in 'src/moveit2/moveit_planners/moveit_planners'
[0.734s] INFO:colcon.colcon_core.package_selection:Skipping not selected package 'moveit_setup_app_plugins' in 'src/moveit2/moveit_setup_assistant/moveit_setup_app_plugins'
[0.734s] INFO:colcon.colcon_core.package_selection:Skipping not selected package 'moveit_setup_controllers' in 'src/moveit2/moveit_setup_assistant/moveit_setup_controllers'
[0.734s] INFO:colcon.colcon_core.package_selection:Skipping not selected package 'moveit_setup_core_plugins' in 'src/moveit2/moveit_setup_assistant/moveit_setup_core_plugins'
[0.734s] INFO:colcon.colcon_core.package_selection:Skipping not selected package 'moveit_setup_srdf_plugins' in 'src/moveit2/moveit_setup_assistant/moveit_setup_srdf_plugins'
[0.734s] INFO:colcon.colcon_core.package_selection:Skipping not selected package 'moveit_runtime' in 'src/moveit2/moveit_runtime'
[0.734s] INFO:colcon.colcon_core.package_selection:Skipping not selected package 'moveit_setup_assistant' in 'src/moveit2/moveit_setup_assistant/moveit_setup_assistant'
[0.734s] INFO:colcon.colcon_core.package_selection:Skipping not selected package 'moveit_task_constructor_core' in 'src/moveit_task_constructor/core'
[0.734s] INFO:colcon.colcon_core.package_selection:Skipping not selected package 'moveit' in 'src/moveit2/moveit'
[0.734s] INFO:colcon.colcon_core.package_selection:Skipping not selected package 'moveit_task_constructor_capabilities' in 'src/moveit_task_constructor/capabilities'
[0.734s] INFO:colcon.colcon_core.package_selection:Skipping not selected package 'moveit_task_constructor_visualization' in 'src/moveit_task_constructor/visualization'
[0.734s] INFO:colcon.colcon_core.package_selection:Skipping not selected package 'mtc_tutorial' in 'src/mtc_tutorial'
[0.734s] INFO:colcon.colcon_core.package_selection:Skipping not selected package 'robot_config' in 'src/robot_config'
[0.734s] INFO:colcon.colcon_core.package_selection:Skipping not selected package 'moveit2_tutorials' in 'src/moveit2_tutorials'
[0.734s] INFO:colcon.colcon_core.package_selection:Skipping not selected package 'moveit_task_constructor_demo' in 'src/moveit_task_constructor/demo'
[0.735s] Level 1:colcon.colcon_core.package_discovery:discover_packages(prefix_path) check parameters
[0.735s] Level 1:colcon.colcon_core.package_discovery:discover_packages(prefix_path) discover
[0.743s] DEBUG:colcon.colcon_installed_package_information.package_discovery:Found 95 installed packages in /home/a/ws_moveit2/install
[0.745s] DEBUG:colcon.colcon_installed_package_information.package_discovery:Found 362 installed packages in /opt/ros/humble
[0.748s] Level 1:colcon.colcon_core.package_discovery:discover_packages(prefix_path) using defaults
[0.812s] Level 5:colcon.colcon_core.verb:set package 'dynamixel_controller' build argument 'cmake_args' from command line to 'None'
[0.812s] Level 5:colcon.colcon_core.verb:set package 'dynamixel_controller' build argument 'cmake_target' from command line to 'None'
[0.812s] Level 5:colcon.colcon_core.verb:set package 'dynamixel_controller' build argument 'cmake_target_skip_unavailable' from command line to 'False'
[0.812s] Level 5:colcon.colcon_core.verb:set package 'dynamixel_controller' build argument 'cmake_clean_cache' from command line to 'False'
[0.812s] Level 5:colcon.colcon_core.verb:set package 'dynamixel_controller' build argument 'cmake_clean_first' from command line to 'False'
[0.812s] Level 5:colcon.colcon_core.verb:set package 'dynamixel_controller' build argument 'cmake_force_configure' from command line to 'False'
[0.812s] Level 5:colcon.colcon_core.verb:set package 'dynamixel_controller' build argument 'ament_cmake_args' from command line to 'None'
[0.812s] Level 5:colcon.colcon_core.verb:set package 'dynamixel_controller' build argument 'catkin_cmake_args' from command line to 'None'
[0.812s] Level 5:colcon.colcon_core.verb:set package 'dynamixel_controller' build argument 'catkin_skip_building_tests' from command line to 'False'
[0.812s] DEBUG:colcon.colcon_core.verb:Building package 'dynamixel_controller' with the following arguments: {'ament_cmake_args': None, 'build_base': '/home/a/ws_moveit2/build/dynamixel_controller', 'catkin_cmake_args': None, 'catkin_skip_building_tests': False, 'cmake_args': None, 'cmake_clean_cache': False, 'cmake_clean_first': False, 'cmake_force_configure': False, 'cmake_target': None, 'cmake_target_skip_unavailable': False, 'install_base': '/home/a/ws_moveit2/install/dynamixel_controller', 'merge_install': False, 'path': '/home/a/ws_moveit2/src/dynamixel_ros2/dynamixel_controller', 'symlink_install': False, 'test_result_base': None}
[0.813s] INFO:colcon.colcon_core.executor:Executing jobs using 'parallel' executor
[0.814s] DEBUG:colcon.colcon_parallel_executor.executor.parallel:run_until_complete
[0.814s] INFO:colcon.colcon_ros.task.ament_cmake.build:Building ROS package in '/home/a/ws_moveit2/src/dynamixel_ros2/dynamixel_controller' with build type 'ament_cmake'
[0.815s] INFO:colcon.colcon_cmake.task.cmake.build:Building CMake package in '/home/a/ws_moveit2/src/dynamixel_ros2/dynamixel_controller'
[0.821s] INFO:colcon.colcon_core.plugin_system:Skipping extension 'colcon_core.shell.bat': Not used on non-Windows systems
[0.821s] INFO:colcon.colcon_core.shell:Skip shell extension 'powershell' for command environment: Not usable outside of PowerShell
[0.821s] DEBUG:colcon.colcon_core.shell:Skip shell extension 'dsv' for command environment
[0.848s] DEBUG:colcon.colcon_core.event_handler.log_command:Invoking command in '/home/a/ws_moveit2/build/dynamixel_controller': CMAKE_PREFIX_PATH=/home/a/ws_moveit2/install/dynamixel_sdk:/home/a/ws_moveit2/install/urdf_0816_description:/home/a/ws_moveit2/install/trac_ik:/home/a/ws_moveit2/install/robot_config:/home/a/ws_moveit2/install/trac_ik_kinematics_plugin:/home/a/ws_moveit2/install/stm32_mavlink_interface:/home/a/ws_moveit2/install/right_arm_ikfast_plugin:/home/a/ws_moveit2/install/pilz_industrial_motion_planner_testutils:/home/a/ws_moveit2/install/moveit_runtime:/home/a/ws_moveit2/install/moveit2_tutorials:/home/a/ws_moveit2/install/moveit:/home/a/ws_moveit2/install/moveit_planners:/home/a/ws_moveit2/install/pilz_industrial_motion_planner:/home/a/ws_moveit2/install/mtc_tutorial:/home/a/ws_moveit2/install/hello_moveit:/home/a/ws_moveit2/install/moveit_visual_tools:/home/a/ws_moveit2/install/moveit_task_constructor_visualization:/home/a/ws_moveit2/install/moveit_task_constructor_demo:/home/a/ws_moveit2/install/moveit_task_constructor_capabilities:/home/a/ws_moveit2/install/moveit_task_constructor_core:/home/a/ws_moveit2/install/moveit_ros_control_interface:/home/a/ws_moveit2/install/moveit_plugins:/home/a/ws_moveit2/install/moveit_simple_controller_manager:/home/a/ws_moveit2/install/moveit_setup_assistant:/home/a/ws_moveit2/install/moveit_setup_srdf_plugins:/home/a/ws_moveit2/install/moveit_setup_core_plugins:/home/a/ws_moveit2/install/moveit_setup_controllers:/home/a/ws_moveit2/install/moveit_setup_app_plugins:/home/a/ws_moveit2/install/moveit_setup_framework:/home/a/ws_moveit2/install/moveit_servo:/home/a/ws_moveit2/install/moveit_ros:/home/a/ws_moveit2/install/moveit_ros_visualization:/home/a/ws_moveit2/install/moveit_hybrid_planning:/home/a/ws_moveit2/install/moveit_ros_planning_interface:/home/a/ws_moveit2/install/moveit_ros_benchmarks:/home/a/ws_moveit2/install/moveit_ros_warehouse:/home/a/ws_moveit2/install/moveit_ros_robot_interaction:/home/a/ws_moveit2/install/moveit_ros_perception:/home/a/ws_moveit2/install/moveit_resources_prbt_pg70_support:/home/a/ws_moveit2/install/moveit_resources_prbt_moveit_config:/home/a/ws_moveit2/install/moveit_ros_move_group:/home/a/ws_moveit2/install/moveit_planners_ompl:/home/a/ws_moveit2/install/left_arm_ikfast_plugin:/home/a/ws_moveit2/install/moveit_ros_planning:/home/a/ws_moveit2/install/moveit_ros_occupancy_map_monitor:/home/a/ws_moveit2/install/moveit_resources_prbt_ikfast_manipulator_plugin:/home/a/ws_moveit2/install/moveit_planners_chomp:/home/a/ws_moveit2/install/moveit_kinematics:/home/a/ws_moveit2/install/moveit_chomp_optimizer_adapter:/home/a/ws_moveit2/install/chomp_motion_planner:/home/a/ws_moveit2/install/moveit_core:/home/a/ws_moveit2/install/rviz_marker_tools:/home/a/ws_moveit2/install/rosparam_shortcuts:/home/a/ws_moveit2/install/rogilink_flex_lib:/home/a/ws_moveit2/install/rogilink_flex_interfaces:/home/a/ws_moveit2/install/rogilink_flex:/home/a/ws_moveit2/install/red_seiretu_description:/home/a/ws_moveit2/install/realsense2_description:/home/a/ws_moveit2/install/realsense2_camera:/home/a/ws_moveit2/install/object_description:/home/a/ws_moveit2/install/moveit_resources:/home/a/ws_moveit2/install/moveit_resources_panda_moveit_config:/home/a/ws_moveit2/install/moveit_resources_fanuc_moveit_config:/home/a/ws_moveit2/install/mavlink_gui_tester:/home/a/ws_moveit2/install/field_description_test:/home/a/ws_moveit2/install/field_description:/home/a/ws_moveit2/install/dynamixel_sdk_examples:/home/a/ws_moveit2/install/dynamixel_controller:/home/a/ws_moveit2/install/0525_arm_description:/home/a/ws_moveit2/install/trac_ik_lib:/home/a/ws_moveit2/install/mavlink_controller_client:/home/a/ws_moveit2/install/moveit_configs_utils:/home/a/ws_moveit2/install/srdfdom:/home/a/ws_moveit2/install/ros_tcp_endpoint:/home/a/ws_moveit2/install/rogilink_flex_example_py:/home/a/ws_moveit2/install/rogilink_flex_gui:/home/a/ws_moveit2/install/realsense2_ros_mqtt_bridge:/home/a/ws_moveit2/install/realsense2_camera_msgs:/home/a/ws_moveit2/install/moveit_task_constructor_msgs:/home/a/ws_moveit2/install/moveit_resources_prbt_support:/home/a/ws_moveit2/install/moveit_resources_pr2_description:/home/a/ws_moveit2/install/moveit_resources_panda_description:/home/a/ws_moveit2/install/moveit_resources_fanuc_description:/home/a/ws_moveit2/install/moveit_common:/home/a/ws_moveit2/install/launch_param_builder:/home/a/ws_moveit2/install/dynamixel_sdk_custom_interfaces:/home/a/ws_moveit2/install/dynamixel_controller_gui:/home/a/ws_moveit2/install/dynamixel_controller_client:/home/a/ws_moveit2/install/d415_rgb_depth_3d:/home/a/ws_moveit2/install/catch_gazebo_ros2_control:/home/a/ws_moveit2/install/blue_seiretu_description:/opt/ros/humble LD_LIBRARY_PATH=/home/a/ws_moveit2/install/dynamixel_sdk/lib:/home/a/ws_moveit2/install/trac_ik_kinematics_plugin/lib:/home/a/ws_moveit2/install/trac_ik_lib/lib:/home/a/ws_moveit2/install/stm32_mavlink_interface/lib:/home/a/ws_moveit2/install/right_arm_ikfast_plugin/lib:/home/a/ws_moveit2/install/pilz_industrial_motion_planner_testutils/lib:/home/a/ws_moveit2/install/pilz_industrial_motion_planner/lib:/home/a/ws_moveit2/install/moveit_visual_tools/lib:/home/a/ws_moveit2/install/moveit_task_constructor_visualization/lib:/home/a/ws_moveit2/install/moveit_task_constructor_demo/lib:/home/a/ws_moveit2/install/moveit_task_constructor_capabilities/lib:/home/a/ws_moveit2/install/moveit_task_constructor_core/lib:/home/a/ws_moveit2/install/moveit_ros_control_interface/lib:/home/a/ws_moveit2/install/moveit_simple_controller_manager/lib:/home/a/ws_moveit2/install/moveit_setup_assistant/lib:/home/a/ws_moveit2/install/moveit_setup_srdf_plugins/lib:/home/a/ws_moveit2/install/moveit_setup_core_plugins/lib:/home/a/ws_moveit2/install/moveit_setup_controllers/lib:/home/a/ws_moveit2/install/moveit_setup_app_plugins/lib:/home/a/ws_moveit2/install/moveit_setup_framework/lib:/home/a/ws_moveit2/install/moveit_servo/lib:/home/a/ws_moveit2/install/moveit_ros_visualization/lib:/home/a/ws_moveit2/install/moveit_hybrid_planning/lib:/home/a/ws_moveit2/install/moveit_ros_planning_interface/lib:/home/a/ws_moveit2/install/moveit_ros_benchmarks/lib:/home/a/ws_moveit2/install/moveit_ros_warehouse/lib:/home/a/ws_moveit2/install/moveit_ros_robot_interaction/lib:/home/a/ws_moveit2/install/moveit_ros_perception/lib:/home/a/ws_moveit2/install/moveit_ros_move_group/lib:/home/a/ws_moveit2/install/moveit_planners_ompl/lib:/home/a/ws_moveit2/install/left_arm_ikfast_plugin/lib:/home/a/ws_moveit2/install/moveit_ros_planning/lib:/home/a/ws_moveit2/install/moveit_ros_occupancy_map_monitor/lib:/home/a/ws_moveit2/install/moveit_resources_prbt_ikfast_manipulator_plugin/lib:/home/a/ws_moveit2/install/moveit_planners_chomp/lib:/home/a/ws_moveit2/install/moveit_kinematics/lib:/home/a/ws_moveit2/install/moveit_chomp_optimizer_adapter/lib:/home/a/ws_moveit2/install/chomp_motion_planner/lib:/home/a/ws_moveit2/install/moveit_core/lib:/home/a/ws_moveit2/install/srdfdom/lib:/home/a/ws_moveit2/install/rviz_marker_tools/lib:/home/a/ws_moveit2/install/rosparam_shortcuts/lib:/home/a/ws_moveit2/install/rogilink_flex_interfaces/lib:/home/a/ws_moveit2/install/realsense2_camera/lib:/home/a/ws_moveit2/install/realsense2_camera_msgs/lib:/home/a/ws_moveit2/install/moveit_task_constructor_msgs/lib:/home/a/ws_moveit2/install/dynamixel_sdk_custom_interfaces/lib:/home/a/ws_moveit2/install/dynamixel_controller/lib:/usr/lib/x86_64-linux-gnu/gazebo-11/plugins:/opt/ros/humble/opt/rviz_ogre_vendor/lib:/opt/ros/humble/lib/x86_64-linux-gnu:/opt/ros/humble/lib /usr/bin/cmake --build /home/a/ws_moveit2/build/dynamixel_controller -- -j22 -l22
[1.425s] DEBUG:colcon.colcon_core.event_handler.log_command:Invoked command in '/home/a/ws_moveit2/build/dynamixel_controller' returned '0': CMAKE_PREFIX_PATH=/home/a/ws_moveit2/install/dynamixel_sdk:/home/a/ws_moveit2/install/urdf_0816_description:/home/a/ws_moveit2/install/trac_ik:/home/a/ws_moveit2/install/robot_config:/home/a/ws_moveit2/install/trac_ik_kinematics_plugin:/home/a/ws_moveit2/install/stm32_mavlink_interface:/home/a/ws_moveit2/install/right_arm_ikfast_plugin:/home/a/ws_moveit2/install/pilz_industrial_motion_planner_testutils:/home/a/ws_moveit2/install/moveit_runtime:/home/a/ws_moveit2/install/moveit2_tutorials:/home/a/ws_moveit2/install/moveit:/home/a/ws_moveit2/install/moveit_planners:/home/a/ws_moveit2/install/pilz_industrial_motion_planner:/home/a/ws_moveit2/install/mtc_tutorial:/home/a/ws_moveit2/install/hello_moveit:/home/a/ws_moveit2/install/moveit_visual_tools:/home/a/ws_moveit2/install/moveit_task_constructor_visualization:/home/a/ws_moveit2/install/moveit_task_constructor_demo:/home/a/ws_moveit2/install/moveit_task_constructor_capabilities:/home/a/ws_moveit2/install/moveit_task_constructor_core:/home/a/ws_moveit2/install/moveit_ros_control_interface:/home/a/ws_moveit2/install/moveit_plugins:/home/a/ws_moveit2/install/moveit_simple_controller_manager:/home/a/ws_moveit2/install/moveit_setup_assistant:/home/a/ws_moveit2/install/moveit_setup_srdf_plugins:/home/a/ws_moveit2/install/moveit_setup_core_plugins:/home/a/ws_moveit2/install/moveit_setup_controllers:/home/a/ws_moveit2/install/moveit_setup_app_plugins:/home/a/ws_moveit2/install/moveit_setup_framework:/home/a/ws_moveit2/install/moveit_servo:/home/a/ws_moveit2/install/moveit_ros:/home/a/ws_moveit2/install/moveit_ros_visualization:/home/a/ws_moveit2/install/moveit_hybrid_planning:/home/a/ws_moveit2/install/moveit_ros_planning_interface:/home/a/ws_moveit2/install/moveit_ros_benchmarks:/home/a/ws_moveit2/install/moveit_ros_warehouse:/home/a/ws_moveit2/install/moveit_ros_robot_interaction:/home/a/ws_moveit2/install/moveit_ros_perception:/home/a/ws_moveit2/install/moveit_resources_prbt_pg70_support:/home/a/ws_moveit2/install/moveit_resources_prbt_moveit_config:/home/a/ws_moveit2/install/moveit_ros_move_group:/home/a/ws_moveit2/install/moveit_planners_ompl:/home/a/ws_moveit2/install/left_arm_ikfast_plugin:/home/a/ws_moveit2/install/moveit_ros_planning:/home/a/ws_moveit2/install/moveit_ros_occupancy_map_monitor:/home/a/ws_moveit2/install/moveit_resources_prbt_ikfast_manipulator_plugin:/home/a/ws_moveit2/install/moveit_planners_chomp:/home/a/ws_moveit2/install/moveit_kinematics:/home/a/ws_moveit2/install/moveit_chomp_optimizer_adapter:/home/a/ws_moveit2/install/chomp_motion_planner:/home/a/ws_moveit2/install/moveit_core:/home/a/ws_moveit2/install/rviz_marker_tools:/home/a/ws_moveit2/install/rosparam_shortcuts:/home/a/ws_moveit2/install/rogilink_flex_lib:/home/a/ws_moveit2/install/rogilink_flex_interfaces:/home/a/ws_moveit2/install/rogilink_flex:/home/a/ws_moveit2/install/red_seiretu_description:/home/a/ws_moveit2/install/realsense2_description:/home/a/ws_moveit2/install/realsense2_camera:/home/a/ws_moveit2/install/object_description:/home/a/ws_moveit2/install/moveit_resources:/home/a/ws_moveit2/install/moveit_resources_panda_moveit_config:/home/a/ws_moveit2/install/moveit_resources_fanuc_moveit_config:/home/a/ws_moveit2/install/mavlink_gui_tester:/home/a/ws_moveit2/install/field_description_test:/home/a/ws_moveit2/install/field_description:/home/a/ws_moveit2/install/dynamixel_sdk_examples:/home/a/ws_moveit2/install/dynamixel_controller:/home/a/ws_moveit2/install/0525_arm_description:/home/a/ws_moveit2/install/trac_ik_lib:/home/a/ws_moveit2/install/mavlink_controller_client:/home/a/ws_moveit2/install/moveit_configs_utils:/home/a/ws_moveit2/install/srdfdom:/home/a/ws_moveit2/install/ros_tcp_endpoint:/home/a/ws_moveit2/install/rogilink_flex_example_py:/home/a/ws_moveit2/install/rogilink_flex_gui:/home/a/ws_moveit2/install/realsense2_ros_mqtt_bridge:/home/a/ws_moveit2/install/realsense2_camera_msgs:/home/a/ws_moveit2/install/moveit_task_constructor_msgs:/home/a/ws_moveit2/install/moveit_resources_prbt_support:/home/a/ws_moveit2/install/moveit_resources_pr2_description:/home/a/ws_moveit2/install/moveit_resources_panda_description:/home/a/ws_moveit2/install/moveit_resources_fanuc_description:/home/a/ws_moveit2/install/moveit_common:/home/a/ws_moveit2/install/launch_param_builder:/home/a/ws_moveit2/install/dynamixel_sdk_custom_interfaces:/home/a/ws_moveit2/install/dynamixel_controller_gui:/home/a/ws_moveit2/install/dynamixel_controller_client:/home/a/ws_moveit2/install/d415_rgb_depth_3d:/home/a/ws_moveit2/install/catch_gazebo_ros2_control:/home/a/ws_moveit2/install/blue_seiretu_description:/opt/ros/humble LD_LIBRARY_PATH=/home/a/ws_moveit2/install/dynamixel_sdk/lib:/home/a/ws_moveit2/install/trac_ik_kinematics_plugin/lib:/home/a/ws_moveit2/install/trac_ik_lib/lib:/home/a/ws_moveit2/install/stm32_mavlink_interface/lib:/home/a/ws_moveit2/install/right_arm_ikfast_plugin/lib:/home/a/ws_moveit2/install/pilz_industrial_motion_planner_testutils/lib:/home/a/ws_moveit2/install/pilz_industrial_motion_planner/lib:/home/a/ws_moveit2/install/moveit_visual_tools/lib:/home/a/ws_moveit2/install/moveit_task_constructor_visualization/lib:/home/a/ws_moveit2/install/moveit_task_constructor_demo/lib:/home/a/ws_moveit2/install/moveit_task_constructor_capabilities/lib:/home/a/ws_moveit2/install/moveit_task_constructor_core/lib:/home/a/ws_moveit2/install/moveit_ros_control_interface/lib:/home/a/ws_moveit2/install/moveit_simple_controller_manager/lib:/home/a/ws_moveit2/install/moveit_setup_assistant/lib:/home/a/ws_moveit2/install/moveit_setup_srdf_plugins/lib:/home/a/ws_moveit2/install/moveit_setup_core_plugins/lib:/home/a/ws_moveit2/install/moveit_setup_controllers/lib:/home/a/ws_moveit2/install/moveit_setup_app_plugins/lib:/home/a/ws_moveit2/install/moveit_setup_framework/lib:/home/a/ws_moveit2/install/moveit_servo/lib:/home/a/ws_moveit2/install/moveit_ros_visualization/lib:/home/a/ws_moveit2/install/moveit_hybrid_planning/lib:/home/a/ws_moveit2/install/moveit_ros_planning_interface/lib:/home/a/ws_moveit2/install/moveit_ros_benchmarks/lib:/home/a/ws_moveit2/install/moveit_ros_warehouse/lib:/home/a/ws_moveit2/install/moveit_ros_robot_interaction/lib:/home/a/ws_moveit2/install/moveit_ros_perception/lib:/home/a/ws_moveit2/install/moveit_ros_move_group/lib:/home/a/ws_moveit2/install/moveit_planners_ompl/lib:/home/a/ws_moveit2/install/left_arm_ikfast_plugin/lib:/home/a/ws_moveit2/install/moveit_ros_planning/lib:/home/a/ws_moveit2/install/moveit_ros_occupancy_map_monitor/lib:/home/a/ws_moveit2/install/moveit_resources_prbt_ikfast_manipulator_plugin/lib:/home/a/ws_moveit2/install/moveit_planners_chomp/lib:/home/a/ws_moveit2/install/moveit_kinematics/lib:/home/a/ws_moveit2/install/moveit_chomp_optimizer_adapter/lib:/home/a/ws_moveit2/install/chomp_motion_planner/lib:/home/a/ws_moveit2/install/moveit_core/lib:/home/a/ws_moveit2/install/srdfdom/lib:/home/a/ws_moveit2/install/rviz_marker_tools/lib:/home/a/ws_moveit2/install/rosparam_shortcuts/lib:/home/a/ws_moveit2/install/rogilink_flex_interfaces/lib:/home/a/ws_moveit2/install/realsense2_camera/lib:/home/a/ws_moveit2/install/realsense2_camera_msgs/lib:/home/a/ws_moveit2/install/moveit_task_constructor_msgs/lib:/home/a/ws_moveit2/install/dynamixel_sdk_custom_interfaces/lib:/home/a/ws_moveit2/install/dynamixel_controller/lib:/usr/lib/x86_64-linux-gnu/gazebo-11/plugins:/opt/ros/humble/opt/rviz_ogre_vendor/lib:/opt/ros/humble/lib/x86_64-linux-gnu:/opt/ros/humble/lib /usr/bin/cmake --build /home/a/ws_moveit2/build/dynamixel_controller -- -j22 -l22
[1.443s] DEBUG:colcon.colcon_core.event_handler.log_command:Invoking command in '/home/a/ws_moveit2/build/dynamixel_controller': CMAKE_PREFIX_PATH=/home/a/ws_moveit2/install/dynamixel_sdk:/home/a/ws_moveit2/install/urdf_0816_description:/home/a/ws_moveit2/install/trac_ik:/home/a/ws_moveit2/install/robot_config:/home/a/ws_moveit2/install/trac_ik_kinematics_plugin:/home/a/ws_moveit2/install/stm32_mavlink_interface:/home/a/ws_moveit2/install/right_arm_ikfast_plugin:/home/a/ws_moveit2/install/pilz_industrial_motion_planner_testutils:/home/a/ws_moveit2/install/moveit_runtime:/home/a/ws_moveit2/install/moveit2_tutorials:/home/a/ws_moveit2/install/moveit:/home/a/ws_moveit2/install/moveit_planners:/home/a/ws_moveit2/install/pilz_industrial_motion_planner:/home/a/ws_moveit2/install/mtc_tutorial:/home/a/ws_moveit2/install/hello_moveit:/home/a/ws_moveit2/install/moveit_visual_tools:/home/a/ws_moveit2/install/moveit_task_constructor_visualization:/home/a/ws_moveit2/install/moveit_task_constructor_demo:/home/a/ws_moveit2/install/moveit_task_constructor_capabilities:/home/a/ws_moveit2/install/moveit_task_constructor_core:/home/a/ws_moveit2/install/moveit_ros_control_interface:/home/a/ws_moveit2/install/moveit_plugins:/home/a/ws_moveit2/install/moveit_simple_controller_manager:/home/a/ws_moveit2/install/moveit_setup_assistant:/home/a/ws_moveit2/install/moveit_setup_srdf_plugins:/home/a/ws_moveit2/install/moveit_setup_core_plugins:/home/a/ws_moveit2/install/moveit_setup_controllers:/home/a/ws_moveit2/install/moveit_setup_app_plugins:/home/a/ws_moveit2/install/moveit_setup_framework:/home/a/ws_moveit2/install/moveit_servo:/home/a/ws_moveit2/install/moveit_ros:/home/a/ws_moveit2/install/moveit_ros_visualization:/home/a/ws_moveit2/install/moveit_hybrid_planning:/home/a/ws_moveit2/install/moveit_ros_planning_interface:/home/a/ws_moveit2/install/moveit_ros_benchmarks:/home/a/ws_moveit2/install/moveit_ros_warehouse:/home/a/ws_moveit2/install/moveit_ros_robot_interaction:/home/a/ws_moveit2/install/moveit_ros_perception:/home/a/ws_moveit2/install/moveit_resources_prbt_pg70_support:/home/a/ws_moveit2/install/moveit_resources_prbt_moveit_config:/home/a/ws_moveit2/install/moveit_ros_move_group:/home/a/ws_moveit2/install/moveit_planners_ompl:/home/a/ws_moveit2/install/left_arm_ikfast_plugin:/home/a/ws_moveit2/install/moveit_ros_planning:/home/a/ws_moveit2/install/moveit_ros_occupancy_map_monitor:/home/a/ws_moveit2/install/moveit_resources_prbt_ikfast_manipulator_plugin:/home/a/ws_moveit2/install/moveit_planners_chomp:/home/a/ws_moveit2/install/moveit_kinematics:/home/a/ws_moveit2/install/moveit_chomp_optimizer_adapter:/home/a/ws_moveit2/install/chomp_motion_planner:/home/a/ws_moveit2/install/moveit_core:/home/a/ws_moveit2/install/rviz_marker_tools:/home/a/ws_moveit2/install/rosparam_shortcuts:/home/a/ws_moveit2/install/rogilink_flex_lib:/home/a/ws_moveit2/install/rogilink_flex_interfaces:/home/a/ws_moveit2/install/rogilink_flex:/home/a/ws_moveit2/install/red_seiretu_description:/home/a/ws_moveit2/install/realsense2_description:/home/a/ws_moveit2/install/realsense2_camera:/home/a/ws_moveit2/install/object_description:/home/a/ws_moveit2/install/moveit_resources:/home/a/ws_moveit2/install/moveit_resources_panda_moveit_config:/home/a/ws_moveit2/install/moveit_resources_fanuc_moveit_config:/home/a/ws_moveit2/install/mavlink_gui_tester:/home/a/ws_moveit2/install/field_description_test:/home/a/ws_moveit2/install/field_description:/home/a/ws_moveit2/install/dynamixel_sdk_examples:/home/a/ws_moveit2/install/dynamixel_controller:/home/a/ws_moveit2/install/0525_arm_description:/home/a/ws_moveit2/install/trac_ik_lib:/home/a/ws_moveit2/install/mavlink_controller_client:/home/a/ws_moveit2/install/moveit_configs_utils:/home/a/ws_moveit2/install/srdfdom:/home/a/ws_moveit2/install/ros_tcp_endpoint:/home/a/ws_moveit2/install/rogilink_flex_example_py:/home/a/ws_moveit2/install/rogilink_flex_gui:/home/a/ws_moveit2/install/realsense2_ros_mqtt_bridge:/home/a/ws_moveit2/install/realsense2_camera_msgs:/home/a/ws_moveit2/install/moveit_task_constructor_msgs:/home/a/ws_moveit2/install/moveit_resources_prbt_support:/home/a/ws_moveit2/install/moveit_resources_pr2_description:/home/a/ws_moveit2/install/moveit_resources_panda_description:/home/a/ws_moveit2/install/moveit_resources_fanuc_description:/home/a/ws_moveit2/install/moveit_common:/home/a/ws_moveit2/install/launch_param_builder:/home/a/ws_moveit2/install/dynamixel_sdk_custom_interfaces:/home/a/ws_moveit2/install/dynamixel_controller_gui:/home/a/ws_moveit2/install/dynamixel_controller_client:/home/a/ws_moveit2/install/d415_rgb_depth_3d:/home/a/ws_moveit2/install/catch_gazebo_ros2_control:/home/a/ws_moveit2/install/blue_seiretu_description:/opt/ros/humble LD_LIBRARY_PATH=/home/a/ws_moveit2/install/dynamixel_sdk/lib:/home/a/ws_moveit2/install/trac_ik_kinematics_plugin/lib:/home/a/ws_moveit2/install/trac_ik_lib/lib:/home/a/ws_moveit2/install/stm32_mavlink_interface/lib:/home/a/ws_moveit2/install/right_arm_ikfast_plugin/lib:/home/a/ws_moveit2/install/pilz_industrial_motion_planner_testutils/lib:/home/a/ws_moveit2/install/pilz_industrial_motion_planner/lib:/home/a/ws_moveit2/install/moveit_visual_tools/lib:/home/a/ws_moveit2/install/moveit_task_constructor_visualization/lib:/home/a/ws_moveit2/install/moveit_task_constructor_demo/lib:/home/a/ws_moveit2/install/moveit_task_constructor_capabilities/lib:/home/a/ws_moveit2/install/moveit_task_constructor_core/lib:/home/a/ws_moveit2/install/moveit_ros_control_interface/lib:/home/a/ws_moveit2/install/moveit_simple_controller_manager/lib:/home/a/ws_moveit2/install/moveit_setup_assistant/lib:/home/a/ws_moveit2/install/moveit_setup_srdf_plugins/lib:/home/a/ws_moveit2/install/moveit_setup_core_plugins/lib:/home/a/ws_moveit2/install/moveit_setup_controllers/lib:/home/a/ws_moveit2/install/moveit_setup_app_plugins/lib:/home/a/ws_moveit2/install/moveit_setup_framework/lib:/home/a/ws_moveit2/install/moveit_servo/lib:/home/a/ws_moveit2/install/moveit_ros_visualization/lib:/home/a/ws_moveit2/install/moveit_hybrid_planning/lib:/home/a/ws_moveit2/install/moveit_ros_planning_interface/lib:/home/a/ws_moveit2/install/moveit_ros_benchmarks/lib:/home/a/ws_moveit2/install/moveit_ros_warehouse/lib:/home/a/ws_moveit2/install/moveit_ros_robot_interaction/lib:/home/a/ws_moveit2/install/moveit_ros_perception/lib:/home/a/ws_moveit2/install/moveit_ros_move_group/lib:/home/a/ws_moveit2/install/moveit_planners_ompl/lib:/home/a/ws_moveit2/install/left_arm_ikfast_plugin/lib:/home/a/ws_moveit2/install/moveit_ros_planning/lib:/home/a/ws_moveit2/install/moveit_ros_occupancy_map_monitor/lib:/home/a/ws_moveit2/install/moveit_resources_prbt_ikfast_manipulator_plugin/lib:/home/a/ws_moveit2/install/moveit_planners_chomp/lib:/home/a/ws_moveit2/install/moveit_kinematics/lib:/home/a/ws_moveit2/install/moveit_chomp_optimizer_adapter/lib:/home/a/ws_moveit2/install/chomp_motion_planner/lib:/home/a/ws_moveit2/install/moveit_core/lib:/home/a/ws_moveit2/install/srdfdom/lib:/home/a/ws_moveit2/install/rviz_marker_tools/lib:/home/a/ws_moveit2/install/rosparam_shortcuts/lib:/home/a/ws_moveit2/install/rogilink_flex_interfaces/lib:/home/a/ws_moveit2/install/realsense2_camera/lib:/home/a/ws_moveit2/install/realsense2_camera_msgs/lib:/home/a/ws_moveit2/install/moveit_task_constructor_msgs/lib:/home/a/ws_moveit2/install/dynamixel_sdk_custom_interfaces/lib:/home/a/ws_moveit2/install/dynamixel_controller/lib:/usr/lib/x86_64-linux-gnu/gazebo-11/plugins:/opt/ros/humble/opt/rviz_ogre_vendor/lib:/opt/ros/humble/lib/x86_64-linux-gnu:/opt/ros/humble/lib /usr/bin/cmake --install /home/a/ws_moveit2/build/dynamixel_controller
[1.540s] Level 1:colcon.colcon_core.environment:create_environment_scripts_only(dynamixel_controller)
[1.541s] DEBUG:colcon.colcon_core.event_handler.log_command:Invoked command in '/home/a/ws_moveit2/build/dynamixel_controller' returned '0': CMAKE_PREFIX_PATH=/home/a/ws_moveit2/install/dynamixel_sdk:/home/a/ws_moveit2/install/urdf_0816_description:/home/a/ws_moveit2/install/trac_ik:/home/a/ws_moveit2/install/robot_config:/home/a/ws_moveit2/install/trac_ik_kinematics_plugin:/home/a/ws_moveit2/install/stm32_mavlink_interface:/home/a/ws_moveit2/install/right_arm_ikfast_plugin:/home/a/ws_moveit2/install/pilz_industrial_motion_planner_testutils:/home/a/ws_moveit2/install/moveit_runtime:/home/a/ws_moveit2/install/moveit2_tutorials:/home/a/ws_moveit2/install/moveit:/home/a/ws_moveit2/install/moveit_planners:/home/a/ws_moveit2/install/pilz_industrial_motion_planner:/home/a/ws_moveit2/install/mtc_tutorial:/home/a/ws_moveit2/install/hello_moveit:/home/a/ws_moveit2/install/moveit_visual_tools:/home/a/ws_moveit2/install/moveit_task_constructor_visualization:/home/a/ws_moveit2/install/moveit_task_constructor_demo:/home/a/ws_moveit2/install/moveit_task_constructor_capabilities:/home/a/ws_moveit2/install/moveit_task_constructor_core:/home/a/ws_moveit2/install/moveit_ros_control_interface:/home/a/ws_moveit2/install/moveit_plugins:/home/a/ws_moveit2/install/moveit_simple_controller_manager:/home/a/ws_moveit2/install/moveit_setup_assistant:/home/a/ws_moveit2/install/moveit_setup_srdf_plugins:/home/a/ws_moveit2/install/moveit_setup_core_plugins:/home/a/ws_moveit2/install/moveit_setup_controllers:/home/a/ws_moveit2/install/moveit_setup_app_plugins:/home/a/ws_moveit2/install/moveit_setup_framework:/home/a/ws_moveit2/install/moveit_servo:/home/a/ws_moveit2/install/moveit_ros:/home/a/ws_moveit2/install/moveit_ros_visualization:/home/a/ws_moveit2/install/moveit_hybrid_planning:/home/a/ws_moveit2/install/moveit_ros_planning_interface:/home/a/ws_moveit2/install/moveit_ros_benchmarks:/home/a/ws_moveit2/install/moveit_ros_warehouse:/home/a/ws_moveit2/install/moveit_ros_robot_interaction:/home/a/ws_moveit2/install/moveit_ros_perception:/home/a/ws_moveit2/install/moveit_resources_prbt_pg70_support:/home/a/ws_moveit2/install/moveit_resources_prbt_moveit_config:/home/a/ws_moveit2/install/moveit_ros_move_group:/home/a/ws_moveit2/install/moveit_planners_ompl:/home/a/ws_moveit2/install/left_arm_ikfast_plugin:/home/a/ws_moveit2/install/moveit_ros_planning:/home/a/ws_moveit2/install/moveit_ros_occupancy_map_monitor:/home/a/ws_moveit2/install/moveit_resources_prbt_ikfast_manipulator_plugin:/home/a/ws_moveit2/install/moveit_planners_chomp:/home/a/ws_moveit2/install/moveit_kinematics:/home/a/ws_moveit2/install/moveit_chomp_optimizer_adapter:/home/a/ws_moveit2/install/chomp_motion_planner:/home/a/ws_moveit2/install/moveit_core:/home/a/ws_moveit2/install/rviz_marker_tools:/home/a/ws_moveit2/install/rosparam_shortcuts:/home/a/ws_moveit2/install/rogilink_flex_lib:/home/a/ws_moveit2/install/rogilink_flex_interfaces:/home/a/ws_moveit2/install/rogilink_flex:/home/a/ws_moveit2/install/red_seiretu_description:/home/a/ws_moveit2/install/realsense2_description:/home/a/ws_moveit2/install/realsense2_camera:/home/a/ws_moveit2/install/object_description:/home/a/ws_moveit2/install/moveit_resources:/home/a/ws_moveit2/install/moveit_resources_panda_moveit_config:/home/a/ws_moveit2/install/moveit_resources_fanuc_moveit_config:/home/a/ws_moveit2/install/mavlink_gui_tester:/home/a/ws_moveit2/install/field_description_test:/home/a/ws_moveit2/install/field_description:/home/a/ws_moveit2/install/dynamixel_sdk_examples:/home/a/ws_moveit2/install/dynamixel_controller:/home/a/ws_moveit2/install/0525_arm_description:/home/a/ws_moveit2/install/trac_ik_lib:/home/a/ws_moveit2/install/mavlink_controller_client:/home/a/ws_moveit2/install/moveit_configs_utils:/home/a/ws_moveit2/install/srdfdom:/home/a/ws_moveit2/install/ros_tcp_endpoint:/home/a/ws_moveit2/install/rogilink_flex_example_py:/home/a/ws_moveit2/install/rogilink_flex_gui:/home/a/ws_moveit2/install/realsense2_ros_mqtt_bridge:/home/a/ws_moveit2/install/realsense2_camera_msgs:/home/a/ws_moveit2/install/moveit_task_constructor_msgs:/home/a/ws_moveit2/install/moveit_resources_prbt_support:/home/a/ws_moveit2/install/moveit_resources_pr2_description:/home/a/ws_moveit2/install/moveit_resources_panda_description:/home/a/ws_moveit2/install/moveit_resources_fanuc_description:/home/a/ws_moveit2/install/moveit_common:/home/a/ws_moveit2/install/launch_param_builder:/home/a/ws_moveit2/install/dynamixel_sdk_custom_interfaces:/home/a/ws_moveit2/install/dynamixel_controller_gui:/home/a/ws_moveit2/install/dynamixel_controller_client:/home/a/ws_moveit2/install/d415_rgb_depth_3d:/home/a/ws_moveit2/install/catch_gazebo_ros2_control:/home/a/ws_moveit2/install/blue_seiretu_description:/opt/ros/humble LD_LIBRARY_PATH=/home/a/ws_moveit2/install/dynamixel_sdk/lib:/home/a/ws_moveit2/install/trac_ik_kinematics_plugin/lib:/home/a/ws_moveit2/install/trac_ik_lib/lib:/home/a/ws_moveit2/install/stm32_mavlink_interface/lib:/home/a/ws_moveit2/install/right_arm_ikfast_plugin/lib:/home/a/ws_moveit2/install/pilz_industrial_motion_planner_testutils/lib:/home/a/ws_moveit2/install/pilz_industrial_motion_planner/lib:/home/a/ws_moveit2/install/moveit_visual_tools/lib:/home/a/ws_moveit2/install/moveit_task_constructor_visualization/lib:/home/a/ws_moveit2/install/moveit_task_constructor_demo/lib:/home/a/ws_moveit2/install/moveit_task_constructor_capabilities/lib:/home/a/ws_moveit2/install/moveit_task_constructor_core/lib:/home/a/ws_moveit2/install/moveit_ros_control_interface/lib:/home/a/ws_moveit2/install/moveit_simple_controller_manager/lib:/home/a/ws_moveit2/install/moveit_setup_assistant/lib:/home/a/ws_moveit2/install/moveit_setup_srdf_plugins/lib:/home/a/ws_moveit2/install/moveit_setup_core_plugins/lib:/home/a/ws_moveit2/install/moveit_setup_controllers/lib:/home/a/ws_moveit2/install/moveit_setup_app_plugins/lib:/home/a/ws_moveit2/install/moveit_setup_framework/lib:/home/a/ws_moveit2/install/moveit_servo/lib:/home/a/ws_moveit2/install/moveit_ros_visualization/lib:/home/a/ws_moveit2/install/moveit_hybrid_planning/lib:/home/a/ws_moveit2/install/moveit_ros_planning_interface/lib:/home/a/ws_moveit2/install/moveit_ros_benchmarks/lib:/home/a/ws_moveit2/install/moveit_ros_warehouse/lib:/home/a/ws_moveit2/install/moveit_ros_robot_interaction/lib:/home/a/ws_moveit2/install/moveit_ros_perception/lib:/home/a/ws_moveit2/install/moveit_ros_move_group/lib:/home/a/ws_moveit2/install/moveit_planners_ompl/lib:/home/a/ws_moveit2/install/left_arm_ikfast_plugin/lib:/home/a/ws_moveit2/install/moveit_ros_planning/lib:/home/a/ws_moveit2/install/moveit_ros_occupancy_map_monitor/lib:/home/a/ws_moveit2/install/moveit_resources_prbt_ikfast_manipulator_plugin/lib:/home/a/ws_moveit2/install/moveit_planners_chomp/lib:/home/a/ws_moveit2/install/moveit_kinematics/lib:/home/a/ws_moveit2/install/moveit_chomp_optimizer_adapter/lib:/home/a/ws_moveit2/install/chomp_motion_planner/lib:/home/a/ws_moveit2/install/moveit_core/lib:/home/a/ws_moveit2/install/srdfdom/lib:/home/a/ws_moveit2/install/rviz_marker_tools/lib:/home/a/ws_moveit2/install/rosparam_shortcuts/lib:/home/a/ws_moveit2/install/rogilink_flex_interfaces/lib:/home/a/ws_moveit2/install/realsense2_camera/lib:/home/a/ws_moveit2/install/realsense2_camera_msgs/lib:/home/a/ws_moveit2/install/moveit_task_constructor_msgs/lib:/home/a/ws_moveit2/install/dynamixel_sdk_custom_interfaces/lib:/home/a/ws_moveit2/install/dynamixel_controller/lib:/usr/lib/x86_64-linux-gnu/gazebo-11/plugins:/opt/ros/humble/opt/rviz_ogre_vendor/lib:/opt/ros/humble/lib/x86_64-linux-gnu:/opt/ros/humble/lib /usr/bin/cmake --install /home/a/ws_moveit2/build/dynamixel_controller
[1.544s] Level 1:colcon.colcon_core.environment:checking '/home/a/ws_moveit2/install/dynamixel_controller' for CMake module files
[1.545s] Level 1:colcon.colcon_core.environment:checking '/home/a/ws_moveit2/install/dynamixel_controller' for CMake config files
[1.546s] Level 1:colcon.colcon_core.shell:create_environment_hook('dynamixel_controller', 'cmake_prefix_path')
[1.546s] INFO:colcon.colcon_core.shell:Creating environment hook '/home/a/ws_moveit2/install/dynamixel_controller/share/dynamixel_controller/hook/cmake_prefix_path.ps1'
[1.547s] INFO:colcon.colcon_core.shell:Creating environment descriptor '/home/a/ws_moveit2/install/dynamixel_controller/share/dynamixel_controller/hook/cmake_prefix_path.dsv'
[1.547s] INFO:colcon.colcon_core.shell:Creating environment hook '/home/a/ws_moveit2/install/dynamixel_controller/share/dynamixel_controller/hook/cmake_prefix_path.sh'
[1.549s] Level 1:colcon.colcon_core.environment:checking '/home/a/ws_moveit2/install/dynamixel_controller/lib'
[1.549s] Level 1:colcon.colcon_core.shell:create_environment_hook('dynamixel_controller', 'ld_library_path_lib')
[1.549s] INFO:colcon.colcon_core.shell:Creating environment hook '/home/a/ws_moveit2/install/dynamixel_controller/share/dynamixel_controller/hook/ld_library_path_lib.ps1'
[1.550s] INFO:colcon.colcon_core.shell:Creating environment descriptor '/home/a/ws_moveit2/install/dynamixel_controller/share/dynamixel_controller/hook/ld_library_path_lib.dsv'
[1.550s] INFO:colcon.colcon_core.shell:Creating environment hook '/home/a/ws_moveit2/install/dynamixel_controller/share/dynamixel_controller/hook/ld_library_path_lib.sh'
[1.551s] Level 1:colcon.colcon_core.environment:checking '/home/a/ws_moveit2/install/dynamixel_controller/bin'
[1.551s] Level 1:colcon.colcon_core.environment:checking '/home/a/ws_moveit2/install/dynamixel_controller/lib/pkgconfig/dynamixel_controller.pc'
[1.551s] Level 1:colcon.colcon_core.environment:checking '/home/a/ws_moveit2/install/dynamixel_controller/lib/python3.10/site-packages'
[1.552s] Level 1:colcon.colcon_core.environment:checking '/home/a/ws_moveit2/install/dynamixel_controller/bin'
[1.552s] INFO:colcon.colcon_core.shell:Creating package script '/home/a/ws_moveit2/install/dynamixel_controller/share/dynamixel_controller/package.ps1'
[1.553s] INFO:colcon.colcon_core.shell:Creating package descriptor '/home/a/ws_moveit2/install/dynamixel_controller/share/dynamixel_controller/package.dsv'
[1.554s] INFO:colcon.colcon_core.shell:Creating package script '/home/a/ws_moveit2/install/dynamixel_controller/share/dynamixel_controller/package.sh'
[1.555s] INFO:colcon.colcon_core.shell:Creating package script '/home/a/ws_moveit2/install/dynamixel_controller/share/dynamixel_controller/package.bash'
[1.556s] INFO:colcon.colcon_core.shell:Creating package script '/home/a/ws_moveit2/install/dynamixel_controller/share/dynamixel_controller/package.zsh'
[1.557s] Level 1:colcon.colcon_core.environment:create_file_with_runtime_dependencies(/home/a/ws_moveit2/install/dynamixel_controller/share/colcon-core/packages/dynamixel_controller)
[1.558s] Level 1:colcon.colcon_core.environment:create_environment_scripts_only(dynamixel_controller)
[1.558s] Level 1:colcon.colcon_core.environment:checking '/home/a/ws_moveit2/install/dynamixel_controller' for CMake module files
[1.559s] Level 1:colcon.colcon_core.environment:checking '/home/a/ws_moveit2/install/dynamixel_controller' for CMake config files
[1.560s] Level 1:colcon.colcon_core.shell:create_environment_hook('dynamixel_controller', 'cmake_prefix_path')
[1.560s] INFO:colcon.colcon_core.shell:Creating environment hook '/home/a/ws_moveit2/install/dynamixel_controller/share/dynamixel_controller/hook/cmake_prefix_path.ps1'
[1.561s] INFO:colcon.colcon_core.shell:Creating environment descriptor '/home/a/ws_moveit2/install/dynamixel_controller/share/dynamixel_controller/hook/cmake_prefix_path.dsv'
[1.561s] INFO:colcon.colcon_core.shell:Creating environment hook '/home/a/ws_moveit2/install/dynamixel_controller/share/dynamixel_controller/hook/cmake_prefix_path.sh'
[1.562s] Level 1:colcon.colcon_core.environment:checking '/home/a/ws_moveit2/install/dynamixel_controller/lib'
[1.562s] Level 1:colcon.colcon_core.shell:create_environment_hook('dynamixel_controller', 'ld_library_path_lib')
[1.562s] INFO:colcon.colcon_core.shell:Creating environment hook '/home/a/ws_moveit2/install/dynamixel_controller/share/dynamixel_controller/hook/ld_library_path_lib.ps1'
[1.563s] INFO:colcon.colcon_core.shell:Creating environment descriptor '/home/a/ws_moveit2/install/dynamixel_controller/share/dynamixel_controller/hook/ld_library_path_lib.dsv'
[1.563s] INFO:colcon.colcon_core.shell:Creating environment hook '/home/a/ws_moveit2/install/dynamixel_controller/share/dynamixel_controller/hook/ld_library_path_lib.sh'
[1.564s] Level 1:colcon.colcon_core.environment:checking '/home/a/ws_moveit2/install/dynamixel_controller/bin'
[1.564s] Level 1:colcon.colcon_core.environment:checking '/home/a/ws_moveit2/install/dynamixel_controller/lib/pkgconfig/dynamixel_controller.pc'
[1.564s] Level 1:colcon.colcon_core.environment:checking '/home/a/ws_moveit2/install/dynamixel_controller/lib/python3.10/site-packages'
[1.564s] Level 1:colcon.colcon_core.environment:checking '/home/a/ws_moveit2/install/dynamixel_controller/bin'
[1.565s] INFO:colcon.colcon_core.shell:Creating package script '/home/a/ws_moveit2/install/dynamixel_controller/share/dynamixel_controller/package.ps1'
[1.565s] INFO:colcon.colcon_core.shell:Creating package descriptor '/home/a/ws_moveit2/install/dynamixel_controller/share/dynamixel_controller/package.dsv'
[1.566s] INFO:colcon.colcon_core.shell:Creating package script '/home/a/ws_moveit2/install/dynamixel_controller/share/dynamixel_controller/package.sh'
[1.567s] INFO:colcon.colcon_core.shell:Creating package script '/home/a/ws_moveit2/install/dynamixel_controller/share/dynamixel_controller/package.bash'
[1.567s] INFO:colcon.colcon_core.shell:Creating package script '/home/a/ws_moveit2/install/dynamixel_controller/share/dynamixel_controller/package.zsh'
[1.568s] Level 1:colcon.colcon_core.environment:create_file_with_runtime_dependencies(/home/a/ws_moveit2/install/dynamixel_controller/share/colcon-core/packages/dynamixel_controller)
[1.568s] DEBUG:colcon.colcon_parallel_executor.executor.parallel:closing loop
[1.569s] DEBUG:colcon.colcon_parallel_executor.executor.parallel:loop closed
[1.569s] DEBUG:colcon.colcon_parallel_executor.executor.parallel:run_until_complete finished with '0'
[1.569s] DEBUG:colcon.colcon_core.event_reactor:joining thread
[1.578s] INFO:colcon.colcon_core.plugin_system:Skipping extension 'colcon_notification.desktop_notification.terminal_notifier': Not used on non-Darwin systems
[1.579s] INFO:colcon.colcon_core.plugin_system:Skipping extension 'colcon_notification.desktop_notification.win32': Not used on non-Windows systems
[1.579s] INFO:colcon.colcon_notification.desktop_notification:Sending desktop notification using 'notify2'
[1.598s] DEBUG:colcon.colcon_core.event_reactor:joined thread
[1.598s] INFO:colcon.colcon_core.shell:Creating prefix script '/home/a/ws_moveit2/install/local_setup.ps1'
[1.600s] INFO:colcon.colcon_core.shell:Creating prefix util module '/home/a/ws_moveit2/install/_local_setup_util_ps1.py'
[1.602s] INFO:colcon.colcon_core.shell:Creating prefix chain script '/home/a/ws_moveit2/install/setup.ps1'
[1.607s] INFO:colcon.colcon_core.shell:Creating prefix script '/home/a/ws_moveit2/install/local_setup.sh'
[1.607s] INFO:colcon.colcon_core.shell:Creating prefix util module '/home/a/ws_moveit2/install/_local_setup_util_sh.py'
[1.609s] INFO:colcon.colcon_core.shell:Creating prefix chain script '/home/a/ws_moveit2/install/setup.sh'
[1.614s] INFO:colcon.colcon_core.shell:Creating prefix script '/home/a/ws_moveit2/install/local_setup.bash'
[1.614s] INFO:colcon.colcon_core.shell:Creating prefix chain script '/home/a/ws_moveit2/install/setup.bash'
[1.620s] INFO:colcon.colcon_core.shell:Creating prefix script '/home/a/ws_moveit2/install/local_setup.zsh'
[1.621s] INFO:colcon.colcon_core.shell:Creating prefix chain script '/home/a/ws_moveit2/install/setup.zsh'
