[0.000000] (-) TimerEvent: {}
[0.000430] (-) JobUnselected: {'identifier': 'MAVLink_f446re'}
[0.000650] (-) JobUnselected: {'identifier': 'blue_seiretu_description'}
[0.000680] (-) JobUnselected: {'identifier': 'catch_gazebo_ros2_control'}
[0.000705] (-) JobUnselected: {'identifier': 'chomp_motion_planner'}
[0.000728] (-) JobUnselected: {'identifier': 'd415_rgb_depth_3d'}
[0.000751] (-) JobUnselected: {'identifier': 'dynamixel_controller'}
[0.000778] (-) JobUnselected: {'identifier': 'dynamixel_controller_client'}
[0.000804] (-) JobUnselected: {'identifier': 'dynamixel_controller_gui'}
[0.000829] (-) JobUnselected: {'identifier': 'dynamixel_sdk'}
[0.000855] (-) JobUnselected: {'identifier': 'dynamixel_sdk_custom_interfaces'}
[0.000893] (-) JobUnselected: {'identifier': 'dynamixel_sdk_examples'}
[0.000919] (-) JobUnselected: {'identifier': 'field_description'}
[0.000946] (-) JobUnselected: {'identifier': 'hello_moveit'}
[0.001131] (-) JobUnselected: {'identifier': 'launch_param_builder'}
[0.001150] (-) JobUnselected: {'identifier': 'mavlink_controller_client'}
[0.001159] (-) JobUnselected: {'identifier': 'moveit'}
[0.001166] (-) JobUnselected: {'identifier': 'moveit2_tutorials'}
[0.001173] (-) JobUnselected: {'identifier': 'moveit_chomp_optimizer_adapter'}
[0.001180] (-) JobUnselected: {'identifier': 'moveit_common'}
[0.001187] (-) JobUnselected: {'identifier': 'moveit_configs_utils'}
[0.001194] (-) JobUnselected: {'identifier': 'moveit_core'}
[0.001201] (-) JobUnselected: {'identifier': 'moveit_hybrid_planning'}
[0.001207] (-) JobUnselected: {'identifier': 'moveit_kinematics'}
[0.001214] (-) JobUnselected: {'identifier': 'moveit_planners'}
[0.001221] (-) JobUnselected: {'identifier': 'moveit_planners_chomp'}
[0.001228] (-) JobUnselected: {'identifier': 'moveit_planners_ompl'}
[0.001235] (-) JobUnselected: {'identifier': 'moveit_plugins'}
[0.001246] (-) JobUnselected: {'identifier': 'moveit_resources'}
[0.001254] (-) JobUnselected: {'identifier': 'moveit_resources_fanuc_description'}
[0.001261] (-) JobUnselected: {'identifier': 'moveit_resources_fanuc_moveit_config'}
[0.001267] (-) JobUnselected: {'identifier': 'moveit_resources_panda_description'}
[0.001274] (-) JobUnselected: {'identifier': 'moveit_resources_panda_moveit_config'}
[0.001281] (-) JobUnselected: {'identifier': 'moveit_resources_pr2_description'}
[0.001288] (-) JobUnselected: {'identifier': 'moveit_resources_prbt_ikfast_manipulator_plugin'}
[0.001294] (-) JobUnselected: {'identifier': 'moveit_resources_prbt_moveit_config'}
[0.001301] (-) JobUnselected: {'identifier': 'moveit_resources_prbt_pg70_support'}
[0.001307] (-) JobUnselected: {'identifier': 'moveit_resources_prbt_support'}
[0.001314] (-) JobUnselected: {'identifier': 'moveit_ros'}
[0.001321] (-) JobUnselected: {'identifier': 'moveit_ros_benchmarks'}
[0.001329] (-) JobUnselected: {'identifier': 'moveit_ros_control_interface'}
[0.001337] (-) JobUnselected: {'identifier': 'moveit_ros_move_group'}
[0.001344] (-) JobUnselected: {'identifier': 'moveit_ros_occupancy_map_monitor'}
[0.001352] (-) JobUnselected: {'identifier': 'moveit_ros_perception'}
[0.001359] (-) JobUnselected: {'identifier': 'moveit_ros_planning'}
[0.001367] (-) JobUnselected: {'identifier': 'moveit_ros_planning_interface'}
[0.001375] (-) JobUnselected: {'identifier': 'moveit_ros_robot_interaction'}
[0.001382] (-) JobUnselected: {'identifier': 'moveit_ros_visualization'}
[0.001389] (-) JobUnselected: {'identifier': 'moveit_ros_warehouse'}
[0.001396] (-) JobUnselected: {'identifier': 'moveit_runtime'}
[0.001403] (-) JobUnselected: {'identifier': 'moveit_servo'}
[0.001411] (-) JobUnselected: {'identifier': 'moveit_setup_app_plugins'}
[0.001418] (-) JobUnselected: {'identifier': 'moveit_setup_assistant'}
[0.001426] (-) JobUnselected: {'identifier': 'moveit_setup_controllers'}
[0.001433] (-) JobUnselected: {'identifier': 'moveit_setup_core_plugins'}
[0.001440] (-) JobUnselected: {'identifier': 'moveit_setup_framework'}
[0.001448] (-) JobUnselected: {'identifier': 'moveit_setup_srdf_plugins'}
[0.001455] (-) JobUnselected: {'identifier': 'moveit_simple_controller_manager'}
[0.001477] (-) JobUnselected: {'identifier': 'moveit_task_constructor_capabilities'}
[0.001485] (-) JobUnselected: {'identifier': 'moveit_task_constructor_core'}
[0.001493] (-) JobUnselected: {'identifier': 'moveit_task_constructor_demo'}
[0.001501] (-) JobUnselected: {'identifier': 'moveit_task_constructor_msgs'}
[0.001508] (-) JobUnselected: {'identifier': 'moveit_task_constructor_visualization'}
[0.001515] (-) JobUnselected: {'identifier': 'moveit_visual_tools'}
[0.001523] (-) JobUnselected: {'identifier': 'mtc_tutorial'}
[0.001530] (-) JobUnselected: {'identifier': 'object_description'}
[0.001538] (-) JobUnselected: {'identifier': 'pilz_industrial_motion_planner'}
[0.001545] (-) JobUnselected: {'identifier': 'pilz_industrial_motion_planner_testutils'}
[0.001553] (-) JobUnselected: {'identifier': 'realsense2_camera'}
[0.001561] (-) JobUnselected: {'identifier': 'realsense2_camera_msgs'}
[0.001568] (-) JobUnselected: {'identifier': 'realsense2_description'}
[0.001576] (-) JobUnselected: {'identifier': 'realsense2_ros_mqtt_bridge'}
[0.001583] (-) JobUnselected: {'identifier': 'red_seiretu_description'}
[0.001590] (-) JobUnselected: {'identifier': 'robot_config'}
[0.001597] (-) JobUnselected: {'identifier': 'ros_tcp_endpoint'}
[0.001604] (-) JobUnselected: {'identifier': 'rosparam_shortcuts'}
[0.001612] (-) JobUnselected: {'identifier': 'rviz_marker_tools'}
[0.001619] (-) JobUnselected: {'identifier': 'srdfdom'}
[0.001632] (-) JobUnselected: {'identifier': 'stm32_mavlink_interface'}
[0.001639] (-) JobUnselected: {'identifier': 'trac_ik'}
[0.001646] (-) JobUnselected: {'identifier': 'trac_ik_kinematics_plugin'}
[0.001654] (-) JobUnselected: {'identifier': 'trac_ik_lib'}
[0.001661] (-) JobUnselected: {'identifier': 'urdf_0816_description'}
[0.001670] (mavlink_gui_tester) JobQueued: {'identifier': 'mavlink_gui_tester', 'dependencies': OrderedDict()}
[0.001681] (mavlink_gui_tester) JobStarted: {'identifier': 'mavlink_gui_tester'}
[0.013892] (mavlink_gui_tester) JobProgress: {'identifier': 'mavlink_gui_tester', 'progress': 'cmake'}
[0.014608] (mavlink_gui_tester) JobProgress: {'identifier': 'mavlink_gui_tester', 'progress': 'build'}
[0.015506] (mavlink_gui_tester) Command: {'cmd': ['/usr/bin/cmake', '--build', '/home/a/ws_moveit2/build/mavlink_gui_tester', '--', '-j22', '-l22'], 'cwd': '/home/a/ws_moveit2/build/mavlink_gui_tester', 'env': OrderedDict([('GJS_DEBUG_TOPICS', 'JS ERROR;JS LOG'), ('LESSOPEN', '| /usr/bin/lesspipe %s'), ('USER', 'a'), ('XDG_SESSION_TYPE', 'wayland'), ('SHLVL', '1'), ('LD_LIBRARY_PATH', '/home/a/ws_moveit2/install/trac_ik_kinematics_plugin/lib:/home/a/ws_moveit2/install/trac_ik_lib/lib:/home/a/ws_moveit2/install/stm32_mavlink_interface/lib:/home/a/ws_moveit2/install/right_arm_ikfast_plugin/lib:/home/a/ws_moveit2/install/pilz_industrial_motion_planner_testutils/lib:/home/a/ws_moveit2/install/pilz_industrial_motion_planner/lib:/home/a/ws_moveit2/install/moveit_visual_tools/lib:/home/a/ws_moveit2/install/moveit_task_constructor_visualization/lib:/home/a/ws_moveit2/install/moveit_task_constructor_demo/lib:/home/a/ws_moveit2/install/moveit_task_constructor_capabilities/lib:/home/a/ws_moveit2/install/moveit_task_constructor_core/lib:/home/a/ws_moveit2/install/moveit_ros_control_interface/lib:/home/a/ws_moveit2/install/moveit_simple_controller_manager/lib:/home/a/ws_moveit2/install/moveit_setup_assistant/lib:/home/a/ws_moveit2/install/moveit_setup_srdf_plugins/lib:/home/a/ws_moveit2/install/moveit_setup_core_plugins/lib:/home/a/ws_moveit2/install/moveit_setup_controllers/lib:/home/a/ws_moveit2/install/moveit_setup_app_plugins/lib:/home/a/ws_moveit2/install/moveit_setup_framework/lib:/home/a/ws_moveit2/install/moveit_servo/lib:/home/a/ws_moveit2/install/moveit_ros_visualization/lib:/home/a/ws_moveit2/install/moveit_hybrid_planning/lib:/home/a/ws_moveit2/install/moveit_ros_planning_interface/lib:/home/a/ws_moveit2/install/moveit_ros_benchmarks/lib:/home/a/ws_moveit2/install/moveit_ros_warehouse/lib:/home/a/ws_moveit2/install/moveit_ros_robot_interaction/lib:/home/a/ws_moveit2/install/moveit_ros_perception/lib:/home/a/ws_moveit2/install/moveit_ros_move_group/lib:/home/a/ws_moveit2/install/moveit_planners_ompl/lib:/home/a/ws_moveit2/install/left_arm_ikfast_plugin/lib:/home/a/ws_moveit2/install/moveit_ros_planning/lib:/home/a/ws_moveit2/install/moveit_ros_occupancy_map_monitor/lib:/home/a/ws_moveit2/install/moveit_resources_prbt_ikfast_manipulator_plugin/lib:/home/a/ws_moveit2/install/moveit_planners_chomp/lib:/home/a/ws_moveit2/install/moveit_kinematics/lib:/home/a/ws_moveit2/install/moveit_chomp_optimizer_adapter/lib:/home/a/ws_moveit2/install/chomp_motion_planner/lib:/home/a/ws_moveit2/install/moveit_core/lib:/home/a/ws_moveit2/install/srdfdom/lib:/home/a/ws_moveit2/install/rviz_marker_tools/lib:/home/a/ws_moveit2/install/rosparam_shortcuts/lib:/home/a/ws_moveit2/install/realsense2_camera/lib:/home/a/ws_moveit2/install/realsense2_camera_msgs/lib:/home/a/ws_moveit2/install/moveit_task_constructor_msgs/lib:/home/a/ws_moveit2/install/dynamixel_sdk_custom_interfaces/lib:/home/a/ws_moveit2/install/dynamixel_controller/lib:/home/a/ws_moveit2/install/dynamixel_sdk/lib:/usr/lib/x86_64-linux-gnu/gazebo-11/plugins:/opt/ros/humble/opt/rviz_ogre_vendor/lib:/opt/ros/humble/lib/x86_64-linux-gnu:/opt/ros/humble/lib'), ('HOME', '/home/a'), ('OLDPWD', '/home/a/ws_moveit2/src/MAVLink'), ('DESKTOP_SESSION', 'ubuntu'), ('NVM_BIN', '/home/a/.nvm/versions/node/v22.18.0/bin'), ('NVM_INC', '/home/a/.nvm/versions/node/v22.18.0/include/node'), ('GIO_LAUNCHED_DESKTOP_FILE', '/usr/share/applications/terminator.desktop'), ('ROS_PYTHON_VERSION', '3'), ('GNOME_SHELL_SESSION_MODE', 'ubuntu'), ('GTK_MODULES', 'gail:atk-bridge'), ('MANAGERPID', '1213'), ('SYSTEMD_EXEC_PID', '1445'), ('DBUS_SESSION_BUS_ADDRESS', 'unix:path=/run/user/1000/bus'), ('COLORTERM', 'truecolor'), ('TERMINATOR_DBUS_NAME', 'net.tenshu.Terminator25ef4b219e3b005583550f2b0f9f990c3'), ('GIO_LAUNCHED_DESKTOP_FILE_PID', '3048'), ('NVM_DIR', '/home/a/.nvm'), ('IM_CONFIG_PHASE', '1'), ('WAYLAND_DISPLAY', 'wayland-0'), ('COLCON_PREFIX_PATH', '/home/a/ws_moveit2/install'), ('ROS_DISTRO', 'humble'), ('LOGNAME', 'a'), ('JOURNAL_STREAM', '8:3514'), ('_', '/usr/bin/colcon'), ('ROS_VERSION', '2'), ('XDG_SESSION_CLASS', 'user'), ('USERNAME', 'a'), ('TERM', 'xterm-256color'), ('GNOME_DESKTOP_SESSION_ID', 'this-is-deprecated'), ('ROS_LOCALHOST_ONLY', '0'), ('PATH', '/home/a/ws_moveit2/install/moveit_core/bin:/home/a/.nvm/versions/node/v22.18.0/bin:/opt/ros/humble/bin:/home/a/.local/bin:/usr/local/sbin:/usr/local/bin:/usr/sbin:/usr/bin:/sbin:/bin:/usr/games:/usr/local/games:/snap/bin:/snap/bin'), ('SESSION_MANAGER', 'local/a:@/tmp/.ICE-unix/1406,unix/a:/tmp/.ICE-unix/1406'), ('INVOCATION_ID', 'a100030f866a48708cf7905c543bcf13'), ('XDG_MENU_PREFIX', 'gnome-'), ('GNOME_SETUP_DISPLAY', ':1'), ('XDG_RUNTIME_DIR', '/run/user/1000'), ('DISPLAY', ':0'), ('TERMINATOR_DBUS_PATH', '/net/tenshu/Terminator2'), ('LANG', 'en_US.UTF-8'), ('XDG_CURRENT_DESKTOP', 'ubuntu:GNOME'), ('XMODIFIERS', '@im=ibus'), ('XDG_SESSION_DESKTOP', 'ubuntu'), ('XAUTHORITY', '/run/user/1000/.mutter-Xwaylandauth.4WBWC3'), ('LS_COLORS', 'rs=0:di=01;34:ln=01;36:mh=00:pi=40;33:so=01;35:do=01;35:bd=40;33;01:cd=40;33;01:or=40;31;01:mi=00:su=37;41:sg=30;43:ca=30;41:tw=30;42:ow=34;42:st=37;44:ex=01;32:*.tar=01;31:*.tgz=01;31:*.arc=01;31:*.arj=01;31:*.taz=01;31:*.lha=01;31:*.lz4=01;31:*.lzh=01;31:*.lzma=01;31:*.tlz=01;31:*.txz=01;31:*.tzo=01;31:*.t7z=01;31:*.zip=01;31:*.z=01;31:*.dz=01;31:*.gz=01;31:*.lrz=01;31:*.lz=01;31:*.lzo=01;31:*.xz=01;31:*.zst=01;31:*.tzst=01;31:*.bz2=01;31:*.bz=01;31:*.tbz=01;31:*.tbz2=01;31:*.tz=01;31:*.deb=01;31:*.rpm=01;31:*.jar=01;31:*.war=01;31:*.ear=01;31:*.sar=01;31:*.rar=01;31:*.alz=01;31:*.ace=01;31:*.zoo=01;31:*.cpio=01;31:*.7z=01;31:*.rz=01;31:*.cab=01;31:*.wim=01;31:*.swm=01;31:*.dwm=01;31:*.esd=01;31:*.jpg=01;35:*.jpeg=01;35:*.mjpg=01;35:*.mjpeg=01;35:*.gif=01;35:*.bmp=01;35:*.pbm=01;35:*.pgm=01;35:*.ppm=01;35:*.tga=01;35:*.xbm=01;35:*.xpm=01;35:*.tif=01;35:*.tiff=01;35:*.png=01;35:*.svg=01;35:*.svgz=01;35:*.mng=01;35:*.pcx=01;35:*.mov=01;35:*.mpg=01;35:*.mpeg=01;35:*.m2v=01;35:*.mkv=01;35:*.webm=01;35:*.webp=01;35:*.ogm=01;35:*.mp4=01;35:*.m4v=01;35:*.mp4v=01;35:*.vob=01;35:*.qt=01;35:*.nuv=01;35:*.wmv=01;35:*.asf=01;35:*.rm=01;35:*.rmvb=01;35:*.flc=01;35:*.avi=01;35:*.fli=01;35:*.flv=01;35:*.gl=01;35:*.dl=01;35:*.xcf=01;35:*.xwd=01;35:*.yuv=01;35:*.cgm=01;35:*.emf=01;35:*.ogv=01;35:*.ogx=01;35:*.aac=00;36:*.au=00;36:*.flac=00;36:*.m4a=00;36:*.mid=00;36:*.midi=00;36:*.mka=00;36:*.mp3=00;36:*.mpc=00;36:*.ogg=00;36:*.ra=00;36:*.wav=00;36:*.oga=00;36:*.opus=00;36:*.spx=00;36:*.xspf=00;36:'), ('SSH_AGENT_LAUNCHER', 'gnome-keyring'), ('SSH_AUTH_SOCK', '/run/user/1000/keyring/ssh'), ('AMENT_PREFIX_PATH', '/home/a/ws_moveit2/install/urdf_0816_description:/home/a/ws_moveit2/install/trac_ik:/home/a/ws_moveit2/install/robot_config:/home/a/ws_moveit2/install/trac_ik_kinematics_plugin:/home/a/ws_moveit2/install/trac_ik_lib:/home/a/ws_moveit2/install/mavlink_controller_client:/home/a/ws_moveit2/install/stm32_mavlink_interface:/home/a/ws_moveit2/install/right_arm_ikfast_plugin:/home/a/ws_moveit2/install/pilz_industrial_motion_planner_testutils:/home/a/ws_moveit2/install/moveit_runtime:/home/a/ws_moveit2/install/moveit2_tutorials:/home/a/ws_moveit2/install/moveit:/home/a/ws_moveit2/install/moveit_planners:/home/a/ws_moveit2/install/pilz_industrial_motion_planner:/home/a/ws_moveit2/install/mtc_tutorial:/home/a/ws_moveit2/install/hello_moveit:/home/a/ws_moveit2/install/moveit_visual_tools:/home/a/ws_moveit2/install/moveit_task_constructor_visualization:/home/a/ws_moveit2/install/moveit_task_constructor_demo:/home/a/ws_moveit2/install/moveit_task_constructor_capabilities:/home/a/ws_moveit2/install/moveit_task_constructor_core:/home/a/ws_moveit2/install/moveit_ros_control_interface:/home/a/ws_moveit2/install/moveit_plugins:/home/a/ws_moveit2/install/moveit_simple_controller_manager:/home/a/ws_moveit2/install/moveit_setup_assistant:/home/a/ws_moveit2/install/moveit_setup_srdf_plugins:/home/a/ws_moveit2/install/moveit_setup_core_plugins:/home/a/ws_moveit2/install/moveit_setup_controllers:/home/a/ws_moveit2/install/moveit_setup_app_plugins:/home/a/ws_moveit2/install/moveit_setup_framework:/home/a/ws_moveit2/install/moveit_servo:/home/a/ws_moveit2/install/moveit_ros:/home/a/ws_moveit2/install/moveit_ros_visualization:/home/a/ws_moveit2/install/moveit_hybrid_planning:/home/a/ws_moveit2/install/moveit_ros_planning_interface:/home/a/ws_moveit2/install/moveit_ros_benchmarks:/home/a/ws_moveit2/install/moveit_ros_warehouse:/home/a/ws_moveit2/install/moveit_ros_robot_interaction:/home/a/ws_moveit2/install/moveit_ros_perception:/home/a/ws_moveit2/install/moveit_resources_prbt_pg70_support:/home/a/ws_moveit2/install/moveit_resources_prbt_moveit_config:/home/a/ws_moveit2/install/moveit_ros_move_group:/home/a/ws_moveit2/install/moveit_planners_ompl:/home/a/ws_moveit2/install/left_arm_ikfast_plugin:/home/a/ws_moveit2/install/moveit_ros_planning:/home/a/ws_moveit2/install/moveit_ros_occupancy_map_monitor:/home/a/ws_moveit2/install/moveit_resources_prbt_ikfast_manipulator_plugin:/home/a/ws_moveit2/install/moveit_planners_chomp:/home/a/ws_moveit2/install/moveit_kinematics:/home/a/ws_moveit2/install/moveit_chomp_optimizer_adapter:/home/a/ws_moveit2/install/chomp_motion_planner:/home/a/ws_moveit2/install/moveit_core:/home/a/ws_moveit2/install/moveit_configs_utils:/home/a/ws_moveit2/install/srdfdom:/home/a/ws_moveit2/install/rviz_marker_tools:/home/a/ws_moveit2/install/rosparam_shortcuts:/home/a/ws_moveit2/install/ros_tcp_endpoint:/home/a/ws_moveit2/install/red_seiretu_description:/home/a/ws_moveit2/install/realsense2_ros_mqtt_bridge:/home/a/ws_moveit2/install/realsense2_description:/home/a/ws_moveit2/install/realsense2_camera:/home/a/ws_moveit2/install/realsense2_camera_msgs:/home/a/ws_moveit2/install/object_description:/home/a/ws_moveit2/install/moveit_task_constructor_msgs:/home/a/ws_moveit2/install/moveit_resources_prbt_support:/home/a/ws_moveit2/install/moveit_resources:/home/a/ws_moveit2/install/moveit_resources_pr2_description:/home/a/ws_moveit2/install/moveit_resources_panda_moveit_config:/home/a/ws_moveit2/install/moveit_resources_panda_description:/home/a/ws_moveit2/install/moveit_resources_fanuc_moveit_config:/home/a/ws_moveit2/install/moveit_resources_fanuc_description:/home/a/ws_moveit2/install/moveit_common:/home/a/ws_moveit2/install/mavlink_gui_tester:/home/a/ws_moveit2/install/launch_param_builder:/home/a/ws_moveit2/install/field_description_test:/home/a/ws_moveit2/install/field_description:/home/a/ws_moveit2/install/dynamixel_sdk_examples:/home/a/ws_moveit2/install/dynamixel_sdk_custom_interfaces:/home/a/ws_moveit2/install/dynamixel_controller_gui:/home/a/ws_moveit2/install/dynamixel_controller:/home/a/ws_moveit2/install/dynamixel_sdk:/home/a/ws_moveit2/install/dynamixel_controller_client:/home/a/ws_moveit2/install/d415_rgb_depth_3d:/home/a/ws_moveit2/install/catch_gazebo_ros2_control:/home/a/ws_moveit2/install/blue_seiretu_description:/home/a/ws_moveit2/install/0525_arm_description:/opt/ros/humble'), ('SHELL', '/bin/bash'), ('TERMINATOR_UUID', 'urn:uuid:eafdab0d-8274-42e2-8fcd-57b9e3c5174e'), ('QT_ACCESSIBILITY', '1'), ('GDMSESSION', 'ubuntu'), ('LESSCLOSE', '/usr/bin/lesspipe %s %s'), ('CMAKE_MODULE_PATH', '/home/a/ws_moveit2/install/moveit_task_constructor_core/share/moveit_task_constructor_core/cmake'), ('GJS_DEBUG_OUTPUT', 'stderr'), ('QT_IM_MODULE', 'ibus'), ('PWD', '/home/a/ws_moveit2/build/mavlink_gui_tester'), ('LC_ALL', 'en_US.UTF-8'), ('XDG_CONFIG_DIRS', '/etc/xdg/xdg-ubuntu:/etc/xdg'), ('NVM_CD_FLAGS', ''), ('XDG_DATA_DIRS', '/usr/share/ubuntu:/home/a/.local/share/flatpak/exports/share:/var/lib/flatpak/exports/share:/usr/local/share/:/usr/share/:/var/lib/snapd/desktop'), ('PYTHONPATH', '/home/a/ws_moveit2/install/mavlink_controller_client/lib/python3.10/site-packages:/home/a/ws_moveit2/install/stm32_mavlink_interface/local/lib/python3.10/dist-packages:/home/a/ws_moveit2/install/moveit_task_constructor_core/local/lib/python3.10/dist-packages:/home/a/ws_moveit2/install/moveit_configs_utils/lib/python3.10/site-packages:/home/a/ws_moveit2/install/srdfdom/local/lib/python3.10/dist-packages:/home/a/ws_moveit2/install/ros_tcp_endpoint/lib/python3.10/site-packages:/home/a/ws_moveit2/install/realsense2_ros_mqtt_bridge/lib/python3.10/site-packages:/home/a/ws_moveit2/install/realsense2_camera_msgs/local/lib/python3.10/dist-packages:/home/a/ws_moveit2/install/moveit_task_constructor_msgs/local/lib/python3.10/dist-packages:/home/a/ws_moveit2/install/launch_param_builder/lib/python3.10/site-packages:/home/a/ws_moveit2/install/dynamixel_sdk_custom_interfaces/local/lib/python3.10/dist-packages:/home/a/ws_moveit2/install/dynamixel_controller_gui/lib/python3.10/site-packages:/home/a/ws_moveit2/install/dynamixel_controller/local/lib/python3.10/dist-packages:/home/a/ws_moveit2/install/dynamixel_controller_client/lib/python3.10/site-packages:/home/a/ws_moveit2/install/d415_rgb_depth_3d/lib/python3.10/site-packages:/opt/ros/humble/lib/python3.10/site-packages:/opt/ros/humble/local/lib/python3.10/dist-packages'), ('COLCON', '1'), ('VTE_VERSION', '6800'), ('CMAKE_PREFIX_PATH', '/home/a/ws_moveit2/install/urdf_0816_description:/home/a/ws_moveit2/install/trac_ik:/home/a/ws_moveit2/install/robot_config:/home/a/ws_moveit2/install/trac_ik_kinematics_plugin:/home/a/ws_moveit2/install/trac_ik_lib:/home/a/ws_moveit2/install/stm32_mavlink_interface:/home/a/ws_moveit2/install/right_arm_ikfast_plugin:/home/a/ws_moveit2/install/pilz_industrial_motion_planner_testutils:/home/a/ws_moveit2/install/moveit_runtime:/home/a/ws_moveit2/install/moveit2_tutorials:/home/a/ws_moveit2/install/moveit:/home/a/ws_moveit2/install/moveit_planners:/home/a/ws_moveit2/install/pilz_industrial_motion_planner:/home/a/ws_moveit2/install/mtc_tutorial:/home/a/ws_moveit2/install/hello_moveit:/home/a/ws_moveit2/install/moveit_visual_tools:/home/a/ws_moveit2/install/moveit_task_constructor_visualization:/home/a/ws_moveit2/install/moveit_task_constructor_demo:/home/a/ws_moveit2/install/moveit_task_constructor_capabilities:/home/a/ws_moveit2/install/moveit_task_constructor_core:/home/a/ws_moveit2/install/moveit_ros_control_interface:/home/a/ws_moveit2/install/moveit_plugins:/home/a/ws_moveit2/install/moveit_simple_controller_manager:/home/a/ws_moveit2/install/moveit_setup_assistant:/home/a/ws_moveit2/install/moveit_setup_srdf_plugins:/home/a/ws_moveit2/install/moveit_setup_core_plugins:/home/a/ws_moveit2/install/moveit_setup_controllers:/home/a/ws_moveit2/install/moveit_setup_app_plugins:/home/a/ws_moveit2/install/moveit_setup_framework:/home/a/ws_moveit2/install/moveit_servo:/home/a/ws_moveit2/install/moveit_ros:/home/a/ws_moveit2/install/moveit_ros_visualization:/home/a/ws_moveit2/install/moveit_hybrid_planning:/home/a/ws_moveit2/install/moveit_ros_planning_interface:/home/a/ws_moveit2/install/moveit_ros_benchmarks:/home/a/ws_moveit2/install/moveit_ros_warehouse:/home/a/ws_moveit2/install/moveit_ros_robot_interaction:/home/a/ws_moveit2/install/moveit_ros_perception:/home/a/ws_moveit2/install/moveit_resources_prbt_pg70_support:/home/a/ws_moveit2/install/moveit_resources_prbt_moveit_config:/home/a/ws_moveit2/install/moveit_ros_move_group:/home/a/ws_moveit2/install/moveit_planners_ompl:/home/a/ws_moveit2/install/left_arm_ikfast_plugin:/home/a/ws_moveit2/install/moveit_ros_planning:/home/a/ws_moveit2/install/moveit_ros_occupancy_map_monitor:/home/a/ws_moveit2/install/moveit_resources_prbt_ikfast_manipulator_plugin:/home/a/ws_moveit2/install/moveit_planners_chomp:/home/a/ws_moveit2/install/moveit_kinematics:/home/a/ws_moveit2/install/moveit_chomp_optimizer_adapter:/home/a/ws_moveit2/install/chomp_motion_planner:/home/a/ws_moveit2/install/moveit_core:/home/a/ws_moveit2/install/srdfdom:/home/a/ws_moveit2/install/rviz_marker_tools:/home/a/ws_moveit2/install/rosparam_shortcuts:/home/a/ws_moveit2/install/red_seiretu_description:/home/a/ws_moveit2/install/realsense2_description:/home/a/ws_moveit2/install/realsense2_camera:/home/a/ws_moveit2/install/realsense2_camera_msgs:/home/a/ws_moveit2/install/object_description:/home/a/ws_moveit2/install/moveit_task_constructor_msgs:/home/a/ws_moveit2/install/moveit_resources_prbt_support:/home/a/ws_moveit2/install/moveit_resources:/home/a/ws_moveit2/install/moveit_resources_pr2_description:/home/a/ws_moveit2/install/moveit_resources_panda_moveit_config:/home/a/ws_moveit2/install/moveit_resources_panda_description:/home/a/ws_moveit2/install/moveit_resources_fanuc_moveit_config:/home/a/ws_moveit2/install/moveit_resources_fanuc_description:/home/a/ws_moveit2/install/moveit_common:/home/a/ws_moveit2/install/mavlink_gui_tester:/home/a/ws_moveit2/install/field_description_test:/home/a/ws_moveit2/install/field_description:/home/a/ws_moveit2/install/dynamixel_sdk_examples:/home/a/ws_moveit2/install/dynamixel_sdk_custom_interfaces:/home/a/ws_moveit2/install/dynamixel_controller:/home/a/ws_moveit2/install/dynamixel_sdk:/home/a/ws_moveit2/install/catch_gazebo_ros2_control:/home/a/ws_moveit2/install/blue_seiretu_description:/home/a/ws_moveit2/install/0525_arm_description:/home/a/ws_moveit2/install/mavlink_controller_client:/home/a/ws_moveit2/install/moveit_configs_utils:/home/a/ws_moveit2/install/ros_tcp_endpoint:/home/a/ws_moveit2/install/realsense2_ros_mqtt_bridge:/home/a/ws_moveit2/install/launch_param_builder:/home/a/ws_moveit2/install/dynamixel_controller_gui:/home/a/ws_moveit2/install/dynamixel_controller_client:/home/a/ws_moveit2/install/d415_rgb_depth_3d:/opt/ros/humble')]), 'shell': False}
[0.064788] (mavlink_gui_tester) StdoutLine: {'line': b'[ 12%] \x1b[34m\x1b[1mAutomatic MOC and UIC for target mavlink_gui_tester_node\x1b[0m\n'}
[0.085221] (mavlink_gui_tester) StdoutLine: {'line': b'[ 12%] Built target mavlink_gui_tester_node_autogen\n'}
[0.099662] (-) TimerEvent: {}
[0.102236] (mavlink_gui_tester) StdoutLine: {'line': b'[ 25%] \x1b[34m\x1b[1mGenerating include/mavlink_gui_tester/moc_mavlink_gui_widget.cpp\x1b[0m\n'}
[0.199785] (-) TimerEvent: {}
[0.300127] (-) TimerEvent: {}
[0.352205] (mavlink_gui_tester) StdoutLine: {'line': b'\x1b[35m\x1b[1mConsolidate compiler generated dependencies of target mavlink_gui_tester_node\x1b[0m\n'}
[0.373292] (mavlink_gui_tester) StdoutLine: {'line': b'[ 50%] \x1b[32mBuilding CXX object CMakeFiles/mavlink_gui_tester_node.dir/include/mavlink_gui_tester/moc_mavlink_gui_widget.cpp.o\x1b[0m\n'}
[0.373486] (mavlink_gui_tester) StdoutLine: {'line': b'[ 50%] \x1b[32mBuilding CXX object CMakeFiles/mavlink_gui_tester_node.dir/src/main.cpp.o\x1b[0m\n'}
[0.373943] (mavlink_gui_tester) StdoutLine: {'line': b'[ 62%] \x1b[32mBuilding CXX object CMakeFiles/mavlink_gui_tester_node.dir/src/mavlink_gui_widget.cpp.o\x1b[0m\n'}
[0.400265] (-) TimerEvent: {}
[0.500677] (-) TimerEvent: {}
[0.601057] (-) TimerEvent: {}
[0.701655] (-) TimerEvent: {}
[0.802000] (-) TimerEvent: {}
[0.902357] (-) TimerEvent: {}
[1.002748] (-) TimerEvent: {}
[1.103182] (-) TimerEvent: {}
[1.203529] (-) TimerEvent: {}
[1.303867] (-) TimerEvent: {}
[1.404224] (-) TimerEvent: {}
[1.504556] (-) TimerEvent: {}
[1.604893] (-) TimerEvent: {}
[1.705244] (-) TimerEvent: {}
[1.805580] (-) TimerEvent: {}
[1.905910] (-) TimerEvent: {}
[2.006247] (-) TimerEvent: {}
[2.106591] (-) TimerEvent: {}
[2.206934] (-) TimerEvent: {}
[2.307299] (-) TimerEvent: {}
[2.407660] (-) TimerEvent: {}
[2.508029] (-) TimerEvent: {}
[2.567037] (mavlink_gui_tester) StderrLine: {'line': b'In file included from \x1b[01m\x1b[K/home/a/ws_moveit2/src/MAVLink/MAVLink_gui_ros2/../MAVLink_ros2/include/mavlink/c_library_v2/common/../protocol.h:4\x1b[m\x1b[K,\n'}
[2.567303] (mavlink_gui_tester) StderrLine: {'line': b'                 from \x1b[01m\x1b[K/home/a/ws_moveit2/src/MAVLink/MAVLink_gui_ros2/../MAVLink_ros2/include/mavlink/c_library_v2/common/common.h:29\x1b[m\x1b[K,\n'}
[2.567379] (mavlink_gui_tester) StderrLine: {'line': b'                 from \x1b[01m\x1b[K/home/a/ws_moveit2/src/MAVLink/MAVLink_gui_ros2/../MAVLink_ros2/include/mavlink/c_library_v2/common/mavlink.h:32\x1b[m\x1b[K,\n'}
[2.567438] (mavlink_gui_tester) StderrLine: {'line': b'                 from \x1b[01m\x1b[K/home/a/ws_moveit2/build/mavlink_gui_tester/include/mavlink_gui_tester/../../../../src/MAVLink/MAVLink_gui_ros2/include/mavlink_gui_tester/mavlink_gui_widget.hpp:45\x1b[m\x1b[K,\n'}
[2.567499] (mavlink_gui_tester) StderrLine: {'line': b'                 from \x1b[01m\x1b[K/home/a/ws_moveit2/build/mavlink_gui_tester/include/mavlink_gui_tester/moc_mavlink_gui_widget.cpp:10\x1b[m\x1b[K:\n'}
[2.567555] (mavlink_gui_tester) StderrLine: {'line': b'\x1b[01m\x1b[K/home/a/ws_moveit2/src/MAVLink/MAVLink_gui_ros2/../MAVLink_ros2/include/mavlink/c_library_v2/common/../mavlink_types.h:78:12:\x1b[m\x1b[K \x1b[01;35m\x1b[Kwarning: \x1b[m\x1b[KISO C++ prohibits anonymous structs [\x1b[01;35m\x1b[K\x1b]8;;https://gcc.gnu.org/onlinedocs/gcc/Warning-Options.html#index-Wpedantic\x07-Wpedantic\x1b]8;;\x07\x1b[m\x1b[K]\n'}
[2.567615] (mavlink_gui_tester) StderrLine: {'line': b'   78 |     struct \x1b[01;35m\x1b[K{\x1b[m\x1b[K\n'}
[2.567670] (mavlink_gui_tester) StderrLine: {'line': b'      |            \x1b[01;35m\x1b[K^\x1b[m\x1b[K\n'}
[2.567724] (mavlink_gui_tester) StderrLine: {'line': b'\x1b[01m\x1b[K/home/a/ws_moveit2/src/MAVLink/MAVLink_gui_ros2/../MAVLink_ros2/include/mavlink/c_library_v2/common/../mavlink_types.h:17:40:\x1b[m\x1b[K \x1b[01;36m\x1b[Knote: \x1b[m\x1b[Kin definition of macro \xe2\x80\x98\x1b[01m\x1b[KMAVPACKED\x1b[m\x1b[K\xe2\x80\x99\n'}
[2.567780] (mavlink_gui_tester) StderrLine: {'line': b'   17 |   #define MAVPACKED( __Declaration__ ) \x1b[01;36m\x1b[K__Declaration__\x1b[m\x1b[K __attribute__((packed))\n'}
[2.567839] (mavlink_gui_tester) StderrLine: {'line': b'      |                                        \x1b[01;36m\x1b[K^~~~~~~~~~~~~~~\x1b[m\x1b[K\n'}
[2.608160] (-) TimerEvent: {}
[2.618182] (mavlink_gui_tester) StderrLine: {'line': b'In file included from \x1b[01m\x1b[K/home/a/ws_moveit2/src/MAVLink/MAVLink_gui_ros2/../MAVLink_ros2/include/mavlink/c_library_v2/common/../protocol.h:4\x1b[m\x1b[K,\n'}
[2.618375] (mavlink_gui_tester) StderrLine: {'line': b'                 from \x1b[01m\x1b[K/home/a/ws_moveit2/src/MAVLink/MAVLink_gui_ros2/../MAVLink_ros2/include/mavlink/c_library_v2/common/common.h:29\x1b[m\x1b[K,\n'}
[2.618447] (mavlink_gui_tester) StderrLine: {'line': b'                 from \x1b[01m\x1b[K/home/a/ws_moveit2/src/MAVLink/MAVLink_gui_ros2/../MAVLink_ros2/include/mavlink/c_library_v2/common/mavlink.h:32\x1b[m\x1b[K,\n'}
[2.618521] (mavlink_gui_tester) StderrLine: {'line': b'                 from \x1b[01m\x1b[K/home/a/ws_moveit2/src/MAVLink/MAVLink_gui_ros2/include/mavlink_gui_tester/mavlink_gui_widget.hpp:45\x1b[m\x1b[K,\n'}
[2.618578] (mavlink_gui_tester) StderrLine: {'line': b'                 from \x1b[01m\x1b[K/home/a/ws_moveit2/src/MAVLink/MAVLink_gui_ros2/src/mavlink_gui_widget.cpp:1\x1b[m\x1b[K:\n'}
[2.618633] (mavlink_gui_tester) StderrLine: {'line': b'\x1b[01m\x1b[K/home/a/ws_moveit2/src/MAVLink/MAVLink_gui_ros2/../MAVLink_ros2/include/mavlink/c_library_v2/common/../mavlink_types.h:78:12:\x1b[m\x1b[K \x1b[01;35m\x1b[Kwarning: \x1b[m\x1b[KISO C++ prohibits anonymous structs [\x1b[01;35m\x1b[K\x1b]8;;https://gcc.gnu.org/onlinedocs/gcc/Warning-Options.html#index-Wpedantic\x07-Wpedantic\x1b]8;;\x07\x1b[m\x1b[K]\n'}
[2.618693] (mavlink_gui_tester) StderrLine: {'line': b'   78 |     struct \x1b[01;35m\x1b[K{\x1b[m\x1b[K\n'}
[2.618753] (mavlink_gui_tester) StderrLine: {'line': b'      |            \x1b[01;35m\x1b[K^\x1b[m\x1b[K\n'}
[2.618805] (mavlink_gui_tester) StderrLine: {'line': b'\x1b[01m\x1b[K/home/a/ws_moveit2/src/MAVLink/MAVLink_gui_ros2/../MAVLink_ros2/include/mavlink/c_library_v2/common/../mavlink_types.h:17:40:\x1b[m\x1b[K \x1b[01;36m\x1b[Knote: \x1b[m\x1b[Kin definition of macro \xe2\x80\x98\x1b[01m\x1b[KMAVPACKED\x1b[m\x1b[K\xe2\x80\x99\n'}
[2.618859] (mavlink_gui_tester) StderrLine: {'line': b'   17 |   #define MAVPACKED( __Declaration__ ) \x1b[01;36m\x1b[K__Declaration__\x1b[m\x1b[K __attribute__((packed))\n'}
[2.618912] (mavlink_gui_tester) StderrLine: {'line': b'      |                                        \x1b[01;36m\x1b[K^~~~~~~~~~~~~~~\x1b[m\x1b[K\n'}
[2.637928] (mavlink_gui_tester) StderrLine: {'line': b'In file included from \x1b[01m\x1b[K/home/a/ws_moveit2/src/MAVLink/MAVLink_gui_ros2/../MAVLink_ros2/include/mavlink/c_library_v2/common/../protocol.h:4\x1b[m\x1b[K,\n'}
[2.638136] (mavlink_gui_tester) StderrLine: {'line': b'                 from \x1b[01m\x1b[K/home/a/ws_moveit2/src/MAVLink/MAVLink_gui_ros2/../MAVLink_ros2/include/mavlink/c_library_v2/common/common.h:29\x1b[m\x1b[K,\n'}
[2.638212] (mavlink_gui_tester) StderrLine: {'line': b'                 from \x1b[01m\x1b[K/home/a/ws_moveit2/src/MAVLink/MAVLink_gui_ros2/../MAVLink_ros2/include/mavlink/c_library_v2/common/mavlink.h:32\x1b[m\x1b[K,\n'}
[2.638285] (mavlink_gui_tester) StderrLine: {'line': b'                 from \x1b[01m\x1b[K/home/a/ws_moveit2/src/MAVLink/MAVLink_gui_ros2/include/mavlink_gui_tester/mavlink_gui_widget.hpp:45\x1b[m\x1b[K,\n'}
[2.638343] (mavlink_gui_tester) StderrLine: {'line': b'                 from \x1b[01m\x1b[K/home/a/ws_moveit2/src/MAVLink/MAVLink_gui_ros2/src/main.cpp:3\x1b[m\x1b[K:\n'}
[2.638399] (mavlink_gui_tester) StderrLine: {'line': b'\x1b[01m\x1b[K/home/a/ws_moveit2/src/MAVLink/MAVLink_gui_ros2/../MAVLink_ros2/include/mavlink/c_library_v2/common/../mavlink_types.h:78:12:\x1b[m\x1b[K \x1b[01;35m\x1b[Kwarning: \x1b[m\x1b[KISO C++ prohibits anonymous structs [\x1b[01;35m\x1b[K\x1b]8;;https://gcc.gnu.org/onlinedocs/gcc/Warning-Options.html#index-Wpedantic\x07-Wpedantic\x1b]8;;\x07\x1b[m\x1b[K]\n'}
[2.638456] (mavlink_gui_tester) StderrLine: {'line': b'   78 |     struct \x1b[01;35m\x1b[K{\x1b[m\x1b[K\n'}
[2.638513] (mavlink_gui_tester) StderrLine: {'line': b'      |            \x1b[01;35m\x1b[K^\x1b[m\x1b[K\n'}
[2.638566] (mavlink_gui_tester) StderrLine: {'line': b'\x1b[01m\x1b[K/home/a/ws_moveit2/src/MAVLink/MAVLink_gui_ros2/../MAVLink_ros2/include/mavlink/c_library_v2/common/../mavlink_types.h:17:40:\x1b[m\x1b[K \x1b[01;36m\x1b[Knote: \x1b[m\x1b[Kin definition of macro \xe2\x80\x98\x1b[01m\x1b[KMAVPACKED\x1b[m\x1b[K\xe2\x80\x99\n'}
[2.638622] (mavlink_gui_tester) StderrLine: {'line': b'   17 |   #define MAVPACKED( __Declaration__ ) \x1b[01;36m\x1b[K__Declaration__\x1b[m\x1b[K __attribute__((packed))\n'}
[2.638674] (mavlink_gui_tester) StderrLine: {'line': b'      |                                        \x1b[01;36m\x1b[K^~~~~~~~~~~~~~~\x1b[m\x1b[K\n'}
[2.650827] (mavlink_gui_tester) StderrLine: {'line': b'In file included from \x1b[01m\x1b[K/home/a/ws_moveit2/src/MAVLink/MAVLink_gui_ros2/../MAVLink_ros2/include/mavlink/c_library_v2/common/common.h:2871\x1b[m\x1b[K,\n'}
[2.650991] (mavlink_gui_tester) StderrLine: {'line': b'                 from \x1b[01m\x1b[K/home/a/ws_moveit2/src/MAVLink/MAVLink_gui_ros2/../MAVLink_ros2/include/mavlink/c_library_v2/common/mavlink.h:32\x1b[m\x1b[K,\n'}
[2.651060] (mavlink_gui_tester) StderrLine: {'line': b'                 from \x1b[01m\x1b[K/home/a/ws_moveit2/build/mavlink_gui_tester/include/mavlink_gui_tester/../../../../src/MAVLink/MAVLink_gui_ros2/include/mavlink_gui_tester/mavlink_gui_widget.hpp:45\x1b[m\x1b[K,\n'}
[2.651413] (mavlink_gui_tester) StderrLine: {'line': b'                 from \x1b[01m\x1b[K/home/a/ws_moveit2/build/mavlink_gui_tester/include/mavlink_gui_tester/moc_mavlink_gui_widget.cpp:10\x1b[m\x1b[K:\n'}
[2.651509] (mavlink_gui_tester) StderrLine: {'line': b'\x1b[01m\x1b[K/home/a/ws_moveit2/src/MAVLink/MAVLink_gui_ros2/../MAVLink_ros2/include/mavlink/c_library_v2/common/./mavlink_msg_set_attitude_target.h:\x1b[m\x1b[K In function \xe2\x80\x98\x1b[01m\x1b[Kuint16_t mavlink_msg_set_attitude_target_encode(uint8_t, uint8_t, mavlink_message_t*, const mavlink_set_attitude_target_t*)\x1b[m\x1b[K\xe2\x80\x99:\n'}
[2.651577] (mavlink_gui_tester) StderrLine: {'line': b'\x1b[01m\x1b[K/home/a/ws_moveit2/src/MAVLink/MAVLink_gui_ros2/../MAVLink_ros2/include/mavlink/c_library_v2/common/./mavlink_msg_set_attitude_target.h:241:242:\x1b[m\x1b[K \x1b[01;35m\x1b[Kwarning: \x1b[m\x1b[Ktaking address of packed member of \xe2\x80\x98\x1b[01m\x1b[K__mavlink_set_attitude_target_t\x1b[m\x1b[K\xe2\x80\x99 may result in an unaligned pointer value [\x1b[01;35m\x1b[K\x1b]8;;https://gcc.gnu.org/onlinedocs/gcc/Warning-Options.html#index-Waddress-of-packed-member\x07-Waddress-of-packed-member\x1b]8;;\x07\x1b[m\x1b[K]\n'}
[2.651637] (mavlink_gui_tester) StderrLine: {'line': b'  241 |     return mavlink_msg_set_attitude_target_pack(system_id, component_id, msg, set_attitude_target->time_boot_ms, set_attitude_target->target_system, set_attitude_target->target_component, set_attitude_target->type_mask, \x1b[01;35m\x1b[Kset_attitude_target->q\x1b[m\x1b[K, set_attitude_target->body_roll_rate, set_attitude_target->body_pitch_rate, set_attitude_target->body_yaw_rate, set_attitude_target->thrust, set_attitude_target->thrust_body);\n'}
[2.651693] (mavlink_gui_tester) StderrLine: {'line': b'      |                                                                                                                                                                                                                             \x1b[01;35m\x1b[K~~~~~~~~~~~~~~~~~~~~~^\x1b[m\x1b[K\n'}
[2.651760] (mavlink_gui_tester) StderrLine: {'line': b'In file included from \x1b[01m\x1b[K/home/a/ws_moveit2/src/MAVLink/MAVLink_gui_ros2/../MAVLink_ros2/include/mavlink/c_library_v2/common/common.h:2871\x1b[m\x1b[K,\n'}
[2.651815] (mavlink_gui_tester) StderrLine: {'line': b'                 from \x1b[01m\x1b[K/home/a/ws_moveit2/src/MAVLink/MAVLink_gui_ros2/../MAVLink_ros2/include/mavlink/c_library_v2/common/mavlink.h:32\x1b[m\x1b[K,\n'}
[2.651868] (mavlink_gui_tester) StderrLine: {'line': b'                 from \x1b[01m\x1b[K/home/a/ws_moveit2/build/mavlink_gui_tester/include/mavlink_gui_tester/../../../../src/MAVLink/MAVLink_gui_ros2/include/mavlink_gui_tester/mavlink_gui_widget.hpp:45\x1b[m\x1b[K,\n'}
[2.651922] (mavlink_gui_tester) StderrLine: {'line': b'                 from \x1b[01m\x1b[K/home/a/ws_moveit2/build/mavlink_gui_tester/include/mavlink_gui_tester/moc_mavlink_gui_widget.cpp:10\x1b[m\x1b[K:\n'}
[2.651974] (mavlink_gui_tester) StderrLine: {'line': b'\x1b[01m\x1b[K/home/a/ws_moveit2/src/MAVLink/MAVLink_gui_ros2/../MAVLink_ros2/include/mavlink/c_library_v2/common/./mavlink_msg_set_attitude_target.h:241:406:\x1b[m\x1b[K \x1b[01;35m\x1b[Kwarning: \x1b[m\x1b[Ktaking address of packed member of \xe2\x80\x98\x1b[01m\x1b[K__mavlink_set_attitude_target_t\x1b[m\x1b[K\xe2\x80\x99 may result in an unaligned pointer value [\x1b[01;35m\x1b[K\x1b]8;;https://gcc.gnu.org/onlinedocs/gcc/Warning-Options.html#index-Waddress-of-packed-member\x07-Waddress-of-packed-member\x1b]8;;\x07\x1b[m\x1b[K]\n'}
[2.652035] (mavlink_gui_tester) StderrLine: {'line': b'  241 |     return mavlink_msg_set_attitude_target_pack(system_id, component_id, msg, set_attitude_target->time_boot_ms, set_attitude_target->target_system, set_attitude_target->target_component, set_attitude_target->type_mask, set_attitude_target->q, set_attitude_target->body_roll_rate, set_attitude_target->body_pitch_rate, set_attitude_target->body_yaw_rate, set_attitude_target->thrust, \x1b[01;35m\x1b[Kset_attitude_target->thrust_body\x1b[m\x1b[K);\n'}
[2.652101] (mavlink_gui_tester) StderrLine: {'line': b'      |                                                                                                                                                                                                                                                                                                                                                                                                 \x1b[01;35m\x1b[K~~~~~~~~~~~~~~~~~~~~~^~~~~~~~~~~\x1b[m\x1b[K\n'}
[2.652159] (mavlink_gui_tester) StderrLine: {'line': b'\x1b[01m\x1b[K/home/a/ws_moveit2/src/MAVLink/MAVLink_gui_ros2/../MAVLink_ros2/include/mavlink/c_library_v2/common/./mavlink_msg_set_attitude_target.h:\x1b[m\x1b[K In function \xe2\x80\x98\x1b[01m\x1b[Kuint16_t mavlink_msg_set_attitude_target_encode_chan(uint8_t, uint8_t, uint8_t, mavlink_message_t*, const mavlink_set_attitude_target_t*)\x1b[m\x1b[K\xe2\x80\x99:\n'}
[2.652212] (mavlink_gui_tester) StderrLine: {'line': b'\x1b[01m\x1b[K/home/a/ws_moveit2/src/MAVLink/MAVLink_gui_ros2/../MAVLink_ros2/include/mavlink/c_library_v2/common/./mavlink_msg_set_attitude_target.h:255:253:\x1b[m\x1b[K \x1b[01;35m\x1b[Kwarning: \x1b[m\x1b[Ktaking address of packed member of \xe2\x80\x98\x1b[01m\x1b[K__mavlink_set_attitude_target_t\x1b[m\x1b[K\xe2\x80\x99 may result in an unaligned pointer value [\x1b[01;35m\x1b[K\x1b]8;;https://gcc.gnu.org/onlinedocs/gcc/Warning-Options.html#index-Waddress-of-packed-member\x07-Waddress-of-packed-member\x1b]8;;\x07\x1b[m\x1b[K]\n'}
[2.652267] (mavlink_gui_tester) StderrLine: {'line': b'  255 |     return mavlink_msg_set_attitude_target_pack_chan(system_id, component_id, chan, msg, set_attitude_target->time_boot_ms, set_attitude_target->target_system, set_attitude_target->target_component, set_attitude_target->type_mask, \x1b[01;35m\x1b[Kset_attitude_target->q\x1b[m\x1b[K, set_attitude_target->body_roll_rate, set_attitude_target->body_pitch_rate, set_attitude_target->body_yaw_rate, set_attitude_target->thrust, set_attitude_target->thrust_body);\n'}
[2.652320] (mavlink_gui_tester) StderrLine: {'line': b'      |                                                                                                                                                                                                                                        \x1b[01;35m\x1b[K~~~~~~~~~~~~~~~~~~~~~^\x1b[m\x1b[K\n'}
[2.652371] (mavlink_gui_tester) StderrLine: {'line': b'\x1b[01m\x1b[K/home/a/ws_moveit2/src/MAVLink/MAVLink_gui_ros2/../MAVLink_ros2/include/mavlink/c_library_v2/common/./mavlink_msg_set_attitude_target.h:255:417:\x1b[m\x1b[K \x1b[01;35m\x1b[Kwarning: \x1b[m\x1b[Ktaking address of packed member of \xe2\x80\x98\x1b[01m\x1b[K__mavlink_set_attitude_target_t\x1b[m\x1b[K\xe2\x80\x99 may result in an unaligned pointer value [\x1b[01;35m\x1b[K\x1b]8;;https://gcc.gnu.org/onlinedocs/gcc/Warning-Options.html#index-Waddress-of-packed-member\x07-Waddress-of-packed-member\x1b]8;;\x07\x1b[m\x1b[K]\n'}
[2.652428] (mavlink_gui_tester) StderrLine: {'line': b'  255 |     return mavlink_msg_set_attitude_target_pack_chan(system_id, component_id, chan, msg, set_attitude_target->time_boot_ms, set_attitude_target->target_system, set_attitude_target->target_component, set_attitude_target->type_mask, set_attitude_target->q, set_attitude_target->body_roll_rate, set_attitude_target->body_pitch_rate, set_attitude_target->body_yaw_rate, set_attitude_target->thrust, \x1b[01;35m\x1b[Kset_attitude_target->thrust_body\x1b[m\x1b[K);\n'}
[2.652485] (mavlink_gui_tester) StderrLine: {'line': b'      |                                                                                                                                                                                                                                                                                                                                                                                                            \x1b[01;35m\x1b[K~~~~~~~~~~~~~~~~~~~~~^~~~~~~~~~~\x1b[m\x1b[K\n'}
[2.652539] (mavlink_gui_tester) StderrLine: {'line': b'\x1b[01m\x1b[K/home/a/ws_moveit2/src/MAVLink/MAVLink_gui_ros2/../MAVLink_ros2/include/mavlink/c_library_v2/common/./mavlink_msg_set_attitude_target.h:\x1b[m\x1b[K In function \xe2\x80\x98\x1b[01m\x1b[Kuint16_t mavlink_msg_set_attitude_target_encode_status(uint8_t, uint8_t, mavlink_status_t*, mavlink_message_t*, const mavlink_set_attitude_target_t*)\x1b[m\x1b[K\xe2\x80\x99:\n'}
[2.652598] (mavlink_gui_tester) StderrLine: {'line': b'\x1b[01m\x1b[K/home/a/ws_moveit2/src/MAVLink/MAVLink_gui_ros2/../MAVLink_ros2/include/mavlink/c_library_v2/common/./mavlink_msg_set_attitude_target.h:269:259:\x1b[m\x1b[K \x1b[01;35m\x1b[Kwarning: \x1b[m\x1b[Ktaking address of packed member of \xe2\x80\x98\x1b[01m\x1b[K__mavlink_set_attitude_target_t\x1b[m\x1b[K\xe2\x80\x99 may result in an unaligned pointer value [\x1b[01;35m\x1b[K\x1b]8;;https://gcc.gnu.org/onlinedocs/gcc/Warning-Options.html#index-Waddress-of-packed-member\x07-Waddress-of-packed-member\x1b]8;;\x07\x1b[m\x1b[K]\n'}
[2.652656] (mavlink_gui_tester) StderrLine: {'line': b'  269 |     return mavlink_msg_set_attitude_target_pack_status(system_id, component_id, _status, msg,  set_attitude_target->time_boot_ms, set_attitude_target->target_system, set_attitude_target->target_component, set_attitude_target->type_mask, \x1b[01;35m\x1b[Kset_attitude_target->q\x1b[m\x1b[K, set_attitude_target->body_roll_rate, set_attitude_target->body_pitch_rate, set_attitude_target->body_yaw_rate, set_attitude_target->thrust, set_attitude_target->thrust_body);\n'}
[2.652710] (mavlink_gui_tester) StderrLine: {'line': b'      |                                                                                                                                                                                                                                              \x1b[01;35m\x1b[K~~~~~~~~~~~~~~~~~~~~~^\x1b[m\x1b[K\n'}
[2.652763] (mavlink_gui_tester) StderrLine: {'line': b'\x1b[01m\x1b[K/home/a/ws_moveit2/src/MAVLink/MAVLink_gui_ros2/../MAVLink_ros2/include/mavlink/c_library_v2/common/./mavlink_msg_set_attitude_target.h:269:423:\x1b[m\x1b[K \x1b[01;35m\x1b[Kwarning: \x1b[m\x1b[Ktaking address of packed member of \xe2\x80\x98\x1b[01m\x1b[K__mavlink_set_attitude_target_t\x1b[m\x1b[K\xe2\x80\x99 may result in an unaligned pointer value [\x1b[01;35m\x1b[K\x1b]8;;https://gcc.gnu.org/onlinedocs/gcc/Warning-Options.html#index-Waddress-of-packed-member\x07-Waddress-of-packed-member\x1b]8;;\x07\x1b[m\x1b[K]\n'}
[2.652816] (mavlink_gui_tester) StderrLine: {'line': b'  269 |     return mavlink_msg_set_attitude_target_pack_status(system_id, component_id, _status, msg,  set_attitude_target->time_boot_ms, set_attitude_target->target_system, set_attitude_target->target_component, set_attitude_target->type_mask, set_attitude_target->q, set_attitude_target->body_roll_rate, set_attitude_target->body_pitch_rate, set_attitude_target->body_yaw_rate, set_attitude_target->thrust, \x1b[01;35m\x1b[Kset_attitude_target->thrust_body\x1b[m\x1b[K);\n'}
[2.652867] (mavlink_gui_tester) StderrLine: {'line': b'      |                                                                                                                                                                                                                                                                                                                                                                                                                  \x1b[01;35m\x1b[K~~~~~~~~~~~~~~~~~~~~~^~~~~~~~~~~\x1b[m\x1b[K\n'}
[2.689206] (mavlink_gui_tester) StderrLine: {'line': b'In file included from \x1b[01m\x1b[K/home/a/ws_moveit2/src/MAVLink/MAVLink_gui_ros2/../MAVLink_ros2/include/mavlink/c_library_v2/common/common.h:2871\x1b[m\x1b[K,\n'}
[2.689399] (mavlink_gui_tester) StderrLine: {'line': b'                 from \x1b[01m\x1b[K/home/a/ws_moveit2/src/MAVLink/MAVLink_gui_ros2/../MAVLink_ros2/include/mavlink/c_library_v2/common/mavlink.h:32\x1b[m\x1b[K,\n'}
[2.689471] (mavlink_gui_tester) StderrLine: {'line': b'                 from \x1b[01m\x1b[K/home/a/ws_moveit2/src/MAVLink/MAVLink_gui_ros2/include/mavlink_gui_tester/mavlink_gui_widget.hpp:45\x1b[m\x1b[K,\n'}
[2.689533] (mavlink_gui_tester) StderrLine: {'line': b'                 from \x1b[01m\x1b[K/home/a/ws_moveit2/src/MAVLink/MAVLink_gui_ros2/src/mavlink_gui_widget.cpp:1\x1b[m\x1b[K:\n'}
[2.689819] (mavlink_gui_tester) StderrLine: {'line': b'\x1b[01m\x1b[K/home/a/ws_moveit2/src/MAVLink/MAVLink_gui_ros2/../MAVLink_ros2/include/mavlink/c_library_v2/common/./mavlink_msg_set_attitude_target.h:\x1b[m\x1b[K In function \xe2\x80\x98\x1b[01m\x1b[Kuint16_t mavlink_msg_set_attitude_target_encode(uint8_t, uint8_t, mavlink_message_t*, const mavlink_set_attitude_target_t*)\x1b[m\x1b[K\xe2\x80\x99:\n'}
[2.689916] (mavlink_gui_tester) StderrLine: {'line': b'\x1b[01m\x1b[K/home/a/ws_moveit2/src/MAVLink/MAVLink_gui_ros2/../MAVLink_ros2/include/mavlink/c_library_v2/common/./mavlink_msg_set_attitude_target.h:241:242:\x1b[m\x1b[K \x1b[01;35m\x1b[Kwarning: \x1b[m\x1b[Ktaking address of packed member of \xe2\x80\x98\x1b[01m\x1b[K__mavlink_set_attitude_target_t\x1b[m\x1b[K\xe2\x80\x99 may result in an unaligned pointer value [\x1b[01;35m\x1b[K\x1b]8;;https://gcc.gnu.org/onlinedocs/gcc/Warning-Options.html#index-Waddress-of-packed-member\x07-Waddress-of-packed-member\x1b]8;;\x07\x1b[m\x1b[K]\n'}
[2.689994] (mavlink_gui_tester) StderrLine: {'line': b'  241 |     return mavlink_msg_set_attitude_target_pack(system_id, component_id, msg, set_attitude_target->time_boot_ms, set_attitude_target->target_system, set_attitude_target->target_component, set_attitude_target->type_mask, \x1b[01;35m\x1b[Kset_attitude_target->q\x1b[m\x1b[K, set_attitude_target->body_roll_rate, set_attitude_target->body_pitch_rate, set_attitude_target->body_yaw_rate, set_attitude_target->thrust, set_attitude_target->thrust_body);\n'}
[2.690054] (mavlink_gui_tester) StderrLine: {'line': b'      |                                                                                                                                                                                                                             \x1b[01;35m\x1b[K~~~~~~~~~~~~~~~~~~~~~^\x1b[m\x1b[K\n'}
[2.690139] (mavlink_gui_tester) StderrLine: {'line': b'In file included from \x1b[01m\x1b[K/home/a/ws_moveit2/src/MAVLink/MAVLink_gui_ros2/../MAVLink_ros2/include/mavlink/c_library_v2/common/common.h:2871\x1b[m\x1b[K,\n'}
[2.690197] (mavlink_gui_tester) StderrLine: {'line': b'                 from \x1b[01m\x1b[K/home/a/ws_moveit2/src/MAVLink/MAVLink_gui_ros2/../MAVLink_ros2/include/mavlink/c_library_v2/common/mavlink.h:32\x1b[m\x1b[K,\n'}
[2.690251] (mavlink_gui_tester) StderrLine: {'line': b'                 from \x1b[01m\x1b[K/home/a/ws_moveit2/src/MAVLink/MAVLink_gui_ros2/include/mavlink_gui_tester/mavlink_gui_widget.hpp:45\x1b[m\x1b[K,\n'}
[2.690304] (mavlink_gui_tester) StderrLine: {'line': b'                 from \x1b[01m\x1b[K/home/a/ws_moveit2/src/MAVLink/MAVLink_gui_ros2/src/mavlink_gui_widget.cpp:1\x1b[m\x1b[K:\n'}
[2.690355] (mavlink_gui_tester) StderrLine: {'line': b'\x1b[01m\x1b[K/home/a/ws_moveit2/src/MAVLink/MAVLink_gui_ros2/../MAVLink_ros2/include/mavlink/c_library_v2/common/./mavlink_msg_set_attitude_target.h:241:406:\x1b[m\x1b[K \x1b[01;35m\x1b[Kwarning: \x1b[m\x1b[Ktaking address of packed member of \xe2\x80\x98\x1b[01m\x1b[K__mavlink_set_attitude_target_t\x1b[m\x1b[K\xe2\x80\x99 may result in an unaligned pointer value [\x1b[01;35m\x1b[K\x1b]8;;https://gcc.gnu.org/onlinedocs/gcc/Warning-Options.html#index-Waddress-of-packed-member\x07-Waddress-of-packed-member\x1b]8;;\x07\x1b[m\x1b[K]\n'}
[2.690415] (mavlink_gui_tester) StderrLine: {'line': b'  241 |     return mavlink_msg_set_attitude_target_pack(system_id, component_id, msg, set_attitude_target->time_boot_ms, set_attitude_target->target_system, set_attitude_target->target_component, set_attitude_target->type_mask, set_attitude_target->q, set_attitude_target->body_roll_rate, set_attitude_target->body_pitch_rate, set_attitude_target->body_yaw_rate, set_attitude_target->thrust, \x1b[01;35m\x1b[Kset_attitude_target->thrust_body\x1b[m\x1b[K);\n'}
[2.690469] (mavlink_gui_tester) StderrLine: {'line': b'      |                                                                                                                                                                                                                                                                                                                                                                                                 \x1b[01;35m\x1b[K~~~~~~~~~~~~~~~~~~~~~^~~~~~~~~~~\x1b[m\x1b[K\n'}
[2.690523] (mavlink_gui_tester) StderrLine: {'line': b'\x1b[01m\x1b[K/home/a/ws_moveit2/src/MAVLink/MAVLink_gui_ros2/../MAVLink_ros2/include/mavlink/c_library_v2/common/./mavlink_msg_set_attitude_target.h:\x1b[m\x1b[K In function \xe2\x80\x98\x1b[01m\x1b[Kuint16_t mavlink_msg_set_attitude_target_encode_chan(uint8_t, uint8_t, uint8_t, mavlink_message_t*, const mavlink_set_attitude_target_t*)\x1b[m\x1b[K\xe2\x80\x99:\n'}
[2.690579] (mavlink_gui_tester) StderrLine: {'line': b'\x1b[01m\x1b[K/home/a/ws_moveit2/src/MAVLink/MAVLink_gui_ros2/../MAVLink_ros2/include/mavlink/c_library_v2/common/./mavlink_msg_set_attitude_target.h:255:253:\x1b[m\x1b[K \x1b[01;35m\x1b[Kwarning: \x1b[m\x1b[Ktaking address of packed member of \xe2\x80\x98\x1b[01m\x1b[K__mavlink_set_attitude_target_t\x1b[m\x1b[K\xe2\x80\x99 may result in an unaligned pointer value [\x1b[01;35m\x1b[K\x1b]8;;https://gcc.gnu.org/onlinedocs/gcc/Warning-Options.html#index-Waddress-of-packed-member\x07-Waddress-of-packed-member\x1b]8;;\x07\x1b[m\x1b[K]\n'}
[2.690635] (mavlink_gui_tester) StderrLine: {'line': b'  255 |     return mavlink_msg_set_attitude_target_pack_chan(system_id, component_id, chan, msg, set_attitude_target->time_boot_ms, set_attitude_target->target_system, set_attitude_target->target_component, set_attitude_target->type_mask, \x1b[01;35m\x1b[Kset_attitude_target->q\x1b[m\x1b[K, set_attitude_target->body_roll_rate, set_attitude_target->body_pitch_rate, set_attitude_target->body_yaw_rate, set_attitude_target->thrust, set_attitude_target->thrust_body);\n'}
[2.690689] (mavlink_gui_tester) StderrLine: {'line': b'      |                                                                                                                                                                                                                                        \x1b[01;35m\x1b[K~~~~~~~~~~~~~~~~~~~~~^\x1b[m\x1b[K\n'}
[2.690743] (mavlink_gui_tester) StderrLine: {'line': b'\x1b[01m\x1b[K/home/a/ws_moveit2/src/MAVLink/MAVLink_gui_ros2/../MAVLink_ros2/include/mavlink/c_library_v2/common/./mavlink_msg_set_attitude_target.h:255:417:\x1b[m\x1b[K \x1b[01;35m\x1b[Kwarning: \x1b[m\x1b[Ktaking address of packed member of \xe2\x80\x98\x1b[01m\x1b[K__mavlink_set_attitude_target_t\x1b[m\x1b[K\xe2\x80\x99 may result in an unaligned pointer value [\x1b[01;35m\x1b[K\x1b]8;;https://gcc.gnu.org/onlinedocs/gcc/Warning-Options.html#index-Waddress-of-packed-member\x07-Waddress-of-packed-member\x1b]8;;\x07\x1b[m\x1b[K]\n'}
[2.690797] (mavlink_gui_tester) StderrLine: {'line': b'  255 |     return mavlink_msg_set_attitude_target_pack_chan(system_id, component_id, chan, msg, set_attitude_target->time_boot_ms, set_attitude_target->target_system, set_attitude_target->target_component, set_attitude_target->type_mask, set_attitude_target->q, set_attitude_target->body_roll_rate, set_attitude_target->body_pitch_rate, set_attitude_target->body_yaw_rate, set_attitude_target->thrust, \x1b[01;35m\x1b[Kset_attitude_target->thrust_body\x1b[m\x1b[K);\n'}
[2.690854] (mavlink_gui_tester) StderrLine: {'line': b'      |                                                                                                                                                                                                                                                                                                                                                                                                            \x1b[01;35m\x1b[K~~~~~~~~~~~~~~~~~~~~~^~~~~~~~~~~\x1b[m\x1b[K\n'}
[2.690908] (mavlink_gui_tester) StderrLine: {'line': b'\x1b[01m\x1b[K/home/a/ws_moveit2/src/MAVLink/MAVLink_gui_ros2/../MAVLink_ros2/include/mavlink/c_library_v2/common/./mavlink_msg_set_attitude_target.h:\x1b[m\x1b[K In function \xe2\x80\x98\x1b[01m\x1b[Kuint16_t mavlink_msg_set_attitude_target_encode_status(uint8_t, uint8_t, mavlink_status_t*, mavlink_message_t*, const mavlink_set_attitude_target_t*)\x1b[m\x1b[K\xe2\x80\x99:\n'}
[2.690959] (mavlink_gui_tester) StderrLine: {'line': b'\x1b[01m\x1b[K/home/a/ws_moveit2/src/MAVLink/MAVLink_gui_ros2/../MAVLink_ros2/include/mavlink/c_library_v2/common/./mavlink_msg_set_attitude_target.h:269:259:\x1b[m\x1b[K \x1b[01;35m\x1b[Kwarning: \x1b[m\x1b[Ktaking address of packed member of \xe2\x80\x98\x1b[01m\x1b[K__mavlink_set_attitude_target_t\x1b[m\x1b[K\xe2\x80\x99 may result in an unaligned pointer value [\x1b[01;35m\x1b[K\x1b]8;;https://gcc.gnu.org/onlinedocs/gcc/Warning-Options.html#index-Waddress-of-packed-member\x07-Waddress-of-packed-member\x1b]8;;\x07\x1b[m\x1b[K]\n'}
[2.691013] (mavlink_gui_tester) StderrLine: {'line': b'  269 |     return mavlink_msg_set_attitude_target_pack_status(system_id, component_id, _status, msg,  set_attitude_target->time_boot_ms, set_attitude_target->target_system, set_attitude_target->target_component, set_attitude_target->type_mask, \x1b[01;35m\x1b[Kset_attitude_target->q\x1b[m\x1b[K, set_attitude_target->body_roll_rate, set_attitude_target->body_pitch_rate, set_attitude_target->body_yaw_rate, set_attitude_target->thrust, set_attitude_target->thrust_body);\n'}
[2.691069] (mavlink_gui_tester) StderrLine: {'line': b'      |                                                                                                                                                                                                                                              \x1b[01;35m\x1b[K~~~~~~~~~~~~~~~~~~~~~^\x1b[m\x1b[K\n'}
[2.691132] (mavlink_gui_tester) StderrLine: {'line': b'\x1b[01m\x1b[K/home/a/ws_moveit2/src/MAVLink/MAVLink_gui_ros2/../MAVLink_ros2/include/mavlink/c_library_v2/common/./mavlink_msg_set_attitude_target.h:269:423:\x1b[m\x1b[K \x1b[01;35m\x1b[Kwarning: \x1b[m\x1b[Ktaking address of packed member of \xe2\x80\x98\x1b[01m\x1b[K__mavlink_set_attitude_target_t\x1b[m\x1b[K\xe2\x80\x99 may result in an unaligned pointer value [\x1b[01;35m\x1b[K\x1b]8;;https://gcc.gnu.org/onlinedocs/gcc/Warning-Options.html#index-Waddress-of-packed-member\x07-Waddress-of-packed-member\x1b]8;;\x07\x1b[m\x1b[K]\n'}
[2.691193] (mavlink_gui_tester) StderrLine: {'line': b'  269 |     return mavlink_msg_set_attitude_target_pack_status(system_id, component_id, _status, msg,  set_attitude_target->time_boot_ms, set_attitude_target->target_system, set_attitude_target->target_component, set_attitude_target->type_mask, set_attitude_target->q, set_attitude_target->body_roll_rate, set_attitude_target->body_pitch_rate, set_attitude_target->body_yaw_rate, set_attitude_target->thrust, \x1b[01;35m\x1b[Kset_attitude_target->thrust_body\x1b[m\x1b[K);\n'}
[2.691248] (mavlink_gui_tester) StderrLine: {'line': b'      |                                                                                                                                                                                                                                                                                                                                                                                                                  \x1b[01;35m\x1b[K~~~~~~~~~~~~~~~~~~~~~^~~~~~~~~~~\x1b[m\x1b[K\n'}
[2.707453] (mavlink_gui_tester) StderrLine: {'line': b'In file included from \x1b[01m\x1b[K/home/a/ws_moveit2/src/MAVLink/MAVLink_gui_ros2/../MAVLink_ros2/include/mavlink/c_library_v2/common/common.h:2914\x1b[m\x1b[K,\n'}
[2.707830] (mavlink_gui_tester) StderrLine: {'line': b'                 from \x1b[01m\x1b[K/home/a/ws_moveit2/src/MAVLink/MAVLink_gui_ros2/../MAVLink_ros2/include/mavlink/c_library_v2/common/mavlink.h:32\x1b[m\x1b[K,\n'}
[2.707919] (mavlink_gui_tester) StderrLine: {'line': b'                 from \x1b[01m\x1b[K/home/a/ws_moveit2/build/mavlink_gui_tester/include/mavlink_gui_tester/../../../../src/MAVLink/MAVLink_gui_ros2/include/mavlink_gui_tester/mavlink_gui_widget.hpp:45\x1b[m\x1b[K,\n'}
[2.707994] (mavlink_gui_tester) StderrLine: {'line': b'                 from \x1b[01m\x1b[K/home/a/ws_moveit2/build/mavlink_gui_tester/include/mavlink_gui_tester/moc_mavlink_gui_widget.cpp:10\x1b[m\x1b[K:\n'}
[2.708051] (mavlink_gui_tester) StderrLine: {'line': b'\x1b[01m\x1b[K/home/a/ws_moveit2/src/MAVLink/MAVLink_gui_ros2/../MAVLink_ros2/include/mavlink/c_library_v2/common/./mavlink_msg_distance_sensor.h:\x1b[m\x1b[K In function \xe2\x80\x98\x1b[01m\x1b[Kuint16_t mavlink_msg_distance_sensor_encode(uint8_t, uint8_t, mavlink_message_t*, const mavlink_distance_sensor_t*)\x1b[m\x1b[K\xe2\x80\x99:\n'}
[2.708124] (mavlink_gui_tester) StderrLine: {'line': b'\x1b[01m\x1b[K/home/a/ws_moveit2/src/MAVLink/MAVLink_gui_ros2/../MAVLink_ros2/include/mavlink/c_library_v2/common/./mavlink_msg_distance_sensor.h:264:387:\x1b[m\x1b[K \x1b[01;35m\x1b[Kwarning: \x1b[m\x1b[Ktaking address of packed member of \xe2\x80\x98\x1b[01m\x1b[K__mavlink_distance_sensor_t\x1b[m\x1b[K\xe2\x80\x99 may result in an unaligned pointer value [\x1b[01;35m\x1b[K\x1b]8;;https://gcc.gnu.org/onlinedocs/gcc/Warning-Options.html#index-Waddress-of-packed-member\x07-Waddress-of-packed-member\x1b]8;;\x07\x1b[m\x1b[K]\n'}
[2.708192] (-) TimerEvent: {}
[2.708299] (mavlink_gui_tester) StderrLine: {'line': b'  264 |     return mavlink_msg_distance_sensor_pack(system_id, component_id, msg, distance_sensor->time_boot_ms, distance_sensor->min_distance, distance_sensor->max_distance, distance_sensor->current_distance, distance_sensor->type, distance_sensor->id, distance_sensor->orientation, distance_sensor->covariance, distance_sensor->horizontal_fov, distance_sensor->vertical_fov, \x1b[01;35m\x1b[Kdistance_sensor->quaternion\x1b[m\x1b[K, distance_sensor->signal_quality);\n'}
[2.708370] (mavlink_gui_tester) StderrLine: {'line': b'      |                                                                                                                                                                                                                                                                                                                                                                                  \x1b[01;35m\x1b[K~~~~~~~~~~~~~~~~~^~~~~~~~~~\x1b[m\x1b[K\n'}
[2.708429] (mavlink_gui_tester) StderrLine: {'line': b'\x1b[01m\x1b[K/home/a/ws_moveit2/src/MAVLink/MAVLink_gui_ros2/../MAVLink_ros2/include/mavlink/c_library_v2/common/./mavlink_msg_distance_sensor.h:\x1b[m\x1b[K In function \xe2\x80\x98\x1b[01m\x1b[Kuint16_t mavlink_msg_distance_sensor_encode_chan(uint8_t, uint8_t, uint8_t, mavlink_message_t*, const mavlink_distance_sensor_t*)\x1b[m\x1b[K\xe2\x80\x99:\n'}
[2.708491] (mavlink_gui_tester) StderrLine: {'line': b'\x1b[01m\x1b[K/home/a/ws_moveit2/src/MAVLink/MAVLink_gui_ros2/../MAVLink_ros2/include/mavlink/c_library_v2/common/./mavlink_msg_distance_sensor.h:278:398:\x1b[m\x1b[K \x1b[01;35m\x1b[Kwarning: \x1b[m\x1b[Ktaking address of packed member of \xe2\x80\x98\x1b[01m\x1b[K__mavlink_distance_sensor_t\x1b[m\x1b[K\xe2\x80\x99 may result in an unaligned pointer value [\x1b[01;35m\x1b[K\x1b]8;;https://gcc.gnu.org/onlinedocs/gcc/Warning-Options.html#index-Waddress-of-packed-member\x07-Waddress-of-packed-member\x1b]8;;\x07\x1b[m\x1b[K]\n'}
[2.708550] (mavlink_gui_tester) StderrLine: {'line': b'  278 |     return mavlink_msg_distance_sensor_pack_chan(system_id, component_id, chan, msg, distance_sensor->time_boot_ms, distance_sensor->min_distance, distance_sensor->max_distance, distance_sensor->current_distance, distance_sensor->type, distance_sensor->id, distance_sensor->orientation, distance_sensor->covariance, distance_sensor->horizontal_fov, distance_sensor->vertical_fov, \x1b[01;35m\x1b[Kdistance_sensor->quaternion\x1b[m\x1b[K, distance_sensor->signal_quality);\n'}
[2.708604] (mavlink_gui_tester) StderrLine: {'line': b'      |                                                                                                                                                                                                                                                                                                                                                                                             \x1b[01;35m\x1b[K~~~~~~~~~~~~~~~~~^~~~~~~~~~\x1b[m\x1b[K\n'}
[2.708661] (mavlink_gui_tester) StderrLine: {'line': b'\x1b[01m\x1b[K/home/a/ws_moveit2/src/MAVLink/MAVLink_gui_ros2/../MAVLink_ros2/include/mavlink/c_library_v2/common/./mavlink_msg_distance_sensor.h:\x1b[m\x1b[K In function \xe2\x80\x98\x1b[01m\x1b[Kuint16_t mavlink_msg_distance_sensor_encode_status(uint8_t, uint8_t, mavlink_status_t*, mavlink_message_t*, const mavlink_distance_sensor_t*)\x1b[m\x1b[K\xe2\x80\x99:\n'}
[2.708715] (mavlink_gui_tester) StderrLine: {'line': b'\x1b[01m\x1b[K/home/a/ws_moveit2/src/MAVLink/MAVLink_gui_ros2/../MAVLink_ros2/include/mavlink/c_library_v2/common/./mavlink_msg_distance_sensor.h:292:404:\x1b[m\x1b[K \x1b[01;35m\x1b[Kwarning: \x1b[m\x1b[Ktaking address of packed member of \xe2\x80\x98\x1b[01m\x1b[K__mavlink_distance_sensor_t\x1b[m\x1b[K\xe2\x80\x99 may result in an unaligned pointer value [\x1b[01;35m\x1b[K\x1b]8;;https://gcc.gnu.org/onlinedocs/gcc/Warning-Options.html#index-Waddress-of-packed-member\x07-Waddress-of-packed-member\x1b]8;;\x07\x1b[m\x1b[K]\n'}
[2.708776] (mavlink_gui_tester) StderrLine: {'line': b'  292 |     return mavlink_msg_distance_sensor_pack_status(system_id, component_id, _status, msg,  distance_sensor->time_boot_ms, distance_sensor->min_distance, distance_sensor->max_distance, distance_sensor->current_distance, distance_sensor->type, distance_sensor->id, distance_sensor->orientation, distance_sensor->covariance, distance_sensor->horizontal_fov, distance_sensor->vertical_fov, \x1b[01;35m\x1b[Kdistance_sensor->quaternion\x1b[m\x1b[K, distance_sensor->signal_quality);\n'}
[2.708830] (mavlink_gui_tester) StderrLine: {'line': b'      |                                                                                                                                                                                                                                                                                                                                                                                                   \x1b[01;35m\x1b[K~~~~~~~~~~~~~~~~~^~~~~~~~~~\x1b[m\x1b[K\n'}
[2.709586] (mavlink_gui_tester) StderrLine: {'line': b'In file included from \x1b[01m\x1b[K/home/a/ws_moveit2/src/MAVLink/MAVLink_gui_ros2/../MAVLink_ros2/include/mavlink/c_library_v2/common/common.h:2871\x1b[m\x1b[K,\n'}
[2.709729] (mavlink_gui_tester) StderrLine: {'line': b'                 from \x1b[01m\x1b[K/home/a/ws_moveit2/src/MAVLink/MAVLink_gui_ros2/../MAVLink_ros2/include/mavlink/c_library_v2/common/mavlink.h:32\x1b[m\x1b[K,\n'}
[2.709800] (mavlink_gui_tester) StderrLine: {'line': b'                 from \x1b[01m\x1b[K/home/a/ws_moveit2/src/MAVLink/MAVLink_gui_ros2/include/mavlink_gui_tester/mavlink_gui_widget.hpp:45\x1b[m\x1b[K,\n'}
[2.709859] (mavlink_gui_tester) StderrLine: {'line': b'                 from \x1b[01m\x1b[K/home/a/ws_moveit2/src/MAVLink/MAVLink_gui_ros2/src/main.cpp:3\x1b[m\x1b[K:\n'}
[2.709916] (mavlink_gui_tester) StderrLine: {'line': b'\x1b[01m\x1b[K/home/a/ws_moveit2/src/MAVLink/MAVLink_gui_ros2/../MAVLink_ros2/include/mavlink/c_library_v2/common/./mavlink_msg_set_attitude_target.h:\x1b[m\x1b[K In function \xe2\x80\x98\x1b[01m\x1b[Kuint16_t mavlink_msg_set_attitude_target_encode(uint8_t, uint8_t, mavlink_message_t*, const mavlink_set_attitude_target_t*)\x1b[m\x1b[K\xe2\x80\x99:\n'}
[2.709986] (mavlink_gui_tester) StderrLine: {'line': b'\x1b[01m\x1b[K/home/a/ws_moveit2/src/MAVLink/MAVLink_gui_ros2/../MAVLink_ros2/include/mavlink/c_library_v2/common/./mavlink_msg_set_attitude_target.h:241:242:\x1b[m\x1b[K \x1b[01;35m\x1b[Kwarning: \x1b[m\x1b[Ktaking address of packed member of \xe2\x80\x98\x1b[01m\x1b[K__mavlink_set_attitude_target_t\x1b[m\x1b[K\xe2\x80\x99 may result in an unaligned pointer value [\x1b[01;35m\x1b[K\x1b]8;;https://gcc.gnu.org/onlinedocs/gcc/Warning-Options.html#index-Waddress-of-packed-member\x07-Waddress-of-packed-member\x1b]8;;\x07\x1b[m\x1b[K]\n'}
[2.710049] (mavlink_gui_tester) StderrLine: {'line': b'  241 | e_target->target_component, set_attitude_target->type_mask, \x1b[01;35m\x1b[Kset_attitude_target->q\x1b[m\x1b[K, set_attitude_target->body_roll_rate, set_attitude_target->body_pitch_rate, set_attitude_target->body_yaw_rate, set_attitude_target->thrust, set_attitude_target->thrust_body);\n'}
[2.710117] (mavlink_gui_tester) StderrLine: {'line': b'      |                                                             \x1b[01;35m\x1b[K~~~~~~~~~~~~~~~~~~~~~^\x1b[m\x1b[K\n'}
[2.710176] (mavlink_gui_tester) StderrLine: {'line': b'\n'}
[2.710460] (mavlink_gui_tester) StderrLine: {'line': b'In file included from \x1b[01m\x1b[K/home/a/ws_moveit2/src/MAVLink/MAVLink_gui_ros2/../MAVLink_ros2/include/mavlink/c_library_v2/common/common.h:2871\x1b[m\x1b[K,\n'}
[2.710555] (mavlink_gui_tester) StderrLine: {'line': b'                 from \x1b[01m\x1b[K/home/a/ws_moveit2/src/MAVLink/MAVLink_gui_ros2/../MAVLink_ros2/include/mavlink/c_library_v2/common/mavlink.h:32\x1b[m\x1b[K,\n'}
[2.710617] (mavlink_gui_tester) StderrLine: {'line': b'                 from \x1b[01m\x1b[K/home/a/ws_moveit2/src/MAVLink/MAVLink_gui_ros2/include/mavlink_gui_tester/mavlink_gui_widget.hpp:45\x1b[m\x1b[K,\n'}
[2.710673] (mavlink_gui_tester) StderrLine: {'line': b'                 from \x1b[01m\x1b[K/home/a/ws_moveit2/src/MAVLink/MAVLink_gui_ros2/src/main.cpp:3\x1b[m\x1b[K:\n'}
[2.710729] (mavlink_gui_tester) StderrLine: {'line': b'\x1b[01m\x1b[K/home/a/ws_moveit2/src/MAVLink/MAVLink_gui_ros2/../MAVLink_ros2/include/mavlink/c_library_v2/common/./mavlink_msg_set_attitude_target.h:241:406:\x1b[m\x1b[K \x1b[01;35m\x1b[Kwarning: \x1b[m\x1b[Ktaking address of packed member of \xe2\x80\x98\x1b[01m\x1b[K__mavlink_set_attitude_target_t\x1b[m\x1b[K\xe2\x80\x99 may result in an unaligned pointer value [\x1b[01;35m\x1b[K\x1b]8;;https://gcc.gnu.org/onlinedocs/gcc/Warning-Options.html#index-Waddress-of-packed-member\x07-Waddress-of-packed-member\x1b]8;;\x07\x1b[m\x1b[K]\n'}
[2.710801] (mavlink_gui_tester) StderrLine: {'line': b'  241 | ttitude_target->body_yaw_rate, set_attitude_target->thrust, \x1b[01;35m\x1b[Kset_attitude_target->thrust_body\x1b[m\x1b[K);\n'}
[2.710857] (mavlink_gui_tester) StderrLine: {'line': b'      |                                                             \x1b[01;35m\x1b[K~~~~~~~~~~~~~~~~~~~~~^~~~~~~~~~~\x1b[m\x1b[K\n'}
[2.710910] (mavlink_gui_tester) StderrLine: {'line': b'\n'}
[2.710963] (mavlink_gui_tester) StderrLine: {'line': b'\x1b[01m\x1b[K/home/a/ws_moveit2/src/MAVLink/MAVLink_gui_ros2/../MAVLink_ros2/include/mavlink/c_library_v2/common/./mavlink_msg_set_attitude_target.h:\x1b[m\x1b[K In function \xe2\x80\x98\x1b[01m\x1b[Kuint16_t mavlink_msg_set_attitude_target_encode_chan(uint8_t, uint8_t, uint8_t, mavlink_message_t*, const mavlink_set_attitude_target_t*)\x1b[m\x1b[K\xe2\x80\x99:\n'}
[2.711023] (mavlink_gui_tester) StderrLine: {'line': b'\x1b[01m\x1b[K/home/a/ws_moveit2/src/MAVLink/MAVLink_gui_ros2/../MAVLink_ros2/include/mavlink/c_library_v2/common/./mavlink_msg_set_attitude_target.h:255:253:\x1b[m\x1b[K \x1b[01;35m\x1b[Kwarning: \x1b[m\x1b[Ktaking address of packed member of \xe2\x80\x98\x1b[01m\x1b[K__mavlink_set_attitude_target_t\x1b[m\x1b[K\xe2\x80\x99 may result in an unaligned pointer value [\x1b[01;35m\x1b[K\x1b]8;;https://gcc.gnu.org/onlinedocs/gcc/Warning-Options.html#index-Waddress-of-packed-member\x07-Waddress-of-packed-member\x1b]8;;\x07\x1b[m\x1b[K]\n'}
[2.711083] (mavlink_gui_tester) StderrLine: {'line': b'  255 | e_target->target_component, set_attitude_target->type_mask, \x1b[01;35m\x1b[Kset_attitude_target->q\x1b[m\x1b[K, set_attitude_target->body_roll_rate, set_attitude_target->body_pitch_rate, set_attitude_target->body_yaw_rate, set_attitude_target->thrust, set_attitude_target->thrust_body);\n'}
[2.711154] (mavlink_gui_tester) StderrLine: {'line': b'      |                                                             \x1b[01;35m\x1b[K~~~~~~~~~~~~~~~~~~~~~^\x1b[m\x1b[K\n'}
[2.711208] (mavlink_gui_tester) StderrLine: {'line': b'\n'}
[2.711263] (mavlink_gui_tester) StderrLine: {'line': b'\x1b[01m\x1b[K/home/a/ws_moveit2/src/MAVLink/MAVLink_gui_ros2/../MAVLink_ros2/include/mavlink/c_library_v2/common/./mavlink_msg_set_attitude_target.h:255:417:\x1b[m\x1b[K \x1b[01;35m\x1b[Kwarning: \x1b[m\x1b[Ktaking address of packed member of \xe2\x80\x98\x1b[01m\x1b[K__mavlink_set_attitude_target_t\x1b[m\x1b[K\xe2\x80\x99 may result in an unaligned pointer value [\x1b[01;35m\x1b[K\x1b]8;;https://gcc.gnu.org/onlinedocs/gcc/Warning-Options.html#index-Waddress-of-packed-member\x07-Waddress-of-packed-member\x1b]8;;\x07\x1b[m\x1b[K]\n'}
[2.711320] (mavlink_gui_tester) StderrLine: {'line': b'  255 | ttitude_target->body_yaw_rate, set_attitude_target->thrust, \x1b[01;35m\x1b[Kset_attitude_target->thrust_body\x1b[m\x1b[K);\n'}
[2.711374] (mavlink_gui_tester) StderrLine: {'line': b'      |                                                             \x1b[01;35m\x1b[K~~~~~~~~~~~~~~~~~~~~~^~~~~~~~~~~\x1b[m\x1b[K\n'}
[2.711426] (mavlink_gui_tester) StderrLine: {'line': b'\n'}
[2.711476] (mavlink_gui_tester) StderrLine: {'line': b'\x1b[01m\x1b[K/home/a/ws_moveit2/src/MAVLink/MAVLink_gui_ros2/../MAVLink_ros2/include/mavlink/c_library_v2/common/./mavlink_msg_set_attitude_target.h:\x1b[m\x1b[K In function \xe2\x80\x98\x1b[01m\x1b[Kuint16_t mavlink_msg_set_attitude_target_encode_status(uint8_t, uint8_t, mavlink_status_t*, mavlink_message_t*, const mavlink_set_attitude_target_t*)\x1b[m\x1b[K\xe2\x80\x99:\n'}
[2.711530] (mavlink_gui_tester) StderrLine: {'line': b'\x1b[01m\x1b[K/home/a/ws_moveit2/src/MAVLink/MAVLink_gui_ros2/../MAVLink_ros2/include/mavlink/c_library_v2/common/./mavlink_msg_set_attitude_target.h:269:259:\x1b[m\x1b[K \x1b[01;35m\x1b[Kwarning: \x1b[m\x1b[Ktaking address of packed member of \xe2\x80\x98\x1b[01m\x1b[K__mavlink_set_attitude_target_t\x1b[m\x1b[K\xe2\x80\x99 may result in an unaligned pointer value [\x1b[01;35m\x1b[K\x1b]8;;https://gcc.gnu.org/onlinedocs/gcc/Warning-Options.html#index-Waddress-of-packed-member\x07-Waddress-of-packed-member\x1b]8;;\x07\x1b[m\x1b[K]\n'}
[2.711585] (mavlink_gui_tester) StderrLine: {'line': b'  269 | e_target->target_component, set_attitude_target->type_mask, \x1b[01;35m\x1b[Kset_attitude_target->q\x1b[m\x1b[K, set_attitude_target->body_roll_rate, set_attitude_target->body_pitch_rate, set_attitude_target->body_yaw_rate, set_attitude_target->thrust, set_attitude_target->thrust_body);\n'}
[2.711640] (mavlink_gui_tester) StderrLine: {'line': b'      |                                                             \x1b[01;35m\x1b[K~~~~~~~~~~~~~~~~~~~~~^\x1b[m\x1b[K\n'}
[2.711692] (mavlink_gui_tester) StderrLine: {'line': b'\n'}
[2.711743] (mavlink_gui_tester) StderrLine: {'line': b'\x1b[01m\x1b[K/home/a/ws_moveit2/src/MAVLink/MAVLink_gui_ros2/../MAVLink_ros2/include/mavlink/c_library_v2/common/./mavlink_msg_set_attitude_target.h:269:423:\x1b[m\x1b[K \x1b[01;35m\x1b[Kwarning: \x1b[m\x1b[Ktaking address of packed member of \xe2\x80\x98\x1b[01m\x1b[K__mavlink_set_attitude_target_t\x1b[m\x1b[K\xe2\x80\x99 may result in an unaligned pointer value [\x1b[01;35m\x1b[K\x1b]8;;https://gcc.gnu.org/onlinedocs/gcc/Warning-Options.html#index-Waddress-of-packed-member\x07-Waddress-of-packed-member\x1b]8;;\x07\x1b[m\x1b[K]\n'}
[2.711800] (mavlink_gui_tester) StderrLine: {'line': b'  269 | ttitude_target->body_yaw_rate, set_attitude_target->thrust, \x1b[01;35m\x1b[Kset_attitude_target->thrust_body\x1b[m\x1b[K);\n'}
[2.711855] (mavlink_gui_tester) StderrLine: {'line': b'      |                                                             \x1b[01;35m\x1b[K~~~~~~~~~~~~~~~~~~~~~^~~~~~~~~~~\x1b[m\x1b[K\n'}
[2.711907] (mavlink_gui_tester) StderrLine: {'line': b'\n'}
[2.724677] (mavlink_gui_tester) StderrLine: {'line': b'In file included from \x1b[01m\x1b[K/home/a/ws_moveit2/src/MAVLink/MAVLink_gui_ros2/../MAVLink_ros2/include/mavlink/c_library_v2/common/common.h:2928\x1b[m\x1b[K,\n'}
[2.724829] (mavlink_gui_tester) StderrLine: {'line': b'                 from \x1b[01m\x1b[K/home/a/ws_moveit2/src/MAVLink/MAVLink_gui_ros2/../MAVLink_ros2/include/mavlink/c_library_v2/common/mavlink.h:32\x1b[m\x1b[K,\n'}
[2.724902] (mavlink_gui_tester) StderrLine: {'line': b'                 from \x1b[01m\x1b[K/home/a/ws_moveit2/build/mavlink_gui_tester/include/mavlink_gui_tester/../../../../src/MAVLink/MAVLink_gui_ros2/include/mavlink_gui_tester/mavlink_gui_widget.hpp:45\x1b[m\x1b[K,\n'}
[2.724976] (mavlink_gui_tester) StderrLine: {'line': b'                 from \x1b[01m\x1b[K/home/a/ws_moveit2/build/mavlink_gui_tester/include/mavlink_gui_tester/moc_mavlink_gui_widget.cpp:10\x1b[m\x1b[K:\n'}
[2.725036] (mavlink_gui_tester) StderrLine: {'line': b'\x1b[01m\x1b[K/home/a/ws_moveit2/src/MAVLink/MAVLink_gui_ros2/../MAVLink_ros2/include/mavlink/c_library_v2/common/./mavlink_msg_battery_status.h:\x1b[m\x1b[K In function \xe2\x80\x98\x1b[01m\x1b[Kuint16_t mavlink_msg_battery_status_encode(uint8_t, uint8_t, mavlink_message_t*, const mavlink_battery_status_t*)\x1b[m\x1b[K\xe2\x80\x99:\n'}
[2.725103] (mavlink_gui_tester) StderrLine: {'line': b'\x1b[01m\x1b[K/home/a/ws_moveit2/src/MAVLink/MAVLink_gui_ros2/../MAVLink_ros2/include/mavlink/c_library_v2/common/./mavlink_msg_battery_status.h:289:195:\x1b[m\x1b[K \x1b[01;35m\x1b[Kwarning: \x1b[m\x1b[Ktaking address of packed member of \xe2\x80\x98\x1b[01m\x1b[K__mavlink_battery_status_t\x1b[m\x1b[K\xe2\x80\x99 may result in an unaligned pointer value [\x1b[01;35m\x1b[K\x1b]8;;https://gcc.gnu.org/onlinedocs/gcc/Warning-Options.html#index-Waddress-of-packed-member\x07-Waddress-of-packed-member\x1b]8;;\x07\x1b[m\x1b[K]\n'}
[2.725168] (mavlink_gui_tester) StderrLine: {'line': b'  289 |     return mavlink_msg_battery_status_pack(system_id, component_id, msg, battery_status->id, battery_status->battery_function, battery_status->type, battery_status->temperature, \x1b[01;35m\x1b[Kbattery_status->voltages\x1b[m\x1b[K, battery_status->current_battery, battery_status->current_consumed, battery_status->energy_consumed, battery_status->battery_remaining, battery_status->time_remaining, battery_status->charge_state, battery_status->voltages_ext, battery_status->mode, battery_status->fault_bitmask);\n'}
[2.725234] (mavlink_gui_tester) StderrLine: {'line': b'      |                                                                                                                                                                                   \x1b[01;35m\x1b[K~~~~~~~~~~~~~~~~^~~~~~~~\x1b[m\x1b[K\n'}
[2.725290] (mavlink_gui_tester) StderrLine: {'line': b'\x1b[01m\x1b[K/home/a/ws_moveit2/src/MAVLink/MAVLink_gui_ros2/../MAVLink_ros2/include/mavlink/c_library_v2/common/./mavlink_msg_battery_status.h:289:418:\x1b[m\x1b[K \x1b[01;35m\x1b[Kwarning: \x1b[m\x1b[Ktaking address of packed member of \xe2\x80\x98\x1b[01m\x1b[K__mavlink_battery_status_t\x1b[m\x1b[K\xe2\x80\x99 may result in an unaligned pointer value [\x1b[01;35m\x1b[K\x1b]8;;https://gcc.gnu.org/onlinedocs/gcc/Warning-Options.html#index-Waddress-of-packed-member\x07-Waddress-of-packed-member\x1b]8;;\x07\x1b[m\x1b[K]\n'}
[2.725348] (mavlink_gui_tester) StderrLine: {'line': b'  289 |     return mavlink_msg_battery_status_pack(system_id, component_id, msg, battery_status->id, battery_status->battery_function, battery_status->type, battery_status->temperature, battery_status->voltages, battery_status->current_battery, battery_status->current_consumed, battery_status->energy_consumed, battery_status->battery_remaining, battery_status->time_remaining, battery_status->charge_state, \x1b[01;35m\x1b[Kbattery_status->voltages_ext\x1b[m\x1b[K, battery_status->mode, battery_status->fault_bitmask);\n'}
[2.725406] (mavlink_gui_tester) StderrLine: {'line': b'      |                                                                                                                                                                                                                                                                                                                                                                                                                  \x1b[01;35m\x1b[K~~~~~~~~~~~~~~~~^~~~~~~~~~~~\x1b[m\x1b[K\n'}
[2.725654] (mavlink_gui_tester) StderrLine: {'line': b'\x1b[01m\x1b[K/home/a/ws_moveit2/src/MAVLink/MAVLink_gui_ros2/../MAVLink_ros2/include/mavlink/c_library_v2/common/./mavlink_msg_battery_status.h:\x1b[m\x1b[K In function \xe2\x80\x98\x1b[01m\x1b[Kuint16_t mavlink_msg_battery_status_encode_chan(uint8_t, uint8_t, uint8_t, mavlink_message_t*, const mavlink_battery_status_t*)\x1b[m\x1b[K\xe2\x80\x99:\n'}
[2.725787] (mavlink_gui_tester) StderrLine: {'line': b'\x1b[01m\x1b[K/home/a/ws_moveit2/src/MAVLink/MAVLink_gui_ros2/../MAVLink_ros2/include/mavlink/c_library_v2/common/./mavlink_msg_battery_status.h:303:206:\x1b[m\x1b[K \x1b[01;35m\x1b[Kwarning: \x1b[m\x1b[Ktaking address of packed member of \xe2\x80\x98\x1b[01m\x1b[K__mavlink_battery_status_t\x1b[m\x1b[K\xe2\x80\x99 may result in an unaligned pointer value [\x1b[01;35m\x1b[K\x1b]8;;https://gcc.gnu.org/onlinedocs/gcc/Warning-Options.html#index-Waddress-of-packed-member\x07-Waddress-of-packed-member\x1b]8;;\x07\x1b[m\x1b[K]\n'}
[2.725870] (mavlink_gui_tester) StderrLine: {'line': b'  303 |     return mavlink_msg_battery_status_pack_chan(system_id, component_id, chan, msg, battery_status->id, battery_status->battery_function, battery_status->type, battery_status->temperature, \x1b[01;35m\x1b[Kbattery_status->voltages\x1b[m\x1b[K, battery_status->current_battery, battery_status->current_consumed, battery_status->energy_consumed, battery_status->battery_remaining, battery_status->time_remaining, battery_status->charge_state, battery_status->voltages_ext, battery_status->mode, battery_status->fault_bitmask);\n'}
[2.725935] (mavlink_gui_tester) StderrLine: {'line': b'      |                                                                                                                                                                                              \x1b[01;35m\x1b[K~~~~~~~~~~~~~~~~^~~~~~~~\x1b[m\x1b[K\n'}
[2.725993] (mavlink_gui_tester) StderrLine: {'line': b'\x1b[01m\x1b[K/home/a/ws_moveit2/src/MAVLink/MAVLink_gui_ros2/../MAVLink_ros2/include/mavlink/c_library_v2/common/./mavlink_msg_battery_status.h:303:429:\x1b[m\x1b[K \x1b[01;35m\x1b[Kwarning: \x1b[m\x1b[Ktaking address of packed member of \xe2\x80\x98\x1b[01m\x1b[K__mavlink_battery_status_t\x1b[m\x1b[K\xe2\x80\x99 may result in an unaligned pointer value [\x1b[01;35m\x1b[K\x1b]8;;https://gcc.gnu.org/onlinedocs/gcc/Warning-Options.html#index-Waddress-of-packed-member\x07-Waddress-of-packed-member\x1b]8;;\x07\x1b[m\x1b[K]\n'}
[2.726051] (mavlink_gui_tester) StderrLine: {'line': b'  303 |     return mavlink_msg_battery_status_pack_chan(system_id, component_id, chan, msg, battery_status->id, battery_status->battery_function, battery_status->type, battery_status->temperature, battery_status->voltages, battery_status->current_battery, battery_status->current_consumed, battery_status->energy_consumed, battery_status->battery_remaining, battery_status->time_remaining, battery_status->charge_state, \x1b[01;35m\x1b[Kbattery_status->voltages_ext\x1b[m\x1b[K, battery_status->mode, battery_status->fault_bitmask);\n'}
[2.726123] (mavlink_gui_tester) StderrLine: {'line': b'      |                                                                                                                                                                                                                                                                                                                                                                                                                             \x1b[01;35m\x1b[K~~~~~~~~~~~~~~~~^~~~~~~~~~~~\x1b[m\x1b[K\n'}
[2.726185] (mavlink_gui_tester) StderrLine: {'line': b'\x1b[01m\x1b[K/home/a/ws_moveit2/src/MAVLink/MAVLink_gui_ros2/../MAVLink_ros2/include/mavlink/c_library_v2/common/./mavlink_msg_battery_status.h:\x1b[m\x1b[K In function \xe2\x80\x98\x1b[01m\x1b[Kuint16_t mavlink_msg_battery_status_encode_status(uint8_t, uint8_t, mavlink_status_t*, mavlink_message_t*, const mavlink_battery_status_t*)\x1b[m\x1b[K\xe2\x80\x99:\n'}
[2.726240] (mavlink_gui_tester) StderrLine: {'line': b'\x1b[01m\x1b[K/home/a/ws_moveit2/src/MAVLink/MAVLink_gui_ros2/../MAVLink_ros2/include/mavlink/c_library_v2/common/./mavlink_msg_battery_status.h:317:212:\x1b[m\x1b[K \x1b[01;35m\x1b[Kwarning: \x1b[m\x1b[Ktaking address of packed member of \xe2\x80\x98\x1b[01m\x1b[K__mavlink_battery_status_t\x1b[m\x1b[K\xe2\x80\x99 may result in an unaligned pointer value [\x1b[01;35m\x1b[K\x1b]8;;https://gcc.gnu.org/onlinedocs/gcc/Warning-Options.html#index-Waddress-of-packed-member\x07-Waddress-of-packed-member\x1b]8;;\x07\x1b[m\x1b[K]\n'}
[2.726297] (mavlink_gui_tester) StderrLine: {'line': b'  317 |     return mavlink_msg_battery_status_pack_status(system_id, component_id, _status, msg,  battery_status->id, battery_status->battery_function, battery_status->type, battery_status->temperature, \x1b[01;35m\x1b[Kbattery_status->voltages\x1b[m\x1b[K, battery_status->current_battery, battery_status->current_consumed, battery_status->energy_consumed, battery_status->battery_remaining, battery_status->time_remaining, battery_status->charge_state, battery_status->voltages_ext, battery_status->mode, battery_status->fault_bitmask);\n'}
[2.726353] (mavlink_gui_tester) StderrLine: {'line': b'      |                                                                                                                                                                                                    \x1b[01;35m\x1b[K~~~~~~~~~~~~~~~~^~~~~~~~\x1b[m\x1b[K\n'}
[2.726411] (mavlink_gui_tester) StderrLine: {'line': b'\x1b[01m\x1b[K/home/a/ws_moveit2/src/MAVLink/MAVLink_gui_ros2/../MAVLink_ros2/include/mavlink/c_library_v2/common/./mavlink_msg_battery_status.h:317:435:\x1b[m\x1b[K \x1b[01;35m\x1b[Kwarning: \x1b[m\x1b[Ktaking address of packed member of \xe2\x80\x98\x1b[01m\x1b[K__mavlink_battery_status_t\x1b[m\x1b[K\xe2\x80\x99 may result in an unaligned pointer value [\x1b[01;35m\x1b[K\x1b]8;;https://gcc.gnu.org/onlinedocs/gcc/Warning-Options.html#index-Waddress-of-packed-member\x07-Waddress-of-packed-member\x1b]8;;\x07\x1b[m\x1b[K]\n'}
[2.726472] (mavlink_gui_tester) StderrLine: {'line': b'  317 |     return mavlink_msg_battery_status_pack_status(system_id, component_id, _status, msg,  battery_status->id, battery_status->battery_function, battery_status->type, battery_status->temperature, battery_status->voltages, battery_status->current_battery, battery_status->current_consumed, battery_status->energy_consumed, battery_status->battery_remaining, battery_status->time_remaining, battery_status->charge_state, \x1b[01;35m\x1b[Kbattery_status->voltages_ext\x1b[m\x1b[K, battery_status->mode, battery_status->fault_bitmask);\n'}
[2.726529] (mavlink_gui_tester) StderrLine: {'line': b'      |                                                                                                                                                                                                                                                                                                                                                                                                                                   \x1b[01;35m\x1b[K~~~~~~~~~~~~~~~~^~~~~~~~~~~~\x1b[m\x1b[K\n'}
[2.727146] (mavlink_gui_tester) StderrLine: {'line': b'In file included from \x1b[01m\x1b[K/home/a/ws_moveit2/src/MAVLink/MAVLink_gui_ros2/../MAVLink_ros2/include/mavlink/c_library_v2/common/common.h:2929\x1b[m\x1b[K,\n'}
[2.727299] (mavlink_gui_tester) StderrLine: {'line': b'                 from \x1b[01m\x1b[K/home/a/ws_moveit2/src/MAVLink/MAVLink_gui_ros2/../MAVLink_ros2/include/mavlink/c_library_v2/common/mavlink.h:32\x1b[m\x1b[K,\n'}
[2.727367] (mavlink_gui_tester) StderrLine: {'line': b'                 from \x1b[01m\x1b[K/home/a/ws_moveit2/build/mavlink_gui_tester/include/mavlink_gui_tester/../../../../src/MAVLink/MAVLink_gui_ros2/include/mavlink_gui_tester/mavlink_gui_widget.hpp:45\x1b[m\x1b[K,\n'}
[2.727432] (mavlink_gui_tester) StderrLine: {'line': b'                 from \x1b[01m\x1b[K/home/a/ws_moveit2/build/mavlink_gui_tester/include/mavlink_gui_tester/moc_mavlink_gui_widget.cpp:10\x1b[m\x1b[K:\n'}
[2.727492] (mavlink_gui_tester) StderrLine: {'line': b'\x1b[01m\x1b[K/home/a/ws_moveit2/src/MAVLink/MAVLink_gui_ros2/../MAVLink_ros2/include/mavlink/c_library_v2/common/./mavlink_msg_landing_target.h:\x1b[m\x1b[K In function \xe2\x80\x98\x1b[01m\x1b[Kuint16_t mavlink_msg_landing_target_encode(uint8_t, uint8_t, mavlink_message_t*, const mavlink_landing_target_t*)\x1b[m\x1b[K\xe2\x80\x99:\n'}
[2.727552] (mavlink_gui_tester) StderrLine: {'line': b'\x1b[01m\x1b[K/home/a/ws_moveit2/src/MAVLink/MAVLink_gui_ros2/../MAVLink_ros2/include/mavlink/c_library_v2/common/./mavlink_msg_landing_target.h:288:349:\x1b[m\x1b[K \x1b[01;35m\x1b[Kwarning: \x1b[m\x1b[Ktaking address of packed member of \xe2\x80\x98\x1b[01m\x1b[K__mavlink_landing_target_t\x1b[m\x1b[K\xe2\x80\x99 may result in an unaligned pointer value [\x1b[01;35m\x1b[K\x1b]8;;https://gcc.gnu.org/onlinedocs/gcc/Warning-Options.html#index-Waddress-of-packed-member\x07-Waddress-of-packed-member\x1b]8;;\x07\x1b[m\x1b[K]\n'}
[2.727622] (mavlink_gui_tester) StderrLine: {'line': b'  288 |     return mavlink_msg_landing_target_pack(system_id, component_id, msg, landing_target->time_usec, landing_target->target_num, landing_target->frame, landing_target->angle_x, landing_target->angle_y, landing_target->distance, landing_target->size_x, landing_target->size_y, landing_target->x, landing_target->y, landing_target->z, \x1b[01;35m\x1b[Klanding_target->q\x1b[m\x1b[K, landing_target->type, landing_target->position_valid);\n'}
[2.727935] (mavlink_gui_tester) StderrLine: {'line': b'      |                                                                                                                                                                                                                                                                                                                                             \x1b[01;35m\x1b[K~~~~~~~~~~~~~~~~^\x1b[m\x1b[K\n'}
[2.728033] (mavlink_gui_tester) StderrLine: {'line': b'\x1b[01m\x1b[K/home/a/ws_moveit2/src/MAVLink/MAVLink_gui_ros2/../MAVLink_ros2/include/mavlink/c_library_v2/common/./mavlink_msg_landing_target.h:\x1b[m\x1b[K In function \xe2\x80\x98\x1b[01m\x1b[Kuint16_t mavlink_msg_landing_target_encode_chan(uint8_t, uint8_t, uint8_t, mavlink_message_t*, const mavlink_landing_target_t*)\x1b[m\x1b[K\xe2\x80\x99:\n'}
[2.728108] (mavlink_gui_tester) StderrLine: {'line': b'\x1b[01m\x1b[K/home/a/ws_moveit2/src/MAVLink/MAVLink_gui_ros2/../MAVLink_ros2/include/mavlink/c_library_v2/common/./mavlink_msg_landing_target.h:302:360:\x1b[m\x1b[K \x1b[01;35m\x1b[Kwarning: \x1b[m\x1b[Ktaking address of packed member of \xe2\x80\x98\x1b[01m\x1b[K__mavlink_landing_target_t\x1b[m\x1b[K\xe2\x80\x99 may result in an unaligned pointer value [\x1b[01;35m\x1b[K\x1b]8;;https://gcc.gnu.org/onlinedocs/gcc/Warning-Options.html#index-Waddress-of-packed-member\x07-Waddress-of-packed-member\x1b]8;;\x07\x1b[m\x1b[K]\n'}
[2.728190] (mavlink_gui_tester) StderrLine: {'line': b'  302 |     return mavlink_msg_landing_target_pack_chan(system_id, component_id, chan, msg, landing_target->time_usec, landing_target->target_num, landing_target->frame, landing_target->angle_x, landing_target->angle_y, landing_target->distance, landing_target->size_x, landing_target->size_y, landing_target->x, landing_target->y, landing_target->z, \x1b[01;35m\x1b[Klanding_target->q\x1b[m\x1b[K, landing_target->type, landing_target->position_valid);\n'}
[2.728255] (mavlink_gui_tester) StderrLine: {'line': b'      |                                                                                                                                                                                                                                                                                                                                                        \x1b[01;35m\x1b[K~~~~~~~~~~~~~~~~^\x1b[m\x1b[K\n'}
[2.728312] (mavlink_gui_tester) StderrLine: {'line': b'\x1b[01m\x1b[K/home/a/ws_moveit2/src/MAVLink/MAVLink_gui_ros2/../MAVLink_ros2/include/mavlink/c_library_v2/common/./mavlink_msg_landing_target.h:\x1b[m\x1b[K In function \xe2\x80\x98\x1b[01m\x1b[Kuint16_t mavlink_msg_landing_target_encode_status(uint8_t, uint8_t, mavlink_status_t*, mavlink_message_t*, const mavlink_landing_target_t*)\x1b[m\x1b[K\xe2\x80\x99:\n'}
[2.728366] (mavlink_gui_tester) StderrLine: {'line': b'\x1b[01m\x1b[K/home/a/ws_moveit2/src/MAVLink/MAVLink_gui_ros2/../MAVLink_ros2/include/mavlink/c_library_v2/common/./mavlink_msg_landing_target.h:316:366:\x1b[m\x1b[K \x1b[01;35m\x1b[Kwarning: \x1b[m\x1b[Ktaking address of packed member of \xe2\x80\x98\x1b[01m\x1b[K__mavlink_landing_target_t\x1b[m\x1b[K\xe2\x80\x99 may result in an unaligned pointer value [\x1b[01;35m\x1b[K\x1b]8;;https://gcc.gnu.org/onlinedocs/gcc/Warning-Options.html#index-Waddress-of-packed-member\x07-Waddress-of-packed-member\x1b]8;;\x07\x1b[m\x1b[K]\n'}
[2.728424] (mavlink_gui_tester) StderrLine: {'line': b'  316 |     return mavlink_msg_landing_target_pack_status(system_id, component_id, _status, msg,  landing_target->time_usec, landing_target->target_num, landing_target->frame, landing_target->angle_x, landing_target->angle_y, landing_target->distance, landing_target->size_x, landing_target->size_y, landing_target->x, landing_target->y, landing_target->z, \x1b[01;35m\x1b[Klanding_target->q\x1b[m\x1b[K, landing_target->type, landing_target->position_valid);\n'}
[2.728479] (mavlink_gui_tester) StderrLine: {'line': b'      |                                                                                                                                                                                                                                                                                                                                                              \x1b[01;35m\x1b[K~~~~~~~~~~~~~~~~^\x1b[m\x1b[K\n'}
[2.737002] (mavlink_gui_tester) StderrLine: {'line': b'In file included from \x1b[01m\x1b[K/home/a/ws_moveit2/src/MAVLink/MAVLink_gui_ros2/../MAVLink_ros2/include/mavlink/c_library_v2/common/common.h:2914\x1b[m\x1b[K,\n'}
[2.737179] (mavlink_gui_tester) StderrLine: {'line': b'                 from \x1b[01m\x1b[K/home/a/ws_moveit2/src/MAVLink/MAVLink_gui_ros2/../MAVLink_ros2/include/mavlink/c_library_v2/common/mavlink.h:32\x1b[m\x1b[K,\n'}
[2.737251] (mavlink_gui_tester) StderrLine: {'line': b'                 from \x1b[01m\x1b[K/home/a/ws_moveit2/src/MAVLink/MAVLink_gui_ros2/include/mavlink_gui_tester/mavlink_gui_widget.hpp:45\x1b[m\x1b[K,\n'}
[2.737308] (mavlink_gui_tester) StderrLine: {'line': b'                 from \x1b[01m\x1b[K/home/a/ws_moveit2/src/MAVLink/MAVLink_gui_ros2/src/mavlink_gui_widget.cpp:1\x1b[m\x1b[K:\n'}
[2.737378] (mavlink_gui_tester) StderrLine: {'line': b'\x1b[01m\x1b[K/home/a/ws_moveit2/src/MAVLink/MAVLink_gui_ros2/../MAVLink_ros2/include/mavlink/c_library_v2/common/./mavlink_msg_distance_sensor.h:\x1b[m\x1b[K In function \xe2\x80\x98\x1b[01m\x1b[Kuint16_t mavlink_msg_distance_sensor_encode(uint8_t, uint8_t, mavlink_message_t*, const mavlink_distance_sensor_t*)\x1b[m\x1b[K\xe2\x80\x99:\n'}
[2.737437] (mavlink_gui_tester) StderrLine: {'line': b'\x1b[01m\x1b[K/home/a/ws_moveit2/src/MAVLink/MAVLink_gui_ros2/../MAVLink_ros2/include/mavlink/c_library_v2/common/./mavlink_msg_distance_sensor.h:264:387:\x1b[m\x1b[K \x1b[01;35m\x1b[Kwarning: \x1b[m\x1b[Ktaking address of packed member of \xe2\x80\x98\x1b[01m\x1b[K__mavlink_distance_sensor_t\x1b[m\x1b[K\xe2\x80\x99 may result in an unaligned pointer value [\x1b[01;35m\x1b[K\x1b]8;;https://gcc.gnu.org/onlinedocs/gcc/Warning-Options.html#index-Waddress-of-packed-member\x07-Waddress-of-packed-member\x1b]8;;\x07\x1b[m\x1b[K]\n'}
[2.737512] (mavlink_gui_tester) StderrLine: {'line': b'  264 |     return mavlink_msg_distance_sensor_pack(system_id, component_id, msg, distance_sensor->time_boot_ms, distance_sensor->min_distance, distance_sensor->max_distance, distance_sensor->current_distance, distance_sensor->type, distance_sensor->id, distance_sensor->orientation, distance_sensor->covariance, distance_sensor->horizontal_fov, distance_sensor->vertical_fov, \x1b[01;35m\x1b[Kdistance_sensor->quaternion\x1b[m\x1b[K, distance_sensor->signal_quality);\n'}
[2.737572] (mavlink_gui_tester) StderrLine: {'line': b'      |                                                                                                                                                                                                                                                                                                                                                                                  \x1b[01;35m\x1b[K~~~~~~~~~~~~~~~~~^~~~~~~~~~\x1b[m\x1b[K\n'}
[2.737823] (mavlink_gui_tester) StderrLine: {'line': b'\x1b[01m\x1b[K/home/a/ws_moveit2/src/MAVLink/MAVLink_gui_ros2/../MAVLink_ros2/include/mavlink/c_library_v2/common/./mavlink_msg_distance_sensor.h:\x1b[m\x1b[K In function \xe2\x80\x98\x1b[01m\x1b[Kuint16_t mavlink_msg_distance_sensor_encode_chan(uint8_t, uint8_t, uint8_t, mavlink_message_t*, const mavlink_distance_sensor_t*)\x1b[m\x1b[K\xe2\x80\x99:\n'}
[2.737958] (mavlink_gui_tester) StderrLine: {'line': b'\x1b[01m\x1b[K/home/a/ws_moveit2/src/MAVLink/MAVLink_gui_ros2/../MAVLink_ros2/include/mavlink/c_library_v2/common/./mavlink_msg_distance_sensor.h:278:398:\x1b[m\x1b[K \x1b[01;35m\x1b[Kwarning: \x1b[m\x1b[Ktaking address of packed member of \xe2\x80\x98\x1b[01m\x1b[K__mavlink_distance_sensor_t\x1b[m\x1b[K\xe2\x80\x99 may result in an unaligned pointer value [\x1b[01;35m\x1b[K\x1b]8;;https://gcc.gnu.org/onlinedocs/gcc/Warning-Options.html#index-Waddress-of-packed-member\x07-Waddress-of-packed-member\x1b]8;;\x07\x1b[m\x1b[K]\n'}
[2.738031] (mavlink_gui_tester) StderrLine: {'line': b'  278 |     return mavlink_msg_distance_sensor_pack_chan(system_id, component_id, chan, msg, distance_sensor->time_boot_ms, distance_sensor->min_distance, distance_sensor->max_distance, distance_sensor->current_distance, distance_sensor->type, distance_sensor->id, distance_sensor->orientation, distance_sensor->covariance, distance_sensor->horizontal_fov, distance_sensor->vertical_fov, \x1b[01;35m\x1b[Kdistance_sensor->quaternion\x1b[m\x1b[K, distance_sensor->signal_quality);\n'}
[2.738114] (mavlink_gui_tester) StderrLine: {'line': b'      |                                                                                                                                                                                                                                                                                                                                                                                             \x1b[01;35m\x1b[K~~~~~~~~~~~~~~~~~^~~~~~~~~~\x1b[m\x1b[K\n'}
[2.738187] (mavlink_gui_tester) StderrLine: {'line': b'\x1b[01m\x1b[K/home/a/ws_moveit2/src/MAVLink/MAVLink_gui_ros2/../MAVLink_ros2/include/mavlink/c_library_v2/common/./mavlink_msg_distance_sensor.h:\x1b[m\x1b[K In function \xe2\x80\x98\x1b[01m\x1b[Kuint16_t mavlink_msg_distance_sensor_encode_status(uint8_t, uint8_t, mavlink_status_t*, mavlink_message_t*, const mavlink_distance_sensor_t*)\x1b[m\x1b[K\xe2\x80\x99:\n'}
[2.738243] (mavlink_gui_tester) StderrLine: {'line': b'\x1b[01m\x1b[K/home/a/ws_moveit2/src/MAVLink/MAVLink_gui_ros2/../MAVLink_ros2/include/mavlink/c_library_v2/common/./mavlink_msg_distance_sensor.h:292:404:\x1b[m\x1b[K \x1b[01;35m\x1b[Kwarning: \x1b[m\x1b[Ktaking address of packed member of \xe2\x80\x98\x1b[01m\x1b[K__mavlink_distance_sensor_t\x1b[m\x1b[K\xe2\x80\x99 may result in an unaligned pointer value [\x1b[01;35m\x1b[K\x1b]8;;https://gcc.gnu.org/onlinedocs/gcc/Warning-Options.html#index-Waddress-of-packed-member\x07-Waddress-of-packed-member\x1b]8;;\x07\x1b[m\x1b[K]\n'}
[2.738302] (mavlink_gui_tester) StderrLine: {'line': b'  292 |     return mavlink_msg_distance_sensor_pack_status(system_id, component_id, _status, msg,  distance_sensor->time_boot_ms, distance_sensor->min_distance, distance_sensor->max_distance, distance_sensor->current_distance, distance_sensor->type, distance_sensor->id, distance_sensor->orientation, distance_sensor->covariance, distance_sensor->horizontal_fov, distance_sensor->vertical_fov, \x1b[01;35m\x1b[Kdistance_sensor->quaternion\x1b[m\x1b[K, distance_sensor->signal_quality);\n'}
[2.738356] (mavlink_gui_tester) StderrLine: {'line': b'      |                                                                                                                                                                                                                                                                                                                                                                                                   \x1b[01;35m\x1b[K~~~~~~~~~~~~~~~~~^~~~~~~~~~\x1b[m\x1b[K\n'}
[2.750296] (mavlink_gui_tester) StderrLine: {'line': b'In file included from \x1b[01m\x1b[K/home/a/ws_moveit2/src/MAVLink/MAVLink_gui_ros2/../MAVLink_ros2/include/mavlink/c_library_v2/common/common.h:2940\x1b[m\x1b[K,\n'}
[2.750471] (mavlink_gui_tester) StderrLine: {'line': b'                 from \x1b[01m\x1b[K/home/a/ws_moveit2/src/MAVLink/MAVLink_gui_ros2/../MAVLink_ros2/include/mavlink/c_library_v2/common/mavlink.h:32\x1b[m\x1b[K,\n'}
[2.750546] (mavlink_gui_tester) StderrLine: {'line': b'                 from \x1b[01m\x1b[K/home/a/ws_moveit2/build/mavlink_gui_tester/include/mavlink_gui_tester/../../../../src/MAVLink/MAVLink_gui_ros2/include/mavlink_gui_tester/mavlink_gui_widget.hpp:45\x1b[m\x1b[K,\n'}
[2.750621] (mavlink_gui_tester) StderrLine: {'line': b'                 from \x1b[01m\x1b[K/home/a/ws_moveit2/build/mavlink_gui_tester/include/mavlink_gui_tester/moc_mavlink_gui_widget.cpp:10\x1b[m\x1b[K:\n'}
[2.750893] (mavlink_gui_tester) StderrLine: {'line': b'\x1b[01m\x1b[K/home/a/ws_moveit2/src/MAVLink/MAVLink_gui_ros2/../MAVLink_ros2/include/mavlink/c_library_v2/common/./mavlink_msg_home_position.h:\x1b[m\x1b[K In function \xe2\x80\x98\x1b[01m\x1b[Kuint16_t mavlink_msg_home_position_encode(uint8_t, uint8_t, mavlink_message_t*, const mavlink_home_position_t*)\x1b[m\x1b[K\xe2\x80\x99:\n'}
[2.750991] (mavlink_gui_tester) StderrLine: {'line': b'\x1b[01m\x1b[K/home/a/ws_moveit2/src/MAVLink/MAVLink_gui_ros2/../MAVLink_ros2/include/mavlink/c_library_v2/common/./mavlink_msg_home_position.h:268:218:\x1b[m\x1b[K \x1b[01;35m\x1b[Kwarning: \x1b[m\x1b[Ktaking address of packed member of \xe2\x80\x98\x1b[01m\x1b[K__mavlink_home_position_t\x1b[m\x1b[K\xe2\x80\x99 may result in an unaligned pointer value [\x1b[01;35m\x1b[K\x1b]8;;https://gcc.gnu.org/onlinedocs/gcc/Warning-Options.html#index-Waddress-of-packed-member\x07-Waddress-of-packed-member\x1b]8;;\x07\x1b[m\x1b[K]\n'}
[2.751070] (mavlink_gui_tester) StderrLine: {'line': b'  268 |     return mavlink_msg_home_position_pack(system_id, component_id, msg, home_position->latitude, home_position->longitude, home_position->altitude, home_position->x, home_position->y, home_position->z, \x1b[01;35m\x1b[Khome_position->q\x1b[m\x1b[K, home_position->approach_x, home_position->approach_y, home_position->approach_z, home_position->time_usec);\n'}
[2.751154] (mavlink_gui_tester) StderrLine: {'line': b'      |                                                                                                                                                                                                           \x1b[01;35m\x1b[K~~~~~~~~~~~~~~~^\x1b[m\x1b[K\n'}
[2.751213] (mavlink_gui_tester) StderrLine: {'line': b'\x1b[01m\x1b[K/home/a/ws_moveit2/src/MAVLink/MAVLink_gui_ros2/../MAVLink_ros2/include/mavlink/c_library_v2/common/./mavlink_msg_home_position.h:\x1b[m\x1b[K In function \xe2\x80\x98\x1b[01m\x1b[Kuint16_t mavlink_msg_home_position_encode_chan(uint8_t, uint8_t, uint8_t, mavlink_message_t*, const mavlink_home_position_t*)\x1b[m\x1b[K\xe2\x80\x99:\n'}
[2.751272] (mavlink_gui_tester) StderrLine: {'line': b'\x1b[01m\x1b[K/home/a/ws_moveit2/src/MAVLink/MAVLink_gui_ros2/../MAVLink_ros2/include/mavlink/c_library_v2/common/./mavlink_msg_home_position.h:282:229:\x1b[m\x1b[K \x1b[01;35m\x1b[Kwarning: \x1b[m\x1b[Ktaking address of packed member of \xe2\x80\x98\x1b[01m\x1b[K__mavlink_home_position_t\x1b[m\x1b[K\xe2\x80\x99 may result in an unaligned pointer value [\x1b[01;35m\x1b[K\x1b]8;;https://gcc.gnu.org/onlinedocs/gcc/Warning-Options.html#index-Waddress-of-packed-member\x07-Waddress-of-packed-member\x1b]8;;\x07\x1b[m\x1b[K]\n'}
[2.751328] (mavlink_gui_tester) StderrLine: {'line': b'  282 |     return mavlink_msg_home_position_pack_chan(system_id, component_id, chan, msg, home_position->latitude, home_position->longitude, home_position->altitude, home_position->x, home_position->y, home_position->z, \x1b[01;35m\x1b[Khome_position->q\x1b[m\x1b[K, home_position->approach_x, home_position->approach_y, home_position->approach_z, home_position->time_usec);\n'}
[2.751383] (mavlink_gui_tester) StderrLine: {'line': b'      |                                                                                                                                                                                                                      \x1b[01;35m\x1b[K~~~~~~~~~~~~~~~^\x1b[m\x1b[K\n'}
[2.751441] (mavlink_gui_tester) StderrLine: {'line': b'\x1b[01m\x1b[K/home/a/ws_moveit2/src/MAVLink/MAVLink_gui_ros2/../MAVLink_ros2/include/mavlink/c_library_v2/common/./mavlink_msg_home_position.h:\x1b[m\x1b[K In function \xe2\x80\x98\x1b[01m\x1b[Kuint16_t mavlink_msg_home_position_encode_status(uint8_t, uint8_t, mavlink_status_t*, mavlink_message_t*, const mavlink_home_position_t*)\x1b[m\x1b[K\xe2\x80\x99:\n'}
[2.751500] (mavlink_gui_tester) StderrLine: {'line': b'\x1b[01m\x1b[K/home/a/ws_moveit2/src/MAVLink/MAVLink_gui_ros2/../MAVLink_ros2/include/mavlink/c_library_v2/common/./mavlink_msg_home_position.h:296:235:\x1b[m\x1b[K \x1b[01;35m\x1b[Kwarning: \x1b[m\x1b[Ktaking address of packed member of \xe2\x80\x98\x1b[01m\x1b[K__mavlink_home_position_t\x1b[m\x1b[K\xe2\x80\x99 may result in an unaligned pointer value [\x1b[01;35m\x1b[K\x1b]8;;https://gcc.gnu.org/onlinedocs/gcc/Warning-Options.html#index-Waddress-of-packed-member\x07-Waddress-of-packed-member\x1b]8;;\x07\x1b[m\x1b[K]\n'}
[2.751906] (mavlink_gui_tester) StderrLine: {'line': b'  296 |     return mavlink_msg_home_position_pack_status(system_id, component_id, _status, msg,  home_position->latitude, home_position->longitude, home_position->altitude, home_position->x, home_position->y, home_position->z, \x1b[01;35m\x1b[Khome_position->q\x1b[m\x1b[K, home_position->approach_x, home_position->approach_y, home_position->approach_z, home_position->time_usec);\n'}
[2.752002] (mavlink_gui_tester) StderrLine: {'line': b'      |                                                                                                                                                                                                                            \x1b[01;35m\x1b[K~~~~~~~~~~~~~~~^\x1b[m\x1b[K\n'}
[2.752075] (mavlink_gui_tester) StderrLine: {'line': b'In file included from \x1b[01m\x1b[K/home/a/ws_moveit2/src/MAVLink/MAVLink_gui_ros2/../MAVLink_ros2/include/mavlink/c_library_v2/common/common.h:2928\x1b[m\x1b[K,\n'}
[2.752210] (mavlink_gui_tester) StderrLine: {'line': b'                 from \x1b[01m\x1b[K/home/a/ws_moveit2/src/MAVLink/MAVLink_gui_ros2/../MAVLink_ros2/include/mavlink/c_library_v2/common/mavlink.h:32\x1b[m\x1b[K,\n'}
[2.752276] (mavlink_gui_tester) StderrLine: {'line': b'                 from \x1b[01m\x1b[K/home/a/ws_moveit2/src/MAVLink/MAVLink_gui_ros2/include/mavlink_gui_tester/mavlink_gui_widget.hpp:45\x1b[m\x1b[K,\n'}
[2.752336] (mavlink_gui_tester) StderrLine: {'line': b'                 from \x1b[01m\x1b[K/home/a/ws_moveit2/src/MAVLink/MAVLink_gui_ros2/src/mavlink_gui_widget.cpp:1\x1b[m\x1b[K:\n'}
[2.752428] (mavlink_gui_tester) StderrLine: {'line': b'\x1b[01m\x1b[K/home/a/ws_moveit2/src/MAVLink/MAVLink_gui_ros2/../MAVLink_ros2/include/mavlink/c_library_v2/common/./mavlink_msg_battery_status.h:\x1b[m\x1b[K In function \xe2\x80\x98\x1b[01m\x1b[Kuint16_t mavlink_msg_battery_status_encode(uint8_t, uint8_t, mavlink_message_t*, const mavlink_battery_status_t*)\x1b[m\x1b[K\xe2\x80\x99:\n'}
[2.752487] (mavlink_gui_tester) StderrLine: {'line': b'\x1b[01m\x1b[K/home/a/ws_moveit2/src/MAVLink/MAVLink_gui_ros2/../MAVLink_ros2/include/mavlink/c_library_v2/common/./mavlink_msg_battery_status.h:289:195:\x1b[m\x1b[K \x1b[01;35m\x1b[Kwarning: \x1b[m\x1b[Ktaking address of packed member of \xe2\x80\x98\x1b[01m\x1b[K__mavlink_battery_status_t\x1b[m\x1b[K\xe2\x80\x99 may result in an unaligned pointer value [\x1b[01;35m\x1b[K\x1b]8;;https://gcc.gnu.org/onlinedocs/gcc/Warning-Options.html#index-Waddress-of-packed-member\x07-Waddress-of-packed-member\x1b]8;;\x07\x1b[m\x1b[K]\n'}
[2.752548] (mavlink_gui_tester) StderrLine: {'line': b'  289 |     return mavlink_msg_battery_status_pack(system_id, component_id, msg, battery_status->id, battery_status->battery_function, battery_status->type, battery_status->temperature, \x1b[01;35m\x1b[Kbattery_status->voltages\x1b[m\x1b[K, battery_status->current_battery, battery_status->current_consumed, battery_status->energy_consumed, battery_status->battery_remaining, battery_status->time_remaining, battery_status->charge_state, battery_status->voltages_ext, battery_status->mode, battery_status->fault_bitmask);\n'}
[2.752606] (mavlink_gui_tester) StderrLine: {'line': b'      |                                                                                                                                                                                   \x1b[01;35m\x1b[K~~~~~~~~~~~~~~~~^~~~~~~~\x1b[m\x1b[K\n'}
[2.752663] (mavlink_gui_tester) StderrLine: {'line': b'\x1b[01m\x1b[K/home/a/ws_moveit2/src/MAVLink/MAVLink_gui_ros2/../MAVLink_ros2/include/mavlink/c_library_v2/common/./mavlink_msg_battery_status.h:289:418:\x1b[m\x1b[K \x1b[01;35m\x1b[Kwarning: \x1b[m\x1b[Ktaking address of packed member of \xe2\x80\x98\x1b[01m\x1b[K__mavlink_battery_status_t\x1b[m\x1b[K\xe2\x80\x99 may result in an unaligned pointer value [\x1b[01;35m\x1b[K\x1b]8;;https://gcc.gnu.org/onlinedocs/gcc/Warning-Options.html#index-Waddress-of-packed-member\x07-Waddress-of-packed-member\x1b]8;;\x07\x1b[m\x1b[K]\n'}
[2.752720] (mavlink_gui_tester) StderrLine: {'line': b'  289 |     return mavlink_msg_battery_status_pack(system_id, component_id, msg, battery_status->id, battery_status->battery_function, battery_status->type, battery_status->temperature, battery_status->voltages, battery_status->current_battery, battery_status->current_consumed, battery_status->energy_consumed, battery_status->battery_remaining, battery_status->time_remaining, battery_status->charge_state, \x1b[01;35m\x1b[Kbattery_status->voltages_ext\x1b[m\x1b[K, battery_status->mode, battery_status->fault_bitmask);\n'}
[2.752780] (mavlink_gui_tester) StderrLine: {'line': b'      |                                                                                                                                                                                                                                                                                                                                                                                                                  \x1b[01;35m\x1b[K~~~~~~~~~~~~~~~~^~~~~~~~~~~~\x1b[m\x1b[K\n'}
[2.752838] (mavlink_gui_tester) StderrLine: {'line': b'\x1b[01m\x1b[K/home/a/ws_moveit2/src/MAVLink/MAVLink_gui_ros2/../MAVLink_ros2/include/mavlink/c_library_v2/common/./mavlink_msg_battery_status.h:\x1b[m\x1b[K In function \xe2\x80\x98\x1b[01m\x1b[Kuint16_t mavlink_msg_battery_status_encode_chan(uint8_t, uint8_t, uint8_t, mavlink_message_t*, const mavlink_battery_status_t*)\x1b[m\x1b[K\xe2\x80\x99:\n'}
[2.752898] (mavlink_gui_tester) StderrLine: {'line': b'\x1b[01m\x1b[K/home/a/ws_moveit2/src/MAVLink/MAVLink_gui_ros2/../MAVLink_ros2/include/mavlink/c_library_v2/common/./mavlink_msg_battery_status.h:303:206:\x1b[m\x1b[K \x1b[01;35m\x1b[Kwarning: \x1b[m\x1b[Ktaking address of packed member of \xe2\x80\x98\x1b[01m\x1b[K__mavlink_battery_status_t\x1b[m\x1b[K\xe2\x80\x99 may result in an unaligned pointer value [\x1b[01;35m\x1b[K\x1b]8;;https://gcc.gnu.org/onlinedocs/gcc/Warning-Options.html#index-Waddress-of-packed-member\x07-Waddress-of-packed-member\x1b]8;;\x07\x1b[m\x1b[K]\n'}
[2.752959] (mavlink_gui_tester) StderrLine: {'line': b'  303 |     return mavlink_msg_battery_status_pack_chan(system_id, component_id, chan, msg, battery_status->id, battery_status->battery_function, battery_status->type, battery_status->temperature, \x1b[01;35m\x1b[Kbattery_status->voltages\x1b[m\x1b[K, battery_status->current_battery, battery_status->current_consumed, battery_status->energy_consumed, battery_status->battery_remaining, battery_status->time_remaining, battery_status->charge_state, battery_status->voltages_ext, battery_status->mode, battery_status->fault_bitmask);\n'}
[2.753016] (mavlink_gui_tester) StderrLine: {'line': b'      |                                                                                                                                                                                              \x1b[01;35m\x1b[K~~~~~~~~~~~~~~~~^~~~~~~~\x1b[m\x1b[K\n'}
[2.753071] (mavlink_gui_tester) StderrLine: {'line': b'\x1b[01m\x1b[K/home/a/ws_moveit2/src/MAVLink/MAVLink_gui_ros2/../MAVLink_ros2/include/mavlink/c_library_v2/common/./mavlink_msg_battery_status.h:303:429:\x1b[m\x1b[K \x1b[01;35m\x1b[Kwarning: \x1b[m\x1b[Ktaking address of packed member of \xe2\x80\x98\x1b[01m\x1b[K__mavlink_battery_status_t\x1b[m\x1b[K\xe2\x80\x99 may result in an unaligned pointer value [\x1b[01;35m\x1b[K\x1b]8;;https://gcc.gnu.org/onlinedocs/gcc/Warning-Options.html#index-Waddress-of-packed-member\x07-Waddress-of-packed-member\x1b]8;;\x07\x1b[m\x1b[K]\n'}
[2.753136] (mavlink_gui_tester) StderrLine: {'line': b'  303 |     return mavlink_msg_battery_status_pack_chan(system_id, component_id, chan, msg, battery_status->id, battery_status->battery_function, battery_status->type, battery_status->temperature, battery_status->voltages, battery_status->current_battery, battery_status->current_consumed, battery_status->energy_consumed, battery_status->battery_remaining, battery_status->time_remaining, battery_status->charge_state, \x1b[01;35m\x1b[Kbattery_status->voltages_ext\x1b[m\x1b[K, battery_status->mode, battery_status->fault_bitmask);\n'}
[2.753194] (mavlink_gui_tester) StderrLine: {'line': b'      |                                                                                                                                                                                                                                                                                                                                                                                                                             \x1b[01;35m\x1b[K~~~~~~~~~~~~~~~~^~~~~~~~~~~~\x1b[m\x1b[K\n'}
[2.753253] (mavlink_gui_tester) StderrLine: {'line': b'\x1b[01m\x1b[K/home/a/ws_moveit2/src/MAVLink/MAVLink_gui_ros2/../MAVLink_ros2/include/mavlink/c_library_v2/common/./mavlink_msg_battery_status.h:\x1b[m\x1b[K In function \xe2\x80\x98\x1b[01m\x1b[Kuint16_t mavlink_msg_battery_status_encode_status(uint8_t, uint8_t, mavlink_status_t*, mavlink_message_t*, const mavlink_battery_status_t*)\x1b[m\x1b[K\xe2\x80\x99:\n'}
[2.753307] (mavlink_gui_tester) StderrLine: {'line': b'\x1b[01m\x1b[K/home/a/ws_moveit2/src/MAVLink/MAVLink_gui_ros2/../MAVLink_ros2/include/mavlink/c_library_v2/common/./mavlink_msg_battery_status.h:317:212:\x1b[m\x1b[K \x1b[01;35m\x1b[Kwarning: \x1b[m\x1b[Ktaking address of packed member of \xe2\x80\x98\x1b[01m\x1b[K__mavlink_battery_status_t\x1b[m\x1b[K\xe2\x80\x99 may result in an unaligned pointer value [\x1b[01;35m\x1b[K\x1b]8;;https://gcc.gnu.org/onlinedocs/gcc/Warning-Options.html#index-Waddress-of-packed-member\x07-Waddress-of-packed-member\x1b]8;;\x07\x1b[m\x1b[K]\n'}
[2.753369] (mavlink_gui_tester) StderrLine: {'line': b'  317 |     return mavlink_msg_battery_status_pack_status(system_id, component_id, _status, msg,  battery_status->id, battery_status->battery_function, battery_status->type, battery_status->temperature, \x1b[01;35m\x1b[Kbattery_status->voltages\x1b[m\x1b[K, battery_status->current_battery, battery_status->current_consumed, battery_status->energy_consumed, battery_status->battery_remaining, battery_status->time_remaining, battery_status->charge_state, battery_status->voltages_ext, battery_status->mode, battery_status->fault_bitmask);\n'}
[2.753692] (mavlink_gui_tester) StderrLine: {'line': b'      |                                                                                                                                                                                                    \x1b[01;35m\x1b[K~~~~~~~~~~~~~~~~^~~~~~~~\x1b[m\x1b[K\n'}
[2.753794] (mavlink_gui_tester) StderrLine: {'line': b'\x1b[01m\x1b[K/home/a/ws_moveit2/src/MAVLink/MAVLink_gui_ros2/../MAVLink_ros2/include/mavlink/c_library_v2/common/./mavlink_msg_battery_status.h:317:435:\x1b[m\x1b[K \x1b[01;35m\x1b[Kwarning: \x1b[m\x1b[Ktaking address of packed member of \xe2\x80\x98\x1b[01m\x1b[K__mavlink_battery_status_t\x1b[m\x1b[K\xe2\x80\x99 may result in an unaligned pointer value [\x1b[01;35m\x1b[K\x1b]8;;https://gcc.gnu.org/onlinedocs/gcc/Warning-Options.html#index-Waddress-of-packed-member\x07-Waddress-of-packed-member\x1b]8;;\x07\x1b[m\x1b[K]\n'}
[2.753933] (mavlink_gui_tester) StderrLine: {'line': b'  317 |     return mavlink_msg_battery_status_pack_status(system_id, component_id, _status, msg,  battery_status->id, battery_status->battery_function, battery_status->type, battery_status->temperature, battery_status->voltages, battery_status->current_battery, battery_status->current_consumed, battery_status->energy_consumed, battery_status->battery_remaining, battery_status->time_remaining, battery_status->charge_state, \x1b[01;35m\x1b[Kbattery_status->voltages_ext\x1b[m\x1b[K, battery_status->mode, battery_status->fault_bitmask);\n'}
[2.754003] (mavlink_gui_tester) StderrLine: {'line': b'      |                                                                                                                                                                                                                                                                                                                                                                                                                                   \x1b[01;35m\x1b[K~~~~~~~~~~~~~~~~^~~~~~~~~~~~\x1b[m\x1b[K\n'}
[2.754060] (mavlink_gui_tester) StderrLine: {'line': b'In file included from \x1b[01m\x1b[K/home/a/ws_moveit2/src/MAVLink/MAVLink_gui_ros2/../MAVLink_ros2/include/mavlink/c_library_v2/common/common.h:2941\x1b[m\x1b[K,\n'}
[2.754133] (mavlink_gui_tester) StderrLine: {'line': b'                 from \x1b[01m\x1b[K/home/a/ws_moveit2/src/MAVLink/MAVLink_gui_ros2/../MAVLink_ros2/include/mavlink/c_library_v2/common/mavlink.h:32\x1b[m\x1b[K,\n'}
[2.754187] (mavlink_gui_tester) StderrLine: {'line': b'                 from \x1b[01m\x1b[K/home/a/ws_moveit2/build/mavlink_gui_tester/include/mavlink_gui_tester/../../../../src/MAVLink/MAVLink_gui_ros2/include/mavlink_gui_tester/mavlink_gui_widget.hpp:45\x1b[m\x1b[K,\n'}
[2.754241] (mavlink_gui_tester) StderrLine: {'line': b'                 from \x1b[01m\x1b[K/home/a/ws_moveit2/build/mavlink_gui_tester/include/mavlink_gui_tester/moc_mavlink_gui_widget.cpp:10\x1b[m\x1b[K:\n'}
[2.754294] (mavlink_gui_tester) StderrLine: {'line': b'\x1b[01m\x1b[K/home/a/ws_moveit2/src/MAVLink/MAVLink_gui_ros2/../MAVLink_ros2/include/mavlink/c_library_v2/common/./mavlink_msg_set_home_position.h:\x1b[m\x1b[K In function \xe2\x80\x98\x1b[01m\x1b[Kuint16_t mavlink_msg_set_home_position_encode(uint8_t, uint8_t, mavlink_message_t*, const mavlink_set_home_position_t*)\x1b[m\x1b[K\xe2\x80\x99:\n'}
[2.754348] (mavlink_gui_tester) StderrLine: {'line': b'\x1b[01m\x1b[K/home/a/ws_moveit2/src/MAVLink/MAVLink_gui_ros2/../MAVLink_ros2/include/mavlink/c_library_v2/common/./mavlink_msg_set_home_position.h:264:284:\x1b[m\x1b[K \x1b[01;35m\x1b[Kwarning: \x1b[m\x1b[Ktaking address of packed member of \xe2\x80\x98\x1b[01m\x1b[K__mavlink_set_home_position_t\x1b[m\x1b[K\xe2\x80\x99 may result in an unaligned pointer value [\x1b[01;35m\x1b[K\x1b]8;;https://gcc.gnu.org/onlinedocs/gcc/Warning-Options.html#index-Waddress-of-packed-member\x07-Waddress-of-packed-member\x1b]8;;\x07\x1b[m\x1b[K]\n'}
[2.754408] (mavlink_gui_tester) StderrLine: {'line': b'  264 |     return mavlink_msg_set_home_position_pack(system_id, component_id, msg, set_home_position->target_system, set_home_position->latitude, set_home_position->longitude, set_home_position->altitude, set_home_position->x, set_home_position->y, set_home_position->z, \x1b[01;35m\x1b[Kset_home_position->q\x1b[m\x1b[K, set_home_position->approach_x, set_home_position->approach_y, set_home_position->approach_z, set_home_position->time_usec);\n'}
[2.754463] (mavlink_gui_tester) StderrLine: {'line': b'      |                                                                                                                                                                                                                                                                         \x1b[01;35m\x1b[K~~~~~~~~~~~~~~~~~~~^\x1b[m\x1b[K\n'}
[2.754518] (mavlink_gui_tester) StderrLine: {'line': b'\x1b[01m\x1b[K/home/a/ws_moveit2/src/MAVLink/MAVLink_gui_ros2/../MAVLink_ros2/include/mavlink/c_library_v2/common/./mavlink_msg_set_home_position.h:\x1b[m\x1b[K In function \xe2\x80\x98\x1b[01m\x1b[Kuint16_t mavlink_msg_set_home_position_encode_chan(uint8_t, uint8_t, uint8_t, mavlink_message_t*, const mavlink_set_home_position_t*)\x1b[m\x1b[K\xe2\x80\x99:\n'}
[2.754572] (mavlink_gui_tester) StderrLine: {'line': b'\x1b[01m\x1b[K/home/a/ws_moveit2/src/MAVLink/MAVLink_gui_ros2/../MAVLink_ros2/include/mavlink/c_library_v2/common/./mavlink_msg_set_home_position.h:278:295:\x1b[m\x1b[K \x1b[01;35m\x1b[Kwarning: \x1b[m\x1b[Ktaking address of packed member of \xe2\x80\x98\x1b[01m\x1b[K__mavlink_set_home_position_t\x1b[m\x1b[K\xe2\x80\x99 may result in an unaligned pointer value [\x1b[01;35m\x1b[K\x1b]8;;https://gcc.gnu.org/onlinedocs/gcc/Warning-Options.html#index-Waddress-of-packed-member\x07-Waddress-of-packed-member\x1b]8;;\x07\x1b[m\x1b[K]\n'}
[2.754627] (mavlink_gui_tester) StderrLine: {'line': b'  278 |     return mavlink_msg_set_home_position_pack_chan(system_id, component_id, chan, msg, set_home_position->target_system, set_home_position->latitude, set_home_position->longitude, set_home_position->altitude, set_home_position->x, set_home_position->y, set_home_position->z, \x1b[01;35m\x1b[Kset_home_position->q\x1b[m\x1b[K, set_home_position->approach_x, set_home_position->approach_y, set_home_position->approach_z, set_home_position->time_usec);\n'}
[2.754686] (mavlink_gui_tester) StderrLine: {'line': b'      |                                                                                                                                                                                                                                                                                    \x1b[01;35m\x1b[K~~~~~~~~~~~~~~~~~~~^\x1b[m\x1b[K\n'}
[2.754738] (mavlink_gui_tester) StderrLine: {'line': b'\x1b[01m\x1b[K/home/a/ws_moveit2/src/MAVLink/MAVLink_gui_ros2/../MAVLink_ros2/include/mavlink/c_library_v2/common/./mavlink_msg_set_home_position.h:\x1b[m\x1b[K In function \xe2\x80\x98\x1b[01m\x1b[Kuint16_t mavlink_msg_set_home_position_encode_status(uint8_t, uint8_t, mavlink_status_t*, mavlink_message_t*, const mavlink_set_home_position_t*)\x1b[m\x1b[K\xe2\x80\x99:\n'}
[2.754790] (mavlink_gui_tester) StderrLine: {'line': b'\x1b[01m\x1b[K/home/a/ws_moveit2/src/MAVLink/MAVLink_gui_ros2/../MAVLink_ros2/include/mavlink/c_library_v2/common/./mavlink_msg_set_home_position.h:292:301:\x1b[m\x1b[K \x1b[01;35m\x1b[Kwarning: \x1b[m\x1b[Ktaking address of packed member of \xe2\x80\x98\x1b[01m\x1b[K__mavlink_set_home_position_t\x1b[m\x1b[K\xe2\x80\x99 may result in an unaligned pointer value [\x1b[01;35m\x1b[K\x1b]8;;https://gcc.gnu.org/onlinedocs/gcc/Warning-Options.html#index-Waddress-of-packed-member\x07-Waddress-of-packed-member\x1b]8;;\x07\x1b[m\x1b[K]\n'}
[2.754846] (mavlink_gui_tester) StderrLine: {'line': b'  292 |     return mavlink_msg_set_home_position_pack_status(system_id, component_id, _status, msg,  set_home_position->target_system, set_home_position->latitude, set_home_position->longitude, set_home_position->altitude, set_home_position->x, set_home_position->y, set_home_position->z, \x1b[01;35m\x1b[Kset_home_position->q\x1b[m\x1b[K, set_home_position->approach_x, set_home_position->approach_y, set_home_position->approach_z, set_home_position->time_usec);\n'}
[2.754899] (mavlink_gui_tester) StderrLine: {'line': b'      |                                                                                                                                                                                                                                                                                          \x1b[01;35m\x1b[K~~~~~~~~~~~~~~~~~~~^\x1b[m\x1b[K\n'}
[2.754954] (mavlink_gui_tester) StderrLine: {'line': b'In file included from \x1b[01m\x1b[K/home/a/ws_moveit2/src/MAVLink/MAVLink_gui_ros2/../MAVLink_ros2/include/mavlink/c_library_v2/common/common.h:2929\x1b[m\x1b[K,\n'}
[2.755006] (mavlink_gui_tester) StderrLine: {'line': b'                 from \x1b[01m\x1b[K/home/a/ws_moveit2/src/MAVLink/MAVLink_gui_ros2/../MAVLink_ros2/include/mavlink/c_library_v2/common/mavlink.h:32\x1b[m\x1b[K,\n'}
[2.755057] (mavlink_gui_tester) StderrLine: {'line': b'                 from \x1b[01m\x1b[K/home/a/ws_moveit2/src/MAVLink/MAVLink_gui_ros2/include/mavlink_gui_tester/mavlink_gui_widget.hpp:45\x1b[m\x1b[K,\n'}
[2.755115] (mavlink_gui_tester) StderrLine: {'line': b'                 from \x1b[01m\x1b[K/home/a/ws_moveit2/src/MAVLink/MAVLink_gui_ros2/src/mavlink_gui_widget.cpp:1\x1b[m\x1b[K:\n'}
[2.755169] (mavlink_gui_tester) StderrLine: {'line': b'\x1b[01m\x1b[K/home/a/ws_moveit2/src/MAVLink/MAVLink_gui_ros2/../MAVLink_ros2/include/mavlink/c_library_v2/common/./mavlink_msg_landing_target.h:\x1b[m\x1b[K In function \xe2\x80\x98\x1b[01m\x1b[Kuint16_t mavlink_msg_landing_target_encode(uint8_t, uint8_t, mavlink_message_t*, const mavlink_landing_target_t*)\x1b[m\x1b[K\xe2\x80\x99:\n'}
[2.755222] (mavlink_gui_tester) StderrLine: {'line': b'\x1b[01m\x1b[K/home/a/ws_moveit2/src/MAVLink/MAVLink_gui_ros2/../MAVLink_ros2/include/mavlink/c_library_v2/common/./mavlink_msg_landing_target.h:288:349:\x1b[m\x1b[K \x1b[01;35m\x1b[Kwarning: \x1b[m\x1b[Ktaking address of packed member of \xe2\x80\x98\x1b[01m\x1b[K__mavlink_landing_target_t\x1b[m\x1b[K\xe2\x80\x99 may result in an unaligned pointer value [\x1b[01;35m\x1b[K\x1b]8;;https://gcc.gnu.org/onlinedocs/gcc/Warning-Options.html#index-Waddress-of-packed-member\x07-Waddress-of-packed-member\x1b]8;;\x07\x1b[m\x1b[K]\n'}
[2.755278] (mavlink_gui_tester) StderrLine: {'line': b'  288 |     return mavlink_msg_landing_target_pack(system_id, component_id, msg, landing_target->time_usec, landing_target->target_num, landing_target->frame, landing_target->angle_x, landing_target->angle_y, landing_target->distance, landing_target->size_x, landing_target->size_y, landing_target->x, landing_target->y, landing_target->z, \x1b[01;35m\x1b[Klanding_target->q\x1b[m\x1b[K, landing_target->type, landing_target->position_valid);\n'}
[2.755333] (mavlink_gui_tester) StderrLine: {'line': b'      |                                                                                                                                                                                                                                                                                                                                             \x1b[01;35m\x1b[K~~~~~~~~~~~~~~~~^\x1b[m\x1b[K\n'}
[2.755388] (mavlink_gui_tester) StderrLine: {'line': b'\x1b[01m\x1b[K/home/a/ws_moveit2/src/MAVLink/MAVLink_gui_ros2/../MAVLink_ros2/include/mavlink/c_library_v2/common/./mavlink_msg_landing_target.h:\x1b[m\x1b[K In function \xe2\x80\x98\x1b[01m\x1b[Kuint16_t mavlink_msg_landing_target_encode_chan(uint8_t, uint8_t, uint8_t, mavlink_message_t*, const mavlink_landing_target_t*)\x1b[m\x1b[K\xe2\x80\x99:\n'}
[2.755442] (mavlink_gui_tester) StderrLine: {'line': b'\x1b[01m\x1b[K/home/a/ws_moveit2/src/MAVLink/MAVLink_gui_ros2/../MAVLink_ros2/include/mavlink/c_library_v2/common/./mavlink_msg_landing_target.h:302:360:\x1b[m\x1b[K \x1b[01;35m\x1b[Kwarning: \x1b[m\x1b[Ktaking address of packed member of \xe2\x80\x98\x1b[01m\x1b[K__mavlink_landing_target_t\x1b[m\x1b[K\xe2\x80\x99 may result in an unaligned pointer value [\x1b[01;35m\x1b[K\x1b]8;;https://gcc.gnu.org/onlinedocs/gcc/Warning-Options.html#index-Waddress-of-packed-member\x07-Waddress-of-packed-member\x1b]8;;\x07\x1b[m\x1b[K]\n'}
[2.755496] (mavlink_gui_tester) StderrLine: {'line': b'  302 |     return mavlink_msg_landing_target_pack_chan(system_id, component_id, chan, msg, landing_target->time_usec, landing_target->target_num, landing_target->frame, landing_target->angle_x, landing_target->angle_y, landing_target->distance, landing_target->size_x, landing_target->size_y, landing_target->x, landing_target->y, landing_target->z, \x1b[01;35m\x1b[Klanding_target->q\x1b[m\x1b[K, landing_target->type, landing_target->position_valid);\n'}
[2.755548] (mavlink_gui_tester) StderrLine: {'line': b'      |                                                                                                                                                                                                                                                                                                                                                        \x1b[01;35m\x1b[K~~~~~~~~~~~~~~~~^\x1b[m\x1b[K\n'}
[2.755600] (mavlink_gui_tester) StderrLine: {'line': b'\x1b[01m\x1b[K/home/a/ws_moveit2/src/MAVLink/MAVLink_gui_ros2/../MAVLink_ros2/include/mavlink/c_library_v2/common/./mavlink_msg_landing_target.h:\x1b[m\x1b[K In function \xe2\x80\x98\x1b[01m\x1b[Kuint16_t mavlink_msg_landing_target_encode_status(uint8_t, uint8_t, mavlink_status_t*, mavlink_message_t*, const mavlink_landing_target_t*)\x1b[m\x1b[K\xe2\x80\x99:\n'}
[2.755651] (mavlink_gui_tester) StderrLine: {'line': b'\x1b[01m\x1b[K/home/a/ws_moveit2/src/MAVLink/MAVLink_gui_ros2/../MAVLink_ros2/include/mavlink/c_library_v2/common/./mavlink_msg_landing_target.h:316:366:\x1b[m\x1b[K \x1b[01;35m\x1b[Kwarning: \x1b[m\x1b[Ktaking address of packed member of \xe2\x80\x98\x1b[01m\x1b[K__mavlink_landing_target_t\x1b[m\x1b[K\xe2\x80\x99 may result in an unaligned pointer value [\x1b[01;35m\x1b[K\x1b]8;;https://gcc.gnu.org/onlinedocs/gcc/Warning-Options.html#index-Waddress-of-packed-member\x07-Waddress-of-packed-member\x1b]8;;\x07\x1b[m\x1b[K]\n'}
[2.755705] (mavlink_gui_tester) StderrLine: {'line': b'  316 |     return mavlink_msg_landing_target_pack_status(system_id, component_id, _status, msg,  landing_target->time_usec, landing_target->target_num, landing_target->frame, landing_target->angle_x, landing_target->angle_y, landing_target->distance, landing_target->size_x, landing_target->size_y, landing_target->x, landing_target->y, landing_target->z, \x1b[01;35m\x1b[Klanding_target->q\x1b[m\x1b[K, landing_target->type, landing_target->position_valid);\n'}
[2.755757] (mavlink_gui_tester) StderrLine: {'line': b'      |                                                                                                                                                                                                                                                                                                                                                              \x1b[01;35m\x1b[K~~~~~~~~~~~~~~~~^\x1b[m\x1b[K\n'}
[2.762528] (mavlink_gui_tester) StderrLine: {'line': b'In file included from \x1b[01m\x1b[K/home/a/ws_moveit2/src/MAVLink/MAVLink_gui_ros2/../MAVLink_ros2/include/mavlink/c_library_v2/common/common.h:2914\x1b[m\x1b[K,\n'}
[2.762717] (mavlink_gui_tester) StderrLine: {'line': b'                 from \x1b[01m\x1b[K/home/a/ws_moveit2/src/MAVLink/MAVLink_gui_ros2/../MAVLink_ros2/include/mavlink/c_library_v2/common/mavlink.h:32\x1b[m\x1b[K,\n'}
[2.762827] (mavlink_gui_tester) StderrLine: {'line': b'                 from \x1b[01m\x1b[K/home/a/ws_moveit2/src/MAVLink/MAVLink_gui_ros2/include/mavlink_gui_tester/mavlink_gui_widget.hpp:45\x1b[m\x1b[K,\n'}
[2.762890] (mavlink_gui_tester) StderrLine: {'line': b'                 from \x1b[01m\x1b[K/home/a/ws_moveit2/src/MAVLink/MAVLink_gui_ros2/src/main.cpp:3\x1b[m\x1b[K:\n'}
[2.762947] (mavlink_gui_tester) StderrLine: {'line': b'\x1b[01m\x1b[K/home/a/ws_moveit2/src/MAVLink/MAVLink_gui_ros2/../MAVLink_ros2/include/mavlink/c_library_v2/common/./mavlink_msg_distance_sensor.h:\x1b[m\x1b[K In function \xe2\x80\x98\x1b[01m\x1b[Kuint16_t mavlink_msg_distance_sensor_encode(uint8_t, uint8_t, mavlink_message_t*, const mavlink_distance_sensor_t*)\x1b[m\x1b[K\xe2\x80\x99:\n'}
[2.763008] (mavlink_gui_tester) StderrLine: {'line': b'\x1b[01m\x1b[K/home/a/ws_moveit2/src/MAVLink/MAVLink_gui_ros2/../MAVLink_ros2/include/mavlink/c_library_v2/common/./mavlink_msg_distance_sensor.h:264:387:\x1b[m\x1b[K \x1b[01;35m\x1b[Kwarning: \x1b[m\x1b[Ktaking address of packed member of \xe2\x80\x98\x1b[01m\x1b[K__mavlink_distance_sensor_t\x1b[m\x1b[K\xe2\x80\x99 may result in an unaligned pointer value [\x1b[01;35m\x1b[K\x1b]8;;https://gcc.gnu.org/onlinedocs/gcc/Warning-Options.html#index-Waddress-of-packed-member\x07-Waddress-of-packed-member\x1b]8;;\x07\x1b[m\x1b[K]\n'}
[2.763066] (mavlink_gui_tester) StderrLine: {'line': b'  264 | distance_sensor->horizontal_fov, distance_sensor->vertical_fov, \x1b[01;35m\x1b[Kdistance_sensor->quaternion\x1b[m\x1b[K, distance_sensor->signal_quality);\n'}
[2.763132] (mavlink_gui_tester) StderrLine: {'line': b'      |                                                                 \x1b[01;35m\x1b[K~~~~~~~~~~~~~~~~~^~~~~~~~~~\x1b[m\x1b[K\n'}
[2.763187] (mavlink_gui_tester) StderrLine: {'line': b'\n'}
[2.763241] (mavlink_gui_tester) StderrLine: {'line': b'\x1b[01m\x1b[K/home/a/ws_moveit2/src/MAVLink/MAVLink_gui_ros2/../MAVLink_ros2/include/mavlink/c_library_v2/common/./mavlink_msg_distance_sensor.h:\x1b[m\x1b[K In function \xe2\x80\x98\x1b[01m\x1b[Kuint16_t mavlink_msg_distance_sensor_encode_chan(uint8_t, uint8_t, uint8_t, mavlink_message_t*, const mavlink_distance_sensor_t*)\x1b[m\x1b[K\xe2\x80\x99:\n'}
[2.763298] (mavlink_gui_tester) StderrLine: {'line': b'\x1b[01m\x1b[K/home/a/ws_moveit2/src/MAVLink/MAVLink_gui_ros2/../MAVLink_ros2/include/mavlink/c_library_v2/common/./mavlink_msg_distance_sensor.h:278:398:\x1b[m\x1b[K \x1b[01;35m\x1b[Kwarning: \x1b[m\x1b[Ktaking address of packed member of \xe2\x80\x98\x1b[01m\x1b[K__mavlink_distance_sensor_t\x1b[m\x1b[K\xe2\x80\x99 may result in an unaligned pointer value [\x1b[01;35m\x1b[K\x1b]8;;https://gcc.gnu.org/onlinedocs/gcc/Warning-Options.html#index-Waddress-of-packed-member\x07-Waddress-of-packed-member\x1b]8;;\x07\x1b[m\x1b[K]\n'}
[2.763355] (mavlink_gui_tester) StderrLine: {'line': b'  278 | distance_sensor->horizontal_fov, distance_sensor->vertical_fov, \x1b[01;35m\x1b[Kdistance_sensor->quaternion\x1b[m\x1b[K, distance_sensor->signal_quality);\n'}
[2.763409] (mavlink_gui_tester) StderrLine: {'line': b'      |                                                                 \x1b[01;35m\x1b[K~~~~~~~~~~~~~~~~~^~~~~~~~~~\x1b[m\x1b[K\n'}
[2.763463] (mavlink_gui_tester) StderrLine: {'line': b'\n'}
[2.763514] (mavlink_gui_tester) StderrLine: {'line': b'\x1b[01m\x1b[K/home/a/ws_moveit2/src/MAVLink/MAVLink_gui_ros2/../MAVLink_ros2/include/mavlink/c_library_v2/common/./mavlink_msg_distance_sensor.h:\x1b[m\x1b[K In function \xe2\x80\x98\x1b[01m\x1b[Kuint16_t mavlink_msg_distance_sensor_encode_status(uint8_t, uint8_t, mavlink_status_t*, mavlink_message_t*, const mavlink_distance_sensor_t*)\x1b[m\x1b[K\xe2\x80\x99:\n'}
[2.763570] (mavlink_gui_tester) StderrLine: {'line': b'\x1b[01m\x1b[K/home/a/ws_moveit2/src/MAVLink/MAVLink_gui_ros2/../MAVLink_ros2/include/mavlink/c_library_v2/common/./mavlink_msg_distance_sensor.h:292:404:\x1b[m\x1b[K \x1b[01;35m\x1b[Kwarning: \x1b[m\x1b[Ktaking address of packed member of \xe2\x80\x98\x1b[01m\x1b[K__mavlink_distance_sensor_t\x1b[m\x1b[K\xe2\x80\x99 may result in an unaligned pointer value [\x1b[01;35m\x1b[K\x1b]8;;https://gcc.gnu.org/onlinedocs/gcc/Warning-Options.html#index-Waddress-of-packed-member\x07-Waddress-of-packed-member\x1b]8;;\x07\x1b[m\x1b[K]\n'}
[2.763629] (mavlink_gui_tester) StderrLine: {'line': b'  292 | distance_sensor->horizontal_fov, distance_sensor->vertical_fov, \x1b[01;35m\x1b[Kdistance_sensor->quaternion\x1b[m\x1b[K, distance_sensor->signal_quality);\n'}
[2.763683] (mavlink_gui_tester) StderrLine: {'line': b'      |                                                                 \x1b[01;35m\x1b[K~~~~~~~~~~~~~~~~~^~~~~~~~~~\x1b[m\x1b[K\n'}
[2.763735] (mavlink_gui_tester) StderrLine: {'line': b'\n'}
[2.772760] (mavlink_gui_tester) StderrLine: {'line': b'In file included from \x1b[01m\x1b[K/home/a/ws_moveit2/src/MAVLink/MAVLink_gui_ros2/../MAVLink_ros2/include/mavlink/c_library_v2/common/common.h:2940\x1b[m\x1b[K,\n'}
[2.772968] (mavlink_gui_tester) StderrLine: {'line': b'                 from \x1b[01m\x1b[K/home/a/ws_moveit2/src/MAVLink/MAVLink_gui_ros2/../MAVLink_ros2/include/mavlink/c_library_v2/common/mavlink.h:32\x1b[m\x1b[K,\n'}
[2.773047] (mavlink_gui_tester) StderrLine: {'line': b'                 from \x1b[01m\x1b[K/home/a/ws_moveit2/src/MAVLink/MAVLink_gui_ros2/include/mavlink_gui_tester/mavlink_gui_widget.hpp:45\x1b[m\x1b[K,\n'}
[2.773116] (mavlink_gui_tester) StderrLine: {'line': b'                 from \x1b[01m\x1b[K/home/a/ws_moveit2/src/MAVLink/MAVLink_gui_ros2/src/mavlink_gui_widget.cpp:1\x1b[m\x1b[K:\n'}
[2.773174] (mavlink_gui_tester) StderrLine: {'line': b'\x1b[01m\x1b[K/home/a/ws_moveit2/src/MAVLink/MAVLink_gui_ros2/../MAVLink_ros2/include/mavlink/c_library_v2/common/./mavlink_msg_home_position.h:\x1b[m\x1b[K In function \xe2\x80\x98\x1b[01m\x1b[Kuint16_t mavlink_msg_home_position_encode(uint8_t, uint8_t, mavlink_message_t*, const mavlink_home_position_t*)\x1b[m\x1b[K\xe2\x80\x99:\n'}
[2.773235] (mavlink_gui_tester) StderrLine: {'line': b'\x1b[01m\x1b[K/home/a/ws_moveit2/src/MAVLink/MAVLink_gui_ros2/../MAVLink_ros2/include/mavlink/c_library_v2/common/./mavlink_msg_home_position.h:268:218:\x1b[m\x1b[K \x1b[01;35m\x1b[Kwarning: \x1b[m\x1b[Ktaking address of packed member of \xe2\x80\x98\x1b[01m\x1b[K__mavlink_home_position_t\x1b[m\x1b[K\xe2\x80\x99 may result in an unaligned pointer value [\x1b[01;35m\x1b[K\x1b]8;;https://gcc.gnu.org/onlinedocs/gcc/Warning-Options.html#index-Waddress-of-packed-member\x07-Waddress-of-packed-member\x1b]8;;\x07\x1b[m\x1b[K]\n'}
[2.773302] (mavlink_gui_tester) StderrLine: {'line': b'  268 |     return mavlink_msg_home_position_pack(system_id, component_id, msg, home_position->latitude, home_position->longitude, home_position->altitude, home_position->x, home_position->y, home_position->z, \x1b[01;35m\x1b[Khome_position->q\x1b[m\x1b[K, home_position->approach_x, home_position->approach_y, home_position->approach_z, home_position->time_usec);\n'}
[2.773359] (mavlink_gui_tester) StderrLine: {'line': b'      |                                                                                                                                                                                                           \x1b[01;35m\x1b[K~~~~~~~~~~~~~~~^\x1b[m\x1b[K\n'}
[2.773414] (mavlink_gui_tester) StderrLine: {'line': b'\x1b[01m\x1b[K/home/a/ws_moveit2/src/MAVLink/MAVLink_gui_ros2/../MAVLink_ros2/include/mavlink/c_library_v2/common/./mavlink_msg_home_position.h:\x1b[m\x1b[K In function \xe2\x80\x98\x1b[01m\x1b[Kuint16_t mavlink_msg_home_position_encode_chan(uint8_t, uint8_t, uint8_t, mavlink_message_t*, const mavlink_home_position_t*)\x1b[m\x1b[K\xe2\x80\x99:\n'}
[2.773469] (mavlink_gui_tester) StderrLine: {'line': b'\x1b[01m\x1b[K/home/a/ws_moveit2/src/MAVLink/MAVLink_gui_ros2/../MAVLink_ros2/include/mavlink/c_library_v2/common/./mavlink_msg_home_position.h:282:229:\x1b[m\x1b[K \x1b[01;35m\x1b[Kwarning: \x1b[m\x1b[Ktaking address of packed member of \xe2\x80\x98\x1b[01m\x1b[K__mavlink_home_position_t\x1b[m\x1b[K\xe2\x80\x99 may result in an unaligned pointer value [\x1b[01;35m\x1b[K\x1b]8;;https://gcc.gnu.org/onlinedocs/gcc/Warning-Options.html#index-Waddress-of-packed-member\x07-Waddress-of-packed-member\x1b]8;;\x07\x1b[m\x1b[K]\n'}
[2.773530] (mavlink_gui_tester) StderrLine: {'line': b'  282 |     return mavlink_msg_home_position_pack_chan(system_id, component_id, chan, msg, home_position->latitude, home_position->longitude, home_position->altitude, home_position->x, home_position->y, home_position->z, \x1b[01;35m\x1b[Khome_position->q\x1b[m\x1b[K, home_position->approach_x, home_position->approach_y, home_position->approach_z, home_position->time_usec);\n'}
[2.773585] (mavlink_gui_tester) StderrLine: {'line': b'      |                                                                                                                                                                                                                      \x1b[01;35m\x1b[K~~~~~~~~~~~~~~~^\x1b[m\x1b[K\n'}
[2.773637] (mavlink_gui_tester) StderrLine: {'line': b'\x1b[01m\x1b[K/home/a/ws_moveit2/src/MAVLink/MAVLink_gui_ros2/../MAVLink_ros2/include/mavlink/c_library_v2/common/./mavlink_msg_home_position.h:\x1b[m\x1b[K In function \xe2\x80\x98\x1b[01m\x1b[Kuint16_t mavlink_msg_home_position_encode_status(uint8_t, uint8_t, mavlink_status_t*, mavlink_message_t*, const mavlink_home_position_t*)\x1b[m\x1b[K\xe2\x80\x99:\n'}
[2.773691] (mavlink_gui_tester) StderrLine: {'line': b'\x1b[01m\x1b[K/home/a/ws_moveit2/src/MAVLink/MAVLink_gui_ros2/../MAVLink_ros2/include/mavlink/c_library_v2/common/./mavlink_msg_home_position.h:296:235:\x1b[m\x1b[K \x1b[01;35m\x1b[Kwarning: \x1b[m\x1b[Ktaking address of packed member of \xe2\x80\x98\x1b[01m\x1b[K__mavlink_home_position_t\x1b[m\x1b[K\xe2\x80\x99 may result in an unaligned pointer value [\x1b[01;35m\x1b[K\x1b]8;;https://gcc.gnu.org/onlinedocs/gcc/Warning-Options.html#index-Waddress-of-packed-member\x07-Waddress-of-packed-member\x1b]8;;\x07\x1b[m\x1b[K]\n'}
[2.773745] (mavlink_gui_tester) StderrLine: {'line': b'  296 |     return mavlink_msg_home_position_pack_status(system_id, component_id, _status, msg,  home_position->latitude, home_position->longitude, home_position->altitude, home_position->x, home_position->y, home_position->z, \x1b[01;35m\x1b[Khome_position->q\x1b[m\x1b[K, home_position->approach_x, home_position->approach_y, home_position->approach_z, home_position->time_usec);\n'}
[2.773805] (mavlink_gui_tester) StderrLine: {'line': b'      |                                                                                                                                                                                                                            \x1b[01;35m\x1b[K~~~~~~~~~~~~~~~^\x1b[m\x1b[K\n'}
[2.774358] (mavlink_gui_tester) StderrLine: {'line': b'In file included from \x1b[01m\x1b[K/home/a/ws_moveit2/src/MAVLink/MAVLink_gui_ros2/../MAVLink_ros2/include/mavlink/c_library_v2/common/common.h:2941\x1b[m\x1b[K,\n'}
[2.774505] (mavlink_gui_tester) StderrLine: {'line': b'                 from \x1b[01m\x1b[K/home/a/ws_moveit2/src/MAVLink/MAVLink_gui_ros2/../MAVLink_ros2/include/mavlink/c_library_v2/common/mavlink.h:32\x1b[m\x1b[K,\n'}
[2.774586] (mavlink_gui_tester) StderrLine: {'line': b'                 from \x1b[01m\x1b[K/home/a/ws_moveit2/src/MAVLink/MAVLink_gui_ros2/include/mavlink_gui_tester/mavlink_gui_widget.hpp:45\x1b[m\x1b[K,\n'}
[2.774656] (mavlink_gui_tester) StderrLine: {'line': b'                 from \x1b[01m\x1b[K/home/a/ws_moveit2/src/MAVLink/MAVLink_gui_ros2/src/mavlink_gui_widget.cpp:1\x1b[m\x1b[K:\n'}
[2.774715] (mavlink_gui_tester) StderrLine: {'line': b'\x1b[01m\x1b[K/home/a/ws_moveit2/src/MAVLink/MAVLink_gui_ros2/../MAVLink_ros2/include/mavlink/c_library_v2/common/./mavlink_msg_set_home_position.h:\x1b[m\x1b[K In function \xe2\x80\x98\x1b[01m\x1b[Kuint16_t mavlink_msg_set_home_position_encode(uint8_t, uint8_t, mavlink_message_t*, const mavlink_set_home_position_t*)\x1b[m\x1b[K\xe2\x80\x99:\n'}
[2.774773] (mavlink_gui_tester) StderrLine: {'line': b'\x1b[01m\x1b[K/home/a/ws_moveit2/src/MAVLink/MAVLink_gui_ros2/../MAVLink_ros2/include/mavlink/c_library_v2/common/./mavlink_msg_set_home_position.h:264:284:\x1b[m\x1b[K \x1b[01;35m\x1b[Kwarning: \x1b[m\x1b[Ktaking address of packed member of \xe2\x80\x98\x1b[01m\x1b[K__mavlink_set_home_position_t\x1b[m\x1b[K\xe2\x80\x99 may result in an unaligned pointer value [\x1b[01;35m\x1b[K\x1b]8;;https://gcc.gnu.org/onlinedocs/gcc/Warning-Options.html#index-Waddress-of-packed-member\x07-Waddress-of-packed-member\x1b]8;;\x07\x1b[m\x1b[K]\n'}
[2.774835] (mavlink_gui_tester) StderrLine: {'line': b'  264 |     return mavlink_msg_set_home_position_pack(system_id, component_id, msg, set_home_position->target_system, set_home_position->latitude, set_home_position->longitude, set_home_position->altitude, set_home_position->x, set_home_position->y, set_home_position->z, \x1b[01;35m\x1b[Kset_home_position->q\x1b[m\x1b[K, set_home_position->approach_x, set_home_position->approach_y, set_home_position->approach_z, set_home_position->time_usec);\n'}
[2.774893] (mavlink_gui_tester) StderrLine: {'line': b'      |                                                                                                                                                                                                                                                                         \x1b[01;35m\x1b[K~~~~~~~~~~~~~~~~~~~^\x1b[m\x1b[K\n'}
[2.775162] (mavlink_gui_tester) StderrLine: {'line': b'\x1b[01m\x1b[K/home/a/ws_moveit2/src/MAVLink/MAVLink_gui_ros2/../MAVLink_ros2/include/mavlink/c_library_v2/common/./mavlink_msg_set_home_position.h:\x1b[m\x1b[K In function \xe2\x80\x98\x1b[01m\x1b[Kuint16_t mavlink_msg_set_home_position_encode_chan(uint8_t, uint8_t, uint8_t, mavlink_message_t*, const mavlink_set_home_position_t*)\x1b[m\x1b[K\xe2\x80\x99:\n'}
[2.775305] (mavlink_gui_tester) StderrLine: {'line': b'\x1b[01m\x1b[K/home/a/ws_moveit2/src/MAVLink/MAVLink_gui_ros2/../MAVLink_ros2/include/mavlink/c_library_v2/common/./mavlink_msg_set_home_position.h:278:295:\x1b[m\x1b[K \x1b[01;35m\x1b[Kwarning: \x1b[m\x1b[Ktaking address of packed member of \xe2\x80\x98\x1b[01m\x1b[K__mavlink_set_home_position_t\x1b[m\x1b[K\xe2\x80\x99 may result in an unaligned pointer value [\x1b[01;35m\x1b[K\x1b]8;;https://gcc.gnu.org/onlinedocs/gcc/Warning-Options.html#index-Waddress-of-packed-member\x07-Waddress-of-packed-member\x1b]8;;\x07\x1b[m\x1b[K]\n'}
[2.775380] (mavlink_gui_tester) StderrLine: {'line': b'  278 |     return mavlink_msg_set_home_position_pack_chan(system_id, component_id, chan, msg, set_home_position->target_system, set_home_position->latitude, set_home_position->longitude, set_home_position->altitude, set_home_position->x, set_home_position->y, set_home_position->z, \x1b[01;35m\x1b[Kset_home_position->q\x1b[m\x1b[K, set_home_position->approach_x, set_home_position->approach_y, set_home_position->approach_z, set_home_position->time_usec);\n'}
[2.775439] (mavlink_gui_tester) StderrLine: {'line': b'      |                                                                                                                                                                                                                                                                                    \x1b[01;35m\x1b[K~~~~~~~~~~~~~~~~~~~^\x1b[m\x1b[K\n'}
[2.775498] (mavlink_gui_tester) StderrLine: {'line': b'\x1b[01m\x1b[K/home/a/ws_moveit2/src/MAVLink/MAVLink_gui_ros2/../MAVLink_ros2/include/mavlink/c_library_v2/common/./mavlink_msg_set_home_position.h:\x1b[m\x1b[K In function \xe2\x80\x98\x1b[01m\x1b[Kuint16_t mavlink_msg_set_home_position_encode_status(uint8_t, uint8_t, mavlink_status_t*, mavlink_message_t*, const mavlink_set_home_position_t*)\x1b[m\x1b[K\xe2\x80\x99:\n'}
[2.775562] (mavlink_gui_tester) StderrLine: {'line': b'\x1b[01m\x1b[K/home/a/ws_moveit2/src/MAVLink/MAVLink_gui_ros2/../MAVLink_ros2/include/mavlink/c_library_v2/common/./mavlink_msg_set_home_position.h:292:301:\x1b[m\x1b[K \x1b[01;35m\x1b[Kwarning: \x1b[m\x1b[Ktaking address of packed member of \xe2\x80\x98\x1b[01m\x1b[K__mavlink_set_home_position_t\x1b[m\x1b[K\xe2\x80\x99 may result in an unaligned pointer value [\x1b[01;35m\x1b[K\x1b]8;;https://gcc.gnu.org/onlinedocs/gcc/Warning-Options.html#index-Waddress-of-packed-member\x07-Waddress-of-packed-member\x1b]8;;\x07\x1b[m\x1b[K]\n'}
[2.775625] (mavlink_gui_tester) StderrLine: {'line': b'  292 |     return mavlink_msg_set_home_position_pack_status(system_id, component_id, _status, msg,  set_home_position->target_system, set_home_position->latitude, set_home_position->longitude, set_home_position->altitude, set_home_position->x, set_home_position->y, set_home_position->z, \x1b[01;35m\x1b[Kset_home_position->q\x1b[m\x1b[K, set_home_position->approach_x, set_home_position->approach_y, set_home_position->approach_z, set_home_position->time_usec);\n'}
[2.775683] (mavlink_gui_tester) StderrLine: {'line': b'      |                                                                                                                                                                                                                                                                                          \x1b[01;35m\x1b[K~~~~~~~~~~~~~~~~~~~^\x1b[m\x1b[K\n'}
[2.777331] (mavlink_gui_tester) StderrLine: {'line': b'In file included from \x1b[01m\x1b[K/home/a/ws_moveit2/src/MAVLink/MAVLink_gui_ros2/../MAVLink_ros2/include/mavlink/c_library_v2/common/common.h:2928\x1b[m\x1b[K,\n'}
[2.777472] (mavlink_gui_tester) StderrLine: {'line': b'                 from \x1b[01m\x1b[K/home/a/ws_moveit2/src/MAVLink/MAVLink_gui_ros2/../MAVLink_ros2/include/mavlink/c_library_v2/common/mavlink.h:32\x1b[m\x1b[K,\n'}
[2.777544] (mavlink_gui_tester) StderrLine: {'line': b'                 from \x1b[01m\x1b[K/home/a/ws_moveit2/src/MAVLink/MAVLink_gui_ros2/include/mavlink_gui_tester/mavlink_gui_widget.hpp:45\x1b[m\x1b[K,\n'}
[2.777607] (mavlink_gui_tester) StderrLine: {'line': b'                 from \x1b[01m\x1b[K/home/a/ws_moveit2/src/MAVLink/MAVLink_gui_ros2/src/main.cpp:3\x1b[m\x1b[K:\n'}
[2.777662] (mavlink_gui_tester) StderrLine: {'line': b'\x1b[01m\x1b[K/home/a/ws_moveit2/src/MAVLink/MAVLink_gui_ros2/../MAVLink_ros2/include/mavlink/c_library_v2/common/./mavlink_msg_battery_status.h:\x1b[m\x1b[K In function \xe2\x80\x98\x1b[01m\x1b[Kuint16_t mavlink_msg_battery_status_encode(uint8_t, uint8_t, mavlink_message_t*, const mavlink_battery_status_t*)\x1b[m\x1b[K\xe2\x80\x99:\n'}
[2.777720] (mavlink_gui_tester) StderrLine: {'line': b'\x1b[01m\x1b[K/home/a/ws_moveit2/src/MAVLink/MAVLink_gui_ros2/../MAVLink_ros2/include/mavlink/c_library_v2/common/./mavlink_msg_battery_status.h:289:195:\x1b[m\x1b[K \x1b[01;35m\x1b[Kwarning: \x1b[m\x1b[Ktaking address of packed member of \xe2\x80\x98\x1b[01m\x1b[K__mavlink_battery_status_t\x1b[m\x1b[K\xe2\x80\x99 may result in an unaligned pointer value [\x1b[01;35m\x1b[K\x1b]8;;https://gcc.gnu.org/onlinedocs/gcc/Warning-Options.html#index-Waddress-of-packed-member\x07-Waddress-of-packed-member\x1b]8;;\x07\x1b[m\x1b[K]\n'}
[2.777777] (mavlink_gui_tester) StderrLine: {'line': b'  289 | ery_function, battery_status->type, battery_status->temperature, \x1b[01;35m\x1b[Kbattery_status->voltages\x1b[m\x1b[K, battery_status->current_battery, battery_status->current_consumed, battery_status->energy_consumed, battery_status->battery_remaining, battery_status->time_remaining, battery_status->charge_state, battery_status->voltages_ext, battery_status->mode, battery_status->fault_bitmask);\n'}
[2.777837] (mavlink_gui_tester) StderrLine: {'line': b'      |                                                                  \x1b[01;35m\x1b[K~~~~~~~~~~~~~~~~^~~~~~~~\x1b[m\x1b[K\n'}
[2.777895] (mavlink_gui_tester) StderrLine: {'line': b'\n'}
[2.777955] (mavlink_gui_tester) StderrLine: {'line': b'\x1b[01m\x1b[K/home/a/ws_moveit2/src/MAVLink/MAVLink_gui_ros2/../MAVLink_ros2/include/mavlink/c_library_v2/common/./mavlink_msg_battery_status.h:289:418:\x1b[m\x1b[K \x1b[01;35m\x1b[Kwarning: \x1b[m\x1b[Ktaking address of packed member of \xe2\x80\x98\x1b[01m\x1b[K__mavlink_battery_status_t\x1b[m\x1b[K\xe2\x80\x99 may result in an unaligned pointer value [\x1b[01;35m\x1b[K\x1b]8;;https://gcc.gnu.org/onlinedocs/gcc/Warning-Options.html#index-Waddress-of-packed-member\x07-Waddress-of-packed-member\x1b]8;;\x07\x1b[m\x1b[K]\n'}
[2.778124] (mavlink_gui_tester) StderrLine: {'line': b'  289 | g, battery_status->time_remaining, battery_status->charge_state, \x1b[01;35m\x1b[Kbattery_status->voltages_ext\x1b[m\x1b[K, battery_status->mode, battery_status->fault_bitmask);\n'}
[2.778189] (mavlink_gui_tester) StderrLine: {'line': b'      |                                                                  \x1b[01;35m\x1b[K~~~~~~~~~~~~~~~~^~~~~~~~~~~~\x1b[m\x1b[K\n'}
[2.778245] (mavlink_gui_tester) StderrLine: {'line': b'\n'}
[2.778300] (mavlink_gui_tester) StderrLine: {'line': b'\x1b[01m\x1b[K/home/a/ws_moveit2/src/MAVLink/MAVLink_gui_ros2/../MAVLink_ros2/include/mavlink/c_library_v2/common/./mavlink_msg_battery_status.h:\x1b[m\x1b[K In function \xe2\x80\x98\x1b[01m\x1b[Kuint16_t mavlink_msg_battery_status_encode_chan(uint8_t, uint8_t, uint8_t, mavlink_message_t*, const mavlink_battery_status_t*)\x1b[m\x1b[K\xe2\x80\x99:\n'}
[2.778578] (mavlink_gui_tester) StderrLine: {'line': b'\x1b[01m\x1b[K/home/a/ws_moveit2/src/MAVLink/MAVLink_gui_ros2/../MAVLink_ros2/include/mavlink/c_library_v2/common/./mavlink_msg_battery_status.h:303:206:\x1b[m\x1b[K \x1b[01;35m\x1b[Kwarning: \x1b[m\x1b[Ktaking address of packed member of \xe2\x80\x98\x1b[01m\x1b[K__mavlink_battery_status_t\x1b[m\x1b[K\xe2\x80\x99 may result in an unaligned pointer value [\x1b[01;35m\x1b[K\x1b]8;;https://gcc.gnu.org/onlinedocs/gcc/Warning-Options.html#index-Waddress-of-packed-member\x07-Waddress-of-packed-member\x1b]8;;\x07\x1b[m\x1b[K]\n'}
[2.778687] (mavlink_gui_tester) StderrLine: {'line': b'  303 | ery_function, battery_status->type, battery_status->temperature, \x1b[01;35m\x1b[Kbattery_status->voltages\x1b[m\x1b[K, battery_status->current_battery, battery_status->current_consumed, battery_status->energy_consumed, battery_status->battery_remaining, battery_status->time_remaining, battery_status->charge_state, battery_status->voltages_ext, battery_status->mode, battery_status->fault_bitmask);\n'}
[2.778756] (mavlink_gui_tester) StderrLine: {'line': b'      |                                                                  \x1b[01;35m\x1b[K~~~~~~~~~~~~~~~~^~~~~~~~\x1b[m\x1b[K\n'}
[2.778815] (mavlink_gui_tester) StderrLine: {'line': b'\n'}
[2.778869] (mavlink_gui_tester) StderrLine: {'line': b'\x1b[01m\x1b[K/home/a/ws_moveit2/src/MAVLink/MAVLink_gui_ros2/../MAVLink_ros2/include/mavlink/c_library_v2/common/./mavlink_msg_battery_status.h:303:429:\x1b[m\x1b[K \x1b[01;35m\x1b[Kwarning: \x1b[m\x1b[Ktaking address of packed member of \xe2\x80\x98\x1b[01m\x1b[K__mavlink_battery_status_t\x1b[m\x1b[K\xe2\x80\x99 may result in an unaligned pointer value [\x1b[01;35m\x1b[K\x1b]8;;https://gcc.gnu.org/onlinedocs/gcc/Warning-Options.html#index-Waddress-of-packed-member\x07-Waddress-of-packed-member\x1b]8;;\x07\x1b[m\x1b[K]\n'}
[2.778928] (mavlink_gui_tester) StderrLine: {'line': b'  303 | g, battery_status->time_remaining, battery_status->charge_state, \x1b[01;35m\x1b[Kbattery_status->voltages_ext\x1b[m\x1b[K, battery_status->mode, battery_status->fault_bitmask);\n'}
[2.778983] (mavlink_gui_tester) StderrLine: {'line': b'      |                                                                  \x1b[01;35m\x1b[K~~~~~~~~~~~~~~~~^~~~~~~~~~~~\x1b[m\x1b[K\n'}
[2.779034] (mavlink_gui_tester) StderrLine: {'line': b'\n'}
[2.779085] (mavlink_gui_tester) StderrLine: {'line': b'\x1b[01m\x1b[K/home/a/ws_moveit2/src/MAVLink/MAVLink_gui_ros2/../MAVLink_ros2/include/mavlink/c_library_v2/common/./mavlink_msg_battery_status.h:\x1b[m\x1b[K In function \xe2\x80\x98\x1b[01m\x1b[Kuint16_t mavlink_msg_battery_status_encode_status(uint8_t, uint8_t, mavlink_status_t*, mavlink_message_t*, const mavlink_battery_status_t*)\x1b[m\x1b[K\xe2\x80\x99:\n'}
[2.779156] (mavlink_gui_tester) StderrLine: {'line': b'\x1b[01m\x1b[K/home/a/ws_moveit2/src/MAVLink/MAVLink_gui_ros2/../MAVLink_ros2/include/mavlink/c_library_v2/common/./mavlink_msg_battery_status.h:317:212:\x1b[m\x1b[K \x1b[01;35m\x1b[Kwarning: \x1b[m\x1b[Ktaking address of packed member of \xe2\x80\x98\x1b[01m\x1b[K__mavlink_battery_status_t\x1b[m\x1b[K\xe2\x80\x99 may result in an unaligned pointer value [\x1b[01;35m\x1b[K\x1b]8;;https://gcc.gnu.org/onlinedocs/gcc/Warning-Options.html#index-Waddress-of-packed-member\x07-Waddress-of-packed-member\x1b]8;;\x07\x1b[m\x1b[K]\n'}
[2.779215] (mavlink_gui_tester) StderrLine: {'line': b'  317 | ery_function, battery_status->type, battery_status->temperature, \x1b[01;35m\x1b[Kbattery_status->voltages\x1b[m\x1b[K, battery_status->current_battery, battery_status->current_consumed, battery_status->energy_consumed, battery_status->battery_remaining, battery_status->time_remaining, battery_status->charge_state, battery_status->voltages_ext, battery_status->mode, battery_status->fault_bitmask);\n'}
[2.779274] (mavlink_gui_tester) StderrLine: {'line': b'      |                                                                  \x1b[01;35m\x1b[K~~~~~~~~~~~~~~~~^~~~~~~~\x1b[m\x1b[K\n'}
[2.779332] (mavlink_gui_tester) StderrLine: {'line': b'\n'}
[2.779388] (mavlink_gui_tester) StderrLine: {'line': b'\x1b[01m\x1b[K/home/a/ws_moveit2/src/MAVLink/MAVLink_gui_ros2/../MAVLink_ros2/include/mavlink/c_library_v2/common/./mavlink_msg_battery_status.h:317:435:\x1b[m\x1b[K \x1b[01;35m\x1b[Kwarning: \x1b[m\x1b[Ktaking address of packed member of \xe2\x80\x98\x1b[01m\x1b[K__mavlink_battery_status_t\x1b[m\x1b[K\xe2\x80\x99 may result in an unaligned pointer value [\x1b[01;35m\x1b[K\x1b]8;;https://gcc.gnu.org/onlinedocs/gcc/Warning-Options.html#index-Waddress-of-packed-member\x07-Waddress-of-packed-member\x1b]8;;\x07\x1b[m\x1b[K]\n'}
[2.779448] (mavlink_gui_tester) StderrLine: {'line': b'  317 | g, battery_status->time_remaining, battery_status->charge_state, \x1b[01;35m\x1b[Kbattery_status->voltages_ext\x1b[m\x1b[K, battery_status->mode, battery_status->fault_bitmask);\n'}
[2.779504] (mavlink_gui_tester) StderrLine: {'line': b'      |                                                                  \x1b[01;35m\x1b[K~~~~~~~~~~~~~~~~^~~~~~~~~~~~\x1b[m\x1b[K\n'}
[2.779565] (mavlink_gui_tester) StderrLine: {'line': b'\n'}
[2.779709] (mavlink_gui_tester) StderrLine: {'line': b'In file included from \x1b[01m\x1b[K/home/a/ws_moveit2/src/MAVLink/MAVLink_gui_ros2/../MAVLink_ros2/include/mavlink/c_library_v2/common/common.h:2929\x1b[m\x1b[K,\n'}
[2.779793] (mavlink_gui_tester) StderrLine: {'line': b'                 from \x1b[01m\x1b[K/home/a/ws_moveit2/src/MAVLink/MAVLink_gui_ros2/../MAVLink_ros2/include/mavlink/c_library_v2/common/mavlink.h:32\x1b[m\x1b[K,\n'}
[2.779918] (mavlink_gui_tester) StderrLine: {'line': b'                 from \x1b[01m\x1b[K/home/a/ws_moveit2/src/MAVLink/MAVLink_gui_ros2/include/mavlink_gui_tester/mavlink_gui_widget.hpp:45\x1b[m\x1b[K,\n'}
[2.779972] (mavlink_gui_tester) StderrLine: {'line': b'                 from \x1b[01m\x1b[K/home/a/ws_moveit2/src/MAVLink/MAVLink_gui_ros2/src/main.cpp:3\x1b[m\x1b[K:\n'}
[2.780029] (mavlink_gui_tester) StderrLine: {'line': b'\x1b[01m\x1b[K/home/a/ws_moveit2/src/MAVLink/MAVLink_gui_ros2/../MAVLink_ros2/include/mavlink/c_library_v2/common/./mavlink_msg_landing_target.h:\x1b[m\x1b[K In function \xe2\x80\x98\x1b[01m\x1b[Kuint16_t mavlink_msg_landing_target_encode(uint8_t, uint8_t, mavlink_message_t*, const mavlink_landing_target_t*)\x1b[m\x1b[K\xe2\x80\x99:\n'}
[2.780084] (mavlink_gui_tester) StderrLine: {'line': b'\x1b[01m\x1b[K/home/a/ws_moveit2/src/MAVLink/MAVLink_gui_ros2/../MAVLink_ros2/include/mavlink/c_library_v2/common/./mavlink_msg_landing_target.h:288:349:\x1b[m\x1b[K \x1b[01;35m\x1b[Kwarning: \x1b[m\x1b[Ktaking address of packed member of \xe2\x80\x98\x1b[01m\x1b[K__mavlink_landing_target_t\x1b[m\x1b[K\xe2\x80\x99 may result in an unaligned pointer value [\x1b[01;35m\x1b[K\x1b]8;;https://gcc.gnu.org/onlinedocs/gcc/Warning-Options.html#index-Waddress-of-packed-member\x07-Waddress-of-packed-member\x1b]8;;\x07\x1b[m\x1b[K]\n'}
[2.780158] (mavlink_gui_tester) StderrLine: {'line': b'  288 | size_y, landing_target->x, landing_target->y, landing_target->z, \x1b[01;35m\x1b[Klanding_target->q\x1b[m\x1b[K, landing_target->type, landing_target->position_valid);\n'}
[2.780215] (mavlink_gui_tester) StderrLine: {'line': b'      |                                                                  \x1b[01;35m\x1b[K~~~~~~~~~~~~~~~~^\x1b[m\x1b[K\n'}
[2.780265] (mavlink_gui_tester) StderrLine: {'line': b'\n'}
[2.780316] (mavlink_gui_tester) StderrLine: {'line': b'\x1b[01m\x1b[K/home/a/ws_moveit2/src/MAVLink/MAVLink_gui_ros2/../MAVLink_ros2/include/mavlink/c_library_v2/common/./mavlink_msg_landing_target.h:\x1b[m\x1b[K In function \xe2\x80\x98\x1b[01m\x1b[Kuint16_t mavlink_msg_landing_target_encode_chan(uint8_t, uint8_t, uint8_t, mavlink_message_t*, const mavlink_landing_target_t*)\x1b[m\x1b[K\xe2\x80\x99:\n'}
[2.780370] (mavlink_gui_tester) StderrLine: {'line': b'\x1b[01m\x1b[K/home/a/ws_moveit2/src/MAVLink/MAVLink_gui_ros2/../MAVLink_ros2/include/mavlink/c_library_v2/common/./mavlink_msg_landing_target.h:302:360:\x1b[m\x1b[K \x1b[01;35m\x1b[Kwarning: \x1b[m\x1b[Ktaking address of packed member of \xe2\x80\x98\x1b[01m\x1b[K__mavlink_landing_target_t\x1b[m\x1b[K\xe2\x80\x99 may result in an unaligned pointer value [\x1b[01;35m\x1b[K\x1b]8;;https://gcc.gnu.org/onlinedocs/gcc/Warning-Options.html#index-Waddress-of-packed-member\x07-Waddress-of-packed-member\x1b]8;;\x07\x1b[m\x1b[K]\n'}
[2.780425] (mavlink_gui_tester) StderrLine: {'line': b'  302 | size_y, landing_target->x, landing_target->y, landing_target->z, \x1b[01;35m\x1b[Klanding_target->q\x1b[m\x1b[K, landing_target->type, landing_target->position_valid);\n'}
[2.780477] (mavlink_gui_tester) StderrLine: {'line': b'      |                                                                  \x1b[01;35m\x1b[K~~~~~~~~~~~~~~~~^\x1b[m\x1b[K\n'}
[2.780530] (mavlink_gui_tester) StderrLine: {'line': b'\n'}
[2.780580] (mavlink_gui_tester) StderrLine: {'line': b'\x1b[01m\x1b[K/home/a/ws_moveit2/src/MAVLink/MAVLink_gui_ros2/../MAVLink_ros2/include/mavlink/c_library_v2/common/./mavlink_msg_landing_target.h:\x1b[m\x1b[K In function \xe2\x80\x98\x1b[01m\x1b[Kuint16_t mavlink_msg_landing_target_encode_status(uint8_t, uint8_t, mavlink_status_t*, mavlink_message_t*, const mavlink_landing_target_t*)\x1b[m\x1b[K\xe2\x80\x99:\n'}
[2.780632] (mavlink_gui_tester) StderrLine: {'line': b'\x1b[01m\x1b[K/home/a/ws_moveit2/src/MAVLink/MAVLink_gui_ros2/../MAVLink_ros2/include/mavlink/c_library_v2/common/./mavlink_msg_landing_target.h:316:366:\x1b[m\x1b[K \x1b[01;35m\x1b[Kwarning: \x1b[m\x1b[Ktaking address of packed member of \xe2\x80\x98\x1b[01m\x1b[K__mavlink_landing_target_t\x1b[m\x1b[K\xe2\x80\x99 may result in an unaligned pointer value [\x1b[01;35m\x1b[K\x1b]8;;https://gcc.gnu.org/onlinedocs/gcc/Warning-Options.html#index-Waddress-of-packed-member\x07-Waddress-of-packed-member\x1b]8;;\x07\x1b[m\x1b[K]\n'}
[2.780686] (mavlink_gui_tester) StderrLine: {'line': b'  316 | size_y, landing_target->x, landing_target->y, landing_target->z, \x1b[01;35m\x1b[Klanding_target->q\x1b[m\x1b[K, landing_target->type, landing_target->position_valid);\n'}
[2.780737] (mavlink_gui_tester) StderrLine: {'line': b'      |                                                                  \x1b[01;35m\x1b[K~~~~~~~~~~~~~~~~^\x1b[m\x1b[K\n'}
[2.780788] (mavlink_gui_tester) StderrLine: {'line': b'\n'}
[2.798533] (mavlink_gui_tester) StderrLine: {'line': b'In file included from \x1b[01m\x1b[K/home/a/ws_moveit2/src/MAVLink/MAVLink_gui_ros2/../MAVLink_ros2/include/mavlink/c_library_v2/common/common.h:2978\x1b[m\x1b[K,\n'}
[2.798706] (mavlink_gui_tester) StderrLine: {'line': b'                 from \x1b[01m\x1b[K/home/a/ws_moveit2/src/MAVLink/MAVLink_gui_ros2/../MAVLink_ros2/include/mavlink/c_library_v2/common/mavlink.h:32\x1b[m\x1b[K,\n'}
[2.798783] (mavlink_gui_tester) StderrLine: {'line': b'                 from \x1b[01m\x1b[K/home/a/ws_moveit2/build/mavlink_gui_tester/include/mavlink_gui_tester/../../../../src/MAVLink/MAVLink_gui_ros2/include/mavlink_gui_tester/mavlink_gui_widget.hpp:45\x1b[m\x1b[K,\n'}
[2.798846] (mavlink_gui_tester) StderrLine: {'line': b'                 from \x1b[01m\x1b[K/home/a/ws_moveit2/build/mavlink_gui_tester/include/mavlink_gui_tester/moc_mavlink_gui_widget.cpp:10\x1b[m\x1b[K:\n'}
[2.799026] (mavlink_gui_tester) StderrLine: {'line': b'\x1b[01m\x1b[K/home/a/ws_moveit2/src/MAVLink/MAVLink_gui_ros2/../MAVLink_ros2/include/mavlink/c_library_v2/common/./mavlink_msg_autopilot_state_for_gimbal_device.h:\x1b[m\x1b[K In function \xe2\x80\x98\x1b[01m\x1b[Kuint16_t mavlink_msg_autopilot_state_for_gimbal_device_encode(uint8_t, uint8_t, mavlink_message_t*, const mavlink_autopilot_state_for_gimbal_device_t*)\x1b[m\x1b[K\xe2\x80\x99:\n'}
[2.799395] (mavlink_gui_tester) StderrLine: {'line': b'\x1b[01m\x1b[K/home/a/ws_moveit2/src/MAVLink/MAVLink_gui_ros2/../MAVLink_ros2/include/mavlink/c_library_v2/common/./mavlink_msg_autopilot_state_for_gimbal_device.h:276:280:\x1b[m\x1b[K \x1b[01;35m\x1b[Kwarning: \x1b[m\x1b[Ktaking address of packed member of \xe2\x80\x98\x1b[01m\x1b[K__mavlink_autopilot_state_for_gimbal_device_t\x1b[m\x1b[K\xe2\x80\x99 may result in an unaligned pointer value [\x1b[01;35m\x1b[K\x1b]8;;https://gcc.gnu.org/onlinedocs/gcc/Warning-Options.html#index-Waddress-of-packed-member\x07-Waddress-of-packed-member\x1b]8;;\x07\x1b[m\x1b[K]\n'}
[2.799747] (mavlink_gui_tester) StderrLine: {'line': b'  276 |     return mavlink_msg_autopilot_state_for_gimbal_device_pack(system_id, component_id, msg, autopilot_state_for_gimbal_device->target_system, autopilot_state_for_gimbal_device->target_component, autopilot_state_for_gimbal_device->time_boot_us, \x1b[01;35m\x1b[Kautopilot_state_for_gimbal_device->q\x1b[m\x1b[K, autopilot_state_for_gimbal_device->q_estimated_delay_us, autopilot_state_for_gimbal_device->vx, autopilot_state_for_gimbal_device->vy, autopilot_state_for_gimbal_device->vz, autopilot_state_for_gimbal_device->v_estimated_delay_us, autopilot_state_for_gimbal_device->feed_forward_angular_velocity_z, autopilot_state_for_gimbal_device->estimator_status, autopilot_state_for_gimbal_device->landed_state, autopilot_state_for_gimbal_device->angular_velocity_z);\n'}
[2.799844] (mavlink_gui_tester) StderrLine: {'line': b'      |                                                                                                                                                                                                                                                     \x1b[01;35m\x1b[K~~~~~~~~~~~~~~~~~~~~~~~~~~~~~~~~~~~^\x1b[m\x1b[K\n'}
[2.799908] (mavlink_gui_tester) StderrLine: {'line': b'In file included from \x1b[01m\x1b[K/home/a/ws_moveit2/src/MAVLink/MAVLink_gui_ros2/../MAVLink_ros2/include/mavlink/c_library_v2/common/common.h:2978\x1b[m\x1b[K,\n'}
[2.799966] (mavlink_gui_tester) StderrLine: {'line': b'                 from \x1b[01m\x1b[K/home/a/ws_moveit2/src/MAVLink/MAVLink_gui_ros2/../MAVLink_ros2/include/mavlink/c_library_v2/common/mavlink.h:32\x1b[m\x1b[K,\n'}
[2.800020] (mavlink_gui_tester) StderrLine: {'line': b'                 from \x1b[01m\x1b[K/home/a/ws_moveit2/build/mavlink_gui_tester/include/mavlink_gui_tester/../../../../src/MAVLink/MAVLink_gui_ros2/include/mavlink_gui_tester/mavlink_gui_widget.hpp:45\x1b[m\x1b[K,\n'}
[2.800077] (mavlink_gui_tester) StderrLine: {'line': b'                 from \x1b[01m\x1b[K/home/a/ws_moveit2/build/mavlink_gui_tester/include/mavlink_gui_tester/moc_mavlink_gui_widget.cpp:10\x1b[m\x1b[K:\n'}
[2.800148] (mavlink_gui_tester) StderrLine: {'line': b'\x1b[01m\x1b[K/home/a/ws_moveit2/src/MAVLink/MAVLink_gui_ros2/../MAVLink_ros2/include/mavlink/c_library_v2/common/./mavlink_msg_autopilot_state_for_gimbal_device.h:\x1b[m\x1b[K In function \xe2\x80\x98\x1b[01m\x1b[Kuint16_t mavlink_msg_autopilot_state_for_gimbal_device_encode_chan(uint8_t, uint8_t, uint8_t, mavlink_message_t*, const mavlink_autopilot_state_for_gimbal_device_t*)\x1b[m\x1b[K\xe2\x80\x99:\n'}
[2.800206] (mavlink_gui_tester) StderrLine: {'line': b'\x1b[01m\x1b[K/home/a/ws_moveit2/src/MAVLink/MAVLink_gui_ros2/../MAVLink_ros2/include/mavlink/c_library_v2/common/./mavlink_msg_autopilot_state_for_gimbal_device.h:290:291:\x1b[m\x1b[K \x1b[01;35m\x1b[Kwarning: \x1b[m\x1b[Ktaking address of packed member of \xe2\x80\x98\x1b[01m\x1b[K__mavlink_autopilot_state_for_gimbal_device_t\x1b[m\x1b[K\xe2\x80\x99 may result in an unaligned pointer value [\x1b[01;35m\x1b[K\x1b]8;;https://gcc.gnu.org/onlinedocs/gcc/Warning-Options.html#index-Waddress-of-packed-member\x07-Waddress-of-packed-member\x1b]8;;\x07\x1b[m\x1b[K]\n'}
[2.800273] (mavlink_gui_tester) StderrLine: {'line': b'  290 |     return mavlink_msg_autopilot_state_for_gimbal_device_pack_chan(system_id, component_id, chan, msg, autopilot_state_for_gimbal_device->target_system, autopilot_state_for_gimbal_device->target_component, autopilot_state_for_gimbal_device->time_boot_us, \x1b[01;35m\x1b[Kautopilot_state_for_gimbal_device->q\x1b[m\x1b[K, autopilot_state_for_gimbal_device->q_estimated_delay_us, autopilot_state_for_gimbal_device->vx, autopilot_state_for_gimbal_device->vy, autopilot_state_for_gimbal_device->vz, autopilot_state_for_gimbal_device->v_estimated_delay_us, autopilot_state_for_gimbal_device->feed_forward_angular_velocity_z, autopilot_state_for_gimbal_device->estimator_status, autopilot_state_for_gimbal_device->landed_state, autopilot_state_for_gimbal_device->angular_velocity_z);\n'}
[2.800333] (mavlink_gui_tester) StderrLine: {'line': b'      |                                                                                                                                                                                                                                                                \x1b[01;35m\x1b[K~~~~~~~~~~~~~~~~~~~~~~~~~~~~~~~~~~~^\x1b[m\x1b[K\n'}
[2.800390] (mavlink_gui_tester) StderrLine: {'line': b'In file included from \x1b[01m\x1b[K/home/a/ws_moveit2/src/MAVLink/MAVLink_gui_ros2/../MAVLink_ros2/include/mavlink/c_library_v2/common/common.h:2978\x1b[m\x1b[K,\n'}
[2.800444] (mavlink_gui_tester) StderrLine: {'line': b'                 from \x1b[01m\x1b[K/home/a/ws_moveit2/src/MAVLink/MAVLink_gui_ros2/../MAVLink_ros2/include/mavlink/c_library_v2/common/mavlink.h:32\x1b[m\x1b[K,\n'}
[2.800500] (mavlink_gui_tester) StderrLine: {'line': b'                 from \x1b[01m\x1b[K/home/a/ws_moveit2/build/mavlink_gui_tester/include/mavlink_gui_tester/../../../../src/MAVLink/MAVLink_gui_ros2/include/mavlink_gui_tester/mavlink_gui_widget.hpp:45\x1b[m\x1b[K,\n'}
[2.800562] (mavlink_gui_tester) StderrLine: {'line': b'                 from \x1b[01m\x1b[K/home/a/ws_moveit2/build/mavlink_gui_tester/include/mavlink_gui_tester/moc_mavlink_gui_widget.cpp:10\x1b[m\x1b[K:\n'}
[2.800618] (mavlink_gui_tester) StderrLine: {'line': b'\x1b[01m\x1b[K/home/a/ws_moveit2/src/MAVLink/MAVLink_gui_ros2/../MAVLink_ros2/include/mavlink/c_library_v2/common/./mavlink_msg_autopilot_state_for_gimbal_device.h:\x1b[m\x1b[K In function \xe2\x80\x98\x1b[01m\x1b[Kuint16_t mavlink_msg_autopilot_state_for_gimbal_device_encode_status(uint8_t, uint8_t, mavlink_status_t*, mavlink_message_t*, const mavlink_autopilot_state_for_gimbal_device_t*)\x1b[m\x1b[K\xe2\x80\x99:\n'}
[2.800685] (mavlink_gui_tester) StderrLine: {'line': b'\x1b[01m\x1b[K/home/a/ws_moveit2/src/MAVLink/MAVLink_gui_ros2/../MAVLink_ros2/include/mavlink/c_library_v2/common/./mavlink_msg_autopilot_state_for_gimbal_device.h:304:297:\x1b[m\x1b[K \x1b[01;35m\x1b[Kwarning: \x1b[m\x1b[Ktaking address of packed member of \xe2\x80\x98\x1b[01m\x1b[K__mavlink_autopilot_state_for_gimbal_device_t\x1b[m\x1b[K\xe2\x80\x99 may result in an unaligned pointer value [\x1b[01;35m\x1b[K\x1b]8;;https://gcc.gnu.org/onlinedocs/gcc/Warning-Options.html#index-Waddress-of-packed-member\x07-Waddress-of-packed-member\x1b]8;;\x07\x1b[m\x1b[K]\n'}
[2.800751] (mavlink_gui_tester) StderrLine: {'line': b'  304 |     return mavlink_msg_autopilot_state_for_gimbal_device_pack_status(system_id, component_id, _status, msg,  autopilot_state_for_gimbal_device->target_system, autopilot_state_for_gimbal_device->target_component, autopilot_state_for_gimbal_device->time_boot_us, \x1b[01;35m\x1b[Kautopilot_state_for_gimbal_device->q\x1b[m\x1b[K, autopilot_state_for_gimbal_device->q_estimated_delay_us, autopilot_state_for_gimbal_device->vx, autopilot_state_for_gimbal_device->vy, autopilot_state_for_gimbal_device->vz, autopilot_state_for_gimbal_device->v_estimated_delay_us, autopilot_state_for_gimbal_device->feed_forward_angular_velocity_z, autopilot_state_for_gimbal_device->estimator_status, autopilot_state_for_gimbal_device->landed_state, autopilot_state_for_gimbal_device->angular_velocity_z);\n'}
[2.800820] (mavlink_gui_tester) StderrLine: {'line': b'      |                                                                                                                                                                                                                                                                      \x1b[01;35m\x1b[K~~~~~~~~~~~~~~~~~~~~~~~~~~~~~~~~~~~^\x1b[m\x1b[K\n'}
[2.800883] (mavlink_gui_tester) StderrLine: {'line': b'In file included from \x1b[01m\x1b[K/home/a/ws_moveit2/src/MAVLink/MAVLink_gui_ros2/../MAVLink_ros2/include/mavlink/c_library_v2/common/common.h:2940\x1b[m\x1b[K,\n'}
[2.800945] (mavlink_gui_tester) StderrLine: {'line': b'                 from \x1b[01m\x1b[K/home/a/ws_moveit2/src/MAVLink/MAVLink_gui_ros2/../MAVLink_ros2/include/mavlink/c_library_v2/common/mavlink.h:32\x1b[m\x1b[K,\n'}
[2.801007] (mavlink_gui_tester) StderrLine: {'line': b'                 from \x1b[01m\x1b[K/home/a/ws_moveit2/src/MAVLink/MAVLink_gui_ros2/include/mavlink_gui_tester/mavlink_gui_widget.hpp:45\x1b[m\x1b[K,\n'}
[2.801070] (mavlink_gui_tester) StderrLine: {'line': b'                 from \x1b[01m\x1b[K/home/a/ws_moveit2/src/MAVLink/MAVLink_gui_ros2/src/main.cpp:3\x1b[m\x1b[K:\n'}
[2.801142] (mavlink_gui_tester) StderrLine: {'line': b'\x1b[01m\x1b[K/home/a/ws_moveit2/src/MAVLink/MAVLink_gui_ros2/../MAVLink_ros2/include/mavlink/c_library_v2/common/./mavlink_msg_home_position.h:\x1b[m\x1b[K In function \xe2\x80\x98\x1b[01m\x1b[Kuint16_t mavlink_msg_home_position_encode(uint8_t, uint8_t, mavlink_message_t*, const mavlink_home_position_t*)\x1b[m\x1b[K\xe2\x80\x99:\n'}
[2.801206] (mavlink_gui_tester) StderrLine: {'line': b'\x1b[01m\x1b[K/home/a/ws_moveit2/src/MAVLink/MAVLink_gui_ros2/../MAVLink_ros2/include/mavlink/c_library_v2/common/./mavlink_msg_home_position.h:268:218:\x1b[m\x1b[K \x1b[01;35m\x1b[Kwarning: \x1b[m\x1b[Ktaking address of packed member of \xe2\x80\x98\x1b[01m\x1b[K__mavlink_home_position_t\x1b[m\x1b[K\xe2\x80\x99 may result in an unaligned pointer value [\x1b[01;35m\x1b[K\x1b]8;;https://gcc.gnu.org/onlinedocs/gcc/Warning-Options.html#index-Waddress-of-packed-member\x07-Waddress-of-packed-member\x1b]8;;\x07\x1b[m\x1b[K]\n'}
[2.801278] (mavlink_gui_tester) StderrLine: {'line': b'  268 | ->altitude, home_position->x, home_position->y, home_position->z, \x1b[01;35m\x1b[Khome_position->q\x1b[m\x1b[K, home_position->approach_x, home_position->approach_y, home_position->approach_z, home_position->time_usec);\n'}
[2.801341] (mavlink_gui_tester) StderrLine: {'line': b'      |                                                                   \x1b[01;35m\x1b[K~~~~~~~~~~~~~~~^\x1b[m\x1b[K\n'}
[2.801404] (mavlink_gui_tester) StderrLine: {'line': b'\n'}
[2.801467] (mavlink_gui_tester) StderrLine: {'line': b'\x1b[01m\x1b[K/home/a/ws_moveit2/src/MAVLink/MAVLink_gui_ros2/../MAVLink_ros2/include/mavlink/c_library_v2/common/./mavlink_msg_home_position.h:\x1b[m\x1b[K In function \xe2\x80\x98\x1b[01m\x1b[Kuint16_t mavlink_msg_home_position_encode_chan(uint8_t, uint8_t, uint8_t, mavlink_message_t*, const mavlink_home_position_t*)\x1b[m\x1b[K\xe2\x80\x99:\n'}
[2.801535] (mavlink_gui_tester) StderrLine: {'line': b'\x1b[01m\x1b[K/home/a/ws_moveit2/src/MAVLink/MAVLink_gui_ros2/../MAVLink_ros2/include/mavlink/c_library_v2/common/./mavlink_msg_home_position.h:282:229:\x1b[m\x1b[K \x1b[01;35m\x1b[Kwarning: \x1b[m\x1b[Ktaking address of packed member of \xe2\x80\x98\x1b[01m\x1b[K__mavlink_home_position_t\x1b[m\x1b[K\xe2\x80\x99 may result in an unaligned pointer value [\x1b[01;35m\x1b[K\x1b]8;;https://gcc.gnu.org/onlinedocs/gcc/Warning-Options.html#index-Waddress-of-packed-member\x07-Waddress-of-packed-member\x1b]8;;\x07\x1b[m\x1b[K]\n'}
[2.801601] (mavlink_gui_tester) StderrLine: {'line': b'  282 | ->altitude, home_position->x, home_position->y, home_position->z, \x1b[01;35m\x1b[Khome_position->q\x1b[m\x1b[K, home_position->approach_x, home_position->approach_y, home_position->approach_z, home_position->time_usec);\n'}
[2.801666] (mavlink_gui_tester) StderrLine: {'line': b'      |                                                                   \x1b[01;35m\x1b[K~~~~~~~~~~~~~~~^\x1b[m\x1b[K\n'}
[2.801729] (mavlink_gui_tester) StderrLine: {'line': b'\n'}
[2.801791] (mavlink_gui_tester) StderrLine: {'line': b'\x1b[01m\x1b[K/home/a/ws_moveit2/src/MAVLink/MAVLink_gui_ros2/../MAVLink_ros2/include/mavlink/c_library_v2/common/./mavlink_msg_home_position.h:\x1b[m\x1b[K In function \xe2\x80\x98\x1b[01m\x1b[Kuint16_t mavlink_msg_home_position_encode_status(uint8_t, uint8_t, mavlink_status_t*, mavlink_message_t*, const mavlink_home_position_t*)\x1b[m\x1b[K\xe2\x80\x99:\n'}
[2.801857] (mavlink_gui_tester) StderrLine: {'line': b'\x1b[01m\x1b[K/home/a/ws_moveit2/src/MAVLink/MAVLink_gui_ros2/../MAVLink_ros2/include/mavlink/c_library_v2/common/./mavlink_msg_home_position.h:296:235:\x1b[m\x1b[K \x1b[01;35m\x1b[Kwarning: \x1b[m\x1b[Ktaking address of packed member of \xe2\x80\x98\x1b[01m\x1b[K__mavlink_home_position_t\x1b[m\x1b[K\xe2\x80\x99 may result in an unaligned pointer value [\x1b[01;35m\x1b[K\x1b]8;;https://gcc.gnu.org/onlinedocs/gcc/Warning-Options.html#index-Waddress-of-packed-member\x07-Waddress-of-packed-member\x1b]8;;\x07\x1b[m\x1b[K]\n'}
[2.801921] (mavlink_gui_tester) StderrLine: {'line': b'  296 | ->altitude, home_position->x, home_position->y, home_position->z, \x1b[01;35m\x1b[Khome_position->q\x1b[m\x1b[K, home_position->approach_x, home_position->approach_y, home_position->approach_z, home_position->time_usec);\n'}
[2.801982] (mavlink_gui_tester) StderrLine: {'line': b'      |                                                                   \x1b[01;35m\x1b[K~~~~~~~~~~~~~~~^\x1b[m\x1b[K\n'}
[2.802040] (mavlink_gui_tester) StderrLine: {'line': b'\n'}
[2.802326] (mavlink_gui_tester) StderrLine: {'line': b'In file included from \x1b[01m\x1b[K/home/a/ws_moveit2/src/MAVLink/MAVLink_gui_ros2/../MAVLink_ros2/include/mavlink/c_library_v2/common/common.h:2941\x1b[m\x1b[K,\n'}
[2.802485] (mavlink_gui_tester) StderrLine: {'line': b'                 from \x1b[01m\x1b[K/home/a/ws_moveit2/src/MAVLink/MAVLink_gui_ros2/../MAVLink_ros2/include/mavlink/c_library_v2/common/mavlink.h:32\x1b[m\x1b[K,\n'}
[2.802558] (mavlink_gui_tester) StderrLine: {'line': b'                 from \x1b[01m\x1b[K/home/a/ws_moveit2/src/MAVLink/MAVLink_gui_ros2/include/mavlink_gui_tester/mavlink_gui_widget.hpp:45\x1b[m\x1b[K,\n'}
[2.802620] (mavlink_gui_tester) StderrLine: {'line': b'                 from \x1b[01m\x1b[K/home/a/ws_moveit2/src/MAVLink/MAVLink_gui_ros2/src/main.cpp:3\x1b[m\x1b[K:\n'}
[2.802677] (mavlink_gui_tester) StderrLine: {'line': b'\x1b[01m\x1b[K/home/a/ws_moveit2/src/MAVLink/MAVLink_gui_ros2/../MAVLink_ros2/include/mavlink/c_library_v2/common/./mavlink_msg_set_home_position.h:\x1b[m\x1b[K In function \xe2\x80\x98\x1b[01m\x1b[Kuint16_t mavlink_msg_set_home_position_encode(uint8_t, uint8_t, mavlink_message_t*, const mavlink_set_home_position_t*)\x1b[m\x1b[K\xe2\x80\x99:\n'}
[2.802737] (mavlink_gui_tester) StderrLine: {'line': b'\x1b[01m\x1b[K/home/a/ws_moveit2/src/MAVLink/MAVLink_gui_ros2/../MAVLink_ros2/include/mavlink/c_library_v2/common/./mavlink_msg_set_home_position.h:264:284:\x1b[m\x1b[K \x1b[01;35m\x1b[Kwarning: \x1b[m\x1b[Ktaking address of packed member of \xe2\x80\x98\x1b[01m\x1b[K__mavlink_set_home_position_t\x1b[m\x1b[K\xe2\x80\x99 may result in an unaligned pointer value [\x1b[01;35m\x1b[K\x1b]8;;https://gcc.gnu.org/onlinedocs/gcc/Warning-Options.html#index-Waddress-of-packed-member\x07-Waddress-of-packed-member\x1b]8;;\x07\x1b[m\x1b[K]\n'}
[2.802807] (mavlink_gui_tester) StderrLine: {'line': b'  264 | home_position->x, set_home_position->y, set_home_position->z, \x1b[01;35m\x1b[Kset_home_position->q\x1b[m\x1b[K, set_home_position->approach_x, set_home_position->approach_y, set_home_position->approach_z, set_home_position->time_usec);\n'}
[2.802869] (mavlink_gui_tester) StderrLine: {'line': b'      |                                                               \x1b[01;35m\x1b[K~~~~~~~~~~~~~~~~~~~^\x1b[m\x1b[K\n'}
[2.802927] (mavlink_gui_tester) StderrLine: {'line': b'\n'}
[2.802982] (mavlink_gui_tester) StderrLine: {'line': b'\x1b[01m\x1b[K/home/a/ws_moveit2/src/MAVLink/MAVLink_gui_ros2/../MAVLink_ros2/include/mavlink/c_library_v2/common/./mavlink_msg_set_home_position.h:\x1b[m\x1b[K In function \xe2\x80\x98\x1b[01m\x1b[Kuint16_t mavlink_msg_set_home_position_encode_chan(uint8_t, uint8_t, uint8_t, mavlink_message_t*, const mavlink_set_home_position_t*)\x1b[m\x1b[K\xe2\x80\x99:\n'}
[2.803040] (mavlink_gui_tester) StderrLine: {'line': b'\x1b[01m\x1b[K/home/a/ws_moveit2/src/MAVLink/MAVLink_gui_ros2/../MAVLink_ros2/include/mavlink/c_library_v2/common/./mavlink_msg_set_home_position.h:278:295:\x1b[m\x1b[K \x1b[01;35m\x1b[Kwarning: \x1b[m\x1b[Ktaking address of packed member of \xe2\x80\x98\x1b[01m\x1b[K__mavlink_set_home_position_t\x1b[m\x1b[K\xe2\x80\x99 may result in an unaligned pointer value [\x1b[01;35m\x1b[K\x1b]8;;https://gcc.gnu.org/onlinedocs/gcc/Warning-Options.html#index-Waddress-of-packed-member\x07-Waddress-of-packed-member\x1b]8;;\x07\x1b[m\x1b[K]\n'}
[2.803114] (mavlink_gui_tester) StderrLine: {'line': b'  278 | home_position->x, set_home_position->y, set_home_position->z, \x1b[01;35m\x1b[Kset_home_position->q\x1b[m\x1b[K, set_home_position->approach_x, set_home_position->approach_y, set_home_position->approach_z, set_home_position->time_usec);\n'}
[2.803171] (mavlink_gui_tester) StderrLine: {'line': b'      |                                                               \x1b[01;35m\x1b[K~~~~~~~~~~~~~~~~~~~^\x1b[m\x1b[K\n'}
[2.803226] (mavlink_gui_tester) StderrLine: {'line': b'\n'}
[2.803278] (mavlink_gui_tester) StderrLine: {'line': b'\x1b[01m\x1b[K/home/a/ws_moveit2/src/MAVLink/MAVLink_gui_ros2/../MAVLink_ros2/include/mavlink/c_library_v2/common/./mavlink_msg_set_home_position.h:\x1b[m\x1b[K In function \xe2\x80\x98\x1b[01m\x1b[Kuint16_t mavlink_msg_set_home_position_encode_status(uint8_t, uint8_t, mavlink_status_t*, mavlink_message_t*, const mavlink_set_home_position_t*)\x1b[m\x1b[K\xe2\x80\x99:\n'}
[2.803333] (mavlink_gui_tester) StderrLine: {'line': b'\x1b[01m\x1b[K/home/a/ws_moveit2/src/MAVLink/MAVLink_gui_ros2/../MAVLink_ros2/include/mavlink/c_library_v2/common/./mavlink_msg_set_home_position.h:292:301:\x1b[m\x1b[K \x1b[01;35m\x1b[Kwarning: \x1b[m\x1b[Ktaking address of packed member of \xe2\x80\x98\x1b[01m\x1b[K__mavlink_set_home_position_t\x1b[m\x1b[K\xe2\x80\x99 may result in an unaligned pointer value [\x1b[01;35m\x1b[K\x1b]8;;https://gcc.gnu.org/onlinedocs/gcc/Warning-Options.html#index-Waddress-of-packed-member\x07-Waddress-of-packed-member\x1b]8;;\x07\x1b[m\x1b[K]\n'}
[2.803392] (mavlink_gui_tester) StderrLine: {'line': b'  292 | home_position->x, set_home_position->y, set_home_position->z, \x1b[01;35m\x1b[Kset_home_position->q\x1b[m\x1b[K, set_home_position->approach_x, set_home_position->approach_y, set_home_position->approach_z, set_home_position->time_usec);\n'}
[2.803446] (mavlink_gui_tester) StderrLine: {'line': b'      |                                                               \x1b[01;35m\x1b[K~~~~~~~~~~~~~~~~~~~^\x1b[m\x1b[K\n'}
[2.803501] (mavlink_gui_tester) StderrLine: {'line': b'\n'}
[2.808291] (-) TimerEvent: {}
[2.813863] (mavlink_gui_tester) StderrLine: {'line': b'In file included from \x1b[01m\x1b[K/home/a/ws_moveit2/src/MAVLink/MAVLink_gui_ros2/../MAVLink_ros2/include/mavlink/c_library_v2/common/common.h:2978\x1b[m\x1b[K,\n'}
[2.814014] (mavlink_gui_tester) StderrLine: {'line': b'                 from \x1b[01m\x1b[K/home/a/ws_moveit2/src/MAVLink/MAVLink_gui_ros2/../MAVLink_ros2/include/mavlink/c_library_v2/common/mavlink.h:32\x1b[m\x1b[K,\n'}
[2.814102] (mavlink_gui_tester) StderrLine: {'line': b'                 from \x1b[01m\x1b[K/home/a/ws_moveit2/src/MAVLink/MAVLink_gui_ros2/include/mavlink_gui_tester/mavlink_gui_widget.hpp:45\x1b[m\x1b[K,\n'}
[2.814424] (mavlink_gui_tester) StderrLine: {'line': b'                 from \x1b[01m\x1b[K/home/a/ws_moveit2/src/MAVLink/MAVLink_gui_ros2/src/mavlink_gui_widget.cpp:1\x1b[m\x1b[K:\n'}
[2.814499] (mavlink_gui_tester) StderrLine: {'line': b'\x1b[01m\x1b[K/home/a/ws_moveit2/src/MAVLink/MAVLink_gui_ros2/../MAVLink_ros2/include/mavlink/c_library_v2/common/./mavlink_msg_autopilot_state_for_gimbal_device.h:\x1b[m\x1b[K In function \xe2\x80\x98\x1b[01m\x1b[Kuint16_t mavlink_msg_autopilot_state_for_gimbal_device_encode(uint8_t, uint8_t, mavlink_message_t*, const mavlink_autopilot_state_for_gimbal_device_t*)\x1b[m\x1b[K\xe2\x80\x99:\n'}
[2.814563] (mavlink_gui_tester) StderrLine: {'line': b'\x1b[01m\x1b[K/home/a/ws_moveit2/src/MAVLink/MAVLink_gui_ros2/../MAVLink_ros2/include/mavlink/c_library_v2/common/./mavlink_msg_autopilot_state_for_gimbal_device.h:276:280:\x1b[m\x1b[K \x1b[01;35m\x1b[Kwarning: \x1b[m\x1b[Ktaking address of packed member of \xe2\x80\x98\x1b[01m\x1b[K__mavlink_autopilot_state_for_gimbal_device_t\x1b[m\x1b[K\xe2\x80\x99 may result in an unaligned pointer value [\x1b[01;35m\x1b[K\x1b]8;;https://gcc.gnu.org/onlinedocs/gcc/Warning-Options.html#index-Waddress-of-packed-member\x07-Waddress-of-packed-member\x1b]8;;\x07\x1b[m\x1b[K]\n'}
[2.814634] (mavlink_gui_tester) StderrLine: {'line': b'  276 |     return mavlink_msg_autopilot_state_for_gimbal_device_pack(system_id, component_id, msg, autopilot_state_for_gimbal_device->target_system, autopilot_state_for_gimbal_device->target_component, autopilot_state_for_gimbal_device->time_boot_us, \x1b[01;35m\x1b[Kautopilot_state_for_gimbal_device->q\x1b[m\x1b[K, autopilot_state_for_gimbal_device->q_estimated_delay_us, autopilot_state_for_gimbal_device->vx, autopilot_state_for_gimbal_device->vy, autopilot_state_for_gimbal_device->vz, autopilot_state_for_gimbal_device->v_estimated_delay_us, autopilot_state_for_gimbal_device->feed_forward_angular_velocity_z, autopilot_state_for_gimbal_device->estimator_status, autopilot_state_for_gimbal_device->landed_state, autopilot_state_for_gimbal_device->angular_velocity_z);\n'}
[2.814699] (mavlink_gui_tester) StderrLine: {'line': b'      |                                                                                                                                                                                                                                                     \x1b[01;35m\x1b[K~~~~~~~~~~~~~~~~~~~~~~~~~~~~~~~~~~~^\x1b[m\x1b[K\n'}
[2.814758] (mavlink_gui_tester) StderrLine: {'line': b'In file included from \x1b[01m\x1b[K/home/a/ws_moveit2/src/MAVLink/MAVLink_gui_ros2/../MAVLink_ros2/include/mavlink/c_library_v2/common/common.h:2978\x1b[m\x1b[K,\n'}
[2.814813] (mavlink_gui_tester) StderrLine: {'line': b'                 from \x1b[01m\x1b[K/home/a/ws_moveit2/src/MAVLink/MAVLink_gui_ros2/../MAVLink_ros2/include/mavlink/c_library_v2/common/mavlink.h:32\x1b[m\x1b[K,\n'}
[2.814867] (mavlink_gui_tester) StderrLine: {'line': b'                 from \x1b[01m\x1b[K/home/a/ws_moveit2/src/MAVLink/MAVLink_gui_ros2/include/mavlink_gui_tester/mavlink_gui_widget.hpp:45\x1b[m\x1b[K,\n'}
[2.814923] (mavlink_gui_tester) StderrLine: {'line': b'                 from \x1b[01m\x1b[K/home/a/ws_moveit2/src/MAVLink/MAVLink_gui_ros2/src/mavlink_gui_widget.cpp:1\x1b[m\x1b[K:\n'}
[2.814974] (mavlink_gui_tester) StderrLine: {'line': b'\x1b[01m\x1b[K/home/a/ws_moveit2/src/MAVLink/MAVLink_gui_ros2/../MAVLink_ros2/include/mavlink/c_library_v2/common/./mavlink_msg_autopilot_state_for_gimbal_device.h:\x1b[m\x1b[K In function \xe2\x80\x98\x1b[01m\x1b[Kuint16_t mavlink_msg_autopilot_state_for_gimbal_device_encode_chan(uint8_t, uint8_t, uint8_t, mavlink_message_t*, const mavlink_autopilot_state_for_gimbal_device_t*)\x1b[m\x1b[K\xe2\x80\x99:\n'}
[2.815029] (mavlink_gui_tester) StderrLine: {'line': b'\x1b[01m\x1b[K/home/a/ws_moveit2/src/MAVLink/MAVLink_gui_ros2/../MAVLink_ros2/include/mavlink/c_library_v2/common/./mavlink_msg_autopilot_state_for_gimbal_device.h:290:291:\x1b[m\x1b[K \x1b[01;35m\x1b[Kwarning: \x1b[m\x1b[Ktaking address of packed member of \xe2\x80\x98\x1b[01m\x1b[K__mavlink_autopilot_state_for_gimbal_device_t\x1b[m\x1b[K\xe2\x80\x99 may result in an unaligned pointer value [\x1b[01;35m\x1b[K\x1b]8;;https://gcc.gnu.org/onlinedocs/gcc/Warning-Options.html#index-Waddress-of-packed-member\x07-Waddress-of-packed-member\x1b]8;;\x07\x1b[m\x1b[K]\n'}
[2.815097] (mavlink_gui_tester) StderrLine: {'line': b'  290 |     return mavlink_msg_autopilot_state_for_gimbal_device_pack_chan(system_id, component_id, chan, msg, autopilot_state_for_gimbal_device->target_system, autopilot_state_for_gimbal_device->target_component, autopilot_state_for_gimbal_device->time_boot_us, \x1b[01;35m\x1b[Kautopilot_state_for_gimbal_device->q\x1b[m\x1b[K, autopilot_state_for_gimbal_device->q_estimated_delay_us, autopilot_state_for_gimbal_device->vx, autopilot_state_for_gimbal_device->vy, autopilot_state_for_gimbal_device->vz, autopilot_state_for_gimbal_device->v_estimated_delay_us, autopilot_state_for_gimbal_device->feed_forward_angular_velocity_z, autopilot_state_for_gimbal_device->estimator_status, autopilot_state_for_gimbal_device->landed_state, autopilot_state_for_gimbal_device->angular_velocity_z);\n'}
[2.815165] (mavlink_gui_tester) StderrLine: {'line': b'      |                                                                                                                                                                                                                                                                \x1b[01;35m\x1b[K~~~~~~~~~~~~~~~~~~~~~~~~~~~~~~~~~~~^\x1b[m\x1b[K\n'}
[2.815218] (mavlink_gui_tester) StderrLine: {'line': b'In file included from \x1b[01m\x1b[K/home/a/ws_moveit2/src/MAVLink/MAVLink_gui_ros2/../MAVLink_ros2/include/mavlink/c_library_v2/common/common.h:2978\x1b[m\x1b[K,\n'}
[2.815269] (mavlink_gui_tester) StderrLine: {'line': b'                 from \x1b[01m\x1b[K/home/a/ws_moveit2/src/MAVLink/MAVLink_gui_ros2/../MAVLink_ros2/include/mavlink/c_library_v2/common/mavlink.h:32\x1b[m\x1b[K,\n'}
[2.815322] (mavlink_gui_tester) StderrLine: {'line': b'                 from \x1b[01m\x1b[K/home/a/ws_moveit2/src/MAVLink/MAVLink_gui_ros2/include/mavlink_gui_tester/mavlink_gui_widget.hpp:45\x1b[m\x1b[K,\n'}
[2.815372] (mavlink_gui_tester) StderrLine: {'line': b'                 from \x1b[01m\x1b[K/home/a/ws_moveit2/src/MAVLink/MAVLink_gui_ros2/src/mavlink_gui_widget.cpp:1\x1b[m\x1b[K:\n'}
[2.815423] (mavlink_gui_tester) StderrLine: {'line': b'\x1b[01m\x1b[K/home/a/ws_moveit2/src/MAVLink/MAVLink_gui_ros2/../MAVLink_ros2/include/mavlink/c_library_v2/common/./mavlink_msg_autopilot_state_for_gimbal_device.h:\x1b[m\x1b[K In function \xe2\x80\x98\x1b[01m\x1b[Kuint16_t mavlink_msg_autopilot_state_for_gimbal_device_encode_status(uint8_t, uint8_t, mavlink_status_t*, mavlink_message_t*, const mavlink_autopilot_state_for_gimbal_device_t*)\x1b[m\x1b[K\xe2\x80\x99:\n'}
[2.815478] (mavlink_gui_tester) StderrLine: {'line': b'\x1b[01m\x1b[K/home/a/ws_moveit2/src/MAVLink/MAVLink_gui_ros2/../MAVLink_ros2/include/mavlink/c_library_v2/common/./mavlink_msg_autopilot_state_for_gimbal_device.h:304:297:\x1b[m\x1b[K \x1b[01;35m\x1b[Kwarning: \x1b[m\x1b[Ktaking address of packed member of \xe2\x80\x98\x1b[01m\x1b[K__mavlink_autopilot_state_for_gimbal_device_t\x1b[m\x1b[K\xe2\x80\x99 may result in an unaligned pointer value [\x1b[01;35m\x1b[K\x1b]8;;https://gcc.gnu.org/onlinedocs/gcc/Warning-Options.html#index-Waddress-of-packed-member\x07-Waddress-of-packed-member\x1b]8;;\x07\x1b[m\x1b[K]\n'}
[2.815538] (mavlink_gui_tester) StderrLine: {'line': b'  304 |     return mavlink_msg_autopilot_state_for_gimbal_device_pack_status(system_id, component_id, _status, msg,  autopilot_state_for_gimbal_device->target_system, autopilot_state_for_gimbal_device->target_component, autopilot_state_for_gimbal_device->time_boot_us, \x1b[01;35m\x1b[Kautopilot_state_for_gimbal_device->q\x1b[m\x1b[K, autopilot_state_for_gimbal_device->q_estimated_delay_us, autopilot_state_for_gimbal_device->vx, autopilot_state_for_gimbal_device->vy, autopilot_state_for_gimbal_device->vz, autopilot_state_for_gimbal_device->v_estimated_delay_us, autopilot_state_for_gimbal_device->feed_forward_angular_velocity_z, autopilot_state_for_gimbal_device->estimator_status, autopilot_state_for_gimbal_device->landed_state, autopilot_state_for_gimbal_device->angular_velocity_z);\n'}
[2.815601] (mavlink_gui_tester) StderrLine: {'line': b'      |                                                                                                                                                                                                                                                                      \x1b[01;35m\x1b[K~~~~~~~~~~~~~~~~~~~~~~~~~~~~~~~~~~~^\x1b[m\x1b[K\n'}
[2.817022] (mavlink_gui_tester) StderrLine: {'line': b'In file included from \x1b[01m\x1b[K/home/a/ws_moveit2/src/MAVLink/MAVLink_gui_ros2/../MAVLink_ros2/include/mavlink/c_library_v2/common/common.h:2992\x1b[m\x1b[K,\n'}
[2.817178] (mavlink_gui_tester) StderrLine: {'line': b'                 from \x1b[01m\x1b[K/home/a/ws_moveit2/src/MAVLink/MAVLink_gui_ros2/../MAVLink_ros2/include/mavlink/c_library_v2/common/mavlink.h:32\x1b[m\x1b[K,\n'}
[2.817254] (mavlink_gui_tester) StderrLine: {'line': b'                 from \x1b[01m\x1b[K/home/a/ws_moveit2/build/mavlink_gui_tester/include/mavlink_gui_tester/../../../../src/MAVLink/MAVLink_gui_ros2/include/mavlink_gui_tester/mavlink_gui_widget.hpp:45\x1b[m\x1b[K,\n'}
[2.817319] (mavlink_gui_tester) StderrLine: {'line': b'                 from \x1b[01m\x1b[K/home/a/ws_moveit2/build/mavlink_gui_tester/include/mavlink_gui_tester/moc_mavlink_gui_widget.cpp:10\x1b[m\x1b[K:\n'}
[2.817380] (mavlink_gui_tester) StderrLine: {'line': b'\x1b[01m\x1b[K/home/a/ws_moveit2/src/MAVLink/MAVLink_gui_ros2/../MAVLink_ros2/include/mavlink/c_library_v2/common/./mavlink_msg_obstacle_distance.h:\x1b[m\x1b[K In function \xe2\x80\x98\x1b[01m\x1b[Kuint16_t mavlink_msg_obstacle_distance_encode(uint8_t, uint8_t, mavlink_message_t*, const mavlink_obstacle_distance_t*)\x1b[m\x1b[K\xe2\x80\x99:\n'}
[2.817445] (mavlink_gui_tester) StderrLine: {'line': b'\x1b[01m\x1b[K/home/a/ws_moveit2/src/MAVLink/MAVLink_gui_ros2/../MAVLink_ros2/include/mavlink/c_library_v2/common/./mavlink_msg_obstacle_distance.h:228:158:\x1b[m\x1b[K \x1b[01;35m\x1b[Kwarning: \x1b[m\x1b[Ktaking address of packed member of \xe2\x80\x98\x1b[01m\x1b[K__mavlink_obstacle_distance_t\x1b[m\x1b[K\xe2\x80\x99 may result in an unaligned pointer value [\x1b[01;35m\x1b[K\x1b]8;;https://gcc.gnu.org/onlinedocs/gcc/Warning-Options.html#index-Waddress-of-packed-member\x07-Waddress-of-packed-member\x1b]8;;\x07\x1b[m\x1b[K]\n'}
[2.817510] (mavlink_gui_tester) StderrLine: {'line': b'  228 |     return mavlink_msg_obstacle_distance_pack(system_id, component_id, msg, obstacle_distance->time_usec, obstacle_distance->sensor_type, \x1b[01;35m\x1b[Kobstacle_distance->distances\x1b[m\x1b[K, obstacle_distance->increment, obstacle_distance->min_distance, obstacle_distance->max_distance, obstacle_distance->increment_f, obstacle_distance->angle_offset, obstacle_distance->frame);\n'}
[2.817790] (mavlink_gui_tester) StderrLine: {'line': b'      |                                                                                                                                           \x1b[01;35m\x1b[K~~~~~~~~~~~~~~~~~~~^~~~~~~~~\x1b[m\x1b[K\n'}
[2.817910] (mavlink_gui_tester) StderrLine: {'line': b'\x1b[01m\x1b[K/home/a/ws_moveit2/src/MAVLink/MAVLink_gui_ros2/../MAVLink_ros2/include/mavlink/c_library_v2/common/./mavlink_msg_obstacle_distance.h:\x1b[m\x1b[K In function \xe2\x80\x98\x1b[01m\x1b[Kuint16_t mavlink_msg_obstacle_distance_encode_chan(uint8_t, uint8_t, uint8_t, mavlink_message_t*, const mavlink_obstacle_distance_t*)\x1b[m\x1b[K\xe2\x80\x99:\n'}
[2.817980] (mavlink_gui_tester) StderrLine: {'line': b'\x1b[01m\x1b[K/home/a/ws_moveit2/src/MAVLink/MAVLink_gui_ros2/../MAVLink_ros2/include/mavlink/c_library_v2/common/./mavlink_msg_obstacle_distance.h:242:169:\x1b[m\x1b[K \x1b[01;35m\x1b[Kwarning: \x1b[m\x1b[Ktaking address of packed member of \xe2\x80\x98\x1b[01m\x1b[K__mavlink_obstacle_distance_t\x1b[m\x1b[K\xe2\x80\x99 may result in an unaligned pointer value [\x1b[01;35m\x1b[K\x1b]8;;https://gcc.gnu.org/onlinedocs/gcc/Warning-Options.html#index-Waddress-of-packed-member\x07-Waddress-of-packed-member\x1b]8;;\x07\x1b[m\x1b[K]\n'}
[2.818054] (mavlink_gui_tester) StderrLine: {'line': b'  242 |     return mavlink_msg_obstacle_distance_pack_chan(system_id, component_id, chan, msg, obstacle_distance->time_usec, obstacle_distance->sensor_type, \x1b[01;35m\x1b[Kobstacle_distance->distances\x1b[m\x1b[K, obstacle_distance->increment, obstacle_distance->min_distance, obstacle_distance->max_distance, obstacle_distance->increment_f, obstacle_distance->angle_offset, obstacle_distance->frame);\n'}
[2.818128] (mavlink_gui_tester) StderrLine: {'line': b'      |                                                                                                                                                      \x1b[01;35m\x1b[K~~~~~~~~~~~~~~~~~~~^~~~~~~~~\x1b[m\x1b[K\n'}
[2.818186] (mavlink_gui_tester) StderrLine: {'line': b'\x1b[01m\x1b[K/home/a/ws_moveit2/src/MAVLink/MAVLink_gui_ros2/../MAVLink_ros2/include/mavlink/c_library_v2/common/./mavlink_msg_obstacle_distance.h:\x1b[m\x1b[K In function \xe2\x80\x98\x1b[01m\x1b[Kuint16_t mavlink_msg_obstacle_distance_encode_status(uint8_t, uint8_t, mavlink_status_t*, mavlink_message_t*, const mavlink_obstacle_distance_t*)\x1b[m\x1b[K\xe2\x80\x99:\n'}
[2.818242] (mavlink_gui_tester) StderrLine: {'line': b'\x1b[01m\x1b[K/home/a/ws_moveit2/src/MAVLink/MAVLink_gui_ros2/../MAVLink_ros2/include/mavlink/c_library_v2/common/./mavlink_msg_obstacle_distance.h:256:175:\x1b[m\x1b[K \x1b[01;35m\x1b[Kwarning: \x1b[m\x1b[Ktaking address of packed member of \xe2\x80\x98\x1b[01m\x1b[K__mavlink_obstacle_distance_t\x1b[m\x1b[K\xe2\x80\x99 may result in an unaligned pointer value [\x1b[01;35m\x1b[K\x1b]8;;https://gcc.gnu.org/onlinedocs/gcc/Warning-Options.html#index-Waddress-of-packed-member\x07-Waddress-of-packed-member\x1b]8;;\x07\x1b[m\x1b[K]\n'}
[2.818297] (mavlink_gui_tester) StderrLine: {'line': b'  256 |     return mavlink_msg_obstacle_distance_pack_status(system_id, component_id, _status, msg,  obstacle_distance->time_usec, obstacle_distance->sensor_type, \x1b[01;35m\x1b[Kobstacle_distance->distances\x1b[m\x1b[K, obstacle_distance->increment, obstacle_distance->min_distance, obstacle_distance->max_distance, obstacle_distance->increment_f, obstacle_distance->angle_offset, obstacle_distance->frame);\n'}
[2.818350] (mavlink_gui_tester) StderrLine: {'line': b'      |                                                                                                                                                            \x1b[01;35m\x1b[K~~~~~~~~~~~~~~~~~~~^~~~~~~~~\x1b[m\x1b[K\n'}
[2.829849] (mavlink_gui_tester) StderrLine: {'line': b'In file included from \x1b[01m\x1b[K/home/a/ws_moveit2/src/MAVLink/MAVLink_gui_ros2/../MAVLink_ros2/include/mavlink/c_library_v2/common/common.h:2992\x1b[m\x1b[K,\n'}
[2.830422] (mavlink_gui_tester) StderrLine: {'line': b'                 from \x1b[01m\x1b[K/home/a/ws_moveit2/src/MAVLink/MAVLink_gui_ros2/../MAVLink_ros2/include/mavlink/c_library_v2/common/mavlink.h:32\x1b[m\x1b[K,\n'}
[2.830512] (mavlink_gui_tester) StderrLine: {'line': b'                 from \x1b[01m\x1b[K/home/a/ws_moveit2/src/MAVLink/MAVLink_gui_ros2/include/mavlink_gui_tester/mavlink_gui_widget.hpp:45\x1b[m\x1b[K,\n'}
[2.830574] (mavlink_gui_tester) StderrLine: {'line': b'                 from \x1b[01m\x1b[K/home/a/ws_moveit2/src/MAVLink/MAVLink_gui_ros2/src/mavlink_gui_widget.cpp:1\x1b[m\x1b[K:\n'}
[2.830632] (mavlink_gui_tester) StderrLine: {'line': b'\x1b[01m\x1b[K/home/a/ws_moveit2/src/MAVLink/MAVLink_gui_ros2/../MAVLink_ros2/include/mavlink/c_library_v2/common/./mavlink_msg_obstacle_distance.h:\x1b[m\x1b[K In function \xe2\x80\x98\x1b[01m\x1b[Kuint16_t mavlink_msg_obstacle_distance_encode(uint8_t, uint8_t, mavlink_message_t*, const mavlink_obstacle_distance_t*)\x1b[m\x1b[K\xe2\x80\x99:\n'}
[2.830695] (mavlink_gui_tester) StderrLine: {'line': b'\x1b[01m\x1b[K/home/a/ws_moveit2/src/MAVLink/MAVLink_gui_ros2/../MAVLink_ros2/include/mavlink/c_library_v2/common/./mavlink_msg_obstacle_distance.h:228:158:\x1b[m\x1b[K \x1b[01;35m\x1b[Kwarning: \x1b[m\x1b[Ktaking address of packed member of \xe2\x80\x98\x1b[01m\x1b[K__mavlink_obstacle_distance_t\x1b[m\x1b[K\xe2\x80\x99 may result in an unaligned pointer value [\x1b[01;35m\x1b[K\x1b]8;;https://gcc.gnu.org/onlinedocs/gcc/Warning-Options.html#index-Waddress-of-packed-member\x07-Waddress-of-packed-member\x1b]8;;\x07\x1b[m\x1b[K]\n'}
[2.830769] (mavlink_gui_tester) StderrLine: {'line': b'  228 |     return mavlink_msg_obstacle_distance_pack(system_id, component_id, msg, obstacle_distance->time_usec, obstacle_distance->sensor_type, \x1b[01;35m\x1b[Kobstacle_distance->distances\x1b[m\x1b[K, obstacle_distance->increment, obstacle_distance->min_distance, obstacle_distance->max_distance, obstacle_distance->increment_f, obstacle_distance->angle_offset, obstacle_distance->frame);\n'}
[2.830826] (mavlink_gui_tester) StderrLine: {'line': b'      |                                                                                                                                           \x1b[01;35m\x1b[K~~~~~~~~~~~~~~~~~~~^~~~~~~~~\x1b[m\x1b[K\n'}
[2.830883] (mavlink_gui_tester) StderrLine: {'line': b'\x1b[01m\x1b[K/home/a/ws_moveit2/src/MAVLink/MAVLink_gui_ros2/../MAVLink_ros2/include/mavlink/c_library_v2/common/./mavlink_msg_obstacle_distance.h:\x1b[m\x1b[K In function \xe2\x80\x98\x1b[01m\x1b[Kuint16_t mavlink_msg_obstacle_distance_encode_chan(uint8_t, uint8_t, uint8_t, mavlink_message_t*, const mavlink_obstacle_distance_t*)\x1b[m\x1b[K\xe2\x80\x99:\n'}
[2.830938] (mavlink_gui_tester) StderrLine: {'line': b'\x1b[01m\x1b[K/home/a/ws_moveit2/src/MAVLink/MAVLink_gui_ros2/../MAVLink_ros2/include/mavlink/c_library_v2/common/./mavlink_msg_obstacle_distance.h:242:169:\x1b[m\x1b[K \x1b[01;35m\x1b[Kwarning: \x1b[m\x1b[Ktaking address of packed member of \xe2\x80\x98\x1b[01m\x1b[K__mavlink_obstacle_distance_t\x1b[m\x1b[K\xe2\x80\x99 may result in an unaligned pointer value [\x1b[01;35m\x1b[K\x1b]8;;https://gcc.gnu.org/onlinedocs/gcc/Warning-Options.html#index-Waddress-of-packed-member\x07-Waddress-of-packed-member\x1b]8;;\x07\x1b[m\x1b[K]\n'}
[2.830996] (mavlink_gui_tester) StderrLine: {'line': b'  242 |     return mavlink_msg_obstacle_distance_pack_chan(system_id, component_id, chan, msg, obstacle_distance->time_usec, obstacle_distance->sensor_type, \x1b[01;35m\x1b[Kobstacle_distance->distances\x1b[m\x1b[K, obstacle_distance->increment, obstacle_distance->min_distance, obstacle_distance->max_distance, obstacle_distance->increment_f, obstacle_distance->angle_offset, obstacle_distance->frame);\n'}
[2.831050] (mavlink_gui_tester) StderrLine: {'line': b'      |                                                                                                                                                      \x1b[01;35m\x1b[K~~~~~~~~~~~~~~~~~~~^~~~~~~~~\x1b[m\x1b[K\n'}
[2.831113] (mavlink_gui_tester) StderrLine: {'line': b'\x1b[01m\x1b[K/home/a/ws_moveit2/src/MAVLink/MAVLink_gui_ros2/../MAVLink_ros2/include/mavlink/c_library_v2/common/./mavlink_msg_obstacle_distance.h:\x1b[m\x1b[K In function \xe2\x80\x98\x1b[01m\x1b[Kuint16_t mavlink_msg_obstacle_distance_encode_status(uint8_t, uint8_t, mavlink_status_t*, mavlink_message_t*, const mavlink_obstacle_distance_t*)\x1b[m\x1b[K\xe2\x80\x99:\n'}
[2.831169] (mavlink_gui_tester) StderrLine: {'line': b'\x1b[01m\x1b[K/home/a/ws_moveit2/src/MAVLink/MAVLink_gui_ros2/../MAVLink_ros2/include/mavlink/c_library_v2/common/./mavlink_msg_obstacle_distance.h:256:175:\x1b[m\x1b[K \x1b[01;35m\x1b[Kwarning: \x1b[m\x1b[Ktaking address of packed member of \xe2\x80\x98\x1b[01m\x1b[K__mavlink_obstacle_distance_t\x1b[m\x1b[K\xe2\x80\x99 may result in an unaligned pointer value [\x1b[01;35m\x1b[K\x1b]8;;https://gcc.gnu.org/onlinedocs/gcc/Warning-Options.html#index-Waddress-of-packed-member\x07-Waddress-of-packed-member\x1b]8;;\x07\x1b[m\x1b[K]\n'}
[2.831224] (mavlink_gui_tester) StderrLine: {'line': b'  256 |     return mavlink_msg_obstacle_distance_pack_status(system_id, component_id, _status, msg,  obstacle_distance->time_usec, obstacle_distance->sensor_type, \x1b[01;35m\x1b[Kobstacle_distance->distances\x1b[m\x1b[K, obstacle_distance->increment, obstacle_distance->min_distance, obstacle_distance->max_distance, obstacle_distance->increment_f, obstacle_distance->angle_offset, obstacle_distance->frame);\n'}
[2.831280] (mavlink_gui_tester) StderrLine: {'line': b'      |                                                                                                                                                            \x1b[01;35m\x1b[K~~~~~~~~~~~~~~~~~~~^~~~~~~~~\x1b[m\x1b[K\n'}
[2.840325] (mavlink_gui_tester) StderrLine: {'line': b'In file included from \x1b[01m\x1b[K/home/a/ws_moveit2/src/MAVLink/MAVLink_gui_ros2/../MAVLink_ros2/include/mavlink/c_library_v2/common/common.h:2978\x1b[m\x1b[K,\n'}
[2.840501] (mavlink_gui_tester) StderrLine: {'line': b'                 from \x1b[01m\x1b[K/home/a/ws_moveit2/src/MAVLink/MAVLink_gui_ros2/../MAVLink_ros2/include/mavlink/c_library_v2/common/mavlink.h:32\x1b[m\x1b[K,\n'}
[2.840782] (mavlink_gui_tester) StderrLine: {'line': b'                 from \x1b[01m\x1b[K/home/a/ws_moveit2/src/MAVLink/MAVLink_gui_ros2/include/mavlink_gui_tester/mavlink_gui_widget.hpp:45\x1b[m\x1b[K,\n'}
[2.840905] (mavlink_gui_tester) StderrLine: {'line': b'                 from \x1b[01m\x1b[K/home/a/ws_moveit2/src/MAVLink/MAVLink_gui_ros2/src/main.cpp:3\x1b[m\x1b[K:\n'}
[2.840972] (mavlink_gui_tester) StderrLine: {'line': b'\x1b[01m\x1b[K/home/a/ws_moveit2/src/MAVLink/MAVLink_gui_ros2/../MAVLink_ros2/include/mavlink/c_library_v2/common/./mavlink_msg_autopilot_state_for_gimbal_device.h:\x1b[m\x1b[K In function \xe2\x80\x98\x1b[01m\x1b[Kuint16_t mavlink_msg_autopilot_state_for_gimbal_device_encode(uint8_t, uint8_t, mavlink_message_t*, const mavlink_autopilot_state_for_gimbal_device_t*)\x1b[m\x1b[K\xe2\x80\x99:\n'}
[2.841034] (mavlink_gui_tester) StderrLine: {'line': b'\x1b[01m\x1b[K/home/a/ws_moveit2/src/MAVLink/MAVLink_gui_ros2/../MAVLink_ros2/include/mavlink/c_library_v2/common/./mavlink_msg_autopilot_state_for_gimbal_device.h:276:280:\x1b[m\x1b[K \x1b[01;35m\x1b[Kwarning: \x1b[m\x1b[Ktaking address of packed member of \xe2\x80\x98\x1b[01m\x1b[K__mavlink_autopilot_state_for_gimbal_device_t\x1b[m\x1b[K\xe2\x80\x99 may result in an unaligned pointer value [\x1b[01;35m\x1b[K\x1b]8;;https://gcc.gnu.org/onlinedocs/gcc/Warning-Options.html#index-Waddress-of-packed-member\x07-Waddress-of-packed-member\x1b]8;;\x07\x1b[m\x1b[K]\n'}
[2.841126] (mavlink_gui_tester) StderrLine: {'line': b'  276 | opilot_state_for_gimbal_device->time_boot_us, \x1b[01;35m\x1b[Kautopilot_state_for_gimbal_device->q\x1b[m\x1b[K, autopilot_state_for_gimbal_device->q_estimated_delay_us, autopilot_state_for_gimbal_device->vx, autopilot_state_for_gimbal_device->vy, autopilot_state_for_gimbal_device->vz, autopilot_state_for_gimbal_device->v_estimated_delay_us, autopilot_state_for_gimbal_device->feed_forward_angular_velocity_z, autopilot_state_for_gimbal_device->estimator_status, autopilot_state_for_gimbal_device->landed_state, autopilot_state_for_gimbal_device->angular_velocity_z);\n'}
[2.841193] (mavlink_gui_tester) StderrLine: {'line': b'      |                                               \x1b[01;35m\x1b[K~~~~~~~~~~~~~~~~~~~~~~~~~~~~~~~~~~~^\x1b[m\x1b[K\n'}
[2.841253] (mavlink_gui_tester) StderrLine: {'line': b'\n'}
[2.841307] (mavlink_gui_tester) StderrLine: {'line': b'In file included from \x1b[01m\x1b[K/home/a/ws_moveit2/src/MAVLink/MAVLink_gui_ros2/../MAVLink_ros2/include/mavlink/c_library_v2/common/common.h:2978\x1b[m\x1b[K,\n'}
[2.841361] (mavlink_gui_tester) StderrLine: {'line': b'                 from \x1b[01m\x1b[K/home/a/ws_moveit2/src/MAVLink/MAVLink_gui_ros2/../MAVLink_ros2/include/mavlink/c_library_v2/common/mavlink.h:32\x1b[m\x1b[K,\n'}
[2.841415] (mavlink_gui_tester) StderrLine: {'line': b'                 from \x1b[01m\x1b[K/home/a/ws_moveit2/src/MAVLink/MAVLink_gui_ros2/include/mavlink_gui_tester/mavlink_gui_widget.hpp:45\x1b[m\x1b[K,\n'}
[2.841466] (mavlink_gui_tester) StderrLine: {'line': b'                 from \x1b[01m\x1b[K/home/a/ws_moveit2/src/MAVLink/MAVLink_gui_ros2/src/main.cpp:3\x1b[m\x1b[K:\n'}
[2.841525] (mavlink_gui_tester) StderrLine: {'line': b'\x1b[01m\x1b[K/home/a/ws_moveit2/src/MAVLink/MAVLink_gui_ros2/../MAVLink_ros2/include/mavlink/c_library_v2/common/./mavlink_msg_autopilot_state_for_gimbal_device.h:\x1b[m\x1b[K In function \xe2\x80\x98\x1b[01m\x1b[Kuint16_t mavlink_msg_autopilot_state_for_gimbal_device_encode_chan(uint8_t, uint8_t, uint8_t, mavlink_message_t*, const mavlink_autopilot_state_for_gimbal_device_t*)\x1b[m\x1b[K\xe2\x80\x99:\n'}
[2.841581] (mavlink_gui_tester) StderrLine: {'line': b'\x1b[01m\x1b[K/home/a/ws_moveit2/src/MAVLink/MAVLink_gui_ros2/../MAVLink_ros2/include/mavlink/c_library_v2/common/./mavlink_msg_autopilot_state_for_gimbal_device.h:290:291:\x1b[m\x1b[K \x1b[01;35m\x1b[Kwarning: \x1b[m\x1b[Ktaking address of packed member of \xe2\x80\x98\x1b[01m\x1b[K__mavlink_autopilot_state_for_gimbal_device_t\x1b[m\x1b[K\xe2\x80\x99 may result in an unaligned pointer value [\x1b[01;35m\x1b[K\x1b]8;;https://gcc.gnu.org/onlinedocs/gcc/Warning-Options.html#index-Waddress-of-packed-member\x07-Waddress-of-packed-member\x1b]8;;\x07\x1b[m\x1b[K]\n'}
[2.841641] (mavlink_gui_tester) StderrLine: {'line': b'  290 | opilot_state_for_gimbal_device->time_boot_us, \x1b[01;35m\x1b[Kautopilot_state_for_gimbal_device->q\x1b[m\x1b[K, autopilot_state_for_gimbal_device->q_estimated_delay_us, autopilot_state_for_gimbal_device->vx, autopilot_state_for_gimbal_device->vy, autopilot_state_for_gimbal_device->vz, autopilot_state_for_gimbal_device->v_estimated_delay_us, autopilot_state_for_gimbal_device->feed_forward_angular_velocity_z, autopilot_state_for_gimbal_device->estimator_status, autopilot_state_for_gimbal_device->landed_state, autopilot_state_for_gimbal_device->angular_velocity_z);\n'}
[2.841697] (mavlink_gui_tester) StderrLine: {'line': b'      |                                               \x1b[01;35m\x1b[K~~~~~~~~~~~~~~~~~~~~~~~~~~~~~~~~~~~^\x1b[m\x1b[K\n'}
[2.841749] (mavlink_gui_tester) StderrLine: {'line': b'\n'}
[2.841799] (mavlink_gui_tester) StderrLine: {'line': b'In file included from \x1b[01m\x1b[K/home/a/ws_moveit2/src/MAVLink/MAVLink_gui_ros2/../MAVLink_ros2/include/mavlink/c_library_v2/common/common.h:2978\x1b[m\x1b[K,\n'}
[2.841853] (mavlink_gui_tester) StderrLine: {'line': b'                 from \x1b[01m\x1b[K/home/a/ws_moveit2/src/MAVLink/MAVLink_gui_ros2/../MAVLink_ros2/include/mavlink/c_library_v2/common/mavlink.h:32\x1b[m\x1b[K,\n'}
[2.841903] (mavlink_gui_tester) StderrLine: {'line': b'                 from \x1b[01m\x1b[K/home/a/ws_moveit2/src/MAVLink/MAVLink_gui_ros2/include/mavlink_gui_tester/mavlink_gui_widget.hpp:45\x1b[m\x1b[K,\n'}
[2.841954] (mavlink_gui_tester) StderrLine: {'line': b'                 from \x1b[01m\x1b[K/home/a/ws_moveit2/src/MAVLink/MAVLink_gui_ros2/src/main.cpp:3\x1b[m\x1b[K:\n'}
[2.842005] (mavlink_gui_tester) StderrLine: {'line': b'\x1b[01m\x1b[K/home/a/ws_moveit2/src/MAVLink/MAVLink_gui_ros2/../MAVLink_ros2/include/mavlink/c_library_v2/common/./mavlink_msg_autopilot_state_for_gimbal_device.h:\x1b[m\x1b[K In function \xe2\x80\x98\x1b[01m\x1b[Kuint16_t mavlink_msg_autopilot_state_for_gimbal_device_encode_status(uint8_t, uint8_t, mavlink_status_t*, mavlink_message_t*, const mavlink_autopilot_state_for_gimbal_device_t*)\x1b[m\x1b[K\xe2\x80\x99:\n'}
[2.842060] (mavlink_gui_tester) StderrLine: {'line': b'\x1b[01m\x1b[K/home/a/ws_moveit2/src/MAVLink/MAVLink_gui_ros2/../MAVLink_ros2/include/mavlink/c_library_v2/common/./mavlink_msg_autopilot_state_for_gimbal_device.h:304:297:\x1b[m\x1b[K \x1b[01;35m\x1b[Kwarning: \x1b[m\x1b[Ktaking address of packed member of \xe2\x80\x98\x1b[01m\x1b[K__mavlink_autopilot_state_for_gimbal_device_t\x1b[m\x1b[K\xe2\x80\x99 may result in an unaligned pointer value [\x1b[01;35m\x1b[K\x1b]8;;https://gcc.gnu.org/onlinedocs/gcc/Warning-Options.html#index-Waddress-of-packed-member\x07-Waddress-of-packed-member\x1b]8;;\x07\x1b[m\x1b[K]\n'}
[2.842134] (mavlink_gui_tester) StderrLine: {'line': b'  304 | opilot_state_for_gimbal_device->time_boot_us, \x1b[01;35m\x1b[Kautopilot_state_for_gimbal_device->q\x1b[m\x1b[K, autopilot_state_for_gimbal_device->q_estimated_delay_us, autopilot_state_for_gimbal_device->vx, autopilot_state_for_gimbal_device->vy, autopilot_state_for_gimbal_device->vz, autopilot_state_for_gimbal_device->v_estimated_delay_us, autopilot_state_for_gimbal_device->feed_forward_angular_velocity_z, autopilot_state_for_gimbal_device->estimator_status, autopilot_state_for_gimbal_device->landed_state, autopilot_state_for_gimbal_device->angular_velocity_z);\n'}
[2.842195] (mavlink_gui_tester) StderrLine: {'line': b'      |                                               \x1b[01;35m\x1b[K~~~~~~~~~~~~~~~~~~~~~~~~~~~~~~~~~~~^\x1b[m\x1b[K\n'}
[2.842248] (mavlink_gui_tester) StderrLine: {'line': b'\n'}
[2.856467] (mavlink_gui_tester) StderrLine: {'line': b'In file included from \x1b[01m\x1b[K/home/a/ws_moveit2/src/MAVLink/MAVLink_gui_ros2/../MAVLink_ros2/include/mavlink/c_library_v2/common/common.h:2992\x1b[m\x1b[K,\n'}
[2.856630] (mavlink_gui_tester) StderrLine: {'line': b'                 from \x1b[01m\x1b[K/home/a/ws_moveit2/src/MAVLink/MAVLink_gui_ros2/../MAVLink_ros2/include/mavlink/c_library_v2/common/mavlink.h:32\x1b[m\x1b[K,\n'}
[2.856706] (mavlink_gui_tester) StderrLine: {'line': b'                 from \x1b[01m\x1b[K/home/a/ws_moveit2/src/MAVLink/MAVLink_gui_ros2/include/mavlink_gui_tester/mavlink_gui_widget.hpp:45\x1b[m\x1b[K,\n'}
[2.856785] (mavlink_gui_tester) StderrLine: {'line': b'                 from \x1b[01m\x1b[K/home/a/ws_moveit2/src/MAVLink/MAVLink_gui_ros2/src/main.cpp:3\x1b[m\x1b[K:\n'}
[2.856845] (mavlink_gui_tester) StderrLine: {'line': b'\x1b[01m\x1b[K/home/a/ws_moveit2/src/MAVLink/MAVLink_gui_ros2/../MAVLink_ros2/include/mavlink/c_library_v2/common/./mavlink_msg_obstacle_distance.h:\x1b[m\x1b[K In function \xe2\x80\x98\x1b[01m\x1b[Kuint16_t mavlink_msg_obstacle_distance_encode(uint8_t, uint8_t, mavlink_message_t*, const mavlink_obstacle_distance_t*)\x1b[m\x1b[K\xe2\x80\x99:\n'}
[2.856909] (mavlink_gui_tester) StderrLine: {'line': b'\x1b[01m\x1b[K/home/a/ws_moveit2/src/MAVLink/MAVLink_gui_ros2/../MAVLink_ros2/include/mavlink/c_library_v2/common/./mavlink_msg_obstacle_distance.h:228:158:\x1b[m\x1b[K \x1b[01;35m\x1b[Kwarning: \x1b[m\x1b[Ktaking address of packed member of \xe2\x80\x98\x1b[01m\x1b[K__mavlink_obstacle_distance_t\x1b[m\x1b[K\xe2\x80\x99 may result in an unaligned pointer value [\x1b[01;35m\x1b[K\x1b]8;;https://gcc.gnu.org/onlinedocs/gcc/Warning-Options.html#index-Waddress-of-packed-member\x07-Waddress-of-packed-member\x1b]8;;\x07\x1b[m\x1b[K]\n'}
[2.856972] (mavlink_gui_tester) StderrLine: {'line': b'  228 | obstacle_distance->time_usec, obstacle_distance->sensor_type, \x1b[01;35m\x1b[Kobstacle_distance->distances\x1b[m\x1b[K, obstacle_distance->increment, obstacle_distance->min_distance, obstacle_distance->max_distance, obstacle_distance->increment_f, obstacle_distance->angle_offset, obstacle_distance->frame);\n'}
[2.857031] (mavlink_gui_tester) StderrLine: {'line': b'      |                                                               \x1b[01;35m\x1b[K~~~~~~~~~~~~~~~~~~~^~~~~~~~~\x1b[m\x1b[K\n'}
[2.857098] (mavlink_gui_tester) StderrLine: {'line': b'\n'}
[2.857266] (mavlink_gui_tester) StderrLine: {'line': b'\x1b[01m\x1b[K/home/a/ws_moveit2/src/MAVLink/MAVLink_gui_ros2/../MAVLink_ros2/include/mavlink/c_library_v2/common/./mavlink_msg_obstacle_distance.h:\x1b[m\x1b[K In function \xe2\x80\x98\x1b[01m\x1b[Kuint16_t mavlink_msg_obstacle_distance_encode_chan(uint8_t, uint8_t, uint8_t, mavlink_message_t*, const mavlink_obstacle_distance_t*)\x1b[m\x1b[K\xe2\x80\x99:\n'}
[2.857357] (mavlink_gui_tester) StderrLine: {'line': b'\x1b[01m\x1b[K/home/a/ws_moveit2/src/MAVLink/MAVLink_gui_ros2/../MAVLink_ros2/include/mavlink/c_library_v2/common/./mavlink_msg_obstacle_distance.h:242:169:\x1b[m\x1b[K \x1b[01;35m\x1b[Kwarning: \x1b[m\x1b[Ktaking address of packed member of \xe2\x80\x98\x1b[01m\x1b[K__mavlink_obstacle_distance_t\x1b[m\x1b[K\xe2\x80\x99 may result in an unaligned pointer value [\x1b[01;35m\x1b[K\x1b]8;;https://gcc.gnu.org/onlinedocs/gcc/Warning-Options.html#index-Waddress-of-packed-member\x07-Waddress-of-packed-member\x1b]8;;\x07\x1b[m\x1b[K]\n'}
[2.857419] (mavlink_gui_tester) StderrLine: {'line': b'  242 | obstacle_distance->time_usec, obstacle_distance->sensor_type, \x1b[01;35m\x1b[Kobstacle_distance->distances\x1b[m\x1b[K, obstacle_distance->increment, obstacle_distance->min_distance, obstacle_distance->max_distance, obstacle_distance->increment_f, obstacle_distance->angle_offset, obstacle_distance->frame);\n'}
[2.857474] (mavlink_gui_tester) StderrLine: {'line': b'      |                                                               \x1b[01;35m\x1b[K~~~~~~~~~~~~~~~~~~~^~~~~~~~~\x1b[m\x1b[K\n'}
[2.857527] (mavlink_gui_tester) StderrLine: {'line': b'\n'}
[2.857577] (mavlink_gui_tester) StderrLine: {'line': b'\x1b[01m\x1b[K/home/a/ws_moveit2/src/MAVLink/MAVLink_gui_ros2/../MAVLink_ros2/include/mavlink/c_library_v2/common/./mavlink_msg_obstacle_distance.h:\x1b[m\x1b[K In function \xe2\x80\x98\x1b[01m\x1b[Kuint16_t mavlink_msg_obstacle_distance_encode_status(uint8_t, uint8_t, mavlink_status_t*, mavlink_message_t*, const mavlink_obstacle_distance_t*)\x1b[m\x1b[K\xe2\x80\x99:\n'}
[2.857632] (mavlink_gui_tester) StderrLine: {'line': b'\x1b[01m\x1b[K/home/a/ws_moveit2/src/MAVLink/MAVLink_gui_ros2/../MAVLink_ros2/include/mavlink/c_library_v2/common/./mavlink_msg_obstacle_distance.h:256:175:\x1b[m\x1b[K \x1b[01;35m\x1b[Kwarning: \x1b[m\x1b[Ktaking address of packed member of \xe2\x80\x98\x1b[01m\x1b[K__mavlink_obstacle_distance_t\x1b[m\x1b[K\xe2\x80\x99 may result in an unaligned pointer value [\x1b[01;35m\x1b[K\x1b]8;;https://gcc.gnu.org/onlinedocs/gcc/Warning-Options.html#index-Waddress-of-packed-member\x07-Waddress-of-packed-member\x1b]8;;\x07\x1b[m\x1b[K]\n'}
[2.857687] (mavlink_gui_tester) StderrLine: {'line': b'  256 | obstacle_distance->time_usec, obstacle_distance->sensor_type, \x1b[01;35m\x1b[Kobstacle_distance->distances\x1b[m\x1b[K, obstacle_distance->increment, obstacle_distance->min_distance, obstacle_distance->max_distance, obstacle_distance->increment_f, obstacle_distance->angle_offset, obstacle_distance->frame);\n'}
[2.857744] (mavlink_gui_tester) StderrLine: {'line': b'      |                                                               \x1b[01;35m\x1b[K~~~~~~~~~~~~~~~~~~~^~~~~~~~~\x1b[m\x1b[K\n'}
[2.857799] (mavlink_gui_tester) StderrLine: {'line': b'\n'}
[2.908418] (-) TimerEvent: {}
[3.008769] (-) TimerEvent: {}
[3.109141] (-) TimerEvent: {}
[3.209489] (-) TimerEvent: {}
[3.309851] (-) TimerEvent: {}
[3.410223] (-) TimerEvent: {}
[3.510575] (-) TimerEvent: {}
[3.610951] (-) TimerEvent: {}
[3.711343] (-) TimerEvent: {}
[3.811685] (-) TimerEvent: {}
[3.912035] (-) TimerEvent: {}
[4.012402] (-) TimerEvent: {}
[4.112729] (-) TimerEvent: {}
[4.213167] (-) TimerEvent: {}
[4.313608] (-) TimerEvent: {}
[4.413954] (-) TimerEvent: {}
[4.514347] (-) TimerEvent: {}
[4.614688] (-) TimerEvent: {}
[4.715057] (-) TimerEvent: {}
[4.766076] (mavlink_gui_tester) StdoutLine: {'line': b'[ 75%] \x1b[32m\x1b[1mLinking CXX executable mavlink_gui_tester_node\x1b[0m\n'}
[4.815192] (-) TimerEvent: {}
[4.915591] (-) TimerEvent: {}
[5.015957] (-) TimerEvent: {}
[5.116331] (-) TimerEvent: {}
[5.216740] (-) TimerEvent: {}
[5.317137] (-) TimerEvent: {}
[5.417502] (-) TimerEvent: {}
[5.517868] (-) TimerEvent: {}
[5.618251] (-) TimerEvent: {}
[5.718614] (-) TimerEvent: {}
[5.818984] (-) TimerEvent: {}
[5.919396] (-) TimerEvent: {}
[5.994774] (mavlink_gui_tester) StdoutLine: {'line': b'[100%] Built target mavlink_gui_tester_node\n'}
[6.010920] (mavlink_gui_tester) CommandEnded: {'returncode': 0}
[6.011886] (mavlink_gui_tester) JobProgress: {'identifier': 'mavlink_gui_tester', 'progress': 'install'}
[6.019545] (-) TimerEvent: {}
[6.024142] (mavlink_gui_tester) Command: {'cmd': ['/usr/bin/cmake', '--install', '/home/a/ws_moveit2/build/mavlink_gui_tester'], 'cwd': '/home/a/ws_moveit2/build/mavlink_gui_tester', 'env': OrderedDict([('GJS_DEBUG_TOPICS', 'JS ERROR;JS LOG'), ('LESSOPEN', '| /usr/bin/lesspipe %s'), ('USER', 'a'), ('XDG_SESSION_TYPE', 'wayland'), ('SHLVL', '1'), ('LD_LIBRARY_PATH', '/home/a/ws_moveit2/install/trac_ik_kinematics_plugin/lib:/home/a/ws_moveit2/install/trac_ik_lib/lib:/home/a/ws_moveit2/install/stm32_mavlink_interface/lib:/home/a/ws_moveit2/install/right_arm_ikfast_plugin/lib:/home/a/ws_moveit2/install/pilz_industrial_motion_planner_testutils/lib:/home/a/ws_moveit2/install/pilz_industrial_motion_planner/lib:/home/a/ws_moveit2/install/moveit_visual_tools/lib:/home/a/ws_moveit2/install/moveit_task_constructor_visualization/lib:/home/a/ws_moveit2/install/moveit_task_constructor_demo/lib:/home/a/ws_moveit2/install/moveit_task_constructor_capabilities/lib:/home/a/ws_moveit2/install/moveit_task_constructor_core/lib:/home/a/ws_moveit2/install/moveit_ros_control_interface/lib:/home/a/ws_moveit2/install/moveit_simple_controller_manager/lib:/home/a/ws_moveit2/install/moveit_setup_assistant/lib:/home/a/ws_moveit2/install/moveit_setup_srdf_plugins/lib:/home/a/ws_moveit2/install/moveit_setup_core_plugins/lib:/home/a/ws_moveit2/install/moveit_setup_controllers/lib:/home/a/ws_moveit2/install/moveit_setup_app_plugins/lib:/home/a/ws_moveit2/install/moveit_setup_framework/lib:/home/a/ws_moveit2/install/moveit_servo/lib:/home/a/ws_moveit2/install/moveit_ros_visualization/lib:/home/a/ws_moveit2/install/moveit_hybrid_planning/lib:/home/a/ws_moveit2/install/moveit_ros_planning_interface/lib:/home/a/ws_moveit2/install/moveit_ros_benchmarks/lib:/home/a/ws_moveit2/install/moveit_ros_warehouse/lib:/home/a/ws_moveit2/install/moveit_ros_robot_interaction/lib:/home/a/ws_moveit2/install/moveit_ros_perception/lib:/home/a/ws_moveit2/install/moveit_ros_move_group/lib:/home/a/ws_moveit2/install/moveit_planners_ompl/lib:/home/a/ws_moveit2/install/left_arm_ikfast_plugin/lib:/home/a/ws_moveit2/install/moveit_ros_planning/lib:/home/a/ws_moveit2/install/moveit_ros_occupancy_map_monitor/lib:/home/a/ws_moveit2/install/moveit_resources_prbt_ikfast_manipulator_plugin/lib:/home/a/ws_moveit2/install/moveit_planners_chomp/lib:/home/a/ws_moveit2/install/moveit_kinematics/lib:/home/a/ws_moveit2/install/moveit_chomp_optimizer_adapter/lib:/home/a/ws_moveit2/install/chomp_motion_planner/lib:/home/a/ws_moveit2/install/moveit_core/lib:/home/a/ws_moveit2/install/srdfdom/lib:/home/a/ws_moveit2/install/rviz_marker_tools/lib:/home/a/ws_moveit2/install/rosparam_shortcuts/lib:/home/a/ws_moveit2/install/realsense2_camera/lib:/home/a/ws_moveit2/install/realsense2_camera_msgs/lib:/home/a/ws_moveit2/install/moveit_task_constructor_msgs/lib:/home/a/ws_moveit2/install/dynamixel_sdk_custom_interfaces/lib:/home/a/ws_moveit2/install/dynamixel_controller/lib:/home/a/ws_moveit2/install/dynamixel_sdk/lib:/usr/lib/x86_64-linux-gnu/gazebo-11/plugins:/opt/ros/humble/opt/rviz_ogre_vendor/lib:/opt/ros/humble/lib/x86_64-linux-gnu:/opt/ros/humble/lib'), ('HOME', '/home/a'), ('OLDPWD', '/home/a/ws_moveit2/src/MAVLink'), ('DESKTOP_SESSION', 'ubuntu'), ('NVM_BIN', '/home/a/.nvm/versions/node/v22.18.0/bin'), ('NVM_INC', '/home/a/.nvm/versions/node/v22.18.0/include/node'), ('GIO_LAUNCHED_DESKTOP_FILE', '/usr/share/applications/terminator.desktop'), ('ROS_PYTHON_VERSION', '3'), ('GNOME_SHELL_SESSION_MODE', 'ubuntu'), ('GTK_MODULES', 'gail:atk-bridge'), ('MANAGERPID', '1213'), ('SYSTEMD_EXEC_PID', '1445'), ('DBUS_SESSION_BUS_ADDRESS', 'unix:path=/run/user/1000/bus'), ('COLORTERM', 'truecolor'), ('TERMINATOR_DBUS_NAME', 'net.tenshu.Terminator25ef4b219e3b005583550f2b0f9f990c3'), ('GIO_LAUNCHED_DESKTOP_FILE_PID', '3048'), ('NVM_DIR', '/home/a/.nvm'), ('IM_CONFIG_PHASE', '1'), ('WAYLAND_DISPLAY', 'wayland-0'), ('COLCON_PREFIX_PATH', '/home/a/ws_moveit2/install'), ('ROS_DISTRO', 'humble'), ('LOGNAME', 'a'), ('JOURNAL_STREAM', '8:3514'), ('_', '/usr/bin/colcon'), ('ROS_VERSION', '2'), ('XDG_SESSION_CLASS', 'user'), ('USERNAME', 'a'), ('TERM', 'xterm-256color'), ('GNOME_DESKTOP_SESSION_ID', 'this-is-deprecated'), ('ROS_LOCALHOST_ONLY', '0'), ('PATH', '/home/a/ws_moveit2/install/moveit_core/bin:/home/a/.nvm/versions/node/v22.18.0/bin:/opt/ros/humble/bin:/home/a/.local/bin:/usr/local/sbin:/usr/local/bin:/usr/sbin:/usr/bin:/sbin:/bin:/usr/games:/usr/local/games:/snap/bin:/snap/bin'), ('SESSION_MANAGER', 'local/a:@/tmp/.ICE-unix/1406,unix/a:/tmp/.ICE-unix/1406'), ('INVOCATION_ID', 'a100030f866a48708cf7905c543bcf13'), ('XDG_MENU_PREFIX', 'gnome-'), ('GNOME_SETUP_DISPLAY', ':1'), ('XDG_RUNTIME_DIR', '/run/user/1000'), ('DISPLAY', ':0'), ('TERMINATOR_DBUS_PATH', '/net/tenshu/Terminator2'), ('LANG', 'en_US.UTF-8'), ('XDG_CURRENT_DESKTOP', 'ubuntu:GNOME'), ('XMODIFIERS', '@im=ibus'), ('XDG_SESSION_DESKTOP', 'ubuntu'), ('XAUTHORITY', '/run/user/1000/.mutter-Xwaylandauth.4WBWC3'), ('LS_COLORS', 'rs=0:di=01;34:ln=01;36:mh=00:pi=40;33:so=01;35:do=01;35:bd=40;33;01:cd=40;33;01:or=40;31;01:mi=00:su=37;41:sg=30;43:ca=30;41:tw=30;42:ow=34;42:st=37;44:ex=01;32:*.tar=01;31:*.tgz=01;31:*.arc=01;31:*.arj=01;31:*.taz=01;31:*.lha=01;31:*.lz4=01;31:*.lzh=01;31:*.lzma=01;31:*.tlz=01;31:*.txz=01;31:*.tzo=01;31:*.t7z=01;31:*.zip=01;31:*.z=01;31:*.dz=01;31:*.gz=01;31:*.lrz=01;31:*.lz=01;31:*.lzo=01;31:*.xz=01;31:*.zst=01;31:*.tzst=01;31:*.bz2=01;31:*.bz=01;31:*.tbz=01;31:*.tbz2=01;31:*.tz=01;31:*.deb=01;31:*.rpm=01;31:*.jar=01;31:*.war=01;31:*.ear=01;31:*.sar=01;31:*.rar=01;31:*.alz=01;31:*.ace=01;31:*.zoo=01;31:*.cpio=01;31:*.7z=01;31:*.rz=01;31:*.cab=01;31:*.wim=01;31:*.swm=01;31:*.dwm=01;31:*.esd=01;31:*.jpg=01;35:*.jpeg=01;35:*.mjpg=01;35:*.mjpeg=01;35:*.gif=01;35:*.bmp=01;35:*.pbm=01;35:*.pgm=01;35:*.ppm=01;35:*.tga=01;35:*.xbm=01;35:*.xpm=01;35:*.tif=01;35:*.tiff=01;35:*.png=01;35:*.svg=01;35:*.svgz=01;35:*.mng=01;35:*.pcx=01;35:*.mov=01;35:*.mpg=01;35:*.mpeg=01;35:*.m2v=01;35:*.mkv=01;35:*.webm=01;35:*.webp=01;35:*.ogm=01;35:*.mp4=01;35:*.m4v=01;35:*.mp4v=01;35:*.vob=01;35:*.qt=01;35:*.nuv=01;35:*.wmv=01;35:*.asf=01;35:*.rm=01;35:*.rmvb=01;35:*.flc=01;35:*.avi=01;35:*.fli=01;35:*.flv=01;35:*.gl=01;35:*.dl=01;35:*.xcf=01;35:*.xwd=01;35:*.yuv=01;35:*.cgm=01;35:*.emf=01;35:*.ogv=01;35:*.ogx=01;35:*.aac=00;36:*.au=00;36:*.flac=00;36:*.m4a=00;36:*.mid=00;36:*.midi=00;36:*.mka=00;36:*.mp3=00;36:*.mpc=00;36:*.ogg=00;36:*.ra=00;36:*.wav=00;36:*.oga=00;36:*.opus=00;36:*.spx=00;36:*.xspf=00;36:'), ('SSH_AGENT_LAUNCHER', 'gnome-keyring'), ('SSH_AUTH_SOCK', '/run/user/1000/keyring/ssh'), ('AMENT_PREFIX_PATH', '/home/a/ws_moveit2/install/urdf_0816_description:/home/a/ws_moveit2/install/trac_ik:/home/a/ws_moveit2/install/robot_config:/home/a/ws_moveit2/install/trac_ik_kinematics_plugin:/home/a/ws_moveit2/install/trac_ik_lib:/home/a/ws_moveit2/install/mavlink_controller_client:/home/a/ws_moveit2/install/stm32_mavlink_interface:/home/a/ws_moveit2/install/right_arm_ikfast_plugin:/home/a/ws_moveit2/install/pilz_industrial_motion_planner_testutils:/home/a/ws_moveit2/install/moveit_runtime:/home/a/ws_moveit2/install/moveit2_tutorials:/home/a/ws_moveit2/install/moveit:/home/a/ws_moveit2/install/moveit_planners:/home/a/ws_moveit2/install/pilz_industrial_motion_planner:/home/a/ws_moveit2/install/mtc_tutorial:/home/a/ws_moveit2/install/hello_moveit:/home/a/ws_moveit2/install/moveit_visual_tools:/home/a/ws_moveit2/install/moveit_task_constructor_visualization:/home/a/ws_moveit2/install/moveit_task_constructor_demo:/home/a/ws_moveit2/install/moveit_task_constructor_capabilities:/home/a/ws_moveit2/install/moveit_task_constructor_core:/home/a/ws_moveit2/install/moveit_ros_control_interface:/home/a/ws_moveit2/install/moveit_plugins:/home/a/ws_moveit2/install/moveit_simple_controller_manager:/home/a/ws_moveit2/install/moveit_setup_assistant:/home/a/ws_moveit2/install/moveit_setup_srdf_plugins:/home/a/ws_moveit2/install/moveit_setup_core_plugins:/home/a/ws_moveit2/install/moveit_setup_controllers:/home/a/ws_moveit2/install/moveit_setup_app_plugins:/home/a/ws_moveit2/install/moveit_setup_framework:/home/a/ws_moveit2/install/moveit_servo:/home/a/ws_moveit2/install/moveit_ros:/home/a/ws_moveit2/install/moveit_ros_visualization:/home/a/ws_moveit2/install/moveit_hybrid_planning:/home/a/ws_moveit2/install/moveit_ros_planning_interface:/home/a/ws_moveit2/install/moveit_ros_benchmarks:/home/a/ws_moveit2/install/moveit_ros_warehouse:/home/a/ws_moveit2/install/moveit_ros_robot_interaction:/home/a/ws_moveit2/install/moveit_ros_perception:/home/a/ws_moveit2/install/moveit_resources_prbt_pg70_support:/home/a/ws_moveit2/install/moveit_resources_prbt_moveit_config:/home/a/ws_moveit2/install/moveit_ros_move_group:/home/a/ws_moveit2/install/moveit_planners_ompl:/home/a/ws_moveit2/install/left_arm_ikfast_plugin:/home/a/ws_moveit2/install/moveit_ros_planning:/home/a/ws_moveit2/install/moveit_ros_occupancy_map_monitor:/home/a/ws_moveit2/install/moveit_resources_prbt_ikfast_manipulator_plugin:/home/a/ws_moveit2/install/moveit_planners_chomp:/home/a/ws_moveit2/install/moveit_kinematics:/home/a/ws_moveit2/install/moveit_chomp_optimizer_adapter:/home/a/ws_moveit2/install/chomp_motion_planner:/home/a/ws_moveit2/install/moveit_core:/home/a/ws_moveit2/install/moveit_configs_utils:/home/a/ws_moveit2/install/srdfdom:/home/a/ws_moveit2/install/rviz_marker_tools:/home/a/ws_moveit2/install/rosparam_shortcuts:/home/a/ws_moveit2/install/ros_tcp_endpoint:/home/a/ws_moveit2/install/red_seiretu_description:/home/a/ws_moveit2/install/realsense2_ros_mqtt_bridge:/home/a/ws_moveit2/install/realsense2_description:/home/a/ws_moveit2/install/realsense2_camera:/home/a/ws_moveit2/install/realsense2_camera_msgs:/home/a/ws_moveit2/install/object_description:/home/a/ws_moveit2/install/moveit_task_constructor_msgs:/home/a/ws_moveit2/install/moveit_resources_prbt_support:/home/a/ws_moveit2/install/moveit_resources:/home/a/ws_moveit2/install/moveit_resources_pr2_description:/home/a/ws_moveit2/install/moveit_resources_panda_moveit_config:/home/a/ws_moveit2/install/moveit_resources_panda_description:/home/a/ws_moveit2/install/moveit_resources_fanuc_moveit_config:/home/a/ws_moveit2/install/moveit_resources_fanuc_description:/home/a/ws_moveit2/install/moveit_common:/home/a/ws_moveit2/install/mavlink_gui_tester:/home/a/ws_moveit2/install/launch_param_builder:/home/a/ws_moveit2/install/field_description_test:/home/a/ws_moveit2/install/field_description:/home/a/ws_moveit2/install/dynamixel_sdk_examples:/home/a/ws_moveit2/install/dynamixel_sdk_custom_interfaces:/home/a/ws_moveit2/install/dynamixel_controller_gui:/home/a/ws_moveit2/install/dynamixel_controller:/home/a/ws_moveit2/install/dynamixel_sdk:/home/a/ws_moveit2/install/dynamixel_controller_client:/home/a/ws_moveit2/install/d415_rgb_depth_3d:/home/a/ws_moveit2/install/catch_gazebo_ros2_control:/home/a/ws_moveit2/install/blue_seiretu_description:/home/a/ws_moveit2/install/0525_arm_description:/opt/ros/humble'), ('SHELL', '/bin/bash'), ('TERMINATOR_UUID', 'urn:uuid:eafdab0d-8274-42e2-8fcd-57b9e3c5174e'), ('QT_ACCESSIBILITY', '1'), ('GDMSESSION', 'ubuntu'), ('LESSCLOSE', '/usr/bin/lesspipe %s %s'), ('CMAKE_MODULE_PATH', '/home/a/ws_moveit2/install/moveit_task_constructor_core/share/moveit_task_constructor_core/cmake'), ('GJS_DEBUG_OUTPUT', 'stderr'), ('QT_IM_MODULE', 'ibus'), ('PWD', '/home/a/ws_moveit2/build/mavlink_gui_tester'), ('LC_ALL', 'en_US.UTF-8'), ('XDG_CONFIG_DIRS', '/etc/xdg/xdg-ubuntu:/etc/xdg'), ('NVM_CD_FLAGS', ''), ('XDG_DATA_DIRS', '/usr/share/ubuntu:/home/a/.local/share/flatpak/exports/share:/var/lib/flatpak/exports/share:/usr/local/share/:/usr/share/:/var/lib/snapd/desktop'), ('PYTHONPATH', '/home/a/ws_moveit2/install/mavlink_controller_client/lib/python3.10/site-packages:/home/a/ws_moveit2/install/stm32_mavlink_interface/local/lib/python3.10/dist-packages:/home/a/ws_moveit2/install/moveit_task_constructor_core/local/lib/python3.10/dist-packages:/home/a/ws_moveit2/install/moveit_configs_utils/lib/python3.10/site-packages:/home/a/ws_moveit2/install/srdfdom/local/lib/python3.10/dist-packages:/home/a/ws_moveit2/install/ros_tcp_endpoint/lib/python3.10/site-packages:/home/a/ws_moveit2/install/realsense2_ros_mqtt_bridge/lib/python3.10/site-packages:/home/a/ws_moveit2/install/realsense2_camera_msgs/local/lib/python3.10/dist-packages:/home/a/ws_moveit2/install/moveit_task_constructor_msgs/local/lib/python3.10/dist-packages:/home/a/ws_moveit2/install/launch_param_builder/lib/python3.10/site-packages:/home/a/ws_moveit2/install/dynamixel_sdk_custom_interfaces/local/lib/python3.10/dist-packages:/home/a/ws_moveit2/install/dynamixel_controller_gui/lib/python3.10/site-packages:/home/a/ws_moveit2/install/dynamixel_controller/local/lib/python3.10/dist-packages:/home/a/ws_moveit2/install/dynamixel_controller_client/lib/python3.10/site-packages:/home/a/ws_moveit2/install/d415_rgb_depth_3d/lib/python3.10/site-packages:/opt/ros/humble/lib/python3.10/site-packages:/opt/ros/humble/local/lib/python3.10/dist-packages'), ('COLCON', '1'), ('VTE_VERSION', '6800'), ('CMAKE_PREFIX_PATH', '/home/a/ws_moveit2/install/urdf_0816_description:/home/a/ws_moveit2/install/trac_ik:/home/a/ws_moveit2/install/robot_config:/home/a/ws_moveit2/install/trac_ik_kinematics_plugin:/home/a/ws_moveit2/install/trac_ik_lib:/home/a/ws_moveit2/install/stm32_mavlink_interface:/home/a/ws_moveit2/install/right_arm_ikfast_plugin:/home/a/ws_moveit2/install/pilz_industrial_motion_planner_testutils:/home/a/ws_moveit2/install/moveit_runtime:/home/a/ws_moveit2/install/moveit2_tutorials:/home/a/ws_moveit2/install/moveit:/home/a/ws_moveit2/install/moveit_planners:/home/a/ws_moveit2/install/pilz_industrial_motion_planner:/home/a/ws_moveit2/install/mtc_tutorial:/home/a/ws_moveit2/install/hello_moveit:/home/a/ws_moveit2/install/moveit_visual_tools:/home/a/ws_moveit2/install/moveit_task_constructor_visualization:/home/a/ws_moveit2/install/moveit_task_constructor_demo:/home/a/ws_moveit2/install/moveit_task_constructor_capabilities:/home/a/ws_moveit2/install/moveit_task_constructor_core:/home/a/ws_moveit2/install/moveit_ros_control_interface:/home/a/ws_moveit2/install/moveit_plugins:/home/a/ws_moveit2/install/moveit_simple_controller_manager:/home/a/ws_moveit2/install/moveit_setup_assistant:/home/a/ws_moveit2/install/moveit_setup_srdf_plugins:/home/a/ws_moveit2/install/moveit_setup_core_plugins:/home/a/ws_moveit2/install/moveit_setup_controllers:/home/a/ws_moveit2/install/moveit_setup_app_plugins:/home/a/ws_moveit2/install/moveit_setup_framework:/home/a/ws_moveit2/install/moveit_servo:/home/a/ws_moveit2/install/moveit_ros:/home/a/ws_moveit2/install/moveit_ros_visualization:/home/a/ws_moveit2/install/moveit_hybrid_planning:/home/a/ws_moveit2/install/moveit_ros_planning_interface:/home/a/ws_moveit2/install/moveit_ros_benchmarks:/home/a/ws_moveit2/install/moveit_ros_warehouse:/home/a/ws_moveit2/install/moveit_ros_robot_interaction:/home/a/ws_moveit2/install/moveit_ros_perception:/home/a/ws_moveit2/install/moveit_resources_prbt_pg70_support:/home/a/ws_moveit2/install/moveit_resources_prbt_moveit_config:/home/a/ws_moveit2/install/moveit_ros_move_group:/home/a/ws_moveit2/install/moveit_planners_ompl:/home/a/ws_moveit2/install/left_arm_ikfast_plugin:/home/a/ws_moveit2/install/moveit_ros_planning:/home/a/ws_moveit2/install/moveit_ros_occupancy_map_monitor:/home/a/ws_moveit2/install/moveit_resources_prbt_ikfast_manipulator_plugin:/home/a/ws_moveit2/install/moveit_planners_chomp:/home/a/ws_moveit2/install/moveit_kinematics:/home/a/ws_moveit2/install/moveit_chomp_optimizer_adapter:/home/a/ws_moveit2/install/chomp_motion_planner:/home/a/ws_moveit2/install/moveit_core:/home/a/ws_moveit2/install/srdfdom:/home/a/ws_moveit2/install/rviz_marker_tools:/home/a/ws_moveit2/install/rosparam_shortcuts:/home/a/ws_moveit2/install/red_seiretu_description:/home/a/ws_moveit2/install/realsense2_description:/home/a/ws_moveit2/install/realsense2_camera:/home/a/ws_moveit2/install/realsense2_camera_msgs:/home/a/ws_moveit2/install/object_description:/home/a/ws_moveit2/install/moveit_task_constructor_msgs:/home/a/ws_moveit2/install/moveit_resources_prbt_support:/home/a/ws_moveit2/install/moveit_resources:/home/a/ws_moveit2/install/moveit_resources_pr2_description:/home/a/ws_moveit2/install/moveit_resources_panda_moveit_config:/home/a/ws_moveit2/install/moveit_resources_panda_description:/home/a/ws_moveit2/install/moveit_resources_fanuc_moveit_config:/home/a/ws_moveit2/install/moveit_resources_fanuc_description:/home/a/ws_moveit2/install/moveit_common:/home/a/ws_moveit2/install/mavlink_gui_tester:/home/a/ws_moveit2/install/field_description_test:/home/a/ws_moveit2/install/field_description:/home/a/ws_moveit2/install/dynamixel_sdk_examples:/home/a/ws_moveit2/install/dynamixel_sdk_custom_interfaces:/home/a/ws_moveit2/install/dynamixel_controller:/home/a/ws_moveit2/install/dynamixel_sdk:/home/a/ws_moveit2/install/catch_gazebo_ros2_control:/home/a/ws_moveit2/install/blue_seiretu_description:/home/a/ws_moveit2/install/0525_arm_description:/home/a/ws_moveit2/install/mavlink_controller_client:/home/a/ws_moveit2/install/moveit_configs_utils:/home/a/ws_moveit2/install/ros_tcp_endpoint:/home/a/ws_moveit2/install/realsense2_ros_mqtt_bridge:/home/a/ws_moveit2/install/launch_param_builder:/home/a/ws_moveit2/install/dynamixel_controller_gui:/home/a/ws_moveit2/install/dynamixel_controller_client:/home/a/ws_moveit2/install/d415_rgb_depth_3d:/opt/ros/humble')]), 'shell': False}
[6.038407] (mavlink_gui_tester) StdoutLine: {'line': b'-- Install configuration: ""\n'}
[6.038607] (mavlink_gui_tester) StdoutLine: {'line': b'-- Installing: /home/a/ws_moveit2/install/mavlink_gui_tester/lib/mavlink_gui_tester/mavlink_gui_tester_node\n'}
[6.039541] (mavlink_gui_tester) StdoutLine: {'line': b'-- Set runtime path of "/home/a/ws_moveit2/install/mavlink_gui_tester/lib/mavlink_gui_tester/mavlink_gui_tester_node" to ""\n'}
[6.039722] (mavlink_gui_tester) StdoutLine: {'line': b'-- Up-to-date: /home/a/ws_moveit2/install/mavlink_gui_tester/include/\n'}
[6.039799] (mavlink_gui_tester) StdoutLine: {'line': b'-- Up-to-date: /home/a/ws_moveit2/install/mavlink_gui_tester/include//mavlink_gui_tester\n'}
[6.039863] (mavlink_gui_tester) StdoutLine: {'line': b'-- Up-to-date: /home/a/ws_moveit2/install/mavlink_gui_tester/include//mavlink_gui_tester/line_graph_widget.hpp\n'}
[6.039965] (mavlink_gui_tester) StdoutLine: {'line': b'-- Up-to-date: /home/a/ws_moveit2/install/mavlink_gui_tester/include//mavlink_gui_tester/mavlink_gui_node.hpp\n'}
[6.040030] (mavlink_gui_tester) StdoutLine: {'line': b'-- Installing: /home/a/ws_moveit2/install/mavlink_gui_tester/include//mavlink_gui_tester/mavlink_gui_widget.hpp\n'}
[6.040104] (mavlink_gui_tester) StdoutLine: {'line': b'-- Up-to-date: /home/a/ws_moveit2/install/mavlink_gui_tester/share/mavlink_gui_tester/launch/\n'}
[6.040174] (mavlink_gui_tester) StdoutLine: {'line': b'-- Up-to-date: /home/a/ws_moveit2/install/mavlink_gui_tester/share/mavlink_gui_tester/launch//mavlink_gui_tester.launch.py\n'}
[6.040234] (mavlink_gui_tester) StdoutLine: {'line': b'-- Up-to-date: /home/a/ws_moveit2/install/mavlink_gui_tester/share/ament_index/resource_index/package_run_dependencies/mavlink_gui_tester\n'}
[6.040509] (mavlink_gui_tester) StdoutLine: {'line': b'-- Up-to-date: /home/a/ws_moveit2/install/mavlink_gui_tester/share/ament_index/resource_index/parent_prefix_path/mavlink_gui_tester\n'}
[6.040644] (mavlink_gui_tester) StdoutLine: {'line': b'-- Up-to-date: /home/a/ws_moveit2/install/mavlink_gui_tester/share/mavlink_gui_tester/environment/ament_prefix_path.sh\n'}
[6.040714] (mavlink_gui_tester) StdoutLine: {'line': b'-- Up-to-date: /home/a/ws_moveit2/install/mavlink_gui_tester/share/mavlink_gui_tester/environment/ament_prefix_path.dsv\n'}
[6.040774] (mavlink_gui_tester) StdoutLine: {'line': b'-- Up-to-date: /home/a/ws_moveit2/install/mavlink_gui_tester/share/mavlink_gui_tester/environment/path.sh\n'}
[6.040834] (mavlink_gui_tester) StdoutLine: {'line': b'-- Up-to-date: /home/a/ws_moveit2/install/mavlink_gui_tester/share/mavlink_gui_tester/environment/path.dsv\n'}
[6.040890] (mavlink_gui_tester) StdoutLine: {'line': b'-- Up-to-date: /home/a/ws_moveit2/install/mavlink_gui_tester/share/mavlink_gui_tester/local_setup.bash\n'}
[6.040943] (mavlink_gui_tester) StdoutLine: {'line': b'-- Up-to-date: /home/a/ws_moveit2/install/mavlink_gui_tester/share/mavlink_gui_tester/local_setup.sh\n'}
[6.040997] (mavlink_gui_tester) StdoutLine: {'line': b'-- Up-to-date: /home/a/ws_moveit2/install/mavlink_gui_tester/share/mavlink_gui_tester/local_setup.zsh\n'}
[6.041050] (mavlink_gui_tester) StdoutLine: {'line': b'-- Up-to-date: /home/a/ws_moveit2/install/mavlink_gui_tester/share/mavlink_gui_tester/local_setup.dsv\n'}
[6.041118] (mavlink_gui_tester) StdoutLine: {'line': b'-- Installing: /home/a/ws_moveit2/install/mavlink_gui_tester/share/mavlink_gui_tester/package.dsv\n'}
[6.041184] (mavlink_gui_tester) StdoutLine: {'line': b'-- Up-to-date: /home/a/ws_moveit2/install/mavlink_gui_tester/share/ament_index/resource_index/packages/mavlink_gui_tester\n'}
[6.041282] (mavlink_gui_tester) StdoutLine: {'line': b'-- Up-to-date: /home/a/ws_moveit2/install/mavlink_gui_tester/share/mavlink_gui_tester/cmake/mavlink_gui_testerConfig.cmake\n'}
[6.041339] (mavlink_gui_tester) StdoutLine: {'line': b'-- Up-to-date: /home/a/ws_moveit2/install/mavlink_gui_tester/share/mavlink_gui_tester/cmake/mavlink_gui_testerConfig-version.cmake\n'}
[6.041768] (mavlink_gui_tester) StdoutLine: {'line': b'-- Up-to-date: /home/a/ws_moveit2/install/mavlink_gui_tester/share/mavlink_gui_tester/package.xml\n'}
[6.043365] (mavlink_gui_tester) CommandEnded: {'returncode': 0}
[6.064610] (mavlink_gui_tester) JobEnded: {'identifier': 'mavlink_gui_tester', 'rc': 0}
[6.081750] (-) EventReactorShutdown: {}
