[0.000000] (-) TimerEvent: {}
[0.000451] (-) JobUnselected: {'identifier': 'MAVLink_f446re'}
[0.000522] (-) JobUnselected: {'identifier': 'blue_seiretu_description'}
[0.000556] (-) JobUnselected: {'identifier': 'catch_gazebo_ros2_control'}
[0.000594] (-) JobUnselected: {'identifier': 'chomp_motion_planner'}
[0.000621] (-) JobUnselected: {'identifier': 'd415_rgb_depth_3d'}
[0.000726] (-) JobUnselected: {'identifier': 'dynamixel_controller'}
[0.000754] (-) JobUnselected: {'identifier': 'dynamixel_controller_client'}
[0.000789] (-) JobUnselected: {'identifier': 'dynamixel_controller_gui'}
[0.000815] (-) JobUnselected: {'identifier': 'dynamixel_sdk'}
[0.000960] (-) JobUnselected: {'identifier': 'dynamixel_sdk_custom_interfaces'}
[0.001030] (-) JobUnselected: {'identifier': 'dynamixel_sdk_examples'}
[0.001124] (-) JobUnselected: {'identifier': 'field_description'}
[0.001161] (-) JobUnselected: {'identifier': 'hello_moveit'}
[0.001218] (-) JobUnselected: {'identifier': 'launch_param_builder'}
[0.001244] (-) JobUnselected: {'identifier': 'mavlink_controller_client'}
[0.001278] (-) JobUnselected: {'identifier': 'moveit'}
[0.001331] (-) JobUnselected: {'identifier': 'moveit2_tutorials'}
[0.001372] (-) JobUnselected: {'identifier': 'moveit_chomp_optimizer_adapter'}
[0.001401] (-) JobUnselected: {'identifier': 'moveit_common'}
[0.001428] (-) JobUnselected: {'identifier': 'moveit_configs_utils'}
[0.001472] (-) JobUnselected: {'identifier': 'moveit_core'}
[0.001526] (-) JobUnselected: {'identifier': 'moveit_hybrid_planning'}
[0.001551] (-) JobUnselected: {'identifier': 'moveit_kinematics'}
[0.001585] (-) JobUnselected: {'identifier': 'moveit_planners'}
[0.001646] (-) JobUnselected: {'identifier': 'moveit_planners_chomp'}
[0.001674] (-) JobUnselected: {'identifier': 'moveit_planners_ompl'}
[0.001700] (-) JobUnselected: {'identifier': 'moveit_plugins'}
[0.001725] (-) JobUnselected: {'identifier': 'moveit_resources'}
[0.001779] (-) JobUnselected: {'identifier': 'moveit_resources_fanuc_description'}
[0.001805] (-) JobUnselected: {'identifier': 'moveit_resources_fanuc_moveit_config'}
[0.001933] (-) JobUnselected: {'identifier': 'moveit_resources_panda_description'}
[0.001973] (-) JobUnselected: {'identifier': 'moveit_resources_panda_moveit_config'}
[0.002016] (-) JobUnselected: {'identifier': 'moveit_resources_pr2_description'}
[0.002067] (-) JobUnselected: {'identifier': 'moveit_resources_prbt_ikfast_manipulator_plugin'}
[0.002119] (-) JobUnselected: {'identifier': 'moveit_resources_prbt_moveit_config'}
[0.002182] (-) JobUnselected: {'identifier': 'moveit_resources_prbt_pg70_support'}
[0.002233] (-) JobUnselected: {'identifier': 'moveit_resources_prbt_support'}
[0.002257] (-) JobUnselected: {'identifier': 'moveit_ros'}
[0.002288] (-) JobUnselected: {'identifier': 'moveit_ros_benchmarks'}
[0.002332] (-) JobUnselected: {'identifier': 'moveit_ros_control_interface'}
[0.002368] (-) JobUnselected: {'identifier': 'moveit_ros_move_group'}
[0.002406] (-) JobUnselected: {'identifier': 'moveit_ros_occupancy_map_monitor'}
[0.002456] (-) JobUnselected: {'identifier': 'moveit_ros_perception'}
[0.002479] (-) JobUnselected: {'identifier': 'moveit_ros_planning'}
[0.002509] (-) JobUnselected: {'identifier': 'moveit_ros_planning_interface'}
[0.002532] (-) JobUnselected: {'identifier': 'moveit_ros_robot_interaction'}
[0.002585] (-) JobUnselected: {'identifier': 'moveit_ros_visualization'}
[0.002611] (-) JobUnselected: {'identifier': 'moveit_ros_warehouse'}
[0.002660] (-) JobUnselected: {'identifier': 'moveit_runtime'}
[0.002683] (-) JobUnselected: {'identifier': 'moveit_servo'}
[0.002713] (-) JobUnselected: {'identifier': 'moveit_setup_app_plugins'}
[0.002861] (-) JobUnselected: {'identifier': 'moveit_setup_assistant'}
[0.002884] (-) JobUnselected: {'identifier': 'moveit_setup_controllers'}
[0.003132] (-) JobUnselected: {'identifier': 'moveit_setup_core_plugins'}
[0.003157] (-) JobUnselected: {'identifier': 'moveit_setup_framework'}
[0.003184] (-) JobUnselected: {'identifier': 'moveit_setup_srdf_plugins'}
[0.003206] (-) JobUnselected: {'identifier': 'moveit_simple_controller_manager'}
[0.003243] (-) JobUnselected: {'identifier': 'moveit_task_constructor_capabilities'}
[0.003286] (-) JobUnselected: {'identifier': 'moveit_task_constructor_core'}
[0.003310] (-) JobUnselected: {'identifier': 'moveit_task_constructor_demo'}
[0.003343] (-) JobUnselected: {'identifier': 'moveit_task_constructor_msgs'}
[0.003381] (-) JobUnselected: {'identifier': 'moveit_task_constructor_visualization'}
[0.003418] (-) JobUnselected: {'identifier': 'moveit_visual_tools'}
[0.003449] (-) JobUnselected: {'identifier': 'mtc_tutorial'}
[0.003472] (-) JobUnselected: {'identifier': 'object_description'}
[0.003504] (-) JobUnselected: {'identifier': 'pilz_industrial_motion_planner'}
[0.003527] (-) JobUnselected: {'identifier': 'pilz_industrial_motion_planner_testutils'}
[0.003561] (-) JobUnselected: {'identifier': 'realsense2_camera'}
[0.003592] (-) JobUnselected: {'identifier': 'realsense2_camera_msgs'}
[0.003616] (-) JobUnselected: {'identifier': 'realsense2_description'}
[0.003632] (-) JobUnselected: {'identifier': 'realsense2_ros_mqtt_bridge'}
[0.003647] (-) JobUnselected: {'identifier': 'red_seiretu_description'}
[0.003662] (-) JobUnselected: {'identifier': 'robot_config'}
[0.003677] (-) JobUnselected: {'identifier': 'ros_tcp_endpoint'}
[0.003691] (-) JobUnselected: {'identifier': 'rosparam_shortcuts'}
[0.003707] (-) JobUnselected: {'identifier': 'rviz_marker_tools'}
[0.003721] (-) JobUnselected: {'identifier': 'srdfdom'}
[0.003745] (-) JobUnselected: {'identifier': 'stm32_mavlink_interface'}
[0.003761] (-) JobUnselected: {'identifier': 'trac_ik'}
[0.003776] (-) JobUnselected: {'identifier': 'trac_ik_kinematics_plugin'}
[0.003791] (-) JobUnselected: {'identifier': 'trac_ik_lib'}
[0.003806] (-) JobUnselected: {'identifier': 'urdf_0816_description'}
[0.003823] (mavlink_gui_tester) JobQueued: {'identifier': 'mavlink_gui_tester', 'dependencies': OrderedDict()}
[0.003842] (mavlink_gui_tester) JobStarted: {'identifier': 'mavlink_gui_tester'}
[0.013601] (mavlink_gui_tester) JobProgress: {'identifier': 'mavlink_gui_tester', 'progress': 'cmake'}
[0.014339] (mavlink_gui_tester) JobProgress: {'identifier': 'mavlink_gui_tester', 'progress': 'build'}
[0.015227] (mavlink_gui_tester) Command: {'cmd': ['/usr/bin/cmake', '--build', '/home/a/ws_moveit2/build/mavlink_gui_tester', '--', '-j22', '-l22'], 'cwd': '/home/a/ws_moveit2/build/mavlink_gui_tester', 'env': OrderedDict([('GJS_DEBUG_TOPICS', 'JS ERROR;JS LOG'), ('LESSOPEN', '| /usr/bin/lesspipe %s'), ('USER', 'a'), ('XDG_SESSION_TYPE', 'wayland'), ('SHLVL', '1'), ('LD_LIBRARY_PATH', '/home/a/ws_moveit2/install/trac_ik_kinematics_plugin/lib:/home/a/ws_moveit2/install/trac_ik_lib/lib:/home/a/ws_moveit2/install/stm32_mavlink_interface/lib:/home/a/ws_moveit2/install/right_arm_ikfast_plugin/lib:/home/a/ws_moveit2/install/pilz_industrial_motion_planner_testutils/lib:/home/a/ws_moveit2/install/pilz_industrial_motion_planner/lib:/home/a/ws_moveit2/install/moveit_visual_tools/lib:/home/a/ws_moveit2/install/moveit_task_constructor_visualization/lib:/home/a/ws_moveit2/install/moveit_task_constructor_demo/lib:/home/a/ws_moveit2/install/moveit_task_constructor_capabilities/lib:/home/a/ws_moveit2/install/moveit_task_constructor_core/lib:/home/a/ws_moveit2/install/moveit_ros_control_interface/lib:/home/a/ws_moveit2/install/moveit_simple_controller_manager/lib:/home/a/ws_moveit2/install/moveit_setup_assistant/lib:/home/a/ws_moveit2/install/moveit_setup_srdf_plugins/lib:/home/a/ws_moveit2/install/moveit_setup_core_plugins/lib:/home/a/ws_moveit2/install/moveit_setup_controllers/lib:/home/a/ws_moveit2/install/moveit_setup_app_plugins/lib:/home/a/ws_moveit2/install/moveit_setup_framework/lib:/home/a/ws_moveit2/install/moveit_servo/lib:/home/a/ws_moveit2/install/moveit_ros_visualization/lib:/home/a/ws_moveit2/install/moveit_hybrid_planning/lib:/home/a/ws_moveit2/install/moveit_ros_planning_interface/lib:/home/a/ws_moveit2/install/moveit_ros_benchmarks/lib:/home/a/ws_moveit2/install/moveit_ros_warehouse/lib:/home/a/ws_moveit2/install/moveit_ros_robot_interaction/lib:/home/a/ws_moveit2/install/moveit_ros_perception/lib:/home/a/ws_moveit2/install/moveit_ros_move_group/lib:/home/a/ws_moveit2/install/moveit_planners_ompl/lib:/home/a/ws_moveit2/install/left_arm_ikfast_plugin/lib:/home/a/ws_moveit2/install/moveit_ros_planning/lib:/home/a/ws_moveit2/install/moveit_ros_occupancy_map_monitor/lib:/home/a/ws_moveit2/install/moveit_resources_prbt_ikfast_manipulator_plugin/lib:/home/a/ws_moveit2/install/moveit_planners_chomp/lib:/home/a/ws_moveit2/install/moveit_kinematics/lib:/home/a/ws_moveit2/install/moveit_chomp_optimizer_adapter/lib:/home/a/ws_moveit2/install/chomp_motion_planner/lib:/home/a/ws_moveit2/install/moveit_core/lib:/home/a/ws_moveit2/install/srdfdom/lib:/home/a/ws_moveit2/install/rviz_marker_tools/lib:/home/a/ws_moveit2/install/rosparam_shortcuts/lib:/home/a/ws_moveit2/install/realsense2_camera/lib:/home/a/ws_moveit2/install/realsense2_camera_msgs/lib:/home/a/ws_moveit2/install/moveit_task_constructor_msgs/lib:/home/a/ws_moveit2/install/dynamixel_sdk_custom_interfaces/lib:/home/a/ws_moveit2/install/dynamixel_controller/lib:/home/a/ws_moveit2/install/dynamixel_sdk/lib:/usr/lib/x86_64-linux-gnu/gazebo-11/plugins:/opt/ros/humble/opt/rviz_ogre_vendor/lib:/opt/ros/humble/lib/x86_64-linux-gnu:/opt/ros/humble/lib'), ('HOME', '/home/a'), ('OLDPWD', '/home/a/ws_moveit2/src/MAVLink'), ('DESKTOP_SESSION', 'ubuntu'), ('NVM_BIN', '/home/a/.nvm/versions/node/v22.18.0/bin'), ('NVM_INC', '/home/a/.nvm/versions/node/v22.18.0/include/node'), ('GIO_LAUNCHED_DESKTOP_FILE', '/usr/share/applications/terminator.desktop'), ('ROS_PYTHON_VERSION', '3'), ('GNOME_SHELL_SESSION_MODE', 'ubuntu'), ('GTK_MODULES', 'gail:atk-bridge'), ('MANAGERPID', '1213'), ('SYSTEMD_EXEC_PID', '1445'), ('DBUS_SESSION_BUS_ADDRESS', 'unix:path=/run/user/1000/bus'), ('COLORTERM', 'truecolor'), ('TERMINATOR_DBUS_NAME', 'net.tenshu.Terminator25ef4b219e3b005583550f2b0f9f990c3'), ('GIO_LAUNCHED_DESKTOP_FILE_PID', '3048'), ('NVM_DIR', '/home/a/.nvm'), ('IM_CONFIG_PHASE', '1'), ('WAYLAND_DISPLAY', 'wayland-0'), ('COLCON_PREFIX_PATH', '/home/a/ws_moveit2/install'), ('ROS_DISTRO', 'humble'), ('LOGNAME', 'a'), ('JOURNAL_STREAM', '8:3514'), ('_', '/usr/bin/colcon'), ('ROS_VERSION', '2'), ('XDG_SESSION_CLASS', 'user'), ('USERNAME', 'a'), ('TERM', 'xterm-256color'), ('GNOME_DESKTOP_SESSION_ID', 'this-is-deprecated'), ('ROS_LOCALHOST_ONLY', '0'), ('PATH', '/home/a/ws_moveit2/install/moveit_core/bin:/home/a/.nvm/versions/node/v22.18.0/bin:/opt/ros/humble/bin:/home/a/.local/bin:/usr/local/sbin:/usr/local/bin:/usr/sbin:/usr/bin:/sbin:/bin:/usr/games:/usr/local/games:/snap/bin:/snap/bin'), ('SESSION_MANAGER', 'local/a:@/tmp/.ICE-unix/1406,unix/a:/tmp/.ICE-unix/1406'), ('INVOCATION_ID', 'a100030f866a48708cf7905c543bcf13'), ('XDG_MENU_PREFIX', 'gnome-'), ('GNOME_SETUP_DISPLAY', ':1'), ('XDG_RUNTIME_DIR', '/run/user/1000'), ('DISPLAY', ':0'), ('TERMINATOR_DBUS_PATH', '/net/tenshu/Terminator2'), ('LANG', 'en_US.UTF-8'), ('XDG_CURRENT_DESKTOP', 'ubuntu:GNOME'), ('XMODIFIERS', '@im=ibus'), ('XDG_SESSION_DESKTOP', 'ubuntu'), ('XAUTHORITY', '/run/user/1000/.mutter-Xwaylandauth.4WBWC3'), ('LS_COLORS', 'rs=0:di=01;34:ln=01;36:mh=00:pi=40;33:so=01;35:do=01;35:bd=40;33;01:cd=40;33;01:or=40;31;01:mi=00:su=37;41:sg=30;43:ca=30;41:tw=30;42:ow=34;42:st=37;44:ex=01;32:*.tar=01;31:*.tgz=01;31:*.arc=01;31:*.arj=01;31:*.taz=01;31:*.lha=01;31:*.lz4=01;31:*.lzh=01;31:*.lzma=01;31:*.tlz=01;31:*.txz=01;31:*.tzo=01;31:*.t7z=01;31:*.zip=01;31:*.z=01;31:*.dz=01;31:*.gz=01;31:*.lrz=01;31:*.lz=01;31:*.lzo=01;31:*.xz=01;31:*.zst=01;31:*.tzst=01;31:*.bz2=01;31:*.bz=01;31:*.tbz=01;31:*.tbz2=01;31:*.tz=01;31:*.deb=01;31:*.rpm=01;31:*.jar=01;31:*.war=01;31:*.ear=01;31:*.sar=01;31:*.rar=01;31:*.alz=01;31:*.ace=01;31:*.zoo=01;31:*.cpio=01;31:*.7z=01;31:*.rz=01;31:*.cab=01;31:*.wim=01;31:*.swm=01;31:*.dwm=01;31:*.esd=01;31:*.jpg=01;35:*.jpeg=01;35:*.mjpg=01;35:*.mjpeg=01;35:*.gif=01;35:*.bmp=01;35:*.pbm=01;35:*.pgm=01;35:*.ppm=01;35:*.tga=01;35:*.xbm=01;35:*.xpm=01;35:*.tif=01;35:*.tiff=01;35:*.png=01;35:*.svg=01;35:*.svgz=01;35:*.mng=01;35:*.pcx=01;35:*.mov=01;35:*.mpg=01;35:*.mpeg=01;35:*.m2v=01;35:*.mkv=01;35:*.webm=01;35:*.webp=01;35:*.ogm=01;35:*.mp4=01;35:*.m4v=01;35:*.mp4v=01;35:*.vob=01;35:*.qt=01;35:*.nuv=01;35:*.wmv=01;35:*.asf=01;35:*.rm=01;35:*.rmvb=01;35:*.flc=01;35:*.avi=01;35:*.fli=01;35:*.flv=01;35:*.gl=01;35:*.dl=01;35:*.xcf=01;35:*.xwd=01;35:*.yuv=01;35:*.cgm=01;35:*.emf=01;35:*.ogv=01;35:*.ogx=01;35:*.aac=00;36:*.au=00;36:*.flac=00;36:*.m4a=00;36:*.mid=00;36:*.midi=00;36:*.mka=00;36:*.mp3=00;36:*.mpc=00;36:*.ogg=00;36:*.ra=00;36:*.wav=00;36:*.oga=00;36:*.opus=00;36:*.spx=00;36:*.xspf=00;36:'), ('SSH_AGENT_LAUNCHER', 'gnome-keyring'), ('SSH_AUTH_SOCK', '/run/user/1000/keyring/ssh'), ('AMENT_PREFIX_PATH', '/home/a/ws_moveit2/install/urdf_0816_description:/home/a/ws_moveit2/install/trac_ik:/home/a/ws_moveit2/install/robot_config:/home/a/ws_moveit2/install/trac_ik_kinematics_plugin:/home/a/ws_moveit2/install/trac_ik_lib:/home/a/ws_moveit2/install/mavlink_controller_client:/home/a/ws_moveit2/install/stm32_mavlink_interface:/home/a/ws_moveit2/install/right_arm_ikfast_plugin:/home/a/ws_moveit2/install/pilz_industrial_motion_planner_testutils:/home/a/ws_moveit2/install/moveit_runtime:/home/a/ws_moveit2/install/moveit2_tutorials:/home/a/ws_moveit2/install/moveit:/home/a/ws_moveit2/install/moveit_planners:/home/a/ws_moveit2/install/pilz_industrial_motion_planner:/home/a/ws_moveit2/install/mtc_tutorial:/home/a/ws_moveit2/install/hello_moveit:/home/a/ws_moveit2/install/moveit_visual_tools:/home/a/ws_moveit2/install/moveit_task_constructor_visualization:/home/a/ws_moveit2/install/moveit_task_constructor_demo:/home/a/ws_moveit2/install/moveit_task_constructor_capabilities:/home/a/ws_moveit2/install/moveit_task_constructor_core:/home/a/ws_moveit2/install/moveit_ros_control_interface:/home/a/ws_moveit2/install/moveit_plugins:/home/a/ws_moveit2/install/moveit_simple_controller_manager:/home/a/ws_moveit2/install/moveit_setup_assistant:/home/a/ws_moveit2/install/moveit_setup_srdf_plugins:/home/a/ws_moveit2/install/moveit_setup_core_plugins:/home/a/ws_moveit2/install/moveit_setup_controllers:/home/a/ws_moveit2/install/moveit_setup_app_plugins:/home/a/ws_moveit2/install/moveit_setup_framework:/home/a/ws_moveit2/install/moveit_servo:/home/a/ws_moveit2/install/moveit_ros:/home/a/ws_moveit2/install/moveit_ros_visualization:/home/a/ws_moveit2/install/moveit_hybrid_planning:/home/a/ws_moveit2/install/moveit_ros_planning_interface:/home/a/ws_moveit2/install/moveit_ros_benchmarks:/home/a/ws_moveit2/install/moveit_ros_warehouse:/home/a/ws_moveit2/install/moveit_ros_robot_interaction:/home/a/ws_moveit2/install/moveit_ros_perception:/home/a/ws_moveit2/install/moveit_resources_prbt_pg70_support:/home/a/ws_moveit2/install/moveit_resources_prbt_moveit_config:/home/a/ws_moveit2/install/moveit_ros_move_group:/home/a/ws_moveit2/install/moveit_planners_ompl:/home/a/ws_moveit2/install/left_arm_ikfast_plugin:/home/a/ws_moveit2/install/moveit_ros_planning:/home/a/ws_moveit2/install/moveit_ros_occupancy_map_monitor:/home/a/ws_moveit2/install/moveit_resources_prbt_ikfast_manipulator_plugin:/home/a/ws_moveit2/install/moveit_planners_chomp:/home/a/ws_moveit2/install/moveit_kinematics:/home/a/ws_moveit2/install/moveit_chomp_optimizer_adapter:/home/a/ws_moveit2/install/chomp_motion_planner:/home/a/ws_moveit2/install/moveit_core:/home/a/ws_moveit2/install/moveit_configs_utils:/home/a/ws_moveit2/install/srdfdom:/home/a/ws_moveit2/install/rviz_marker_tools:/home/a/ws_moveit2/install/rosparam_shortcuts:/home/a/ws_moveit2/install/ros_tcp_endpoint:/home/a/ws_moveit2/install/red_seiretu_description:/home/a/ws_moveit2/install/realsense2_ros_mqtt_bridge:/home/a/ws_moveit2/install/realsense2_description:/home/a/ws_moveit2/install/realsense2_camera:/home/a/ws_moveit2/install/realsense2_camera_msgs:/home/a/ws_moveit2/install/object_description:/home/a/ws_moveit2/install/moveit_task_constructor_msgs:/home/a/ws_moveit2/install/moveit_resources_prbt_support:/home/a/ws_moveit2/install/moveit_resources:/home/a/ws_moveit2/install/moveit_resources_pr2_description:/home/a/ws_moveit2/install/moveit_resources_panda_moveit_config:/home/a/ws_moveit2/install/moveit_resources_panda_description:/home/a/ws_moveit2/install/moveit_resources_fanuc_moveit_config:/home/a/ws_moveit2/install/moveit_resources_fanuc_description:/home/a/ws_moveit2/install/moveit_common:/home/a/ws_moveit2/install/mavlink_gui_tester:/home/a/ws_moveit2/install/launch_param_builder:/home/a/ws_moveit2/install/field_description_test:/home/a/ws_moveit2/install/field_description:/home/a/ws_moveit2/install/dynamixel_sdk_examples:/home/a/ws_moveit2/install/dynamixel_sdk_custom_interfaces:/home/a/ws_moveit2/install/dynamixel_controller_gui:/home/a/ws_moveit2/install/dynamixel_controller:/home/a/ws_moveit2/install/dynamixel_sdk:/home/a/ws_moveit2/install/dynamixel_controller_client:/home/a/ws_moveit2/install/d415_rgb_depth_3d:/home/a/ws_moveit2/install/catch_gazebo_ros2_control:/home/a/ws_moveit2/install/blue_seiretu_description:/home/a/ws_moveit2/install/0525_arm_description:/opt/ros/humble'), ('SHELL', '/bin/bash'), ('TERMINATOR_UUID', 'urn:uuid:eafdab0d-8274-42e2-8fcd-57b9e3c5174e'), ('QT_ACCESSIBILITY', '1'), ('GDMSESSION', 'ubuntu'), ('LESSCLOSE', '/usr/bin/lesspipe %s %s'), ('CMAKE_MODULE_PATH', '/home/a/ws_moveit2/install/moveit_task_constructor_core/share/moveit_task_constructor_core/cmake'), ('GJS_DEBUG_OUTPUT', 'stderr'), ('QT_IM_MODULE', 'ibus'), ('PWD', '/home/a/ws_moveit2/build/mavlink_gui_tester'), ('LC_ALL', 'en_US.UTF-8'), ('XDG_CONFIG_DIRS', '/etc/xdg/xdg-ubuntu:/etc/xdg'), ('NVM_CD_FLAGS', ''), ('XDG_DATA_DIRS', '/usr/share/ubuntu:/home/a/.local/share/flatpak/exports/share:/var/lib/flatpak/exports/share:/usr/local/share/:/usr/share/:/var/lib/snapd/desktop'), ('PYTHONPATH', '/home/a/ws_moveit2/install/mavlink_controller_client/lib/python3.10/site-packages:/home/a/ws_moveit2/install/stm32_mavlink_interface/local/lib/python3.10/dist-packages:/home/a/ws_moveit2/install/moveit_task_constructor_core/local/lib/python3.10/dist-packages:/home/a/ws_moveit2/install/moveit_configs_utils/lib/python3.10/site-packages:/home/a/ws_moveit2/install/srdfdom/local/lib/python3.10/dist-packages:/home/a/ws_moveit2/install/ros_tcp_endpoint/lib/python3.10/site-packages:/home/a/ws_moveit2/install/realsense2_ros_mqtt_bridge/lib/python3.10/site-packages:/home/a/ws_moveit2/install/realsense2_camera_msgs/local/lib/python3.10/dist-packages:/home/a/ws_moveit2/install/moveit_task_constructor_msgs/local/lib/python3.10/dist-packages:/home/a/ws_moveit2/install/launch_param_builder/lib/python3.10/site-packages:/home/a/ws_moveit2/install/dynamixel_sdk_custom_interfaces/local/lib/python3.10/dist-packages:/home/a/ws_moveit2/install/dynamixel_controller_gui/lib/python3.10/site-packages:/home/a/ws_moveit2/install/dynamixel_controller/local/lib/python3.10/dist-packages:/home/a/ws_moveit2/install/dynamixel_controller_client/lib/python3.10/site-packages:/home/a/ws_moveit2/install/d415_rgb_depth_3d/lib/python3.10/site-packages:/opt/ros/humble/lib/python3.10/site-packages:/opt/ros/humble/local/lib/python3.10/dist-packages'), ('COLCON', '1'), ('VTE_VERSION', '6800'), ('CMAKE_PREFIX_PATH', '/home/a/ws_moveit2/install/urdf_0816_description:/home/a/ws_moveit2/install/trac_ik:/home/a/ws_moveit2/install/robot_config:/home/a/ws_moveit2/install/trac_ik_kinematics_plugin:/home/a/ws_moveit2/install/trac_ik_lib:/home/a/ws_moveit2/install/stm32_mavlink_interface:/home/a/ws_moveit2/install/right_arm_ikfast_plugin:/home/a/ws_moveit2/install/pilz_industrial_motion_planner_testutils:/home/a/ws_moveit2/install/moveit_runtime:/home/a/ws_moveit2/install/moveit2_tutorials:/home/a/ws_moveit2/install/moveit:/home/a/ws_moveit2/install/moveit_planners:/home/a/ws_moveit2/install/pilz_industrial_motion_planner:/home/a/ws_moveit2/install/mtc_tutorial:/home/a/ws_moveit2/install/hello_moveit:/home/a/ws_moveit2/install/moveit_visual_tools:/home/a/ws_moveit2/install/moveit_task_constructor_visualization:/home/a/ws_moveit2/install/moveit_task_constructor_demo:/home/a/ws_moveit2/install/moveit_task_constructor_capabilities:/home/a/ws_moveit2/install/moveit_task_constructor_core:/home/a/ws_moveit2/install/moveit_ros_control_interface:/home/a/ws_moveit2/install/moveit_plugins:/home/a/ws_moveit2/install/moveit_simple_controller_manager:/home/a/ws_moveit2/install/moveit_setup_assistant:/home/a/ws_moveit2/install/moveit_setup_srdf_plugins:/home/a/ws_moveit2/install/moveit_setup_core_plugins:/home/a/ws_moveit2/install/moveit_setup_controllers:/home/a/ws_moveit2/install/moveit_setup_app_plugins:/home/a/ws_moveit2/install/moveit_setup_framework:/home/a/ws_moveit2/install/moveit_servo:/home/a/ws_moveit2/install/moveit_ros:/home/a/ws_moveit2/install/moveit_ros_visualization:/home/a/ws_moveit2/install/moveit_hybrid_planning:/home/a/ws_moveit2/install/moveit_ros_planning_interface:/home/a/ws_moveit2/install/moveit_ros_benchmarks:/home/a/ws_moveit2/install/moveit_ros_warehouse:/home/a/ws_moveit2/install/moveit_ros_robot_interaction:/home/a/ws_moveit2/install/moveit_ros_perception:/home/a/ws_moveit2/install/moveit_resources_prbt_pg70_support:/home/a/ws_moveit2/install/moveit_resources_prbt_moveit_config:/home/a/ws_moveit2/install/moveit_ros_move_group:/home/a/ws_moveit2/install/moveit_planners_ompl:/home/a/ws_moveit2/install/left_arm_ikfast_plugin:/home/a/ws_moveit2/install/moveit_ros_planning:/home/a/ws_moveit2/install/moveit_ros_occupancy_map_monitor:/home/a/ws_moveit2/install/moveit_resources_prbt_ikfast_manipulator_plugin:/home/a/ws_moveit2/install/moveit_planners_chomp:/home/a/ws_moveit2/install/moveit_kinematics:/home/a/ws_moveit2/install/moveit_chomp_optimizer_adapter:/home/a/ws_moveit2/install/chomp_motion_planner:/home/a/ws_moveit2/install/moveit_core:/home/a/ws_moveit2/install/srdfdom:/home/a/ws_moveit2/install/rviz_marker_tools:/home/a/ws_moveit2/install/rosparam_shortcuts:/home/a/ws_moveit2/install/red_seiretu_description:/home/a/ws_moveit2/install/realsense2_description:/home/a/ws_moveit2/install/realsense2_camera:/home/a/ws_moveit2/install/realsense2_camera_msgs:/home/a/ws_moveit2/install/object_description:/home/a/ws_moveit2/install/moveit_task_constructor_msgs:/home/a/ws_moveit2/install/moveit_resources_prbt_support:/home/a/ws_moveit2/install/moveit_resources:/home/a/ws_moveit2/install/moveit_resources_pr2_description:/home/a/ws_moveit2/install/moveit_resources_panda_moveit_config:/home/a/ws_moveit2/install/moveit_resources_panda_description:/home/a/ws_moveit2/install/moveit_resources_fanuc_moveit_config:/home/a/ws_moveit2/install/moveit_resources_fanuc_description:/home/a/ws_moveit2/install/moveit_common:/home/a/ws_moveit2/install/mavlink_gui_tester:/home/a/ws_moveit2/install/field_description_test:/home/a/ws_moveit2/install/field_description:/home/a/ws_moveit2/install/dynamixel_sdk_examples:/home/a/ws_moveit2/install/dynamixel_sdk_custom_interfaces:/home/a/ws_moveit2/install/dynamixel_controller:/home/a/ws_moveit2/install/dynamixel_sdk:/home/a/ws_moveit2/install/catch_gazebo_ros2_control:/home/a/ws_moveit2/install/blue_seiretu_description:/home/a/ws_moveit2/install/0525_arm_description:/home/a/ws_moveit2/install/mavlink_controller_client:/home/a/ws_moveit2/install/moveit_configs_utils:/home/a/ws_moveit2/install/ros_tcp_endpoint:/home/a/ws_moveit2/install/realsense2_ros_mqtt_bridge:/home/a/ws_moveit2/install/launch_param_builder:/home/a/ws_moveit2/install/dynamixel_controller_gui:/home/a/ws_moveit2/install/dynamixel_controller_client:/home/a/ws_moveit2/install/d415_rgb_depth_3d:/opt/ros/humble')]), 'shell': False}
[0.066456] (mavlink_gui_tester) StdoutLine: {'line': b'[ 12%] \x1b[34m\x1b[1mAutomatic MOC and UIC for target mavlink_gui_tester_node\x1b[0m\n'}
[0.089422] (mavlink_gui_tester) StdoutLine: {'line': b'[ 12%] Built target mavlink_gui_tester_node_autogen\n'}
[0.099447] (-) TimerEvent: {}
[0.107264] (mavlink_gui_tester) StdoutLine: {'line': b'\x1b[35m\x1b[1mConsolidate compiler generated dependencies of target mavlink_gui_tester_node\x1b[0m\n'}
[0.125857] (mavlink_gui_tester) StdoutLine: {'line': b'[ 25%] \x1b[32mBuilding CXX object CMakeFiles/mavlink_gui_tester_node.dir/src/mavlink_gui_widget.cpp.o\x1b[0m\n'}
[0.199580] (-) TimerEvent: {}
[0.299938] (-) TimerEvent: {}
[0.400463] (-) TimerEvent: {}
[0.500782] (-) TimerEvent: {}
[0.601111] (-) TimerEvent: {}
[0.701446] (-) TimerEvent: {}
[0.801776] (-) TimerEvent: {}
[0.902114] (-) TimerEvent: {}
[1.002437] (-) TimerEvent: {}
[1.102760] (-) TimerEvent: {}
[1.203089] (-) TimerEvent: {}
[1.303414] (-) TimerEvent: {}
[1.403742] (-) TimerEvent: {}
[1.504070] (-) TimerEvent: {}
[1.604386] (-) TimerEvent: {}
[1.704753] (-) TimerEvent: {}
[1.805198] (-) TimerEvent: {}
[1.905588] (-) TimerEvent: {}
[2.005920] (-) TimerEvent: {}
[2.019724] (mavlink_gui_tester) StderrLine: {'line': b'In file included from \x1b[01m\x1b[K/home/a/ws_moveit2/src/MAVLink/MAVLink_gui_ros2/../MAVLink_ros2/include/mavlink/c_library_v2/common/../protocol.h:4\x1b[m\x1b[K,\n'}
[2.019929] (mavlink_gui_tester) StderrLine: {'line': b'                 from \x1b[01m\x1b[K/home/a/ws_moveit2/src/MAVLink/MAVLink_gui_ros2/../MAVLink_ros2/include/mavlink/c_library_v2/common/common.h:29\x1b[m\x1b[K,\n'}
[2.020009] (mavlink_gui_tester) StderrLine: {'line': b'                 from \x1b[01m\x1b[K/home/a/ws_moveit2/src/MAVLink/MAVLink_gui_ros2/../MAVLink_ros2/include/mavlink/c_library_v2/common/mavlink.h:32\x1b[m\x1b[K,\n'}
[2.020071] (mavlink_gui_tester) StderrLine: {'line': b'                 from \x1b[01m\x1b[K/home/a/ws_moveit2/src/MAVLink/MAVLink_gui_ros2/include/mavlink_gui_tester/mavlink_gui_widget.hpp:45\x1b[m\x1b[K,\n'}
[2.020126] (mavlink_gui_tester) StderrLine: {'line': b'                 from \x1b[01m\x1b[K/home/a/ws_moveit2/src/MAVLink/MAVLink_gui_ros2/src/mavlink_gui_widget.cpp:1\x1b[m\x1b[K:\n'}
[2.020180] (mavlink_gui_tester) StderrLine: {'line': b'\x1b[01m\x1b[K/home/a/ws_moveit2/src/MAVLink/MAVLink_gui_ros2/../MAVLink_ros2/include/mavlink/c_library_v2/common/../mavlink_types.h:78:12:\x1b[m\x1b[K \x1b[01;35m\x1b[Kwarning: \x1b[m\x1b[KISO C++ prohibits anonymous structs [\x1b[01;35m\x1b[K\x1b]8;;https://gcc.gnu.org/onlinedocs/gcc/Warning-Options.html#index-Wpedantic\x07-Wpedantic\x1b]8;;\x07\x1b[m\x1b[K]\n'}
[2.020239] (mavlink_gui_tester) StderrLine: {'line': b'   78 |     struct \x1b[01;35m\x1b[K{\x1b[m\x1b[K\n'}
[2.020291] (mavlink_gui_tester) StderrLine: {'line': b'      |            \x1b[01;35m\x1b[K^\x1b[m\x1b[K\n'}
[2.020341] (mavlink_gui_tester) StderrLine: {'line': b'\x1b[01m\x1b[K/home/a/ws_moveit2/src/MAVLink/MAVLink_gui_ros2/../MAVLink_ros2/include/mavlink/c_library_v2/common/../mavlink_types.h:17:40:\x1b[m\x1b[K \x1b[01;36m\x1b[Knote: \x1b[m\x1b[Kin definition of macro \xe2\x80\x98\x1b[01m\x1b[KMAVPACKED\x1b[m\x1b[K\xe2\x80\x99\n'}
[2.020395] (mavlink_gui_tester) StderrLine: {'line': b'   17 |   #define MAVPACKED( __Declaration__ ) \x1b[01;36m\x1b[K__Declaration__\x1b[m\x1b[K __attribute__((packed))\n'}
[2.020455] (mavlink_gui_tester) StderrLine: {'line': b'      |                                        \x1b[01;36m\x1b[K^~~~~~~~~~~~~~~\x1b[m\x1b[K\n'}
[2.063804] (mavlink_gui_tester) StderrLine: {'line': b'In file included from \x1b[01m\x1b[K/home/a/ws_moveit2/src/MAVLink/MAVLink_gui_ros2/../MAVLink_ros2/include/mavlink/c_library_v2/common/common.h:2871\x1b[m\x1b[K,\n'}
[2.064067] (mavlink_gui_tester) StderrLine: {'line': b'                 from \x1b[01m\x1b[K/home/a/ws_moveit2/src/MAVLink/MAVLink_gui_ros2/../MAVLink_ros2/include/mavlink/c_library_v2/common/mavlink.h:32\x1b[m\x1b[K,\n'}
[2.064176] (mavlink_gui_tester) StderrLine: {'line': b'                 from \x1b[01m\x1b[K/home/a/ws_moveit2/src/MAVLink/MAVLink_gui_ros2/include/mavlink_gui_tester/mavlink_gui_widget.hpp:45\x1b[m\x1b[K,\n'}
[2.064266] (mavlink_gui_tester) StderrLine: {'line': b'                 from \x1b[01m\x1b[K/home/a/ws_moveit2/src/MAVLink/MAVLink_gui_ros2/src/mavlink_gui_widget.cpp:1\x1b[m\x1b[K:\n'}
[2.064353] (mavlink_gui_tester) StderrLine: {'line': b'\x1b[01m\x1b[K/home/a/ws_moveit2/src/MAVLink/MAVLink_gui_ros2/../MAVLink_ros2/include/mavlink/c_library_v2/common/./mavlink_msg_set_attitude_target.h:\x1b[m\x1b[K In function \xe2\x80\x98\x1b[01m\x1b[Kuint16_t mavlink_msg_set_attitude_target_encode(uint8_t, uint8_t, mavlink_message_t*, const mavlink_set_attitude_target_t*)\x1b[m\x1b[K\xe2\x80\x99:\n'}
[2.064446] (mavlink_gui_tester) StderrLine: {'line': b'\x1b[01m\x1b[K/home/a/ws_moveit2/src/MAVLink/MAVLink_gui_ros2/../MAVLink_ros2/include/mavlink/c_library_v2/common/./mavlink_msg_set_attitude_target.h:241:242:\x1b[m\x1b[K \x1b[01;35m\x1b[Kwarning: \x1b[m\x1b[Ktaking address of packed member of \xe2\x80\x98\x1b[01m\x1b[K__mavlink_set_attitude_target_t\x1b[m\x1b[K\xe2\x80\x99 may result in an unaligned pointer value [\x1b[01;35m\x1b[K\x1b]8;;https://gcc.gnu.org/onlinedocs/gcc/Warning-Options.html#index-Waddress-of-packed-member\x07-Waddress-of-packed-member\x1b]8;;\x07\x1b[m\x1b[K]\n'}
[2.064555] (mavlink_gui_tester) StderrLine: {'line': b'  241 | e_target->target_component, set_attitude_target->type_mask, \x1b[01;35m\x1b[Kset_attitude_target->q\x1b[m\x1b[K, set_attitude_target->body_roll_rate, set_attitude_target->body_pitch_rate, set_attitude_target->body_yaw_rate, set_attitude_target->thrust, set_attitude_target->thrust_body);\n'}
[2.064651] (mavlink_gui_tester) StderrLine: {'line': b'      |                                                             \x1b[01;35m\x1b[K~~~~~~~~~~~~~~~~~~~~~^\x1b[m\x1b[K\n'}
[2.064737] (mavlink_gui_tester) StderrLine: {'line': b'\n'}
[2.064821] (mavlink_gui_tester) StderrLine: {'line': b'In file included from \x1b[01m\x1b[K/home/a/ws_moveit2/src/MAVLink/MAVLink_gui_ros2/../MAVLink_ros2/include/mavlink/c_library_v2/common/common.h:2871\x1b[m\x1b[K,\n'}
[2.064905] (mavlink_gui_tester) StderrLine: {'line': b'                 from \x1b[01m\x1b[K/home/a/ws_moveit2/src/MAVLink/MAVLink_gui_ros2/../MAVLink_ros2/include/mavlink/c_library_v2/common/mavlink.h:32\x1b[m\x1b[K,\n'}
[2.064988] (mavlink_gui_tester) StderrLine: {'line': b'                 from \x1b[01m\x1b[K/home/a/ws_moveit2/src/MAVLink/MAVLink_gui_ros2/include/mavlink_gui_tester/mavlink_gui_widget.hpp:45\x1b[m\x1b[K,\n'}
[2.065084] (mavlink_gui_tester) StderrLine: {'line': b'                 from \x1b[01m\x1b[K/home/a/ws_moveit2/src/MAVLink/MAVLink_gui_ros2/src/mavlink_gui_widget.cpp:1\x1b[m\x1b[K:\n'}
[2.065170] (mavlink_gui_tester) StderrLine: {'line': b'\x1b[01m\x1b[K/home/a/ws_moveit2/src/MAVLink/MAVLink_gui_ros2/../MAVLink_ros2/include/mavlink/c_library_v2/common/./mavlink_msg_set_attitude_target.h:241:406:\x1b[m\x1b[K \x1b[01;35m\x1b[Kwarning: \x1b[m\x1b[Ktaking address of packed member of \xe2\x80\x98\x1b[01m\x1b[K__mavlink_set_attitude_target_t\x1b[m\x1b[K\xe2\x80\x99 may result in an unaligned pointer value [\x1b[01;35m\x1b[K\x1b]8;;https://gcc.gnu.org/onlinedocs/gcc/Warning-Options.html#index-Waddress-of-packed-member\x07-Waddress-of-packed-member\x1b]8;;\x07\x1b[m\x1b[K]\n'}
[2.065367] (mavlink_gui_tester) StderrLine: {'line': b'  241 | ttitude_target->body_yaw_rate, set_attitude_target->thrust, \x1b[01;35m\x1b[Kset_attitude_target->thrust_body\x1b[m\x1b[K);\n'}
[2.065461] (mavlink_gui_tester) StderrLine: {'line': b'      |                                                             \x1b[01;35m\x1b[K~~~~~~~~~~~~~~~~~~~~~^~~~~~~~~~~\x1b[m\x1b[K\n'}
[2.065524] (mavlink_gui_tester) StderrLine: {'line': b'\n'}
[2.065581] (mavlink_gui_tester) StderrLine: {'line': b'\x1b[01m\x1b[K/home/a/ws_moveit2/src/MAVLink/MAVLink_gui_ros2/../MAVLink_ros2/include/mavlink/c_library_v2/common/./mavlink_msg_set_attitude_target.h:\x1b[m\x1b[K In function \xe2\x80\x98\x1b[01m\x1b[Kuint16_t mavlink_msg_set_attitude_target_encode_chan(uint8_t, uint8_t, uint8_t, mavlink_message_t*, const mavlink_set_attitude_target_t*)\x1b[m\x1b[K\xe2\x80\x99:\n'}
[2.065639] (mavlink_gui_tester) StderrLine: {'line': b'\x1b[01m\x1b[K/home/a/ws_moveit2/src/MAVLink/MAVLink_gui_ros2/../MAVLink_ros2/include/mavlink/c_library_v2/common/./mavlink_msg_set_attitude_target.h:255:253:\x1b[m\x1b[K \x1b[01;35m\x1b[Kwarning: \x1b[m\x1b[Ktaking address of packed member of \xe2\x80\x98\x1b[01m\x1b[K__mavlink_set_attitude_target_t\x1b[m\x1b[K\xe2\x80\x99 may result in an unaligned pointer value [\x1b[01;35m\x1b[K\x1b]8;;https://gcc.gnu.org/onlinedocs/gcc/Warning-Options.html#index-Waddress-of-packed-member\x07-Waddress-of-packed-member\x1b]8;;\x07\x1b[m\x1b[K]\n'}
[2.065699] (mavlink_gui_tester) StderrLine: {'line': b'  255 | e_target->target_component, set_attitude_target->type_mask, \x1b[01;35m\x1b[Kset_attitude_target->q\x1b[m\x1b[K, set_attitude_target->body_roll_rate, set_attitude_target->body_pitch_rate, set_attitude_target->body_yaw_rate, set_attitude_target->thrust, set_attitude_target->thrust_body);\n'}
[2.065768] (mavlink_gui_tester) StderrLine: {'line': b'      |                                                             \x1b[01;35m\x1b[K~~~~~~~~~~~~~~~~~~~~~^\x1b[m\x1b[K\n'}
[2.065824] (mavlink_gui_tester) StderrLine: {'line': b'\n'}
[2.065882] (mavlink_gui_tester) StderrLine: {'line': b'\x1b[01m\x1b[K/home/a/ws_moveit2/src/MAVLink/MAVLink_gui_ros2/../MAVLink_ros2/include/mavlink/c_library_v2/common/./mavlink_msg_set_attitude_target.h:255:417:\x1b[m\x1b[K \x1b[01;35m\x1b[Kwarning: \x1b[m\x1b[Ktaking address of packed member of \xe2\x80\x98\x1b[01m\x1b[K__mavlink_set_attitude_target_t\x1b[m\x1b[K\xe2\x80\x99 may result in an unaligned pointer value [\x1b[01;35m\x1b[K\x1b]8;;https://gcc.gnu.org/onlinedocs/gcc/Warning-Options.html#index-Waddress-of-packed-member\x07-Waddress-of-packed-member\x1b]8;;\x07\x1b[m\x1b[K]\n'}
[2.065943] (mavlink_gui_tester) StderrLine: {'line': b'  255 | ttitude_target->body_yaw_rate, set_attitude_target->thrust, \x1b[01;35m\x1b[Kset_attitude_target->thrust_body\x1b[m\x1b[K);\n'}
[2.066005] (mavlink_gui_tester) StderrLine: {'line': b'      |                                                             \x1b[01;35m\x1b[K~~~~~~~~~~~~~~~~~~~~~^~~~~~~~~~~\x1b[m\x1b[K\n'}
[2.066074] (mavlink_gui_tester) StderrLine: {'line': b'\n'}
[2.066129] (mavlink_gui_tester) StderrLine: {'line': b'\x1b[01m\x1b[K/home/a/ws_moveit2/src/MAVLink/MAVLink_gui_ros2/../MAVLink_ros2/include/mavlink/c_library_v2/common/./mavlink_msg_set_attitude_target.h:\x1b[m\x1b[K In function \xe2\x80\x98\x1b[01m\x1b[Kuint16_t mavlink_msg_set_attitude_target_encode_status(uint8_t, uint8_t, mavlink_status_t*, mavlink_message_t*, const mavlink_set_attitude_target_t*)\x1b[m\x1b[K\xe2\x80\x99:\n'}
[2.066185] (mavlink_gui_tester) StderrLine: {'line': b'\x1b[01m\x1b[K/home/a/ws_moveit2/src/MAVLink/MAVLink_gui_ros2/../MAVLink_ros2/include/mavlink/c_library_v2/common/./mavlink_msg_set_attitude_target.h:269:259:\x1b[m\x1b[K \x1b[01;35m\x1b[Kwarning: \x1b[m\x1b[Ktaking address of packed member of \xe2\x80\x98\x1b[01m\x1b[K__mavlink_set_attitude_target_t\x1b[m\x1b[K\xe2\x80\x99 may result in an unaligned pointer value [\x1b[01;35m\x1b[K\x1b]8;;https://gcc.gnu.org/onlinedocs/gcc/Warning-Options.html#index-Waddress-of-packed-member\x07-Waddress-of-packed-member\x1b]8;;\x07\x1b[m\x1b[K]\n'}
[2.066245] (mavlink_gui_tester) StderrLine: {'line': b'  269 | e_target->target_component, set_attitude_target->type_mask, \x1b[01;35m\x1b[Kset_attitude_target->q\x1b[m\x1b[K, set_attitude_target->body_roll_rate, set_attitude_target->body_pitch_rate, set_attitude_target->body_yaw_rate, set_attitude_target->thrust, set_attitude_target->thrust_body);\n'}
[2.066298] (mavlink_gui_tester) StderrLine: {'line': b'      |                                                             \x1b[01;35m\x1b[K~~~~~~~~~~~~~~~~~~~~~^\x1b[m\x1b[K\n'}
[2.066352] (mavlink_gui_tester) StderrLine: {'line': b'\n'}
[2.066402] (mavlink_gui_tester) StderrLine: {'line': b'\x1b[01m\x1b[K/home/a/ws_moveit2/src/MAVLink/MAVLink_gui_ros2/../MAVLink_ros2/include/mavlink/c_library_v2/common/./mavlink_msg_set_attitude_target.h:269:423:\x1b[m\x1b[K \x1b[01;35m\x1b[Kwarning: \x1b[m\x1b[Ktaking address of packed member of \xe2\x80\x98\x1b[01m\x1b[K__mavlink_set_attitude_target_t\x1b[m\x1b[K\xe2\x80\x99 may result in an unaligned pointer value [\x1b[01;35m\x1b[K\x1b]8;;https://gcc.gnu.org/onlinedocs/gcc/Warning-Options.html#index-Waddress-of-packed-member\x07-Waddress-of-packed-member\x1b]8;;\x07\x1b[m\x1b[K]\n'}
[2.066445] (mavlink_gui_tester) StderrLine: {'line': b'  269 | ttitude_target->body_yaw_rate, set_attitude_target->thrust, \x1b[01;35m\x1b[Kset_attitude_target->thrust_body\x1b[m\x1b[K);\n'}
[2.066480] (mavlink_gui_tester) StderrLine: {'line': b'      |                                                             \x1b[01;35m\x1b[K~~~~~~~~~~~~~~~~~~~~~^~~~~~~~~~~\x1b[m\x1b[K\n'}
[2.066517] (mavlink_gui_tester) StderrLine: {'line': b'\n'}
[2.092055] (mavlink_gui_tester) StderrLine: {'line': b'In file included from \x1b[01m\x1b[K/home/a/ws_moveit2/src/MAVLink/MAVLink_gui_ros2/../MAVLink_ros2/include/mavlink/c_library_v2/common/common.h:2914\x1b[m\x1b[K,\n'}
[2.092218] (mavlink_gui_tester) StderrLine: {'line': b'                 from \x1b[01m\x1b[K/home/a/ws_moveit2/src/MAVLink/MAVLink_gui_ros2/../MAVLink_ros2/include/mavlink/c_library_v2/common/mavlink.h:32\x1b[m\x1b[K,\n'}
[2.092279] (mavlink_gui_tester) StderrLine: {'line': b'                 from \x1b[01m\x1b[K/home/a/ws_moveit2/src/MAVLink/MAVLink_gui_ros2/include/mavlink_gui_tester/mavlink_gui_widget.hpp:45\x1b[m\x1b[K,\n'}
[2.092335] (mavlink_gui_tester) StderrLine: {'line': b'                 from \x1b[01m\x1b[K/home/a/ws_moveit2/src/MAVLink/MAVLink_gui_ros2/src/mavlink_gui_widget.cpp:1\x1b[m\x1b[K:\n'}
[2.092391] (mavlink_gui_tester) StderrLine: {'line': b'\x1b[01m\x1b[K/home/a/ws_moveit2/src/MAVLink/MAVLink_gui_ros2/../MAVLink_ros2/include/mavlink/c_library_v2/common/./mavlink_msg_distance_sensor.h:\x1b[m\x1b[K In function \xe2\x80\x98\x1b[01m\x1b[Kuint16_t mavlink_msg_distance_sensor_encode(uint8_t, uint8_t, mavlink_message_t*, const mavlink_distance_sensor_t*)\x1b[m\x1b[K\xe2\x80\x99:\n'}
[2.092554] (mavlink_gui_tester) StderrLine: {'line': b'\x1b[01m\x1b[K/home/a/ws_moveit2/src/MAVLink/MAVLink_gui_ros2/../MAVLink_ros2/include/mavlink/c_library_v2/common/./mavlink_msg_distance_sensor.h:264:387:\x1b[m\x1b[K \x1b[01;35m\x1b[Kwarning: \x1b[m\x1b[Ktaking address of packed member of \xe2\x80\x98\x1b[01m\x1b[K__mavlink_distance_sensor_t\x1b[m\x1b[K\xe2\x80\x99 may result in an unaligned pointer value [\x1b[01;35m\x1b[K\x1b]8;;https://gcc.gnu.org/onlinedocs/gcc/Warning-Options.html#index-Waddress-of-packed-member\x07-Waddress-of-packed-member\x1b]8;;\x07\x1b[m\x1b[K]\n'}
[2.092614] (mavlink_gui_tester) StderrLine: {'line': b'  264 | distance_sensor->horizontal_fov, distance_sensor->vertical_fov, \x1b[01;35m\x1b[Kdistance_sensor->quaternion\x1b[m\x1b[K, distance_sensor->signal_quality);\n'}
[2.092666] (mavlink_gui_tester) StderrLine: {'line': b'      |                                                                 \x1b[01;35m\x1b[K~~~~~~~~~~~~~~~~~^~~~~~~~~~\x1b[m\x1b[K\n'}
[2.092715] (mavlink_gui_tester) StderrLine: {'line': b'\n'}
[2.092763] (mavlink_gui_tester) StderrLine: {'line': b'\x1b[01m\x1b[K/home/a/ws_moveit2/src/MAVLink/MAVLink_gui_ros2/../MAVLink_ros2/include/mavlink/c_library_v2/common/./mavlink_msg_distance_sensor.h:\x1b[m\x1b[K In function \xe2\x80\x98\x1b[01m\x1b[Kuint16_t mavlink_msg_distance_sensor_encode_chan(uint8_t, uint8_t, uint8_t, mavlink_message_t*, const mavlink_distance_sensor_t*)\x1b[m\x1b[K\xe2\x80\x99:\n'}
[2.092823] (mavlink_gui_tester) StderrLine: {'line': b'\x1b[01m\x1b[K/home/a/ws_moveit2/src/MAVLink/MAVLink_gui_ros2/../MAVLink_ros2/include/mavlink/c_library_v2/common/./mavlink_msg_distance_sensor.h:278:398:\x1b[m\x1b[K \x1b[01;35m\x1b[Kwarning: \x1b[m\x1b[Ktaking address of packed member of \xe2\x80\x98\x1b[01m\x1b[K__mavlink_distance_sensor_t\x1b[m\x1b[K\xe2\x80\x99 may result in an unaligned pointer value [\x1b[01;35m\x1b[K\x1b]8;;https://gcc.gnu.org/onlinedocs/gcc/Warning-Options.html#index-Waddress-of-packed-member\x07-Waddress-of-packed-member\x1b]8;;\x07\x1b[m\x1b[K]\n'}
[2.092875] (mavlink_gui_tester) StderrLine: {'line': b'  278 | distance_sensor->horizontal_fov, distance_sensor->vertical_fov, \x1b[01;35m\x1b[Kdistance_sensor->quaternion\x1b[m\x1b[K, distance_sensor->signal_quality);\n'}
[2.092926] (mavlink_gui_tester) StderrLine: {'line': b'      |                                                                 \x1b[01;35m\x1b[K~~~~~~~~~~~~~~~~~^~~~~~~~~~\x1b[m\x1b[K\n'}
[2.092984] (mavlink_gui_tester) StderrLine: {'line': b'\n'}
[2.093055] (mavlink_gui_tester) StderrLine: {'line': b'\x1b[01m\x1b[K/home/a/ws_moveit2/src/MAVLink/MAVLink_gui_ros2/../MAVLink_ros2/include/mavlink/c_library_v2/common/./mavlink_msg_distance_sensor.h:\x1b[m\x1b[K In function \xe2\x80\x98\x1b[01m\x1b[Kuint16_t mavlink_msg_distance_sensor_encode_status(uint8_t, uint8_t, mavlink_status_t*, mavlink_message_t*, const mavlink_distance_sensor_t*)\x1b[m\x1b[K\xe2\x80\x99:\n'}
[2.093111] (mavlink_gui_tester) StderrLine: {'line': b'\x1b[01m\x1b[K/home/a/ws_moveit2/src/MAVLink/MAVLink_gui_ros2/../MAVLink_ros2/include/mavlink/c_library_v2/common/./mavlink_msg_distance_sensor.h:292:404:\x1b[m\x1b[K \x1b[01;35m\x1b[Kwarning: \x1b[m\x1b[Ktaking address of packed member of \xe2\x80\x98\x1b[01m\x1b[K__mavlink_distance_sensor_t\x1b[m\x1b[K\xe2\x80\x99 may result in an unaligned pointer value [\x1b[01;35m\x1b[K\x1b]8;;https://gcc.gnu.org/onlinedocs/gcc/Warning-Options.html#index-Waddress-of-packed-member\x07-Waddress-of-packed-member\x1b]8;;\x07\x1b[m\x1b[K]\n'}
[2.093163] (mavlink_gui_tester) StderrLine: {'line': b'  292 | distance_sensor->horizontal_fov, distance_sensor->vertical_fov, \x1b[01;35m\x1b[Kdistance_sensor->quaternion\x1b[m\x1b[K, distance_sensor->signal_quality);\n'}
[2.093210] (mavlink_gui_tester) StderrLine: {'line': b'      |                                                                 \x1b[01;35m\x1b[K~~~~~~~~~~~~~~~~~^~~~~~~~~~\x1b[m\x1b[K\n'}
[2.093259] (mavlink_gui_tester) StderrLine: {'line': b'\n'}
[2.100273] (mavlink_gui_tester) StderrLine: {'line': b'In file included from \x1b[01m\x1b[K/home/a/ws_moveit2/src/MAVLink/MAVLink_gui_ros2/../MAVLink_ros2/include/mavlink/c_library_v2/common/common.h:2928\x1b[m\x1b[K,\n'}
[2.100350] (mavlink_gui_tester) StderrLine: {'line': b'                 from \x1b[01m\x1b[K/home/a/ws_moveit2/src/MAVLink/MAVLink_gui_ros2/../MAVLink_ros2/include/mavlink/c_library_v2/common/mavlink.h:32\x1b[m\x1b[K,\n'}
[2.100380] (mavlink_gui_tester) StderrLine: {'line': b'                 from \x1b[01m\x1b[K/home/a/ws_moveit2/src/MAVLink/MAVLink_gui_ros2/include/mavlink_gui_tester/mavlink_gui_widget.hpp:45\x1b[m\x1b[K,\n'}
[2.100409] (mavlink_gui_tester) StderrLine: {'line': b'                 from \x1b[01m\x1b[K/home/a/ws_moveit2/src/MAVLink/MAVLink_gui_ros2/src/mavlink_gui_widget.cpp:1\x1b[m\x1b[K:\n'}
[2.100437] (mavlink_gui_tester) StderrLine: {'line': b'\x1b[01m\x1b[K/home/a/ws_moveit2/src/MAVLink/MAVLink_gui_ros2/../MAVLink_ros2/include/mavlink/c_library_v2/common/./mavlink_msg_battery_status.h:\x1b[m\x1b[K In function \xe2\x80\x98\x1b[01m\x1b[Kuint16_t mavlink_msg_battery_status_encode(uint8_t, uint8_t, mavlink_message_t*, const mavlink_battery_status_t*)\x1b[m\x1b[K\xe2\x80\x99:\n'}
[2.100466] (mavlink_gui_tester) StderrLine: {'line': b'\x1b[01m\x1b[K/home/a/ws_moveit2/src/MAVLink/MAVLink_gui_ros2/../MAVLink_ros2/include/mavlink/c_library_v2/common/./mavlink_msg_battery_status.h:289:195:\x1b[m\x1b[K \x1b[01;35m\x1b[Kwarning: \x1b[m\x1b[Ktaking address of packed member of \xe2\x80\x98\x1b[01m\x1b[K__mavlink_battery_status_t\x1b[m\x1b[K\xe2\x80\x99 may result in an unaligned pointer value [\x1b[01;35m\x1b[K\x1b]8;;https://gcc.gnu.org/onlinedocs/gcc/Warning-Options.html#index-Waddress-of-packed-member\x07-Waddress-of-packed-member\x1b]8;;\x07\x1b[m\x1b[K]\n'}
[2.100497] (mavlink_gui_tester) StderrLine: {'line': b'  289 | ery_function, battery_status->type, battery_status->temperature, \x1b[01;35m\x1b[Kbattery_status->voltages\x1b[m\x1b[K, battery_status->current_battery, battery_status->current_consumed, battery_status->energy_consumed, battery_status->battery_remaining, battery_status->time_remaining, battery_status->charge_state, battery_status->voltages_ext, battery_status->mode, battery_status->fault_bitmask);\n'}
[2.100666] (mavlink_gui_tester) StderrLine: {'line': b'      |                                                                  \x1b[01;35m\x1b[K~~~~~~~~~~~~~~~~^~~~~~~~\x1b[m\x1b[K\n'}
[2.100691] (mavlink_gui_tester) StderrLine: {'line': b'\n'}
[2.100714] (mavlink_gui_tester) StderrLine: {'line': b'\x1b[01m\x1b[K/home/a/ws_moveit2/src/MAVLink/MAVLink_gui_ros2/../MAVLink_ros2/include/mavlink/c_library_v2/common/./mavlink_msg_battery_status.h:289:418:\x1b[m\x1b[K \x1b[01;35m\x1b[Kwarning: \x1b[m\x1b[Ktaking address of packed member of \xe2\x80\x98\x1b[01m\x1b[K__mavlink_battery_status_t\x1b[m\x1b[K\xe2\x80\x99 may result in an unaligned pointer value [\x1b[01;35m\x1b[K\x1b]8;;https://gcc.gnu.org/onlinedocs/gcc/Warning-Options.html#index-Waddress-of-packed-member\x07-Waddress-of-packed-member\x1b]8;;\x07\x1b[m\x1b[K]\n'}
[2.100740] (mavlink_gui_tester) StderrLine: {'line': b'  289 | g, battery_status->time_remaining, battery_status->charge_state, \x1b[01;35m\x1b[Kbattery_status->voltages_ext\x1b[m\x1b[K, battery_status->mode, battery_status->fault_bitmask);\n'}
[2.100765] (mavlink_gui_tester) StderrLine: {'line': b'      |                                                                  \x1b[01;35m\x1b[K~~~~~~~~~~~~~~~~^~~~~~~~~~~~\x1b[m\x1b[K\n'}
[2.100788] (mavlink_gui_tester) StderrLine: {'line': b'\n'}
[2.100811] (mavlink_gui_tester) StderrLine: {'line': b'\x1b[01m\x1b[K/home/a/ws_moveit2/src/MAVLink/MAVLink_gui_ros2/../MAVLink_ros2/include/mavlink/c_library_v2/common/./mavlink_msg_battery_status.h:\x1b[m\x1b[K In function \xe2\x80\x98\x1b[01m\x1b[Kuint16_t mavlink_msg_battery_status_encode_chan(uint8_t, uint8_t, uint8_t, mavlink_message_t*, const mavlink_battery_status_t*)\x1b[m\x1b[K\xe2\x80\x99:\n'}
[2.100837] (mavlink_gui_tester) StderrLine: {'line': b'\x1b[01m\x1b[K/home/a/ws_moveit2/src/MAVLink/MAVLink_gui_ros2/../MAVLink_ros2/include/mavlink/c_library_v2/common/./mavlink_msg_battery_status.h:303:206:\x1b[m\x1b[K \x1b[01;35m\x1b[Kwarning: \x1b[m\x1b[Ktaking address of packed member of \xe2\x80\x98\x1b[01m\x1b[K__mavlink_battery_status_t\x1b[m\x1b[K\xe2\x80\x99 may result in an unaligned pointer value [\x1b[01;35m\x1b[K\x1b]8;;https://gcc.gnu.org/onlinedocs/gcc/Warning-Options.html#index-Waddress-of-packed-member\x07-Waddress-of-packed-member\x1b]8;;\x07\x1b[m\x1b[K]\n'}
[2.100862] (mavlink_gui_tester) StderrLine: {'line': b'  303 | ery_function, battery_status->type, battery_status->temperature, \x1b[01;35m\x1b[Kbattery_status->voltages\x1b[m\x1b[K, battery_status->current_battery, battery_status->current_consumed, battery_status->energy_consumed, battery_status->battery_remaining, battery_status->time_remaining, battery_status->charge_state, battery_status->voltages_ext, battery_status->mode, battery_status->fault_bitmask);\n'}
[2.100887] (mavlink_gui_tester) StderrLine: {'line': b'      |                                                                  \x1b[01;35m\x1b[K~~~~~~~~~~~~~~~~^~~~~~~~\x1b[m\x1b[K\n'}
[2.100910] (mavlink_gui_tester) StderrLine: {'line': b'\n'}
[2.100932] (mavlink_gui_tester) StderrLine: {'line': b'\x1b[01m\x1b[K/home/a/ws_moveit2/src/MAVLink/MAVLink_gui_ros2/../MAVLink_ros2/include/mavlink/c_library_v2/common/./mavlink_msg_battery_status.h:303:429:\x1b[m\x1b[K \x1b[01;35m\x1b[Kwarning: \x1b[m\x1b[Ktaking address of packed member of \xe2\x80\x98\x1b[01m\x1b[K__mavlink_battery_status_t\x1b[m\x1b[K\xe2\x80\x99 may result in an unaligned pointer value [\x1b[01;35m\x1b[K\x1b]8;;https://gcc.gnu.org/onlinedocs/gcc/Warning-Options.html#index-Waddress-of-packed-member\x07-Waddress-of-packed-member\x1b]8;;\x07\x1b[m\x1b[K]\n'}
[2.100959] (mavlink_gui_tester) StderrLine: {'line': b'  303 | g, battery_status->time_remaining, battery_status->charge_state, \x1b[01;35m\x1b[Kbattery_status->voltages_ext\x1b[m\x1b[K, battery_status->mode, battery_status->fault_bitmask);\n'}
[2.100996] (mavlink_gui_tester) StderrLine: {'line': b'      |                                                                  \x1b[01;35m\x1b[K~~~~~~~~~~~~~~~~^~~~~~~~~~~~\x1b[m\x1b[K\n'}
[2.101029] (mavlink_gui_tester) StderrLine: {'line': b'\n'}
[2.101053] (mavlink_gui_tester) StderrLine: {'line': b'\x1b[01m\x1b[K/home/a/ws_moveit2/src/MAVLink/MAVLink_gui_ros2/../MAVLink_ros2/include/mavlink/c_library_v2/common/./mavlink_msg_battery_status.h:\x1b[m\x1b[K In function \xe2\x80\x98\x1b[01m\x1b[Kuint16_t mavlink_msg_battery_status_encode_status(uint8_t, uint8_t, mavlink_status_t*, mavlink_message_t*, const mavlink_battery_status_t*)\x1b[m\x1b[K\xe2\x80\x99:\n'}
[2.101079] (mavlink_gui_tester) StderrLine: {'line': b'\x1b[01m\x1b[K/home/a/ws_moveit2/src/MAVLink/MAVLink_gui_ros2/../MAVLink_ros2/include/mavlink/c_library_v2/common/./mavlink_msg_battery_status.h:317:212:\x1b[m\x1b[K \x1b[01;35m\x1b[Kwarning: \x1b[m\x1b[Ktaking address of packed member of \xe2\x80\x98\x1b[01m\x1b[K__mavlink_battery_status_t\x1b[m\x1b[K\xe2\x80\x99 may result in an unaligned pointer value [\x1b[01;35m\x1b[K\x1b]8;;https://gcc.gnu.org/onlinedocs/gcc/Warning-Options.html#index-Waddress-of-packed-member\x07-Waddress-of-packed-member\x1b]8;;\x07\x1b[m\x1b[K]\n'}
[2.101113] (mavlink_gui_tester) StderrLine: {'line': b'  317 | ery_function, battery_status->type, battery_status->temperature, \x1b[01;35m\x1b[Kbattery_status->voltages\x1b[m\x1b[K, battery_status->current_battery, battery_status->current_consumed, battery_status->energy_consumed, battery_status->battery_remaining, battery_status->time_remaining, battery_status->charge_state, battery_status->voltages_ext, battery_status->mode, battery_status->fault_bitmask);\n'}
[2.101144] (mavlink_gui_tester) StderrLine: {'line': b'      |                                                                  \x1b[01;35m\x1b[K~~~~~~~~~~~~~~~~^~~~~~~~\x1b[m\x1b[K\n'}
[2.101169] (mavlink_gui_tester) StderrLine: {'line': b'\n'}
[2.101193] (mavlink_gui_tester) StderrLine: {'line': b'\x1b[01m\x1b[K/home/a/ws_moveit2/src/MAVLink/MAVLink_gui_ros2/../MAVLink_ros2/include/mavlink/c_library_v2/common/./mavlink_msg_battery_status.h:317:435:\x1b[m\x1b[K \x1b[01;35m\x1b[Kwarning: \x1b[m\x1b[Ktaking address of packed member of \xe2\x80\x98\x1b[01m\x1b[K__mavlink_battery_status_t\x1b[m\x1b[K\xe2\x80\x99 may result in an unaligned pointer value [\x1b[01;35m\x1b[K\x1b]8;;https://gcc.gnu.org/onlinedocs/gcc/Warning-Options.html#index-Waddress-of-packed-member\x07-Waddress-of-packed-member\x1b]8;;\x07\x1b[m\x1b[K]\n'}
[2.101225] (mavlink_gui_tester) StderrLine: {'line': b'  317 | g, battery_status->time_remaining, battery_status->charge_state, \x1b[01;35m\x1b[Kbattery_status->voltages_ext\x1b[m\x1b[K, battery_status->mode, battery_status->fault_bitmask);\n'}
[2.101311] (mavlink_gui_tester) StderrLine: {'line': b'      |                                                                  \x1b[01;35m\x1b[K~~~~~~~~~~~~~~~~^~~~~~~~~~~~\x1b[m\x1b[K\n'}
[2.101338] (mavlink_gui_tester) StderrLine: {'line': b'\n'}
[2.101437] (mavlink_gui_tester) StderrLine: {'line': b'In file included from \x1b[01m\x1b[K/home/a/ws_moveit2/src/MAVLink/MAVLink_gui_ros2/../MAVLink_ros2/include/mavlink/c_library_v2/common/common.h:2929\x1b[m\x1b[K,\n'}
[2.101461] (mavlink_gui_tester) StderrLine: {'line': b'                 from \x1b[01m\x1b[K/home/a/ws_moveit2/src/MAVLink/MAVLink_gui_ros2/../MAVLink_ros2/include/mavlink/c_library_v2/common/mavlink.h:32\x1b[m\x1b[K,\n'}
[2.101485] (mavlink_gui_tester) StderrLine: {'line': b'                 from \x1b[01m\x1b[K/home/a/ws_moveit2/src/MAVLink/MAVLink_gui_ros2/include/mavlink_gui_tester/mavlink_gui_widget.hpp:45\x1b[m\x1b[K,\n'}
[2.101508] (mavlink_gui_tester) StderrLine: {'line': b'                 from \x1b[01m\x1b[K/home/a/ws_moveit2/src/MAVLink/MAVLink_gui_ros2/src/mavlink_gui_widget.cpp:1\x1b[m\x1b[K:\n'}
[2.101530] (mavlink_gui_tester) StderrLine: {'line': b'\x1b[01m\x1b[K/home/a/ws_moveit2/src/MAVLink/MAVLink_gui_ros2/../MAVLink_ros2/include/mavlink/c_library_v2/common/./mavlink_msg_landing_target.h:\x1b[m\x1b[K In function \xe2\x80\x98\x1b[01m\x1b[Kuint16_t mavlink_msg_landing_target_encode(uint8_t, uint8_t, mavlink_message_t*, const mavlink_landing_target_t*)\x1b[m\x1b[K\xe2\x80\x99:\n'}
[2.101554] (mavlink_gui_tester) StderrLine: {'line': b'\x1b[01m\x1b[K/home/a/ws_moveit2/src/MAVLink/MAVLink_gui_ros2/../MAVLink_ros2/include/mavlink/c_library_v2/common/./mavlink_msg_landing_target.h:288:349:\x1b[m\x1b[K \x1b[01;35m\x1b[Kwarning: \x1b[m\x1b[Ktaking address of packed member of \xe2\x80\x98\x1b[01m\x1b[K__mavlink_landing_target_t\x1b[m\x1b[K\xe2\x80\x99 may result in an unaligned pointer value [\x1b[01;35m\x1b[K\x1b]8;;https://gcc.gnu.org/onlinedocs/gcc/Warning-Options.html#index-Waddress-of-packed-member\x07-Waddress-of-packed-member\x1b]8;;\x07\x1b[m\x1b[K]\n'}
[2.101578] (mavlink_gui_tester) StderrLine: {'line': b'  288 | size_y, landing_target->x, landing_target->y, landing_target->z, \x1b[01;35m\x1b[Klanding_target->q\x1b[m\x1b[K, landing_target->type, landing_target->position_valid);\n'}
[2.101603] (mavlink_gui_tester) StderrLine: {'line': b'      |                                                                  \x1b[01;35m\x1b[K~~~~~~~~~~~~~~~~^\x1b[m\x1b[K\n'}
[2.101625] (mavlink_gui_tester) StderrLine: {'line': b'\n'}
[2.101647] (mavlink_gui_tester) StderrLine: {'line': b'\x1b[01m\x1b[K/home/a/ws_moveit2/src/MAVLink/MAVLink_gui_ros2/../MAVLink_ros2/include/mavlink/c_library_v2/common/./mavlink_msg_landing_target.h:\x1b[m\x1b[K In function \xe2\x80\x98\x1b[01m\x1b[Kuint16_t mavlink_msg_landing_target_encode_chan(uint8_t, uint8_t, uint8_t, mavlink_message_t*, const mavlink_landing_target_t*)\x1b[m\x1b[K\xe2\x80\x99:\n'}
[2.101671] (mavlink_gui_tester) StderrLine: {'line': b'\x1b[01m\x1b[K/home/a/ws_moveit2/src/MAVLink/MAVLink_gui_ros2/../MAVLink_ros2/include/mavlink/c_library_v2/common/./mavlink_msg_landing_target.h:302:360:\x1b[m\x1b[K \x1b[01;35m\x1b[Kwarning: \x1b[m\x1b[Ktaking address of packed member of \xe2\x80\x98\x1b[01m\x1b[K__mavlink_landing_target_t\x1b[m\x1b[K\xe2\x80\x99 may result in an unaligned pointer value [\x1b[01;35m\x1b[K\x1b]8;;https://gcc.gnu.org/onlinedocs/gcc/Warning-Options.html#index-Waddress-of-packed-member\x07-Waddress-of-packed-member\x1b]8;;\x07\x1b[m\x1b[K]\n'}
[2.101696] (mavlink_gui_tester) StderrLine: {'line': b'  302 | size_y, landing_target->x, landing_target->y, landing_target->z, \x1b[01;35m\x1b[Klanding_target->q\x1b[m\x1b[K, landing_target->type, landing_target->position_valid);\n'}
[2.101718] (mavlink_gui_tester) StderrLine: {'line': b'      |                                                                  \x1b[01;35m\x1b[K~~~~~~~~~~~~~~~~^\x1b[m\x1b[K\n'}
[2.101740] (mavlink_gui_tester) StderrLine: {'line': b'\n'}
[2.101762] (mavlink_gui_tester) StderrLine: {'line': b'\x1b[01m\x1b[K/home/a/ws_moveit2/src/MAVLink/MAVLink_gui_ros2/../MAVLink_ros2/include/mavlink/c_library_v2/common/./mavlink_msg_landing_target.h:\x1b[m\x1b[K In function \xe2\x80\x98\x1b[01m\x1b[Kuint16_t mavlink_msg_landing_target_encode_status(uint8_t, uint8_t, mavlink_status_t*, mavlink_message_t*, const mavlink_landing_target_t*)\x1b[m\x1b[K\xe2\x80\x99:\n'}
[2.101794] (mavlink_gui_tester) StderrLine: {'line': b'\x1b[01m\x1b[K/home/a/ws_moveit2/src/MAVLink/MAVLink_gui_ros2/../MAVLink_ros2/include/mavlink/c_library_v2/common/./mavlink_msg_landing_target.h:316:366:\x1b[m\x1b[K \x1b[01;35m\x1b[Kwarning: \x1b[m\x1b[Ktaking address of packed member of \xe2\x80\x98\x1b[01m\x1b[K__mavlink_landing_target_t\x1b[m\x1b[K\xe2\x80\x99 may result in an unaligned pointer value [\x1b[01;35m\x1b[K\x1b]8;;https://gcc.gnu.org/onlinedocs/gcc/Warning-Options.html#index-Waddress-of-packed-member\x07-Waddress-of-packed-member\x1b]8;;\x07\x1b[m\x1b[K]\n'}
[2.101829] (mavlink_gui_tester) StderrLine: {'line': b'  316 | size_y, landing_target->x, landing_target->y, landing_target->z, \x1b[01;35m\x1b[Klanding_target->q\x1b[m\x1b[K, landing_target->type, landing_target->position_valid);\n'}
[2.101862] (mavlink_gui_tester) StderrLine: {'line': b'      |                                                                  \x1b[01;35m\x1b[K~~~~~~~~~~~~~~~~^\x1b[m\x1b[K\n'}
[2.101896] (mavlink_gui_tester) StderrLine: {'line': b'\n'}
[2.105974] (-) TimerEvent: {}
[2.112327] (mavlink_gui_tester) StderrLine: {'line': b'In file included from \x1b[01m\x1b[K/home/a/ws_moveit2/src/MAVLink/MAVLink_gui_ros2/../MAVLink_ros2/include/mavlink/c_library_v2/common/common.h:2940\x1b[m\x1b[K,\n'}
[2.112388] (mavlink_gui_tester) StderrLine: {'line': b'                 from \x1b[01m\x1b[K/home/a/ws_moveit2/src/MAVLink/MAVLink_gui_ros2/../MAVLink_ros2/include/mavlink/c_library_v2/common/mavlink.h:32\x1b[m\x1b[K,\n'}
[2.112483] (mavlink_gui_tester) StderrLine: {'line': b'                 from \x1b[01m\x1b[K/home/a/ws_moveit2/src/MAVLink/MAVLink_gui_ros2/include/mavlink_gui_tester/mavlink_gui_widget.hpp:45\x1b[m\x1b[K,\n'}
[2.112509] (mavlink_gui_tester) StderrLine: {'line': b'                 from \x1b[01m\x1b[K/home/a/ws_moveit2/src/MAVLink/MAVLink_gui_ros2/src/mavlink_gui_widget.cpp:1\x1b[m\x1b[K:\n'}
[2.112541] (mavlink_gui_tester) StderrLine: {'line': b'\x1b[01m\x1b[K/home/a/ws_moveit2/src/MAVLink/MAVLink_gui_ros2/../MAVLink_ros2/include/mavlink/c_library_v2/common/./mavlink_msg_home_position.h:\x1b[m\x1b[K In function \xe2\x80\x98\x1b[01m\x1b[Kuint16_t mavlink_msg_home_position_encode(uint8_t, uint8_t, mavlink_message_t*, const mavlink_home_position_t*)\x1b[m\x1b[K\xe2\x80\x99:\n'}
[2.112569] (mavlink_gui_tester) StderrLine: {'line': b'\x1b[01m\x1b[K/home/a/ws_moveit2/src/MAVLink/MAVLink_gui_ros2/../MAVLink_ros2/include/mavlink/c_library_v2/common/./mavlink_msg_home_position.h:268:218:\x1b[m\x1b[K \x1b[01;35m\x1b[Kwarning: \x1b[m\x1b[Ktaking address of packed member of \xe2\x80\x98\x1b[01m\x1b[K__mavlink_home_position_t\x1b[m\x1b[K\xe2\x80\x99 may result in an unaligned pointer value [\x1b[01;35m\x1b[K\x1b]8;;https://gcc.gnu.org/onlinedocs/gcc/Warning-Options.html#index-Waddress-of-packed-member\x07-Waddress-of-packed-member\x1b]8;;\x07\x1b[m\x1b[K]\n'}
[2.112596] (mavlink_gui_tester) StderrLine: {'line': b'  268 | ->altitude, home_position->x, home_position->y, home_position->z, \x1b[01;35m\x1b[Khome_position->q\x1b[m\x1b[K, home_position->approach_x, home_position->approach_y, home_position->approach_z, home_position->time_usec);\n'}
[2.112620] (mavlink_gui_tester) StderrLine: {'line': b'      |                                                                   \x1b[01;35m\x1b[K~~~~~~~~~~~~~~~^\x1b[m\x1b[K\n'}
[2.112643] (mavlink_gui_tester) StderrLine: {'line': b'\n'}
[2.112667] (mavlink_gui_tester) StderrLine: {'line': b'\x1b[01m\x1b[K/home/a/ws_moveit2/src/MAVLink/MAVLink_gui_ros2/../MAVLink_ros2/include/mavlink/c_library_v2/common/./mavlink_msg_home_position.h:\x1b[m\x1b[K In function \xe2\x80\x98\x1b[01m\x1b[Kuint16_t mavlink_msg_home_position_encode_chan(uint8_t, uint8_t, uint8_t, mavlink_message_t*, const mavlink_home_position_t*)\x1b[m\x1b[K\xe2\x80\x99:\n'}
[2.112691] (mavlink_gui_tester) StderrLine: {'line': b'\x1b[01m\x1b[K/home/a/ws_moveit2/src/MAVLink/MAVLink_gui_ros2/../MAVLink_ros2/include/mavlink/c_library_v2/common/./mavlink_msg_home_position.h:282:229:\x1b[m\x1b[K \x1b[01;35m\x1b[Kwarning: \x1b[m\x1b[Ktaking address of packed member of \xe2\x80\x98\x1b[01m\x1b[K__mavlink_home_position_t\x1b[m\x1b[K\xe2\x80\x99 may result in an unaligned pointer value [\x1b[01;35m\x1b[K\x1b]8;;https://gcc.gnu.org/onlinedocs/gcc/Warning-Options.html#index-Waddress-of-packed-member\x07-Waddress-of-packed-member\x1b]8;;\x07\x1b[m\x1b[K]\n'}
[2.112718] (mavlink_gui_tester) StderrLine: {'line': b'  282 | ->altitude, home_position->x, home_position->y, home_position->z, \x1b[01;35m\x1b[Khome_position->q\x1b[m\x1b[K, home_position->approach_x, home_position->approach_y, home_position->approach_z, home_position->time_usec);\n'}
[2.112745] (mavlink_gui_tester) StderrLine: {'line': b'      |                                                                   \x1b[01;35m\x1b[K~~~~~~~~~~~~~~~^\x1b[m\x1b[K\n'}
[2.112768] (mavlink_gui_tester) StderrLine: {'line': b'\n'}
[2.112791] (mavlink_gui_tester) StderrLine: {'line': b'\x1b[01m\x1b[K/home/a/ws_moveit2/src/MAVLink/MAVLink_gui_ros2/../MAVLink_ros2/include/mavlink/c_library_v2/common/./mavlink_msg_home_position.h:\x1b[m\x1b[K In function \xe2\x80\x98\x1b[01m\x1b[Kuint16_t mavlink_msg_home_position_encode_status(uint8_t, uint8_t, mavlink_status_t*, mavlink_message_t*, const mavlink_home_position_t*)\x1b[m\x1b[K\xe2\x80\x99:\n'}
[2.112815] (mavlink_gui_tester) StderrLine: {'line': b'\x1b[01m\x1b[K/home/a/ws_moveit2/src/MAVLink/MAVLink_gui_ros2/../MAVLink_ros2/include/mavlink/c_library_v2/common/./mavlink_msg_home_position.h:296:235:\x1b[m\x1b[K \x1b[01;35m\x1b[Kwarning: \x1b[m\x1b[Ktaking address of packed member of \xe2\x80\x98\x1b[01m\x1b[K__mavlink_home_position_t\x1b[m\x1b[K\xe2\x80\x99 may result in an unaligned pointer value [\x1b[01;35m\x1b[K\x1b]8;;https://gcc.gnu.org/onlinedocs/gcc/Warning-Options.html#index-Waddress-of-packed-member\x07-Waddress-of-packed-member\x1b]8;;\x07\x1b[m\x1b[K]\n'}
[2.112841] (mavlink_gui_tester) StderrLine: {'line': b'  296 | ->altitude, home_position->x, home_position->y, home_position->z, \x1b[01;35m\x1b[Khome_position->q\x1b[m\x1b[K, home_position->approach_x, home_position->approach_y, home_position->approach_z, home_position->time_usec);\n'}
[2.112865] (mavlink_gui_tester) StderrLine: {'line': b'      |                                                                   \x1b[01;35m\x1b[K~~~~~~~~~~~~~~~^\x1b[m\x1b[K\n'}
[2.112888] (mavlink_gui_tester) StderrLine: {'line': b'\n'}
[2.113199] (mavlink_gui_tester) StderrLine: {'line': b'In file included from \x1b[01m\x1b[K/home/a/ws_moveit2/src/MAVLink/MAVLink_gui_ros2/../MAVLink_ros2/include/mavlink/c_library_v2/common/common.h:2941\x1b[m\x1b[K,\n'}
[2.113230] (mavlink_gui_tester) StderrLine: {'line': b'                 from \x1b[01m\x1b[K/home/a/ws_moveit2/src/MAVLink/MAVLink_gui_ros2/../MAVLink_ros2/include/mavlink/c_library_v2/common/mavlink.h:32\x1b[m\x1b[K,\n'}
[2.113296] (mavlink_gui_tester) StderrLine: {'line': b'                 from \x1b[01m\x1b[K/home/a/ws_moveit2/src/MAVLink/MAVLink_gui_ros2/include/mavlink_gui_tester/mavlink_gui_widget.hpp:45\x1b[m\x1b[K,\n'}
[2.113323] (mavlink_gui_tester) StderrLine: {'line': b'                 from \x1b[01m\x1b[K/home/a/ws_moveit2/src/MAVLink/MAVLink_gui_ros2/src/mavlink_gui_widget.cpp:1\x1b[m\x1b[K:\n'}
[2.113349] (mavlink_gui_tester) StderrLine: {'line': b'\x1b[01m\x1b[K/home/a/ws_moveit2/src/MAVLink/MAVLink_gui_ros2/../MAVLink_ros2/include/mavlink/c_library_v2/common/./mavlink_msg_set_home_position.h:\x1b[m\x1b[K In function \xe2\x80\x98\x1b[01m\x1b[Kuint16_t mavlink_msg_set_home_position_encode(uint8_t, uint8_t, mavlink_message_t*, const mavlink_set_home_position_t*)\x1b[m\x1b[K\xe2\x80\x99:\n'}
[2.113436] (mavlink_gui_tester) StderrLine: {'line': b'\x1b[01m\x1b[K/home/a/ws_moveit2/src/MAVLink/MAVLink_gui_ros2/../MAVLink_ros2/include/mavlink/c_library_v2/common/./mavlink_msg_set_home_position.h:264:284:\x1b[m\x1b[K \x1b[01;35m\x1b[Kwarning: \x1b[m\x1b[Ktaking address of packed member of \xe2\x80\x98\x1b[01m\x1b[K__mavlink_set_home_position_t\x1b[m\x1b[K\xe2\x80\x99 may result in an unaligned pointer value [\x1b[01;35m\x1b[K\x1b]8;;https://gcc.gnu.org/onlinedocs/gcc/Warning-Options.html#index-Waddress-of-packed-member\x07-Waddress-of-packed-member\x1b]8;;\x07\x1b[m\x1b[K]\n'}
[2.113461] (mavlink_gui_tester) StderrLine: {'line': b'  264 | home_position->x, set_home_position->y, set_home_position->z, \x1b[01;35m\x1b[Kset_home_position->q\x1b[m\x1b[K, set_home_position->approach_x, set_home_position->approach_y, set_home_position->approach_z, set_home_position->time_usec);\n'}
[2.113485] (mavlink_gui_tester) StderrLine: {'line': b'      |                                                               \x1b[01;35m\x1b[K~~~~~~~~~~~~~~~~~~~^\x1b[m\x1b[K\n'}
[2.113509] (mavlink_gui_tester) StderrLine: {'line': b'\n'}
[2.113531] (mavlink_gui_tester) StderrLine: {'line': b'\x1b[01m\x1b[K/home/a/ws_moveit2/src/MAVLink/MAVLink_gui_ros2/../MAVLink_ros2/include/mavlink/c_library_v2/common/./mavlink_msg_set_home_position.h:\x1b[m\x1b[K In function \xe2\x80\x98\x1b[01m\x1b[Kuint16_t mavlink_msg_set_home_position_encode_chan(uint8_t, uint8_t, uint8_t, mavlink_message_t*, const mavlink_set_home_position_t*)\x1b[m\x1b[K\xe2\x80\x99:\n'}
[2.113555] (mavlink_gui_tester) StderrLine: {'line': b'\x1b[01m\x1b[K/home/a/ws_moveit2/src/MAVLink/MAVLink_gui_ros2/../MAVLink_ros2/include/mavlink/c_library_v2/common/./mavlink_msg_set_home_position.h:278:295:\x1b[m\x1b[K \x1b[01;35m\x1b[Kwarning: \x1b[m\x1b[Ktaking address of packed member of \xe2\x80\x98\x1b[01m\x1b[K__mavlink_set_home_position_t\x1b[m\x1b[K\xe2\x80\x99 may result in an unaligned pointer value [\x1b[01;35m\x1b[K\x1b]8;;https://gcc.gnu.org/onlinedocs/gcc/Warning-Options.html#index-Waddress-of-packed-member\x07-Waddress-of-packed-member\x1b]8;;\x07\x1b[m\x1b[K]\n'}
[2.113579] (mavlink_gui_tester) StderrLine: {'line': b'  278 | home_position->x, set_home_position->y, set_home_position->z, \x1b[01;35m\x1b[Kset_home_position->q\x1b[m\x1b[K, set_home_position->approach_x, set_home_position->approach_y, set_home_position->approach_z, set_home_position->time_usec);\n'}
[2.113604] (mavlink_gui_tester) StderrLine: {'line': b'      |                                                               \x1b[01;35m\x1b[K~~~~~~~~~~~~~~~~~~~^\x1b[m\x1b[K\n'}
[2.113626] (mavlink_gui_tester) StderrLine: {'line': b'\n'}
[2.113649] (mavlink_gui_tester) StderrLine: {'line': b'\x1b[01m\x1b[K/home/a/ws_moveit2/src/MAVLink/MAVLink_gui_ros2/../MAVLink_ros2/include/mavlink/c_library_v2/common/./mavlink_msg_set_home_position.h:\x1b[m\x1b[K In function \xe2\x80\x98\x1b[01m\x1b[Kuint16_t mavlink_msg_set_home_position_encode_status(uint8_t, uint8_t, mavlink_status_t*, mavlink_message_t*, const mavlink_set_home_position_t*)\x1b[m\x1b[K\xe2\x80\x99:\n'}
[2.113674] (mavlink_gui_tester) StderrLine: {'line': b'\x1b[01m\x1b[K/home/a/ws_moveit2/src/MAVLink/MAVLink_gui_ros2/../MAVLink_ros2/include/mavlink/c_library_v2/common/./mavlink_msg_set_home_position.h:292:301:\x1b[m\x1b[K \x1b[01;35m\x1b[Kwarning: \x1b[m\x1b[Ktaking address of packed member of \xe2\x80\x98\x1b[01m\x1b[K__mavlink_set_home_position_t\x1b[m\x1b[K\xe2\x80\x99 may result in an unaligned pointer value [\x1b[01;35m\x1b[K\x1b]8;;https://gcc.gnu.org/onlinedocs/gcc/Warning-Options.html#index-Waddress-of-packed-member\x07-Waddress-of-packed-member\x1b]8;;\x07\x1b[m\x1b[K]\n'}
[2.113698] (mavlink_gui_tester) StderrLine: {'line': b'  292 | home_position->x, set_home_position->y, set_home_position->z, \x1b[01;35m\x1b[Kset_home_position->q\x1b[m\x1b[K, set_home_position->approach_x, set_home_position->approach_y, set_home_position->approach_z, set_home_position->time_usec);\n'}
[2.113720] (mavlink_gui_tester) StderrLine: {'line': b'      |                                                               \x1b[01;35m\x1b[K~~~~~~~~~~~~~~~~~~~^\x1b[m\x1b[K\n'}
[2.113742] (mavlink_gui_tester) StderrLine: {'line': b'\n'}
[2.135101] (mavlink_gui_tester) StderrLine: {'line': b'In file included from \x1b[01m\x1b[K/home/a/ws_moveit2/src/MAVLink/MAVLink_gui_ros2/../MAVLink_ros2/include/mavlink/c_library_v2/common/common.h:2978\x1b[m\x1b[K,\n'}
[2.135201] (mavlink_gui_tester) StderrLine: {'line': b'                 from \x1b[01m\x1b[K/home/a/ws_moveit2/src/MAVLink/MAVLink_gui_ros2/../MAVLink_ros2/include/mavlink/c_library_v2/common/mavlink.h:32\x1b[m\x1b[K,\n'}
[2.135231] (mavlink_gui_tester) StderrLine: {'line': b'                 from \x1b[01m\x1b[K/home/a/ws_moveit2/src/MAVLink/MAVLink_gui_ros2/include/mavlink_gui_tester/mavlink_gui_widget.hpp:45\x1b[m\x1b[K,\n'}
[2.135258] (mavlink_gui_tester) StderrLine: {'line': b'                 from \x1b[01m\x1b[K/home/a/ws_moveit2/src/MAVLink/MAVLink_gui_ros2/src/mavlink_gui_widget.cpp:1\x1b[m\x1b[K:\n'}
[2.135286] (mavlink_gui_tester) StderrLine: {'line': b'\x1b[01m\x1b[K/home/a/ws_moveit2/src/MAVLink/MAVLink_gui_ros2/../MAVLink_ros2/include/mavlink/c_library_v2/common/./mavlink_msg_autopilot_state_for_gimbal_device.h:\x1b[m\x1b[K In function \xe2\x80\x98\x1b[01m\x1b[Kuint16_t mavlink_msg_autopilot_state_for_gimbal_device_encode(uint8_t, uint8_t, mavlink_message_t*, const mavlink_autopilot_state_for_gimbal_device_t*)\x1b[m\x1b[K\xe2\x80\x99:\n'}
[2.135321] (mavlink_gui_tester) StderrLine: {'line': b'\x1b[01m\x1b[K/home/a/ws_moveit2/src/MAVLink/MAVLink_gui_ros2/../MAVLink_ros2/include/mavlink/c_library_v2/common/./mavlink_msg_autopilot_state_for_gimbal_device.h:276:280:\x1b[m\x1b[K \x1b[01;35m\x1b[Kwarning: \x1b[m\x1b[Ktaking address of packed member of \xe2\x80\x98\x1b[01m\x1b[K__mavlink_autopilot_state_for_gimbal_device_t\x1b[m\x1b[K\xe2\x80\x99 may result in an unaligned pointer value [\x1b[01;35m\x1b[K\x1b]8;;https://gcc.gnu.org/onlinedocs/gcc/Warning-Options.html#index-Waddress-of-packed-member\x07-Waddress-of-packed-member\x1b]8;;\x07\x1b[m\x1b[K]\n'}
[2.135351] (mavlink_gui_tester) StderrLine: {'line': b'  276 | opilot_state_for_gimbal_device->time_boot_us, \x1b[01;35m\x1b[Kautopilot_state_for_gimbal_device->q\x1b[m\x1b[K, autopilot_state_for_gimbal_device->q_estimated_delay_us, autopilot_state_for_gimbal_device->vx, autopilot_state_for_gimbal_device->vy, autopilot_state_for_gimbal_device->vz, autopilot_state_for_gimbal_device->v_estimated_delay_us, autopilot_state_for_gimbal_device->feed_forward_angular_velocity_z, autopilot_state_for_gimbal_device->estimator_status, autopilot_state_for_gimbal_device->landed_state, autopilot_state_for_gimbal_device->angular_velocity_z);\n'}
[2.135378] (mavlink_gui_tester) StderrLine: {'line': b'      |                                               \x1b[01;35m\x1b[K~~~~~~~~~~~~~~~~~~~~~~~~~~~~~~~~~~~^\x1b[m\x1b[K\n'}
[2.135402] (mavlink_gui_tester) StderrLine: {'line': b'\n'}
[2.135591] (mavlink_gui_tester) StderrLine: {'line': b'In file included from \x1b[01m\x1b[K/home/a/ws_moveit2/src/MAVLink/MAVLink_gui_ros2/../MAVLink_ros2/include/mavlink/c_library_v2/common/common.h:2978\x1b[m\x1b[K,\n'}
[2.135644] (mavlink_gui_tester) StderrLine: {'line': b'                 from \x1b[01m\x1b[K/home/a/ws_moveit2/src/MAVLink/MAVLink_gui_ros2/../MAVLink_ros2/include/mavlink/c_library_v2/common/mavlink.h:32\x1b[m\x1b[K,\n'}
[2.135668] (mavlink_gui_tester) StderrLine: {'line': b'                 from \x1b[01m\x1b[K/home/a/ws_moveit2/src/MAVLink/MAVLink_gui_ros2/include/mavlink_gui_tester/mavlink_gui_widget.hpp:45\x1b[m\x1b[K,\n'}
[2.135691] (mavlink_gui_tester) StderrLine: {'line': b'                 from \x1b[01m\x1b[K/home/a/ws_moveit2/src/MAVLink/MAVLink_gui_ros2/src/mavlink_gui_widget.cpp:1\x1b[m\x1b[K:\n'}
[2.135714] (mavlink_gui_tester) StderrLine: {'line': b'\x1b[01m\x1b[K/home/a/ws_moveit2/src/MAVLink/MAVLink_gui_ros2/../MAVLink_ros2/include/mavlink/c_library_v2/common/./mavlink_msg_autopilot_state_for_gimbal_device.h:\x1b[m\x1b[K In function \xe2\x80\x98\x1b[01m\x1b[Kuint16_t mavlink_msg_autopilot_state_for_gimbal_device_encode_chan(uint8_t, uint8_t, uint8_t, mavlink_message_t*, const mavlink_autopilot_state_for_gimbal_device_t*)\x1b[m\x1b[K\xe2\x80\x99:\n'}
[2.135740] (mavlink_gui_tester) StderrLine: {'line': b'\x1b[01m\x1b[K/home/a/ws_moveit2/src/MAVLink/MAVLink_gui_ros2/../MAVLink_ros2/include/mavlink/c_library_v2/common/./mavlink_msg_autopilot_state_for_gimbal_device.h:290:291:\x1b[m\x1b[K \x1b[01;35m\x1b[Kwarning: \x1b[m\x1b[Ktaking address of packed member of \xe2\x80\x98\x1b[01m\x1b[K__mavlink_autopilot_state_for_gimbal_device_t\x1b[m\x1b[K\xe2\x80\x99 may result in an unaligned pointer value [\x1b[01;35m\x1b[K\x1b]8;;https://gcc.gnu.org/onlinedocs/gcc/Warning-Options.html#index-Waddress-of-packed-member\x07-Waddress-of-packed-member\x1b]8;;\x07\x1b[m\x1b[K]\n'}
[2.135770] (mavlink_gui_tester) StderrLine: {'line': b'  290 | opilot_state_for_gimbal_device->time_boot_us, \x1b[01;35m\x1b[Kautopilot_state_for_gimbal_device->q\x1b[m\x1b[K, autopilot_state_for_gimbal_device->q_estimated_delay_us, autopilot_state_for_gimbal_device->vx, autopilot_state_for_gimbal_device->vy, autopilot_state_for_gimbal_device->vz, autopilot_state_for_gimbal_device->v_estimated_delay_us, autopilot_state_for_gimbal_device->feed_forward_angular_velocity_z, autopilot_state_for_gimbal_device->estimator_status, autopilot_state_for_gimbal_device->landed_state, autopilot_state_for_gimbal_device->angular_velocity_z);\n'}
[2.135795] (mavlink_gui_tester) StderrLine: {'line': b'      |                                               \x1b[01;35m\x1b[K~~~~~~~~~~~~~~~~~~~~~~~~~~~~~~~~~~~^\x1b[m\x1b[K\n'}
[2.135818] (mavlink_gui_tester) StderrLine: {'line': b'\n'}
[2.135841] (mavlink_gui_tester) StderrLine: {'line': b'In file included from \x1b[01m\x1b[K/home/a/ws_moveit2/src/MAVLink/MAVLink_gui_ros2/../MAVLink_ros2/include/mavlink/c_library_v2/common/common.h:2978\x1b[m\x1b[K,\n'}
[2.135864] (mavlink_gui_tester) StderrLine: {'line': b'                 from \x1b[01m\x1b[K/home/a/ws_moveit2/src/MAVLink/MAVLink_gui_ros2/../MAVLink_ros2/include/mavlink/c_library_v2/common/mavlink.h:32\x1b[m\x1b[K,\n'}
[2.135888] (mavlink_gui_tester) StderrLine: {'line': b'                 from \x1b[01m\x1b[K/home/a/ws_moveit2/src/MAVLink/MAVLink_gui_ros2/include/mavlink_gui_tester/mavlink_gui_widget.hpp:45\x1b[m\x1b[K,\n'}
[2.135912] (mavlink_gui_tester) StderrLine: {'line': b'                 from \x1b[01m\x1b[K/home/a/ws_moveit2/src/MAVLink/MAVLink_gui_ros2/src/mavlink_gui_widget.cpp:1\x1b[m\x1b[K:\n'}
[2.135936] (mavlink_gui_tester) StderrLine: {'line': b'\x1b[01m\x1b[K/home/a/ws_moveit2/src/MAVLink/MAVLink_gui_ros2/../MAVLink_ros2/include/mavlink/c_library_v2/common/./mavlink_msg_autopilot_state_for_gimbal_device.h:\x1b[m\x1b[K In function \xe2\x80\x98\x1b[01m\x1b[Kuint16_t mavlink_msg_autopilot_state_for_gimbal_device_encode_status(uint8_t, uint8_t, mavlink_status_t*, mavlink_message_t*, const mavlink_autopilot_state_for_gimbal_device_t*)\x1b[m\x1b[K\xe2\x80\x99:\n'}
[2.135960] (mavlink_gui_tester) StderrLine: {'line': b'\x1b[01m\x1b[K/home/a/ws_moveit2/src/MAVLink/MAVLink_gui_ros2/../MAVLink_ros2/include/mavlink/c_library_v2/common/./mavlink_msg_autopilot_state_for_gimbal_device.h:304:297:\x1b[m\x1b[K \x1b[01;35m\x1b[Kwarning: \x1b[m\x1b[Ktaking address of packed member of \xe2\x80\x98\x1b[01m\x1b[K__mavlink_autopilot_state_for_gimbal_device_t\x1b[m\x1b[K\xe2\x80\x99 may result in an unaligned pointer value [\x1b[01;35m\x1b[K\x1b]8;;https://gcc.gnu.org/onlinedocs/gcc/Warning-Options.html#index-Waddress-of-packed-member\x07-Waddress-of-packed-member\x1b]8;;\x07\x1b[m\x1b[K]\n'}
[2.135985] (mavlink_gui_tester) StderrLine: {'line': b'  304 | opilot_state_for_gimbal_device->time_boot_us, \x1b[01;35m\x1b[Kautopilot_state_for_gimbal_device->q\x1b[m\x1b[K, autopilot_state_for_gimbal_device->q_estimated_delay_us, autopilot_state_for_gimbal_device->vx, autopilot_state_for_gimbal_device->vy, autopilot_state_for_gimbal_device->vz, autopilot_state_for_gimbal_device->v_estimated_delay_us, autopilot_state_for_gimbal_device->feed_forward_angular_velocity_z, autopilot_state_for_gimbal_device->estimator_status, autopilot_state_for_gimbal_device->landed_state, autopilot_state_for_gimbal_device->angular_velocity_z);\n'}
[2.136021] (mavlink_gui_tester) StderrLine: {'line': b'      |                                               \x1b[01;35m\x1b[K~~~~~~~~~~~~~~~~~~~~~~~~~~~~~~~~~~~^\x1b[m\x1b[K\n'}
[2.136045] (mavlink_gui_tester) StderrLine: {'line': b'\n'}
[2.143774] (mavlink_gui_tester) StderrLine: {'line': b'In file included from \x1b[01m\x1b[K/home/a/ws_moveit2/src/MAVLink/MAVLink_gui_ros2/../MAVLink_ros2/include/mavlink/c_library_v2/common/common.h:2992\x1b[m\x1b[K,\n'}
[2.143838] (mavlink_gui_tester) StderrLine: {'line': b'                 from \x1b[01m\x1b[K/home/a/ws_moveit2/src/MAVLink/MAVLink_gui_ros2/../MAVLink_ros2/include/mavlink/c_library_v2/common/mavlink.h:32\x1b[m\x1b[K,\n'}
[2.143866] (mavlink_gui_tester) StderrLine: {'line': b'                 from \x1b[01m\x1b[K/home/a/ws_moveit2/src/MAVLink/MAVLink_gui_ros2/include/mavlink_gui_tester/mavlink_gui_widget.hpp:45\x1b[m\x1b[K,\n'}
[2.143892] (mavlink_gui_tester) StderrLine: {'line': b'                 from \x1b[01m\x1b[K/home/a/ws_moveit2/src/MAVLink/MAVLink_gui_ros2/src/mavlink_gui_widget.cpp:1\x1b[m\x1b[K:\n'}
[2.143917] (mavlink_gui_tester) StderrLine: {'line': b'\x1b[01m\x1b[K/home/a/ws_moveit2/src/MAVLink/MAVLink_gui_ros2/../MAVLink_ros2/include/mavlink/c_library_v2/common/./mavlink_msg_obstacle_distance.h:\x1b[m\x1b[K In function \xe2\x80\x98\x1b[01m\x1b[Kuint16_t mavlink_msg_obstacle_distance_encode(uint8_t, uint8_t, mavlink_message_t*, const mavlink_obstacle_distance_t*)\x1b[m\x1b[K\xe2\x80\x99:\n'}
[2.143946] (mavlink_gui_tester) StderrLine: {'line': b'\x1b[01m\x1b[K/home/a/ws_moveit2/src/MAVLink/MAVLink_gui_ros2/../MAVLink_ros2/include/mavlink/c_library_v2/common/./mavlink_msg_obstacle_distance.h:228:158:\x1b[m\x1b[K \x1b[01;35m\x1b[Kwarning: \x1b[m\x1b[Ktaking address of packed member of \xe2\x80\x98\x1b[01m\x1b[K__mavlink_obstacle_distance_t\x1b[m\x1b[K\xe2\x80\x99 may result in an unaligned pointer value [\x1b[01;35m\x1b[K\x1b]8;;https://gcc.gnu.org/onlinedocs/gcc/Warning-Options.html#index-Waddress-of-packed-member\x07-Waddress-of-packed-member\x1b]8;;\x07\x1b[m\x1b[K]\n'}
[2.144031] (mavlink_gui_tester) StderrLine: {'line': b'  228 | obstacle_distance->time_usec, obstacle_distance->sensor_type, \x1b[01;35m\x1b[Kobstacle_distance->distances\x1b[m\x1b[K, obstacle_distance->increment, obstacle_distance->min_distance, obstacle_distance->max_distance, obstacle_distance->increment_f, obstacle_distance->angle_offset, obstacle_distance->frame);\n'}
[2.144060] (mavlink_gui_tester) StderrLine: {'line': b'      |                                                               \x1b[01;35m\x1b[K~~~~~~~~~~~~~~~~~~~^~~~~~~~~\x1b[m\x1b[K\n'}
[2.144085] (mavlink_gui_tester) StderrLine: {'line': b'\n'}
[2.144110] (mavlink_gui_tester) StderrLine: {'line': b'\x1b[01m\x1b[K/home/a/ws_moveit2/src/MAVLink/MAVLink_gui_ros2/../MAVLink_ros2/include/mavlink/c_library_v2/common/./mavlink_msg_obstacle_distance.h:\x1b[m\x1b[K In function \xe2\x80\x98\x1b[01m\x1b[Kuint16_t mavlink_msg_obstacle_distance_encode_chan(uint8_t, uint8_t, uint8_t, mavlink_message_t*, const mavlink_obstacle_distance_t*)\x1b[m\x1b[K\xe2\x80\x99:\n'}
[2.144136] (mavlink_gui_tester) StderrLine: {'line': b'\x1b[01m\x1b[K/home/a/ws_moveit2/src/MAVLink/MAVLink_gui_ros2/../MAVLink_ros2/include/mavlink/c_library_v2/common/./mavlink_msg_obstacle_distance.h:242:169:\x1b[m\x1b[K \x1b[01;35m\x1b[Kwarning: \x1b[m\x1b[Ktaking address of packed member of \xe2\x80\x98\x1b[01m\x1b[K__mavlink_obstacle_distance_t\x1b[m\x1b[K\xe2\x80\x99 may result in an unaligned pointer value [\x1b[01;35m\x1b[K\x1b]8;;https://gcc.gnu.org/onlinedocs/gcc/Warning-Options.html#index-Waddress-of-packed-member\x07-Waddress-of-packed-member\x1b]8;;\x07\x1b[m\x1b[K]\n'}
[2.144164] (mavlink_gui_tester) StderrLine: {'line': b'  242 | obstacle_distance->time_usec, obstacle_distance->sensor_type, \x1b[01;35m\x1b[Kobstacle_distance->distances\x1b[m\x1b[K, obstacle_distance->increment, obstacle_distance->min_distance, obstacle_distance->max_distance, obstacle_distance->increment_f, obstacle_distance->angle_offset, obstacle_distance->frame);\n'}
[2.144190] (mavlink_gui_tester) StderrLine: {'line': b'      |                                                               \x1b[01;35m\x1b[K~~~~~~~~~~~~~~~~~~~^~~~~~~~~\x1b[m\x1b[K\n'}
[2.144215] (mavlink_gui_tester) StderrLine: {'line': b'\n'}
[2.144239] (mavlink_gui_tester) StderrLine: {'line': b'\x1b[01m\x1b[K/home/a/ws_moveit2/src/MAVLink/MAVLink_gui_ros2/../MAVLink_ros2/include/mavlink/c_library_v2/common/./mavlink_msg_obstacle_distance.h:\x1b[m\x1b[K In function \xe2\x80\x98\x1b[01m\x1b[Kuint16_t mavlink_msg_obstacle_distance_encode_status(uint8_t, uint8_t, mavlink_status_t*, mavlink_message_t*, const mavlink_obstacle_distance_t*)\x1b[m\x1b[K\xe2\x80\x99:\n'}
[2.144266] (mavlink_gui_tester) StderrLine: {'line': b'\x1b[01m\x1b[K/home/a/ws_moveit2/src/MAVLink/MAVLink_gui_ros2/../MAVLink_ros2/include/mavlink/c_library_v2/common/./mavlink_msg_obstacle_distance.h:256:175:\x1b[m\x1b[K \x1b[01;35m\x1b[Kwarning: \x1b[m\x1b[Ktaking address of packed member of \xe2\x80\x98\x1b[01m\x1b[K__mavlink_obstacle_distance_t\x1b[m\x1b[K\xe2\x80\x99 may result in an unaligned pointer value [\x1b[01;35m\x1b[K\x1b]8;;https://gcc.gnu.org/onlinedocs/gcc/Warning-Options.html#index-Waddress-of-packed-member\x07-Waddress-of-packed-member\x1b]8;;\x07\x1b[m\x1b[K]\n'}
[2.144292] (mavlink_gui_tester) StderrLine: {'line': b'  256 | obstacle_distance->time_usec, obstacle_distance->sensor_type, \x1b[01;35m\x1b[Kobstacle_distance->distances\x1b[m\x1b[K, obstacle_distance->increment, obstacle_distance->min_distance, obstacle_distance->max_distance, obstacle_distance->increment_f, obstacle_distance->angle_offset, obstacle_distance->frame);\n'}
[2.144318] (mavlink_gui_tester) StderrLine: {'line': b'      |                                                               \x1b[01;35m\x1b[K~~~~~~~~~~~~~~~~~~~^~~~~~~~~\x1b[m\x1b[K\n'}
[2.144342] (mavlink_gui_tester) StderrLine: {'line': b'\n'}
[2.206070] (-) TimerEvent: {}
[2.306358] (-) TimerEvent: {}
[2.406663] (-) TimerEvent: {}
[2.506945] (-) TimerEvent: {}
[2.607388] (-) TimerEvent: {}
[2.707687] (-) TimerEvent: {}
[2.807990] (-) TimerEvent: {}
[2.908324] (-) TimerEvent: {}
[3.008637] (-) TimerEvent: {}
[3.052768] (mavlink_gui_tester) StdoutLine: {'line': b'[ 37%] \x1b[32m\x1b[1mLinking CXX executable mavlink_gui_tester_node\x1b[0m\n'}
[3.108751] (-) TimerEvent: {}
[3.209105] (-) TimerEvent: {}
[3.309458] (-) TimerEvent: {}
[3.409826] (-) TimerEvent: {}
[3.510188] (-) TimerEvent: {}
[3.610536] (-) TimerEvent: {}
[3.710867] (-) TimerEvent: {}
[3.746184] (mavlink_gui_tester) StdoutLine: {'line': b'[100%] Built target mavlink_gui_tester_node\n'}
[3.757087] (mavlink_gui_tester) CommandEnded: {'returncode': 0}
[3.757748] (mavlink_gui_tester) JobProgress: {'identifier': 'mavlink_gui_tester', 'progress': 'install'}
[3.766821] (mavlink_gui_tester) Command: {'cmd': ['/usr/bin/cmake', '--install', '/home/a/ws_moveit2/build/mavlink_gui_tester'], 'cwd': '/home/a/ws_moveit2/build/mavlink_gui_tester', 'env': OrderedDict([('GJS_DEBUG_TOPICS', 'JS ERROR;JS LOG'), ('LESSOPEN', '| /usr/bin/lesspipe %s'), ('USER', 'a'), ('XDG_SESSION_TYPE', 'wayland'), ('SHLVL', '1'), ('LD_LIBRARY_PATH', '/home/a/ws_moveit2/install/trac_ik_kinematics_plugin/lib:/home/a/ws_moveit2/install/trac_ik_lib/lib:/home/a/ws_moveit2/install/stm32_mavlink_interface/lib:/home/a/ws_moveit2/install/right_arm_ikfast_plugin/lib:/home/a/ws_moveit2/install/pilz_industrial_motion_planner_testutils/lib:/home/a/ws_moveit2/install/pilz_industrial_motion_planner/lib:/home/a/ws_moveit2/install/moveit_visual_tools/lib:/home/a/ws_moveit2/install/moveit_task_constructor_visualization/lib:/home/a/ws_moveit2/install/moveit_task_constructor_demo/lib:/home/a/ws_moveit2/install/moveit_task_constructor_capabilities/lib:/home/a/ws_moveit2/install/moveit_task_constructor_core/lib:/home/a/ws_moveit2/install/moveit_ros_control_interface/lib:/home/a/ws_moveit2/install/moveit_simple_controller_manager/lib:/home/a/ws_moveit2/install/moveit_setup_assistant/lib:/home/a/ws_moveit2/install/moveit_setup_srdf_plugins/lib:/home/a/ws_moveit2/install/moveit_setup_core_plugins/lib:/home/a/ws_moveit2/install/moveit_setup_controllers/lib:/home/a/ws_moveit2/install/moveit_setup_app_plugins/lib:/home/a/ws_moveit2/install/moveit_setup_framework/lib:/home/a/ws_moveit2/install/moveit_servo/lib:/home/a/ws_moveit2/install/moveit_ros_visualization/lib:/home/a/ws_moveit2/install/moveit_hybrid_planning/lib:/home/a/ws_moveit2/install/moveit_ros_planning_interface/lib:/home/a/ws_moveit2/install/moveit_ros_benchmarks/lib:/home/a/ws_moveit2/install/moveit_ros_warehouse/lib:/home/a/ws_moveit2/install/moveit_ros_robot_interaction/lib:/home/a/ws_moveit2/install/moveit_ros_perception/lib:/home/a/ws_moveit2/install/moveit_ros_move_group/lib:/home/a/ws_moveit2/install/moveit_planners_ompl/lib:/home/a/ws_moveit2/install/left_arm_ikfast_plugin/lib:/home/a/ws_moveit2/install/moveit_ros_planning/lib:/home/a/ws_moveit2/install/moveit_ros_occupancy_map_monitor/lib:/home/a/ws_moveit2/install/moveit_resources_prbt_ikfast_manipulator_plugin/lib:/home/a/ws_moveit2/install/moveit_planners_chomp/lib:/home/a/ws_moveit2/install/moveit_kinematics/lib:/home/a/ws_moveit2/install/moveit_chomp_optimizer_adapter/lib:/home/a/ws_moveit2/install/chomp_motion_planner/lib:/home/a/ws_moveit2/install/moveit_core/lib:/home/a/ws_moveit2/install/srdfdom/lib:/home/a/ws_moveit2/install/rviz_marker_tools/lib:/home/a/ws_moveit2/install/rosparam_shortcuts/lib:/home/a/ws_moveit2/install/realsense2_camera/lib:/home/a/ws_moveit2/install/realsense2_camera_msgs/lib:/home/a/ws_moveit2/install/moveit_task_constructor_msgs/lib:/home/a/ws_moveit2/install/dynamixel_sdk_custom_interfaces/lib:/home/a/ws_moveit2/install/dynamixel_controller/lib:/home/a/ws_moveit2/install/dynamixel_sdk/lib:/usr/lib/x86_64-linux-gnu/gazebo-11/plugins:/opt/ros/humble/opt/rviz_ogre_vendor/lib:/opt/ros/humble/lib/x86_64-linux-gnu:/opt/ros/humble/lib'), ('HOME', '/home/a'), ('OLDPWD', '/home/a/ws_moveit2/src/MAVLink'), ('DESKTOP_SESSION', 'ubuntu'), ('NVM_BIN', '/home/a/.nvm/versions/node/v22.18.0/bin'), ('NVM_INC', '/home/a/.nvm/versions/node/v22.18.0/include/node'), ('GIO_LAUNCHED_DESKTOP_FILE', '/usr/share/applications/terminator.desktop'), ('ROS_PYTHON_VERSION', '3'), ('GNOME_SHELL_SESSION_MODE', 'ubuntu'), ('GTK_MODULES', 'gail:atk-bridge'), ('MANAGERPID', '1213'), ('SYSTEMD_EXEC_PID', '1445'), ('DBUS_SESSION_BUS_ADDRESS', 'unix:path=/run/user/1000/bus'), ('COLORTERM', 'truecolor'), ('TERMINATOR_DBUS_NAME', 'net.tenshu.Terminator25ef4b219e3b005583550f2b0f9f990c3'), ('GIO_LAUNCHED_DESKTOP_FILE_PID', '3048'), ('NVM_DIR', '/home/a/.nvm'), ('IM_CONFIG_PHASE', '1'), ('WAYLAND_DISPLAY', 'wayland-0'), ('COLCON_PREFIX_PATH', '/home/a/ws_moveit2/install'), ('ROS_DISTRO', 'humble'), ('LOGNAME', 'a'), ('JOURNAL_STREAM', '8:3514'), ('_', '/usr/bin/colcon'), ('ROS_VERSION', '2'), ('XDG_SESSION_CLASS', 'user'), ('USERNAME', 'a'), ('TERM', 'xterm-256color'), ('GNOME_DESKTOP_SESSION_ID', 'this-is-deprecated'), ('ROS_LOCALHOST_ONLY', '0'), ('PATH', '/home/a/ws_moveit2/install/moveit_core/bin:/home/a/.nvm/versions/node/v22.18.0/bin:/opt/ros/humble/bin:/home/a/.local/bin:/usr/local/sbin:/usr/local/bin:/usr/sbin:/usr/bin:/sbin:/bin:/usr/games:/usr/local/games:/snap/bin:/snap/bin'), ('SESSION_MANAGER', 'local/a:@/tmp/.ICE-unix/1406,unix/a:/tmp/.ICE-unix/1406'), ('INVOCATION_ID', 'a100030f866a48708cf7905c543bcf13'), ('XDG_MENU_PREFIX', 'gnome-'), ('GNOME_SETUP_DISPLAY', ':1'), ('XDG_RUNTIME_DIR', '/run/user/1000'), ('DISPLAY', ':0'), ('TERMINATOR_DBUS_PATH', '/net/tenshu/Terminator2'), ('LANG', 'en_US.UTF-8'), ('XDG_CURRENT_DESKTOP', 'ubuntu:GNOME'), ('XMODIFIERS', '@im=ibus'), ('XDG_SESSION_DESKTOP', 'ubuntu'), ('XAUTHORITY', '/run/user/1000/.mutter-Xwaylandauth.4WBWC3'), ('LS_COLORS', 'rs=0:di=01;34:ln=01;36:mh=00:pi=40;33:so=01;35:do=01;35:bd=40;33;01:cd=40;33;01:or=40;31;01:mi=00:su=37;41:sg=30;43:ca=30;41:tw=30;42:ow=34;42:st=37;44:ex=01;32:*.tar=01;31:*.tgz=01;31:*.arc=01;31:*.arj=01;31:*.taz=01;31:*.lha=01;31:*.lz4=01;31:*.lzh=01;31:*.lzma=01;31:*.tlz=01;31:*.txz=01;31:*.tzo=01;31:*.t7z=01;31:*.zip=01;31:*.z=01;31:*.dz=01;31:*.gz=01;31:*.lrz=01;31:*.lz=01;31:*.lzo=01;31:*.xz=01;31:*.zst=01;31:*.tzst=01;31:*.bz2=01;31:*.bz=01;31:*.tbz=01;31:*.tbz2=01;31:*.tz=01;31:*.deb=01;31:*.rpm=01;31:*.jar=01;31:*.war=01;31:*.ear=01;31:*.sar=01;31:*.rar=01;31:*.alz=01;31:*.ace=01;31:*.zoo=01;31:*.cpio=01;31:*.7z=01;31:*.rz=01;31:*.cab=01;31:*.wim=01;31:*.swm=01;31:*.dwm=01;31:*.esd=01;31:*.jpg=01;35:*.jpeg=01;35:*.mjpg=01;35:*.mjpeg=01;35:*.gif=01;35:*.bmp=01;35:*.pbm=01;35:*.pgm=01;35:*.ppm=01;35:*.tga=01;35:*.xbm=01;35:*.xpm=01;35:*.tif=01;35:*.tiff=01;35:*.png=01;35:*.svg=01;35:*.svgz=01;35:*.mng=01;35:*.pcx=01;35:*.mov=01;35:*.mpg=01;35:*.mpeg=01;35:*.m2v=01;35:*.mkv=01;35:*.webm=01;35:*.webp=01;35:*.ogm=01;35:*.mp4=01;35:*.m4v=01;35:*.mp4v=01;35:*.vob=01;35:*.qt=01;35:*.nuv=01;35:*.wmv=01;35:*.asf=01;35:*.rm=01;35:*.rmvb=01;35:*.flc=01;35:*.avi=01;35:*.fli=01;35:*.flv=01;35:*.gl=01;35:*.dl=01;35:*.xcf=01;35:*.xwd=01;35:*.yuv=01;35:*.cgm=01;35:*.emf=01;35:*.ogv=01;35:*.ogx=01;35:*.aac=00;36:*.au=00;36:*.flac=00;36:*.m4a=00;36:*.mid=00;36:*.midi=00;36:*.mka=00;36:*.mp3=00;36:*.mpc=00;36:*.ogg=00;36:*.ra=00;36:*.wav=00;36:*.oga=00;36:*.opus=00;36:*.spx=00;36:*.xspf=00;36:'), ('SSH_AGENT_LAUNCHER', 'gnome-keyring'), ('SSH_AUTH_SOCK', '/run/user/1000/keyring/ssh'), ('AMENT_PREFIX_PATH', '/home/a/ws_moveit2/install/urdf_0816_description:/home/a/ws_moveit2/install/trac_ik:/home/a/ws_moveit2/install/robot_config:/home/a/ws_moveit2/install/trac_ik_kinematics_plugin:/home/a/ws_moveit2/install/trac_ik_lib:/home/a/ws_moveit2/install/mavlink_controller_client:/home/a/ws_moveit2/install/stm32_mavlink_interface:/home/a/ws_moveit2/install/right_arm_ikfast_plugin:/home/a/ws_moveit2/install/pilz_industrial_motion_planner_testutils:/home/a/ws_moveit2/install/moveit_runtime:/home/a/ws_moveit2/install/moveit2_tutorials:/home/a/ws_moveit2/install/moveit:/home/a/ws_moveit2/install/moveit_planners:/home/a/ws_moveit2/install/pilz_industrial_motion_planner:/home/a/ws_moveit2/install/mtc_tutorial:/home/a/ws_moveit2/install/hello_moveit:/home/a/ws_moveit2/install/moveit_visual_tools:/home/a/ws_moveit2/install/moveit_task_constructor_visualization:/home/a/ws_moveit2/install/moveit_task_constructor_demo:/home/a/ws_moveit2/install/moveit_task_constructor_capabilities:/home/a/ws_moveit2/install/moveit_task_constructor_core:/home/a/ws_moveit2/install/moveit_ros_control_interface:/home/a/ws_moveit2/install/moveit_plugins:/home/a/ws_moveit2/install/moveit_simple_controller_manager:/home/a/ws_moveit2/install/moveit_setup_assistant:/home/a/ws_moveit2/install/moveit_setup_srdf_plugins:/home/a/ws_moveit2/install/moveit_setup_core_plugins:/home/a/ws_moveit2/install/moveit_setup_controllers:/home/a/ws_moveit2/install/moveit_setup_app_plugins:/home/a/ws_moveit2/install/moveit_setup_framework:/home/a/ws_moveit2/install/moveit_servo:/home/a/ws_moveit2/install/moveit_ros:/home/a/ws_moveit2/install/moveit_ros_visualization:/home/a/ws_moveit2/install/moveit_hybrid_planning:/home/a/ws_moveit2/install/moveit_ros_planning_interface:/home/a/ws_moveit2/install/moveit_ros_benchmarks:/home/a/ws_moveit2/install/moveit_ros_warehouse:/home/a/ws_moveit2/install/moveit_ros_robot_interaction:/home/a/ws_moveit2/install/moveit_ros_perception:/home/a/ws_moveit2/install/moveit_resources_prbt_pg70_support:/home/a/ws_moveit2/install/moveit_resources_prbt_moveit_config:/home/a/ws_moveit2/install/moveit_ros_move_group:/home/a/ws_moveit2/install/moveit_planners_ompl:/home/a/ws_moveit2/install/left_arm_ikfast_plugin:/home/a/ws_moveit2/install/moveit_ros_planning:/home/a/ws_moveit2/install/moveit_ros_occupancy_map_monitor:/home/a/ws_moveit2/install/moveit_resources_prbt_ikfast_manipulator_plugin:/home/a/ws_moveit2/install/moveit_planners_chomp:/home/a/ws_moveit2/install/moveit_kinematics:/home/a/ws_moveit2/install/moveit_chomp_optimizer_adapter:/home/a/ws_moveit2/install/chomp_motion_planner:/home/a/ws_moveit2/install/moveit_core:/home/a/ws_moveit2/install/moveit_configs_utils:/home/a/ws_moveit2/install/srdfdom:/home/a/ws_moveit2/install/rviz_marker_tools:/home/a/ws_moveit2/install/rosparam_shortcuts:/home/a/ws_moveit2/install/ros_tcp_endpoint:/home/a/ws_moveit2/install/red_seiretu_description:/home/a/ws_moveit2/install/realsense2_ros_mqtt_bridge:/home/a/ws_moveit2/install/realsense2_description:/home/a/ws_moveit2/install/realsense2_camera:/home/a/ws_moveit2/install/realsense2_camera_msgs:/home/a/ws_moveit2/install/object_description:/home/a/ws_moveit2/install/moveit_task_constructor_msgs:/home/a/ws_moveit2/install/moveit_resources_prbt_support:/home/a/ws_moveit2/install/moveit_resources:/home/a/ws_moveit2/install/moveit_resources_pr2_description:/home/a/ws_moveit2/install/moveit_resources_panda_moveit_config:/home/a/ws_moveit2/install/moveit_resources_panda_description:/home/a/ws_moveit2/install/moveit_resources_fanuc_moveit_config:/home/a/ws_moveit2/install/moveit_resources_fanuc_description:/home/a/ws_moveit2/install/moveit_common:/home/a/ws_moveit2/install/mavlink_gui_tester:/home/a/ws_moveit2/install/launch_param_builder:/home/a/ws_moveit2/install/field_description_test:/home/a/ws_moveit2/install/field_description:/home/a/ws_moveit2/install/dynamixel_sdk_examples:/home/a/ws_moveit2/install/dynamixel_sdk_custom_interfaces:/home/a/ws_moveit2/install/dynamixel_controller_gui:/home/a/ws_moveit2/install/dynamixel_controller:/home/a/ws_moveit2/install/dynamixel_sdk:/home/a/ws_moveit2/install/dynamixel_controller_client:/home/a/ws_moveit2/install/d415_rgb_depth_3d:/home/a/ws_moveit2/install/catch_gazebo_ros2_control:/home/a/ws_moveit2/install/blue_seiretu_description:/home/a/ws_moveit2/install/0525_arm_description:/opt/ros/humble'), ('SHELL', '/bin/bash'), ('TERMINATOR_UUID', 'urn:uuid:eafdab0d-8274-42e2-8fcd-57b9e3c5174e'), ('QT_ACCESSIBILITY', '1'), ('GDMSESSION', 'ubuntu'), ('LESSCLOSE', '/usr/bin/lesspipe %s %s'), ('CMAKE_MODULE_PATH', '/home/a/ws_moveit2/install/moveit_task_constructor_core/share/moveit_task_constructor_core/cmake'), ('GJS_DEBUG_OUTPUT', 'stderr'), ('QT_IM_MODULE', 'ibus'), ('PWD', '/home/a/ws_moveit2/build/mavlink_gui_tester'), ('LC_ALL', 'en_US.UTF-8'), ('XDG_CONFIG_DIRS', '/etc/xdg/xdg-ubuntu:/etc/xdg'), ('NVM_CD_FLAGS', ''), ('XDG_DATA_DIRS', '/usr/share/ubuntu:/home/a/.local/share/flatpak/exports/share:/var/lib/flatpak/exports/share:/usr/local/share/:/usr/share/:/var/lib/snapd/desktop'), ('PYTHONPATH', '/home/a/ws_moveit2/install/mavlink_controller_client/lib/python3.10/site-packages:/home/a/ws_moveit2/install/stm32_mavlink_interface/local/lib/python3.10/dist-packages:/home/a/ws_moveit2/install/moveit_task_constructor_core/local/lib/python3.10/dist-packages:/home/a/ws_moveit2/install/moveit_configs_utils/lib/python3.10/site-packages:/home/a/ws_moveit2/install/srdfdom/local/lib/python3.10/dist-packages:/home/a/ws_moveit2/install/ros_tcp_endpoint/lib/python3.10/site-packages:/home/a/ws_moveit2/install/realsense2_ros_mqtt_bridge/lib/python3.10/site-packages:/home/a/ws_moveit2/install/realsense2_camera_msgs/local/lib/python3.10/dist-packages:/home/a/ws_moveit2/install/moveit_task_constructor_msgs/local/lib/python3.10/dist-packages:/home/a/ws_moveit2/install/launch_param_builder/lib/python3.10/site-packages:/home/a/ws_moveit2/install/dynamixel_sdk_custom_interfaces/local/lib/python3.10/dist-packages:/home/a/ws_moveit2/install/dynamixel_controller_gui/lib/python3.10/site-packages:/home/a/ws_moveit2/install/dynamixel_controller/local/lib/python3.10/dist-packages:/home/a/ws_moveit2/install/dynamixel_controller_client/lib/python3.10/site-packages:/home/a/ws_moveit2/install/d415_rgb_depth_3d/lib/python3.10/site-packages:/opt/ros/humble/lib/python3.10/site-packages:/opt/ros/humble/local/lib/python3.10/dist-packages'), ('COLCON', '1'), ('VTE_VERSION', '6800'), ('CMAKE_PREFIX_PATH', '/home/a/ws_moveit2/install/urdf_0816_description:/home/a/ws_moveit2/install/trac_ik:/home/a/ws_moveit2/install/robot_config:/home/a/ws_moveit2/install/trac_ik_kinematics_plugin:/home/a/ws_moveit2/install/trac_ik_lib:/home/a/ws_moveit2/install/stm32_mavlink_interface:/home/a/ws_moveit2/install/right_arm_ikfast_plugin:/home/a/ws_moveit2/install/pilz_industrial_motion_planner_testutils:/home/a/ws_moveit2/install/moveit_runtime:/home/a/ws_moveit2/install/moveit2_tutorials:/home/a/ws_moveit2/install/moveit:/home/a/ws_moveit2/install/moveit_planners:/home/a/ws_moveit2/install/pilz_industrial_motion_planner:/home/a/ws_moveit2/install/mtc_tutorial:/home/a/ws_moveit2/install/hello_moveit:/home/a/ws_moveit2/install/moveit_visual_tools:/home/a/ws_moveit2/install/moveit_task_constructor_visualization:/home/a/ws_moveit2/install/moveit_task_constructor_demo:/home/a/ws_moveit2/install/moveit_task_constructor_capabilities:/home/a/ws_moveit2/install/moveit_task_constructor_core:/home/a/ws_moveit2/install/moveit_ros_control_interface:/home/a/ws_moveit2/install/moveit_plugins:/home/a/ws_moveit2/install/moveit_simple_controller_manager:/home/a/ws_moveit2/install/moveit_setup_assistant:/home/a/ws_moveit2/install/moveit_setup_srdf_plugins:/home/a/ws_moveit2/install/moveit_setup_core_plugins:/home/a/ws_moveit2/install/moveit_setup_controllers:/home/a/ws_moveit2/install/moveit_setup_app_plugins:/home/a/ws_moveit2/install/moveit_setup_framework:/home/a/ws_moveit2/install/moveit_servo:/home/a/ws_moveit2/install/moveit_ros:/home/a/ws_moveit2/install/moveit_ros_visualization:/home/a/ws_moveit2/install/moveit_hybrid_planning:/home/a/ws_moveit2/install/moveit_ros_planning_interface:/home/a/ws_moveit2/install/moveit_ros_benchmarks:/home/a/ws_moveit2/install/moveit_ros_warehouse:/home/a/ws_moveit2/install/moveit_ros_robot_interaction:/home/a/ws_moveit2/install/moveit_ros_perception:/home/a/ws_moveit2/install/moveit_resources_prbt_pg70_support:/home/a/ws_moveit2/install/moveit_resources_prbt_moveit_config:/home/a/ws_moveit2/install/moveit_ros_move_group:/home/a/ws_moveit2/install/moveit_planners_ompl:/home/a/ws_moveit2/install/left_arm_ikfast_plugin:/home/a/ws_moveit2/install/moveit_ros_planning:/home/a/ws_moveit2/install/moveit_ros_occupancy_map_monitor:/home/a/ws_moveit2/install/moveit_resources_prbt_ikfast_manipulator_plugin:/home/a/ws_moveit2/install/moveit_planners_chomp:/home/a/ws_moveit2/install/moveit_kinematics:/home/a/ws_moveit2/install/moveit_chomp_optimizer_adapter:/home/a/ws_moveit2/install/chomp_motion_planner:/home/a/ws_moveit2/install/moveit_core:/home/a/ws_moveit2/install/srdfdom:/home/a/ws_moveit2/install/rviz_marker_tools:/home/a/ws_moveit2/install/rosparam_shortcuts:/home/a/ws_moveit2/install/red_seiretu_description:/home/a/ws_moveit2/install/realsense2_description:/home/a/ws_moveit2/install/realsense2_camera:/home/a/ws_moveit2/install/realsense2_camera_msgs:/home/a/ws_moveit2/install/object_description:/home/a/ws_moveit2/install/moveit_task_constructor_msgs:/home/a/ws_moveit2/install/moveit_resources_prbt_support:/home/a/ws_moveit2/install/moveit_resources:/home/a/ws_moveit2/install/moveit_resources_pr2_description:/home/a/ws_moveit2/install/moveit_resources_panda_moveit_config:/home/a/ws_moveit2/install/moveit_resources_panda_description:/home/a/ws_moveit2/install/moveit_resources_fanuc_moveit_config:/home/a/ws_moveit2/install/moveit_resources_fanuc_description:/home/a/ws_moveit2/install/moveit_common:/home/a/ws_moveit2/install/mavlink_gui_tester:/home/a/ws_moveit2/install/field_description_test:/home/a/ws_moveit2/install/field_description:/home/a/ws_moveit2/install/dynamixel_sdk_examples:/home/a/ws_moveit2/install/dynamixel_sdk_custom_interfaces:/home/a/ws_moveit2/install/dynamixel_controller:/home/a/ws_moveit2/install/dynamixel_sdk:/home/a/ws_moveit2/install/catch_gazebo_ros2_control:/home/a/ws_moveit2/install/blue_seiretu_description:/home/a/ws_moveit2/install/0525_arm_description:/home/a/ws_moveit2/install/mavlink_controller_client:/home/a/ws_moveit2/install/moveit_configs_utils:/home/a/ws_moveit2/install/ros_tcp_endpoint:/home/a/ws_moveit2/install/realsense2_ros_mqtt_bridge:/home/a/ws_moveit2/install/launch_param_builder:/home/a/ws_moveit2/install/dynamixel_controller_gui:/home/a/ws_moveit2/install/dynamixel_controller_client:/home/a/ws_moveit2/install/d415_rgb_depth_3d:/opt/ros/humble')]), 'shell': False}
[3.773593] (mavlink_gui_tester) StdoutLine: {'line': b'-- Install configuration: ""\n'}
[3.773737] (mavlink_gui_tester) StdoutLine: {'line': b'-- Installing: /home/a/ws_moveit2/install/mavlink_gui_tester/lib/mavlink_gui_tester/mavlink_gui_tester_node\n'}
[3.774157] (mavlink_gui_tester) StdoutLine: {'line': b'-- Set runtime path of "/home/a/ws_moveit2/install/mavlink_gui_tester/lib/mavlink_gui_tester/mavlink_gui_tester_node" to ""\n'}
[3.774195] (mavlink_gui_tester) StdoutLine: {'line': b'-- Up-to-date: /home/a/ws_moveit2/install/mavlink_gui_tester/include/\n'}
[3.774234] (mavlink_gui_tester) StdoutLine: {'line': b'-- Up-to-date: /home/a/ws_moveit2/install/mavlink_gui_tester/include//mavlink_gui_tester\n'}
[3.774260] (mavlink_gui_tester) StdoutLine: {'line': b'-- Up-to-date: /home/a/ws_moveit2/install/mavlink_gui_tester/include//mavlink_gui_tester/line_graph_widget.hpp\n'}
[3.774290] (mavlink_gui_tester) StdoutLine: {'line': b'-- Up-to-date: /home/a/ws_moveit2/install/mavlink_gui_tester/include//mavlink_gui_tester/mavlink_gui_node.hpp\n'}
[3.774317] (mavlink_gui_tester) StdoutLine: {'line': b'-- Up-to-date: /home/a/ws_moveit2/install/mavlink_gui_tester/include//mavlink_gui_tester/mavlink_gui_widget.hpp\n'}
[3.774375] (mavlink_gui_tester) StdoutLine: {'line': b'-- Up-to-date: /home/a/ws_moveit2/install/mavlink_gui_tester/share/mavlink_gui_tester/launch/\n'}
[3.774400] (mavlink_gui_tester) StdoutLine: {'line': b'-- Up-to-date: /home/a/ws_moveit2/install/mavlink_gui_tester/share/mavlink_gui_tester/launch//mavlink_gui_tester.launch.py\n'}
[3.774423] (mavlink_gui_tester) StdoutLine: {'line': b'-- Up-to-date: /home/a/ws_moveit2/install/mavlink_gui_tester/share/ament_index/resource_index/package_run_dependencies/mavlink_gui_tester\n'}
[3.774467] (mavlink_gui_tester) StdoutLine: {'line': b'-- Up-to-date: /home/a/ws_moveit2/install/mavlink_gui_tester/share/ament_index/resource_index/parent_prefix_path/mavlink_gui_tester\n'}
[3.774491] (mavlink_gui_tester) StdoutLine: {'line': b'-- Up-to-date: /home/a/ws_moveit2/install/mavlink_gui_tester/share/mavlink_gui_tester/environment/ament_prefix_path.sh\n'}
[3.774514] (mavlink_gui_tester) StdoutLine: {'line': b'-- Up-to-date: /home/a/ws_moveit2/install/mavlink_gui_tester/share/mavlink_gui_tester/environment/ament_prefix_path.dsv\n'}
[3.774536] (mavlink_gui_tester) StdoutLine: {'line': b'-- Up-to-date: /home/a/ws_moveit2/install/mavlink_gui_tester/share/mavlink_gui_tester/environment/path.sh\n'}
[3.774559] (mavlink_gui_tester) StdoutLine: {'line': b'-- Up-to-date: /home/a/ws_moveit2/install/mavlink_gui_tester/share/mavlink_gui_tester/environment/path.dsv\n'}
[3.774581] (mavlink_gui_tester) StdoutLine: {'line': b'-- Up-to-date: /home/a/ws_moveit2/install/mavlink_gui_tester/share/mavlink_gui_tester/local_setup.bash\n'}
[3.774603] (mavlink_gui_tester) StdoutLine: {'line': b'-- Up-to-date: /home/a/ws_moveit2/install/mavlink_gui_tester/share/mavlink_gui_tester/local_setup.sh\n'}
[3.774625] (mavlink_gui_tester) StdoutLine: {'line': b'-- Up-to-date: /home/a/ws_moveit2/install/mavlink_gui_tester/share/mavlink_gui_tester/local_setup.zsh\n'}
[3.774647] (mavlink_gui_tester) StdoutLine: {'line': b'-- Up-to-date: /home/a/ws_moveit2/install/mavlink_gui_tester/share/mavlink_gui_tester/local_setup.dsv\n'}
[3.774670] (mavlink_gui_tester) StdoutLine: {'line': b'-- Installing: /home/a/ws_moveit2/install/mavlink_gui_tester/share/mavlink_gui_tester/package.dsv\n'}
[3.774693] (mavlink_gui_tester) StdoutLine: {'line': b'-- Up-to-date: /home/a/ws_moveit2/install/mavlink_gui_tester/share/ament_index/resource_index/packages/mavlink_gui_tester\n'}
[3.774716] (mavlink_gui_tester) StdoutLine: {'line': b'-- Up-to-date: /home/a/ws_moveit2/install/mavlink_gui_tester/share/mavlink_gui_tester/cmake/mavlink_gui_testerConfig.cmake\n'}
[3.774738] (mavlink_gui_tester) StdoutLine: {'line': b'-- Up-to-date: /home/a/ws_moveit2/install/mavlink_gui_tester/share/mavlink_gui_tester/cmake/mavlink_gui_testerConfig-version.cmake\n'}
[3.774760] (mavlink_gui_tester) StdoutLine: {'line': b'-- Up-to-date: /home/a/ws_moveit2/install/mavlink_gui_tester/share/mavlink_gui_tester/package.xml\n'}
[3.775378] (mavlink_gui_tester) CommandEnded: {'returncode': 0}
[3.786440] (mavlink_gui_tester) JobEnded: {'identifier': 'mavlink_gui_tester', 'rc': 0}
[3.787148] (-) EventReactorShutdown: {}
